{"type":"FeatureCollection","features":[{"type":"Feature","geometry":{"type":"Point","coordinates":[23.353568,42.70311]},"properties":{"name":"ХАДЖИ ДИМИТЪР","band":0,"modes":"bus,metro","arr":["1Tb","M3"],"off":[0,-0.8]}},{"type":"Feature","geometry":{"type":"Point","coordinates":[23.353568,42.70311]},"properties":{"name":"МЕТРОСТАНЦИЯ ХАДЖИ ДИМИТЪР","band":0,"modes":"bus,metro","arr":["1Tb","M3"],"off":[0,-1.9]}},{"type":"Feature","geometry":{"type":"Point","coordinates":[23.353568,42.70311]},"properties":{"line":"1Tb","mode":"bus","color":"#0059a9","colorDark":"#00294f","band":0,"off":[-1.7,1.1]}},{"type":"Feature","geometry":{"type":"Point","coordinates":[23.353568,42.70311]},"properties":{"line":"M3","mode":"tram","color":"#39B54A","colorDark":"#1f6429","band":0,"metro":1,"off":[1.7,1.1]}},{"type":"Feature","geometry":{"type":"Point","coordinates":[23.388024,42.712099]},"properties":{"name":"Ж.К. ЛЕВСКИ Г","band":0,"modes":"bus","arr":["1Tb","ТБ3"],"off":[0,-0.8]}},{"type":"Feature","geometry":{"type":"Point","coordinates":[23.388024,42.712099]},"properties":{"line":"1Tb","mode":"bus","color":"#0059a9","colorDark":"#00294f","band":0,"off":[-1.7,1.1]}},{"type":"Feature","geometry":{"type":"Point","coordinates":[23.388024,42.712099]},"properties":{"line":"ТБ3","mode":"bus","color":"#149a3f","colorDark":"#0a5121","band":0,"off":[1.7,1.1]}},{"type":"Feature","geometry":{"type":"Point","coordinates":[23.334603,42.690498]},"properties":{"name":"УЛ. ГЕН. ГУРКО","band":0,"modes":"bus","arr":["9","75","84","94","183","ТБ2","ТБ8"],"off":[0,-0.8]}},{"type":"Feature","geometry":{"type":"Point","coordinates":[23.334603,42.690498]},"properties":{"name":"СУ СВ.КЛИМЕНТ ОХРИДСКИ","band":0,"modes":"bus","arr":["9","75","84","94","183","ТБ2","ТБ8"],"off":[0,-1.9]}},{"type":"Feature","geometry":{"type":"Point","coordinates":[23.334603,42.690498]},"properties":{"name":"ПЛ. ОРЛОВ МОСТ","band":0,"modes":"bus","arr":["9","75","84","94","183","ТБ2","ТБ8"],"off":[0,-4.1]}},{"type":"Feature","geometry":{"type":"Point","coordinates":[23.334603,42.690498]},"properties":{"line":"9","mode":"bus","color":"#0059a9","colorDark":"#00294f","band":0,"off":[-6.8,1.1]}},{"type":"Feature","geometry":{"type":"Point","coordinates":[23.334603,42.690498]},"properties":{"line":"75","mode":"bus","color":"#0059a9","colorDark":"#00294f","band":0,"off":[-3.4,1.1]}},{"type":"Feature","geometry":{"type":"Point","coordinates":[23.334603,42.690498]},"properties":{"line":"84","mode":"bus","color":"#0059a9","colorDark":"#00294f","band":0,"off":[0,1.1]}},{"type":"Feature","geometry":{"type":"Point","coordinates":[23.334603,42.690498]},"properties":{"line":"94","mode":"bus","color":"#0059a9","colorDark":"#00294f","band":0,"off":[3.4,1.1]}},{"type":"Feature","geometry":{"type":"Point","coordinates":[23.334603,42.690498]},"properties":{"line":"183","mode":"bus","color":"#0059a9","colorDark":"#00294f","band":0,"off":[6.8,1.1]}},{"type":"Feature","geometry":{"type":"Point","coordinates":[23.334603,42.690498]},"properties":{"line":"ТБ2","mode":"bus","color":"#149a3f","colorDark":"#0a5121","band":0,"off":[-1.7,3.1]}},{"type":"Feature","geometry":{"type":"Point","coordinates":[23.334603,42.690498]},"properties":{"line":"ТБ8","mode":"bus","color":"#149a3f","colorDark":"#0a5121","band":0,"off":[1.7,3.1]}},{"type":"Feature","geometry":{"type":"Point","coordinates":[23.335366,42.696397]},"properties":{"name":"СУ СВ.КЛИМЕНТ ОХРИДСКИ","band":0,"modes":"bus,tram","arr":["22ТМ","280","X43","ТБ2","ТБ8","ТМ20","ТМ22"],"off":[0,-0.8]}},{"type":"Feature","geometry":{"type":"Point","coordinates":[23.335366,42.696397]},"properties":{"name":"ПЛ. СВ. АЛЕКСАНДЪР НЕВСКИ","band":0,"modes":"bus,tram","arr":["22ТМ","280","X43","ТБ2","ТБ8","ТМ20","ТМ22"],"off":[0,-3]}},{"type":"Feature","geometry":{"type":"Point","coordinates":[23.335366,42.696397]},"properties":{"name":"ПЛ. ВАСИЛ ЛЕВСКИ - ВРЕМЕННА","band":0,"modes":"bus,tram","arr":["22ТМ","280","X43","ТБ2","ТБ8","ТМ20","ТМ22"],"off":[0,-5.2]}},{"type":"Feature","geometry":{"type":"Point","coordinates":[23.335366,42.696397]},"properties":{"line":"22ТМ","mode":"bus","color":"#0059a9","colorDark":"#00294f","band":0,"off":[-6.8,1.1]}},{"type":"Feature","geometry":{"type":"Point","coordinates":[23.335366,42.696397]},"properties":{"line":"280","mode":"bus","color":"#0059a9","colorDark":"#00294f","band":0,"off":[-3.4,1.1]}},{"type":"Feature","geometry":{"type":"Point","coordinates":[23.335366,42.696397]},"properties":{"line":"X43","mode":"bus","color":"#0059a9","colorDark":"#00294f","band":0,"off":[0,1.1]}},{"type":"Feature","geometry":{"type":"Point","coordinates":[23.335366,42.696397]},"properties":{"line":"ТБ2","mode":"bus","color":"#149a3f","colorDark":"#0a5121","band":0,"off":[3.4,1.1]}},{"type":"Feature","geometry":{"type":"Point","coordinates":[23.335366,42.696397]},"properties":{"line":"ТБ8","mode":"bus","color":"#149a3f","colorDark":"#0a5121","band":0,"off":[6.8,1.1]}},{"type":"Feature","geometry":{"type":"Point","coordinates":[23.335366,42.696397]},"properties":{"line":"ТМ20","mode":"tram","color":"#d6212b","colorDark":"#7c1116","band":0,"off":[-1.7,3.1]}},{"type":"Feature","geometry":{"type":"Point","coordinates":[23.335366,42.696397]},"properties":{"line":"ТМ22","mode":"tram","color":"#d6212b","colorDark":"#7c1116","band":0,"off":[1.7,3.1]}},{"type":"Feature","geometry":{"type":"Point","coordinates":[23.38962,42.67787]},"properties":{"name":"АВТОБАЗА ИСКЪР","band":0,"modes":"bus","arr":["9"],"off":[0,-0.8]}},{"type":"Feature","geometry":{"type":"Point","coordinates":[23.38962,42.67787]},"properties":{"line":"9","mode":"bus","color":"#0059a9","colorDark":"#00294f","band":0,"off":[0,1.1]}},{"type":"Feature","geometry":{"type":"Point","coordinates":[23.427892,42.656731]},"properties":{"name":"КВ. Д. МИЛЕНКОВ","band":0,"modes":"bus","arr":["10"],"off":[0,-0.8]}},{"type":"Feature","geometry":{"type":"Point","coordinates":[23.427892,42.656731]},"properties":{"line":"10","mode":"bus","color":"#0059a9","colorDark":"#00294f","band":0,"off":[0,1.1]}},{"type":"Feature","geometry":{"type":"Point","coordinates":[23.413486,42.663448]},"properties":{"name":"ГАРА ИСКЪР","band":0,"modes":"bus,tram","arr":["10","14","187","188","604","ТМ23"],"off":[0,-0.8]}},{"type":"Feature","geometry":{"type":"Point","coordinates":[23.413486,42.663448]},"properties":{"name":"28-ми пощенски клон","band":0,"modes":"bus,tram","arr":["10","14","187","188","604","ТМ23"],"off":[0,-1.9]}},{"type":"Feature","geometry":{"type":"Point","coordinates":[23.413486,42.663448]},"properties":{"line":"10","mode":"bus","color":"#0059a9","colorDark":"#00294f","band":0,"off":[-6.8,1.1]}},{"type":"Feature","geometry":{"type":"Point","coordinates":[23.413486,42.663448]},"properties":{"line":"14","mode":"bus","color":"#0059a9","colorDark":"#00294f","band":0,"off":[-3.4,1.1]}},{"type":"Feature","geometry":{"type":"Point","coordinates":[23.413486,42.663448]},"properties":{"line":"187","mode":"bus","color":"#0059a9","colorDark":"#00294f","band":0,"off":[0,1.1]}},{"type":"Feature","geometry":{"type":"Point","coordinates":[23.413486,42.663448]},"properties":{"line":"188","mode":"bus","color":"#0059a9","colorDark":"#00294f","band":0,"off":[3.4,1.1]}},{"type":"Feature","geometry":{"type":"Point","coordinates":[23.413486,42.663448]},"properties":{"line":"604","mode":"bus","color":"#0059a9","colorDark":"#00294f","band":0,"off":[6.8,1.1]}},{"type":"Feature","geometry":{"type":"Point","coordinates":[23.413486,42.663448]},"properties":{"line":"ТМ23","mode":"tram","color":"#d6212b","colorDark":"#7c1116","band":0,"off":[0,3.1]}},{"type":"Feature","geometry":{"type":"Point","coordinates":[23.433358,42.675959]},"properties":{"name":"КВ. БУСМАНЦИ","band":0,"modes":"bus","arr":["10"],"off":[0,-0.8]}},{"type":"Feature","geometry":{"type":"Point","coordinates":[23.433358,42.675959]},"properties":{"line":"10","mode":"bus","color":"#0059a9","colorDark":"#00294f","band":0,"off":[0,1.1]}},{"type":"Feature","geometry":{"type":"Point","coordinates":[23.395028,42.67157]},"properties":{"name":"РАЗКЛОНА ЗА ЛЕТИЩЕТО","band":0,"modes":"bus","arr":["84"],"off":[0,-0.8]}},{"type":"Feature","geometry":{"type":"Point","coordinates":[23.395028,42.67157]},"properties":{"line":"84","mode":"bus","color":"#0059a9","colorDark":"#00294f","band":0,"off":[0,1.1]}},{"type":"Feature","geometry":{"type":"Point","coordinates":[23.241514,42.679218]},"properties":{"name":"МЕТРОСТАНЦИЯ ГОРНА БАНЯ","band":0,"modes":"bus","arr":["11","102","802","803","804","806","N3","ТБ60","ТБ73"],"off":[0,-0.8]}},{"type":"Feature","geometry":{"type":"Point","coordinates":[23.241514,42.679218]},"properties":{"name":"Метростанция Горна баня","band":0,"modes":"bus","arr":["11","102","802","803","804","806","N3","ТБ60","ТБ73"],"off":[0,-3]}},{"type":"Feature","geometry":{"type":"Point","coordinates":[23.241514,42.679218]},"properties":{"name":"Ж.К. ОВЧА КУПЕЛ-2","band":0,"modes":"bus","arr":["11","102","802","803","804","806","N3","ТБ60","ТБ73"],"off":[0,-5.2]}},{"type":"Feature","geometry":{"type":"Point","coordinates":[23.241514,42.679218]},"properties":{"line":"11","mode":"bus","color":"#0059a9","colorDark":"#00294f","band":0,"off":[-6.8,1.1]}},{"type":"Feature","geometry":{"type":"Point","coordinates":[23.241514,42.679218]},"properties":{"line":"102","mode":"bus","color":"#0059a9","colorDark":"#00294f","band":0,"off":[-3.4,1.1]}},{"type":"Feature","geometry":{"type":"Point","coordinates":[23.241514,42.679218]},"properties":{"line":"802","mode":"bus","color":"#0059a9","colorDark":"#00294f","band":0,"off":[0,1.1]}},{"type":"Feature","geometry":{"type":"Point","coordinates":[23.241514,42.679218]},"properties":{"line":"803","mode":"bus","color":"#0059a9","colorDark":"#00294f","band":0,"off":[3.4,1.1]}},{"type":"Feature","geometry":{"type":"Point","coordinates":[23.241514,42.679218]},"properties":{"line":"804","mode":"bus","color":"#0059a9","colorDark":"#00294f","band":0,"off":[6.8,1.1]}},{"type":"Feature","geometry":{"type":"Point","coordinates":[23.241514,42.679218]},"properties":{"line":"806","mode":"bus","color":"#0059a9","colorDark":"#00294f","band":0,"off":[-5.1,3.1]}},{"type":"Feature","geometry":{"type":"Point","coordinates":[23.241514,42.679218]},"properties":{"line":"N3","mode":"bus","color":"#0059a9","colorDark":"#00294f","band":0,"off":[-1.7,3.1]}},{"type":"Feature","geometry":{"type":"Point","coordinates":[23.241514,42.679218]},"properties":{"line":"ТБ60","mode":"bus","color":"#149a3f","colorDark":"#0a5121","band":0,"off":[1.7,3.1]}},{"type":"Feature","geometry":{"type":"Point","coordinates":[23.241514,42.679218]},"properties":{"line":"ТБ73","mode":"bus","color":"#149a3f","colorDark":"#0a5121","band":0,"off":[5.1,3.1]}},{"type":"Feature","geometry":{"type":"Point","coordinates":[23.355804,42.696797]},"properties":{"name":"ГАРА ПОДУЯНЕ","band":0,"modes":"bus,tram","arr":["72","ТМ22"],"off":[0,-0.8]}},{"type":"Feature","geometry":{"type":"Point","coordinates":[23.355804,42.696797]},"properties":{"name":"Гара Подуяне","band":0,"modes":"bus,tram","arr":["72","ТМ22"],"off":[0,-1.9]}},{"type":"Feature","geometry":{"type":"Point","coordinates":[23.355804,42.696797]},"properties":{"line":"72","mode":"bus","color":"#0059a9","colorDark":"#00294f","band":0,"off":[-1.7,1.1]}},{"type":"Feature","geometry":{"type":"Point","coordinates":[23.355804,42.696797]},"properties":{"line":"ТМ22","mode":"tram","color":"#d6212b","colorDark":"#7c1116","band":0,"off":[1.7,1.1]}},{"type":"Feature","geometry":{"type":"Point","coordinates":[23.370639,42.677336]},"properties":{"name":"Ж.К. ГЕО МИЛЕВ","band":0,"modes":"bus,tram","arr":["11","75","181","185","ТБ123","ТБ288","ТБE186","ТМ21","ТМ23"],"off":[0,-0.8]}},{"type":"Feature","geometry":{"type":"Point","coordinates":[23.370639,42.677336]},"properties":{"name":"АВТОСТАНЦИЯ ГЕО МИЛЕВ","band":0,"modes":"bus,tram","arr":["11","75","181","185","ТБ123","ТБ288","ТБE186","ТМ21","ТМ23"],"off":[0,-1.9]}},{"type":"Feature","geometry":{"type":"Point","coordinates":[23.370639,42.677336]},"properties":{"line":"11","mode":"bus","color":"#0059a9","colorDark":"#00294f","band":0,"off":[-6.8,1.1]}},{"type":"Feature","geometry":{"type":"Point","coordinates":[23.370639,42.677336]},"properties":{"line":"75","mode":"bus","color":"#0059a9","colorDark":"#00294f","band":0,"off":[-3.4,1.1]}},{"type":"Feature","geometry":{"type":"Point","coordinates":[23.370639,42.677336]},"properties":{"line":"181","mode":"bus","color":"#0059a9","colorDark":"#00294f","band":0,"off":[0,1.1]}},{"type":"Feature","geometry":{"type":"Point","coordinates":[23.370639,42.677336]},"properties":{"line":"185","mode":"bus","color":"#0059a9","colorDark":"#00294f","band":0,"off":[3.4,1.1]}},{"type":"Feature","geometry":{"type":"Point","coordinates":[23.370639,42.677336]},"properties":{"line":"ТБ123","mode":"bus","color":"#149a3f","colorDark":"#0a5121","band":0,"off":[6.8,1.1]}},{"type":"Feature","geometry":{"type":"Point","coordinates":[23.370639,42.677336]},"properties":{"line":"ТБ288","mode":"bus","color":"#149a3f","colorDark":"#0a5121","band":0,"off":[-5.1,3.1]}},{"type":"Feature","geometry":{"type":"Point","coordinates":[23.370639,42.677336]},"properties":{"line":"ТБE186","mode":"bus","color":"#149a3f","colorDark":"#0a5121","band":0,"off":[-1.7,3.1]}},{"type":"Feature","geometry":{"type":"Point","coordinates":[23.370639,42.677336]},"properties":{"line":"ТМ21","mode":"tram","color":"#d6212b","colorDark":"#7c1116","band":0,"off":[1.7,3.1]}},{"type":"Feature","geometry":{"type":"Point","coordinates":[23.370639,42.677336]},"properties":{"line":"ТМ23","mode":"tram","color":"#d6212b","colorDark":"#7c1116","band":0,"off":[5.1,3.1]}},{"type":"Feature","geometry":{"type":"Point","coordinates":[23.329818,42.704793]},"properties":{"name":"ПЛ. СТОЧНА ГАРА","band":0,"modes":"bus","arr":["20","309","310","ТБ8","ТБ9","ТБ11"],"off":[0,-0.8]}},{"type":"Feature","geometry":{"type":"Point","coordinates":[23.329818,42.704793]},"properties":{"name":"ПЛ. ЛЪВОВ МОСТ","band":0,"modes":"bus","arr":["20","309","310","ТБ8","ТБ9","ТБ11"],"off":[0,-1.9]}},{"type":"Feature","geometry":{"type":"Point","coordinates":[23.329818,42.704793]},"properties":{"line":"20","mode":"bus","color":"#0059a9","colorDark":"#00294f","band":0,"off":[-6.8,1.1]}},{"type":"Feature","geometry":{"type":"Point","coordinates":[23.329818,42.704793]},"properties":{"line":"309","mode":"bus","color":"#0059a9","colorDark":"#00294f","band":0,"off":[-3.4,1.1]}},{"type":"Feature","geometry":{"type":"Point","coordinates":[23.329818,42.704793]},"properties":{"line":"310","mode":"bus","color":"#0059a9","colorDark":"#00294f","band":0,"off":[0,1.1]}},{"type":"Feature","geometry":{"type":"Point","coordinates":[23.329818,42.704793]},"properties":{"line":"ТБ8","mode":"bus","color":"#149a3f","colorDark":"#0a5121","band":0,"off":[3.4,1.1]}},{"type":"Feature","geometry":{"type":"Point","coordinates":[23.329818,42.704793]},"properties":{"line":"ТБ9","mode":"bus","color":"#149a3f","colorDark":"#0a5121","band":0,"off":[6.8,1.1]}},{"type":"Feature","geometry":{"type":"Point","coordinates":[23.329818,42.704793]},"properties":{"line":"ТБ11","mode":"bus","color":"#149a3f","colorDark":"#0a5121","band":0,"off":[0,3.1]}},{"type":"Feature","geometry":{"type":"Point","coordinates":[23.496114,42.697241]},"properties":{"name":"СЕЛО ДОЛНИ БОГРОВ","band":0,"modes":"bus","arr":["12"],"off":[0,-0.8]}},{"type":"Feature","geometry":{"type":"Point","coordinates":[23.496114,42.697241]},"properties":{"line":"12","mode":"bus","color":"#0059a9","colorDark":"#00294f","band":0,"off":[0,1.1]}},{"type":"Feature","geometry":{"type":"Point","coordinates":[23.418372,42.713212]},"properties":{"name":"ПЛОЩАДА КВ. ВРАЖДЕБНА","band":0,"modes":"bus","arr":["78"],"off":[0,-0.8]}},{"type":"Feature","geometry":{"type":"Point","coordinates":[23.418372,42.713212]},"properties":{"line":"78","mode":"bus","color":"#0059a9","colorDark":"#00294f","band":0,"off":[0,1.1]}},{"type":"Feature","geometry":{"type":"Point","coordinates":[23.38675,42.70338]},"properties":{"name":"АВТОСТАНЦИЯ ИЗТОК","band":0,"modes":"bus,tram","arr":["12","14","117","118","119","ТМ22"],"off":[0,-0.8]}},{"type":"Feature","geometry":{"type":"Point","coordinates":[23.38675,42.70338]},"properties":{"name":"Автостанция Изток","band":0,"modes":"bus,tram","arr":["12","14","117","118","119","ТМ22"],"off":[0,-1.9]}},{"type":"Feature","geometry":{"type":"Point","coordinates":[23.38675,42.70338]},"properties":{"line":"12","mode":"bus","color":"#0059a9","colorDark":"#00294f","band":0,"off":[-6.8,1.1]}},{"type":"Feature","geometry":{"type":"Point","coordinates":[23.38675,42.70338]},"properties":{"line":"14","mode":"bus","color":"#0059a9","colorDark":"#00294f","band":0,"off":[-3.4,1.1]}},{"type":"Feature","geometry":{"type":"Point","coordinates":[23.38675,42.70338]},"properties":{"line":"117","mode":"bus","color":"#0059a9","colorDark":"#00294f","band":0,"off":[0,1.1]}},{"type":"Feature","geometry":{"type":"Point","coordinates":[23.38675,42.70338]},"properties":{"line":"118","mode":"bus","color":"#0059a9","colorDark":"#00294f","band":0,"off":[3.4,1.1]}},{"type":"Feature","geometry":{"type":"Point","coordinates":[23.38675,42.70338]},"properties":{"line":"119","mode":"bus","color":"#0059a9","colorDark":"#00294f","band":0,"off":[6.8,1.1]}},{"type":"Feature","geometry":{"type":"Point","coordinates":[23.38675,42.70338]},"properties":{"line":"ТМ22","mode":"tram","color":"#d6212b","colorDark":"#7c1116","band":0,"off":[0,3.1]}},{"type":"Feature","geometry":{"type":"Point","coordinates":[23.462472,42.682303]},"properties":{"name":"СЕЛО КРИВИНА","band":0,"modes":"bus","arr":["188"],"off":[0,-0.8]}},{"type":"Feature","geometry":{"type":"Point","coordinates":[23.462472,42.682303]},"properties":{"line":"188","mode":"bus","color":"#0059a9","colorDark":"#00294f","band":0,"off":[0,1.1]}},{"type":"Feature","geometry":{"type":"Point","coordinates":[23.34064,42.716691]},"properties":{"name":"Кв. Орландовци","band":0,"modes":"bus,tram","arr":["18","23","24","ТМ3","ТМ4","ТМ18"],"off":[0,-0.8]}},{"type":"Feature","geometry":{"type":"Point","coordinates":[23.34064,42.716691]},"properties":{"name":"АВТОСТАНЦИЯ ОРЛАНДОВЦИ","band":0,"modes":"bus,tram","arr":["18","23","24","ТМ3","ТМ4","ТМ18"],"off":[0,-1.9]}},{"type":"Feature","geometry":{"type":"Point","coordinates":[23.34064,42.716691]},"properties":{"line":"18","mode":"bus","color":"#0059a9","colorDark":"#00294f","band":0,"off":[-6.8,1.1]}},{"type":"Feature","geometry":{"type":"Point","coordinates":[23.34064,42.716691]},"properties":{"line":"23","mode":"bus","color":"#0059a9","colorDark":"#00294f","band":0,"off":[-3.4,1.1]}},{"type":"Feature","geometry":{"type":"Point","coordinates":[23.34064,42.716691]},"properties":{"line":"24","mode":"bus","color":"#0059a9","colorDark":"#00294f","band":0,"off":[0,1.1]}},{"type":"Feature","geometry":{"type":"Point","coordinates":[23.34064,42.716691]},"properties":{"line":"ТМ3","mode":"tram","color":"#d6212b","colorDark":"#7c1116","band":0,"off":[3.4,1.1]}},{"type":"Feature","geometry":{"type":"Point","coordinates":[23.34064,42.716691]},"properties":{"line":"ТМ4","mode":"tram","color":"#d6212b","colorDark":"#7c1116","band":0,"off":[6.8,1.1]}},{"type":"Feature","geometry":{"type":"Point","coordinates":[23.34064,42.716691]},"properties":{"line":"ТМ18","mode":"tram","color":"#d6212b","colorDark":"#7c1116","band":0,"off":[0,3.1]}},{"type":"Feature","geometry":{"type":"Point","coordinates":[23.434789,42.750714]},"properties":{"name":"МЕЛНИЦАТА ЧЕПИНЦИ","band":0,"modes":"bus","arr":["18"],"off":[0,-0.8]}},{"type":"Feature","geometry":{"type":"Point","coordinates":[23.434789,42.750714]},"properties":{"line":"18","mode":"bus","color":"#0059a9","colorDark":"#00294f","band":0,"off":[0,1.1]}},{"type":"Feature","geometry":{"type":"Point","coordinates":[23.44786,42.794448]},"properties":{"name":"СЕЛО ЛОКОРСКО","band":0,"modes":"bus","arr":["20","28"],"off":[0,-0.8]}},{"type":"Feature","geometry":{"type":"Point","coordinates":[23.44786,42.794448]},"properties":{"line":"20","mode":"bus","color":"#0059a9","colorDark":"#00294f","band":0,"off":[-1.7,1.1]}},{"type":"Feature","geometry":{"type":"Point","coordinates":[23.44786,42.794448]},"properties":{"line":"28","mode":"bus","color":"#0059a9","colorDark":"#00294f","band":0,"off":[1.7,1.1]}},{"type":"Feature","geometry":{"type":"Point","coordinates":[23.31351,42.709089]},"properties":{"name":"ЦЕНТРАЛНА ГАРА","band":0,"modes":"bus,tram","arr":["21","22","77","78","82","101","213","305","404","ТБ1","ТБ5","ТМ6","ТМ7","ТМ22А","ТМ27"],"off":[0,-0.8],"sc":0.94}},{"type":"Feature","geometry":{"type":"Point","coordinates":[23.31351,42.709089]},"properties":{"name":"УЛ. ВИШОВГРАД","band":0,"modes":"bus,tram","arr":["21","22","77","78","82","101","213","305","404","ТБ1","ТБ5","ТМ6","ТМ7","ТМ22А","ТМ27"],"off":[0,-1.9],"sc":0.94}},{"type":"Feature","geometry":{"type":"Point","coordinates":[23.31351,42.709089]},"properties":{"name":"ПЕТА ГРАДСКА БОЛНИЦА","band":0,"modes":"bus,tram","arr":["21","22","77","78","82","101","213","305","404","ТБ1","ТБ5","ТМ6","ТМ7","ТМ22А","ТМ27"],"off":[0,-3],"sc":0.94}},{"type":"Feature","geometry":{"type":"Point","coordinates":[23.31351,42.709089]},"properties":{"line":"21","mode":"bus","color":"#0059a9","colorDark":"#00294f","band":0,"sc":0.94,"off":[-6.8,1.1]}},{"type":"Feature","geometry":{"type":"Point","coordinates":[23.31351,42.709089]},"properties":{"line":"22","mode":"bus","color":"#0059a9","colorDark":"#00294f","band":0,"sc":0.94,"off":[-3.4,1.1]}},{"type":"Feature","geometry":{"type":"Point","coordinates":[23.31351,42.709089]},"properties":{"line":"77","mode":"bus","color":"#0059a9","colorDark":"#00294f","band":0,"sc":0.94,"off":[0,1.1]}},{"type":"Feature","geometry":{"type":"Point","coordinates":[23.31351,42.709089]},"properties":{"line":"78","mode":"bus","color":"#0059a9","colorDark":"#00294f","band":0,"sc":0.94,"off":[3.4,1.1]}},{"type":"Feature","geometry":{"type":"Point","coordinates":[23.31351,42.709089]},"properties":{"line":"82","mode":"bus","color":"#0059a9","colorDark":"#00294f","band":0,"sc":0.94,"off":[6.8,1.1]}},{"type":"Feature","geometry":{"type":"Point","coordinates":[23.31351,42.709089]},"properties":{"line":"101","mode":"bus","color":"#0059a9","colorDark":"#00294f","band":0,"sc":0.94,"off":[-6.8,3.1]}},{"type":"Feature","geometry":{"type":"Point","coordinates":[23.31351,42.709089]},"properties":{"line":"213","mode":"bus","color":"#0059a9","colorDark":"#00294f","band":0,"sc":0.94,"off":[-3.4,3.1]}},{"type":"Feature","geometry":{"type":"Point","coordinates":[23.31351,42.709089]},"properties":{"line":"305","mode":"bus","color":"#0059a9","colorDark":"#00294f","band":0,"sc":0.94,"off":[0,3.1]}},{"type":"Feature","geometry":{"type":"Point","coordinates":[23.31351,42.709089]},"properties":{"line":"404","mode":"bus","color":"#0059a9","colorDark":"#00294f","band":0,"sc":0.94,"off":[3.4,3.1]}},{"type":"Feature","geometry":{"type":"Point","coordinates":[23.31351,42.709089]},"properties":{"line":"ТБ1","mode":"bus","color":"#149a3f","colorDark":"#0a5121","band":0,"sc":0.94,"off":[6.8,3.1]}},{"type":"Feature","geometry":{"type":"Point","coordinates":[23.31351,42.709089]},"properties":{"line":"ТБ5","mode":"bus","color":"#149a3f","colorDark":"#0a5121","band":0,"sc":0.94,"off":[-6.8,5.1]}},{"type":"Feature","geometry":{"type":"Point","coordinates":[23.31351,42.709089]},"properties":{"line":"ТМ6","mode":"tram","color":"#d6212b","colorDark":"#7c1116","band":0,"sc":0.94,"off":[-3.4,5.1]}},{"type":"Feature","geometry":{"type":"Point","coordinates":[23.31351,42.709089]},"properties":{"line":"ТМ7","mode":"tram","color":"#d6212b","colorDark":"#7c1116","band":0,"sc":0.94,"off":[0,5.1]}},{"type":"Feature","geometry":{"type":"Point","coordinates":[23.31351,42.709089]},"properties":{"line":"ТМ22А","mode":"tram","color":"#d6212b","colorDark":"#7c1116","band":0,"sc":0.94,"off":[3.4,5.1]}},{"type":"Feature","geometry":{"type":"Point","coordinates":[23.31351,42.709089]},"properties":{"line":"ТМ27","mode":"tram","color":"#d6212b","colorDark":"#7c1116","band":0,"sc":0.94,"off":[6.8,5.1]}},{"type":"Feature","geometry":{"type":"Point","coordinates":[23.422862,42.803933]},"properties":{"name":"СЕЛО ВОЙНЕГОВЦИ","band":0,"modes":"bus","arr":["21"],"off":[0,-0.8]}},{"type":"Feature","geometry":{"type":"Point","coordinates":[23.422862,42.803933]},"properties":{"line":"21","mode":"bus","color":"#0059a9","colorDark":"#00294f","band":0,"off":[0,1.1]}},{"type":"Feature","geometry":{"type":"Point","coordinates":[23.347989,42.74491]},"properties":{"name":"КВ. БЕНКОВСКИ","band":0,"modes":"bus","arr":["24","100"],"off":[0,-0.8]}},{"type":"Feature","geometry":{"type":"Point","coordinates":[23.347989,42.74491]},"properties":{"line":"24","mode":"bus","color":"#0059a9","colorDark":"#00294f","band":0,"off":[-1.7,1.1]}},{"type":"Feature","geometry":{"type":"Point","coordinates":[23.347989,42.74491]},"properties":{"line":"100","mode":"bus","color":"#0059a9","colorDark":"#00294f","band":0,"off":[1.7,1.1]}},{"type":"Feature","geometry":{"type":"Point","coordinates":[23.404357,42.806876]},"properties":{"name":"СЕЛО ПОДГУМЕР","band":0,"modes":"bus","arr":["22"],"off":[0,-0.8]}},{"type":"Feature","geometry":{"type":"Point","coordinates":[23.404357,42.806876]},"properties":{"line":"22","mode":"bus","color":"#0059a9","colorDark":"#00294f","band":0,"off":[0,1.1]}},{"type":"Feature","geometry":{"type":"Point","coordinates":[23.407752,42.813398]},"properties":{"name":"БОЛНИЦАТА С. ПОДГУМЕР","band":0,"modes":"bus","arr":["22"],"off":[0,-0.8]}},{"type":"Feature","geometry":{"type":"Point","coordinates":[23.407752,42.813398]},"properties":{"line":"22","mode":"bus","color":"#0059a9","colorDark":"#00294f","band":0,"off":[0,1.1]}},{"type":"Feature","geometry":{"type":"Point","coordinates":[23.298448,42.698856]},"properties":{"name":"УЛ. ДИМИТЪР ПЕТКОВ","band":0,"modes":"bus,tram","arr":["22ТМ","ТМ1","ТМ3","ТМ6","ТМ8","ТМ10","ТМ22А"],"off":[0,-0.8]}},{"type":"Feature","geometry":{"type":"Point","coordinates":[23.298448,42.698856]},"properties":{"name":"МЕТРОСТАНЦИЯ К.ВЕЛИЧКОВ","band":0,"modes":"bus,tram","arr":["22ТМ","ТМ1","ТМ3","ТМ6","ТМ8","ТМ10","ТМ22А"],"off":[0,-1.9]}},{"type":"Feature","geometry":{"type":"Point","coordinates":[23.298448,42.698856]},"properties":{"name":"БУЛ. К. ВЕЛИЧКОВ","band":0,"modes":"bus,tram","arr":["22ТМ","ТМ1","ТМ3","ТМ6","ТМ8","ТМ10","ТМ22А"],"off":[0,-4.1]}},{"type":"Feature","geometry":{"type":"Point","coordinates":[23.298448,42.698856]},"properties":{"line":"22ТМ","mode":"bus","color":"#0059a9","colorDark":"#00294f","band":0,"off":[-6.8,1.1]}},{"type":"Feature","geometry":{"type":"Point","coordinates":[23.298448,42.698856]},"properties":{"line":"ТМ1","mode":"tram","color":"#d6212b","colorDark":"#7c1116","band":0,"off":[-3.4,1.1]}},{"type":"Feature","geometry":{"type":"Point","coordinates":[23.298448,42.698856]},"properties":{"line":"ТМ3","mode":"tram","color":"#d6212b","colorDark":"#7c1116","band":0,"off":[0,1.1]}},{"type":"Feature","geometry":{"type":"Point","coordinates":[23.298448,42.698856]},"properties":{"line":"ТМ6","mode":"tram","color":"#d6212b","colorDark":"#7c1116","band":0,"off":[3.4,1.1]}},{"type":"Feature","geometry":{"type":"Point","coordinates":[23.298448,42.698856]},"properties":{"line":"ТМ8","mode":"tram","color":"#d6212b","colorDark":"#7c1116","band":0,"off":[6.8,1.1]}},{"type":"Feature","geometry":{"type":"Point","coordinates":[23.298448,42.698856]},"properties":{"line":"ТМ10","mode":"tram","color":"#d6212b","colorDark":"#7c1116","band":0,"off":[-1.7,3.1]}},{"type":"Feature","geometry":{"type":"Point","coordinates":[23.298448,42.698856]},"properties":{"line":"ТМ22А","mode":"tram","color":"#d6212b","colorDark":"#7c1116","band":0,"off":[1.7,3.1]}},{"type":"Feature","geometry":{"type":"Point","coordinates":[23.356233,42.818506]},"properties":{"name":"ГАРА КУРИЛО","band":0,"modes":"bus","arr":["23"],"off":[0,-0.8]}},{"type":"Feature","geometry":{"type":"Point","coordinates":[23.356233,42.818506]},"properties":{"line":"23","mode":"bus","color":"#0059a9","colorDark":"#00294f","band":0,"off":[0,1.1]}},{"type":"Feature","geometry":{"type":"Point","coordinates":[23.378373,42.805198]},"properties":{"name":"НАЧАЛО КВ. ГНИЛЯНЕ","band":0,"modes":"bus","arr":["26"],"off":[0,-0.8]}},{"type":"Feature","geometry":{"type":"Point","coordinates":[23.378373,42.805198]},"properties":{"line":"26","mode":"bus","color":"#0059a9","colorDark":"#00294f","band":0,"off":[0,1.1]}},{"type":"Feature","geometry":{"type":"Point","coordinates":[23.36167,42.753471]},"properties":{"name":"МАНАСТИР СВ. МИНА","band":0,"modes":"bus","arr":["24"],"off":[0,-0.8]}},{"type":"Feature","geometry":{"type":"Point","coordinates":[23.36167,42.753471]},"properties":{"line":"24","mode":"bus","color":"#0059a9","colorDark":"#00294f","band":0,"off":[0,1.1]}},{"type":"Feature","geometry":{"type":"Point","coordinates":[23.317281,42.738071]},"properties":{"name":"СТАДИОН ЛОКОМОТИВ","band":0,"modes":"bus","arr":["83","108"],"off":[0,-0.8]}},{"type":"Feature","geometry":{"type":"Point","coordinates":[23.317281,42.738071]},"properties":{"line":"83","mode":"bus","color":"#0059a9","colorDark":"#00294f","band":0,"off":[-1.7,1.1]}},{"type":"Feature","geometry":{"type":"Point","coordinates":[23.317281,42.738071]},"properties":{"line":"108","mode":"bus","color":"#0059a9","colorDark":"#00294f","band":0,"off":[1.7,1.1]}},{"type":"Feature","geometry":{"type":"Point","coordinates":[23.314146,42.726682]},"properties":{"name":"МОДНА КЪЩА АГРЕСИЯ","band":0,"modes":"bus","arr":["26","29","413"],"off":[0,-0.8]}},{"type":"Feature","geometry":{"type":"Point","coordinates":[23.314146,42.726682]},"properties":{"name":"ГАРА СОФИЯ СЕВЕР","band":0,"modes":"bus","arr":["26","29","413"],"off":[0,-1.9]}},{"type":"Feature","geometry":{"type":"Point","coordinates":[23.314146,42.726682]},"properties":{"line":"26","mode":"bus","color":"#0059a9","colorDark":"#00294f","band":0,"off":[-3.4,1.1]}},{"type":"Feature","geometry":{"type":"Point","coordinates":[23.314146,42.726682]},"properties":{"line":"29","mode":"bus","color":"#0059a9","colorDark":"#00294f","band":0,"off":[0,1.1]}},{"type":"Feature","geometry":{"type":"Point","coordinates":[23.314146,42.726682]},"properties":{"line":"413","mode":"bus","color":"#0059a9","colorDark":"#00294f","band":0,"off":[3.4,1.1]}},{"type":"Feature","geometry":{"type":"Point","coordinates":[23.268105,42.73682]},"properties":{"name":"Ж.К. ОБЕЛЯ-1","band":0,"modes":"bus","arr":["26"],"off":[0,-0.8]}},{"type":"Feature","geometry":{"type":"Point","coordinates":[23.268105,42.73682]},"properties":{"name":"Ж. К. ОБЕЛЯ 1","band":0,"modes":"bus","arr":["26"],"off":[0,-1.9]}},{"type":"Feature","geometry":{"type":"Point","coordinates":[23.268105,42.73682]},"properties":{"line":"26","mode":"bus","color":"#0059a9","colorDark":"#00294f","band":0,"off":[0,1.1]}},{"type":"Feature","geometry":{"type":"Point","coordinates":[23.304058,42.790495]},"properties":{"name":"СЕЛО МИРОВЯНЕ - ПО ЖЕЛАНИЕ","band":0,"modes":"bus","arr":["26","29"],"off":[0,-0.8]}},{"type":"Feature","geometry":{"type":"Point","coordinates":[23.304058,42.790495]},"properties":{"line":"26","mode":"bus","color":"#0059a9","colorDark":"#00294f","band":0,"off":[-1.7,1.1]}},{"type":"Feature","geometry":{"type":"Point","coordinates":[23.304058,42.790495]},"properties":{"line":"29","mode":"bus","color":"#0059a9","colorDark":"#00294f","band":0,"off":[1.7,1.1]}},{"type":"Feature","geometry":{"type":"Point","coordinates":[23.319126,42.845161]},"properties":{"name":"СЕЛО КЪТИНА","band":0,"modes":"bus","arr":["27"],"off":[0,-0.8]}},{"type":"Feature","geometry":{"type":"Point","coordinates":[23.319126,42.845161]},"properties":{"line":"27","mode":"bus","color":"#0059a9","colorDark":"#00294f","band":0,"off":[0,1.1]}},{"type":"Feature","geometry":{"type":"Point","coordinates":[23.310672,42.715355]},"properties":{"name":"Надлез Надежда","band":0,"modes":"bus","arr":["27","ТБ5"],"off":[0,-0.8]}},{"type":"Feature","geometry":{"type":"Point","coordinates":[23.310672,42.715355]},"properties":{"name":"МЕТРОСТАНЦИЯ КН. МАРИЯ ЛУИЗА","band":0,"modes":"bus","arr":["27","ТБ5"],"off":[0,-1.9]}},{"type":"Feature","geometry":{"type":"Point","coordinates":[23.310672,42.715355]},"properties":{"line":"27","mode":"bus","color":"#0059a9","colorDark":"#00294f","band":0,"off":[-1.7,1.1]}},{"type":"Feature","geometry":{"type":"Point","coordinates":[23.310672,42.715355]},"properties":{"line":"ТБ5","mode":"bus","color":"#149a3f","colorDark":"#0a5121","band":0,"off":[1.7,1.1]}},{"type":"Feature","geometry":{"type":"Point","coordinates":[23.273307,42.784571]},"properties":{"name":"ЦЕНТЪР С. МРАМОР","band":0,"modes":"bus","arr":["28"],"off":[0,-0.8]}},{"type":"Feature","geometry":{"type":"Point","coordinates":[23.273307,42.784571]},"properties":{"line":"28","mode":"bus","color":"#0059a9","colorDark":"#00294f","band":0,"off":[0,1.1]}},{"type":"Feature","geometry":{"type":"Point","coordinates":[23.426234,42.758404]},"properties":{"name":"СЕЛО ЧЕПИНЦИ","band":0,"modes":"bus","arr":["28"],"off":[0,-0.8]}},{"type":"Feature","geometry":{"type":"Point","coordinates":[23.426234,42.758404]},"properties":{"line":"28","mode":"bus","color":"#0059a9","colorDark":"#00294f","band":0,"off":[0,1.1]}},{"type":"Feature","geometry":{"type":"Point","coordinates":[23.2644,42.854473]},"properties":{"name":"СЕЛО БАЛША","band":0,"modes":"bus","arr":["29","30"],"off":[0,-0.8]}},{"type":"Feature","geometry":{"type":"Point","coordinates":[23.2644,42.854473]},"properties":{"line":"29","mode":"bus","color":"#0059a9","colorDark":"#00294f","band":0,"off":[-1.7,1.1]}},{"type":"Feature","geometry":{"type":"Point","coordinates":[23.2644,42.854473]},"properties":{"line":"30","mode":"bus","color":"#0059a9","colorDark":"#00294f","band":0,"off":[1.7,1.1]}},{"type":"Feature","geometry":{"type":"Point","coordinates":[23.261691,42.722835]},"properties":{"name":"УЛ. ТЪРНОВО","band":0,"modes":"bus","arr":["30","31","42","47","49","54","81","150"],"off":[0,-0.8]}},{"type":"Feature","geometry":{"type":"Point","coordinates":[23.261691,42.722835]},"properties":{"name":"МЕТРОСТАНЦИЯ СЛИВНИЦА","band":0,"modes":"bus","arr":["30","31","42","47","49","54","81","150"],"off":[0,-1.9]}},{"type":"Feature","geometry":{"type":"Point","coordinates":[23.261691,42.722835]},"properties":{"name":"Ж.К. ЛЮЛИН-8","band":0,"modes":"bus","arr":["30","31","42","47","49","54","81","150"],"off":[0,-4.1]}},{"type":"Feature","geometry":{"type":"Point","coordinates":[23.261691,42.722835]},"properties":{"line":"30","mode":"bus","color":"#0059a9","colorDark":"#00294f","band":0,"off":[-6.8,1.1]}},{"type":"Feature","geometry":{"type":"Point","coordinates":[23.261691,42.722835]},"properties":{"line":"31","mode":"bus","color":"#0059a9","colorDark":"#00294f","band":0,"off":[-3.4,1.1]}},{"type":"Feature","geometry":{"type":"Point","coordinates":[23.261691,42.722835]},"properties":{"line":"42","mode":"bus","color":"#0059a9","colorDark":"#00294f","band":0,"off":[0,1.1]}},{"type":"Feature","geometry":{"type":"Point","coordinates":[23.261691,42.722835]},"properties":{"line":"47","mode":"bus","color":"#0059a9","colorDark":"#00294f","band":0,"off":[3.4,1.1]}},{"type":"Feature","geometry":{"type":"Point","coordinates":[23.261691,42.722835]},"properties":{"line":"49","mode":"bus","color":"#0059a9","colorDark":"#00294f","band":0,"off":[6.8,1.1]}},{"type":"Feature","geometry":{"type":"Point","coordinates":[23.261691,42.722835]},"properties":{"line":"54","mode":"bus","color":"#0059a9","colorDark":"#00294f","band":0,"off":[-3.4,3.1]}},{"type":"Feature","geometry":{"type":"Point","coordinates":[23.261691,42.722835]},"properties":{"line":"81","mode":"bus","color":"#0059a9","colorDark":"#00294f","band":0,"off":[0,3.1]}},{"type":"Feature","geometry":{"type":"Point","coordinates":[23.261691,42.722835]},"properties":{"line":"150","mode":"bus","color":"#0059a9","colorDark":"#00294f","band":0,"off":[3.4,3.1]}},{"type":"Feature","geometry":{"type":"Point","coordinates":[23.239199,42.82853]},"properties":{"name":"СЕЛО ГОЛЯНОВЦИ","band":0,"modes":"bus","arr":["31"],"off":[0,-0.8]}},{"type":"Feature","geometry":{"type":"Point","coordinates":[23.239199,42.82853]},"properties":{"line":"31","mode":"bus","color":"#0059a9","colorDark":"#00294f","band":0,"off":[0,1.1]}},{"type":"Feature","geometry":{"type":"Point","coordinates":[23.119684,42.685227]},"properties":{"name":"КРАЯ НА КВ. МИХАЙЛОВО","band":0,"modes":"bus","arr":["42"],"off":[0,-0.8]}},{"type":"Feature","geometry":{"type":"Point","coordinates":[23.119684,42.685227]},"properties":{"line":"42","mode":"bus","color":"#0059a9","colorDark":"#00294f","band":0,"off":[0,1.1]}},{"type":"Feature","geometry":{"type":"Point","coordinates":[23.181232,42.706239]},"properties":{"name":"КВ. ИВАНЯНЕ","band":0,"modes":"bus","arr":["44","81"],"off":[0,-0.8]}},{"type":"Feature","geometry":{"type":"Point","coordinates":[23.181232,42.706239]},"properties":{"line":"44","mode":"bus","color":"#0059a9","colorDark":"#00294f","band":0,"off":[-1.7,1.1]}},{"type":"Feature","geometry":{"type":"Point","coordinates":[23.181232,42.706239]},"properties":{"line":"81","mode":"bus","color":"#0059a9","colorDark":"#00294f","band":0,"off":[1.7,1.1]}},{"type":"Feature","geometry":{"type":"Point","coordinates":[23.152269,42.708239]},"properties":{"name":"АВТОСТАНЦИЯ БАНКЯ","band":0,"modes":"bus","arr":["44","46","47","X43"],"off":[0,-0.8]}},{"type":"Feature","geometry":{"type":"Point","coordinates":[23.152269,42.708239]},"properties":{"line":"44","mode":"bus","color":"#0059a9","colorDark":"#00294f","band":0,"off":[-5.1,1.1]}},{"type":"Feature","geometry":{"type":"Point","coordinates":[23.152269,42.708239]},"properties":{"line":"46","mode":"bus","color":"#0059a9","colorDark":"#00294f","band":0,"off":[-1.7,1.1]}},{"type":"Feature","geometry":{"type":"Point","coordinates":[23.152269,42.708239]},"properties":{"line":"47","mode":"bus","color":"#0059a9","colorDark":"#00294f","band":0,"off":[1.7,1.1]}},{"type":"Feature","geometry":{"type":"Point","coordinates":[23.152269,42.708239]},"properties":{"line":"X43","mode":"bus","color":"#0059a9","colorDark":"#00294f","band":0,"off":[5.1,1.1]}},{"type":"Feature","geometry":{"type":"Point","coordinates":[23.078008,42.726112]},"properties":{"name":"МАНАСТИР СВ. ПЕТКА ПАРАСКЕВА","band":0,"modes":"bus","arr":["46"],"off":[0,-0.8]}},{"type":"Feature","geometry":{"type":"Point","coordinates":[23.078008,42.726112]},"properties":{"line":"46","mode":"bus","color":"#0059a9","colorDark":"#00294f","band":0,"off":[0,1.1]}},{"type":"Feature","geometry":{"type":"Point","coordinates":[23.138823,42.685672]},"properties":{"name":"КВ. ГРАДОМАН","band":0,"modes":"bus","arr":["47"],"off":[0,-0.8]}},{"type":"Feature","geometry":{"type":"Point","coordinates":[23.138823,42.685672]},"properties":{"line":"47","mode":"bus","color":"#0059a9","colorDark":"#00294f","band":0,"off":[0,1.1]}},{"type":"Feature","geometry":{"type":"Point","coordinates":[23.08344,42.719122]},"properties":{"name":"КВ. КЛИСУРА","band":0,"modes":"bus","arr":["49"],"off":[0,-0.8]}},{"type":"Feature","geometry":{"type":"Point","coordinates":[23.08344,42.719122]},"properties":{"line":"49","mode":"bus","color":"#0059a9","colorDark":"#00294f","band":0,"off":[0,1.1]}},{"type":"Feature","geometry":{"type":"Point","coordinates":[23.181164,42.775522]},"properties":{"name":"ПЪТЕН ВЪЗЕЛ КАЛОТИНА","band":0,"modes":"bus","arr":["54"],"off":[0,-0.8]}},{"type":"Feature","geometry":{"type":"Point","coordinates":[23.181164,42.775522]},"properties":{"line":"54","mode":"bus","color":"#0059a9","colorDark":"#00294f","band":0,"off":[0,1.1]}},{"type":"Feature","geometry":{"type":"Point","coordinates":[23.160218,42.682116]},"properties":{"name":"СЕЛО МАЛО БУЧИНО","band":0,"modes":"bus","arr":["56"],"off":[0,-0.8]}},{"type":"Feature","geometry":{"type":"Point","coordinates":[23.160218,42.682116]},"properties":{"line":"56","mode":"bus","color":"#0059a9","colorDark":"#00294f","band":0,"off":[0,1.1]}},{"type":"Feature","geometry":{"type":"Point","coordinates":[23.278672,42.701703]},"properties":{"name":"Ж.К. ЗАПАДЕН ПАРК","band":0,"modes":"bus,tram","arr":["56","72","77","ТМ1","ТМ10"],"off":[0,-0.8]}},{"type":"Feature","geometry":{"type":"Point","coordinates":[23.278672,42.701703]},"properties":{"name":"БЛ. 13 Ж.К. ЗАПАДЕН ПАРК","band":0,"modes":"bus,tram","arr":["56","72","77","ТМ1","ТМ10"],"off":[0,-1.9]}},{"type":"Feature","geometry":{"type":"Point","coordinates":[23.278672,42.701703]},"properties":{"line":"56","mode":"bus","color":"#0059a9","colorDark":"#00294f","band":0,"off":[-6.8,1.1]}},{"type":"Feature","geometry":{"type":"Point","coordinates":[23.278672,42.701703]},"properties":{"line":"72","mode":"bus","color":"#0059a9","colorDark":"#00294f","band":0,"off":[-3.4,1.1]}},{"type":"Feature","geometry":{"type":"Point","coordinates":[23.278672,42.701703]},"properties":{"line":"77","mode":"bus","color":"#0059a9","colorDark":"#00294f","band":0,"off":[0,1.1]}},{"type":"Feature","geometry":{"type":"Point","coordinates":[23.278672,42.701703]},"properties":{"line":"ТМ1","mode":"tram","color":"#d6212b","colorDark":"#7c1116","band":0,"off":[3.4,1.1]}},{"type":"Feature","geometry":{"type":"Point","coordinates":[23.278672,42.701703]},"properties":{"line":"ТМ10","mode":"tram","color":"#d6212b","colorDark":"#7c1116","band":0,"off":[6.8,1.1]}},{"type":"Feature","geometry":{"type":"Point","coordinates":[23.290309,42.712098]},"properties":{"name":"ГАРА ЗАХАРНА ФАБРИКА","band":0,"modes":"bus,tram","arr":["56","ТМ3","ТМ10","ТМ13"],"off":[0,-0.8]}},{"type":"Feature","geometry":{"type":"Point","coordinates":[23.290309,42.712098]},"properties":{"name":"Гара Захарна фабрика","band":0,"modes":"bus,tram","arr":["56","ТМ3","ТМ10","ТМ13"],"off":[0,-3]}},{"type":"Feature","geometry":{"type":"Point","coordinates":[23.290309,42.712098]},"properties":{"line":"56","mode":"bus","color":"#0059a9","colorDark":"#00294f","band":0,"off":[-5.1,1.1]}},{"type":"Feature","geometry":{"type":"Point","coordinates":[23.290309,42.712098]},"properties":{"line":"ТМ3","mode":"tram","color":"#d6212b","colorDark":"#7c1116","band":0,"off":[-1.7,1.1]}},{"type":"Feature","geometry":{"type":"Point","coordinates":[23.290309,42.712098]},"properties":{"line":"ТМ10","mode":"tram","color":"#d6212b","colorDark":"#7c1116","band":0,"off":[1.7,1.1]}},{"type":"Feature","geometry":{"type":"Point","coordinates":[23.290309,42.712098]},"properties":{"line":"ТМ13","mode":"tram","color":"#d6212b","colorDark":"#7c1116","band":0,"off":[5.1,1.1]}},{"type":"Feature","geometry":{"type":"Point","coordinates":[23.185937,42.622703]},"properties":{"name":"ГАРА ВЛАДАЯ","band":0,"modes":"bus","arr":["58"],"off":[0,-0.8]}},{"type":"Feature","geometry":{"type":"Point","coordinates":[23.185937,42.622703]},"properties":{"line":"58","mode":"bus","color":"#0059a9","colorDark":"#00294f","band":0,"off":[0,1.1]}},{"type":"Feature","geometry":{"type":"Point","coordinates":[23.240918,42.658485]},"properties":{"name":"КВ. КНЯЖЕВО","band":0,"modes":"bus,tram","arr":["58","59","804","ТМ5","ТМ11"],"off":[0,-0.8]}},{"type":"Feature","geometry":{"type":"Point","coordinates":[23.240918,42.658485]},"properties":{"name":"АВТОСТАНЦИЯ КНЯЖЕВО","band":0,"modes":"bus,tram","arr":["58","59","804","ТМ5","ТМ11"],"off":[0,-1.9]}},{"type":"Feature","geometry":{"type":"Point","coordinates":[23.240918,42.658485]},"properties":{"line":"58","mode":"bus","color":"#0059a9","colorDark":"#00294f","band":0,"off":[-6.8,1.1]}},{"type":"Feature","geometry":{"type":"Point","coordinates":[23.240918,42.658485]},"properties":{"line":"59","mode":"bus","color":"#0059a9","colorDark":"#00294f","band":0,"off":[-3.4,1.1]}},{"type":"Feature","geometry":{"type":"Point","coordinates":[23.240918,42.658485]},"properties":{"line":"804","mode":"bus","color":"#0059a9","colorDark":"#00294f","band":0,"off":[0,1.1]}},{"type":"Feature","geometry":{"type":"Point","coordinates":[23.240918,42.658485]},"properties":{"line":"ТМ5","mode":"tram","color":"#d6212b","colorDark":"#7c1116","band":0,"off":[3.4,1.1]}},{"type":"Feature","geometry":{"type":"Point","coordinates":[23.240918,42.658485]},"properties":{"line":"ТМ11","mode":"tram","color":"#d6212b","colorDark":"#7c1116","band":0,"off":[6.8,1.1]}},{"type":"Feature","geometry":{"type":"Point","coordinates":[23.160689,42.594326]},"properties":{"name":"С. МЪРЧАЕВО-ТОЛУМСКА МАХАЛА","band":0,"modes":"bus","arr":["59"],"off":[0,-0.8]}},{"type":"Feature","geometry":{"type":"Point","coordinates":[23.160689,42.594326]},"properties":{"line":"59","mode":"bus","color":"#0059a9","colorDark":"#00294f","band":0,"off":[0,1.1]}},{"type":"Feature","geometry":{"type":"Point","coordinates":[23.256044,42.683081]},"properties":{"name":"МЕТРОСТАНЦИЯ МИЗИЯ","band":0,"modes":"bus","arr":["59"],"off":[0,-0.8]}},{"type":"Feature","geometry":{"type":"Point","coordinates":[23.256044,42.683081]},"properties":{"line":"59","mode":"bus","color":"#0059a9","colorDark":"#00294f","band":0,"off":[0,1.1]}},{"type":"Feature","geometry":{"type":"Point","coordinates":[23.235788,42.609788]},"properties":{"name":"ЗЛАТНИ МОСТОВЕ","band":0,"modes":"bus","arr":["61","63"],"off":[0,-0.8]}},{"type":"Feature","geometry":{"type":"Point","coordinates":[23.235788,42.609788]},"properties":{"line":"61","mode":"bus","color":"#0059a9","colorDark":"#00294f","band":0,"off":[-1.7,1.1]}},{"type":"Feature","geometry":{"type":"Point","coordinates":[23.235788,42.609788]},"properties":{"line":"63","mode":"bus","color":"#0059a9","colorDark":"#00294f","band":0,"off":[1.7,1.1]}},{"type":"Feature","geometry":{"type":"Point","coordinates":[23.28859,42.665813]},"properties":{"name":"УЛ. Т. КАБЛЕШКОВ","band":0,"modes":"bus","arr":["X10"],"off":[0,-0.8]}},{"type":"Feature","geometry":{"type":"Point","coordinates":[23.28859,42.665813]},"properties":{"line":"X10","mode":"bus","color":"#0059a9","colorDark":"#00294f","band":0,"off":[0,1.1]}},{"type":"Feature","geometry":{"type":"Point","coordinates":[23.293631,42.672567]},"properties":{"name":"БУЛ. БЪЛГАРИЯ","band":0,"modes":"bus","arr":["61"],"off":[0,-0.8]}},{"type":"Feature","geometry":{"type":"Point","coordinates":[23.293631,42.672567]},"properties":{"line":"61","mode":"bus","color":"#0059a9","colorDark":"#00294f","band":0,"off":[0,1.1]}},{"type":"Feature","geometry":{"type":"Point","coordinates":[23.319881,42.683055]},"properties":{"name":"БУЛ. ЧЕРНИ ВРЪХ","band":0,"modes":"bus","arr":["61"],"off":[0,-0.8]}},{"type":"Feature","geometry":{"type":"Point","coordinates":[23.319881,42.683055]},"properties":{"line":"61","mode":"bus","color":"#0059a9","colorDark":"#00294f","band":0,"off":[0,1.1]}},{"type":"Feature","geometry":{"type":"Point","coordinates":[23.27273,42.658209]},"properties":{"name":"НИМ","band":0,"modes":"bus","arr":["304","X10","ТБ2"],"off":[0,-0.8]}},{"type":"Feature","geometry":{"type":"Point","coordinates":[23.27273,42.658209]},"properties":{"name":"Ж.К. БЪКСТОН","band":0,"modes":"bus","arr":["304","X10","ТБ2"],"off":[0,-1.9]}},{"type":"Feature","geometry":{"type":"Point","coordinates":[23.27273,42.658209]},"properties":{"line":"304","mode":"bus","color":"#0059a9","colorDark":"#00294f","band":0,"off":[-3.4,1.1]}},{"type":"Feature","geometry":{"type":"Point","coordinates":[23.27273,42.658209]},"properties":{"line":"X10","mode":"bus","color":"#0059a9","colorDark":"#00294f","band":0,"off":[0,1.1]}},{"type":"Feature","geometry":{"type":"Point","coordinates":[23.27273,42.658209]},"properties":{"line":"ТБ2","mode":"bus","color":"#149a3f","colorDark":"#0a5121","band":0,"off":[3.4,1.1]}},{"type":"Feature","geometry":{"type":"Point","coordinates":[23.299036,42.68659]},"properties":{"name":"БУЛ. ЦАР БОРИС ІІІ","band":0,"modes":"bus","arr":["63"],"off":[0,-0.8]}},{"type":"Feature","geometry":{"type":"Point","coordinates":[23.299036,42.68659]},"properties":{"line":"63","mode":"bus","color":"#0059a9","colorDark":"#00294f","band":0,"off":[0,1.1]}},{"type":"Feature","geometry":{"type":"Point","coordinates":[23.284124,42.67895]},"properties":{"name":"КРАСНО СЕЛО","band":0,"modes":"bus,metro","arr":["63","65","M3","ТБ801"],"off":[0,-0.8]}},{"type":"Feature","geometry":{"type":"Point","coordinates":[23.284124,42.67895]},"properties":{"name":"Ж.К. КРАСНО СЕЛО","band":0,"modes":"bus,metro","arr":["63","65","M3","ТБ801"],"off":[0,-1.9]}},{"type":"Feature","geometry":{"type":"Point","coordinates":[23.284124,42.67895]},"properties":{"name":"Ж.к. Красно село","band":0,"modes":"bus,metro","arr":["63","65","M3","ТБ801"],"off":[0,-3]}},{"type":"Feature","geometry":{"type":"Point","coordinates":[23.284124,42.67895]},"properties":{"line":"63","mode":"bus","color":"#0059a9","colorDark":"#00294f","band":0,"off":[-5.1,1.1]}},{"type":"Feature","geometry":{"type":"Point","coordinates":[23.284124,42.67895]},"properties":{"line":"65","mode":"bus","color":"#0059a9","colorDark":"#00294f","band":0,"off":[-1.7,1.1]}},{"type":"Feature","geometry":{"type":"Point","coordinates":[23.284124,42.67895]},"properties":{"line":"M3","mode":"tram","color":"#39B54A","colorDark":"#1f6429","band":0,"metro":1,"off":[1.7,1.1]}},{"type":"Feature","geometry":{"type":"Point","coordinates":[23.284124,42.67895]},"properties":{"line":"ТБ801","mode":"bus","color":"#149a3f","colorDark":"#0a5121","band":0,"off":[5.1,1.1]}},{"type":"Feature","geometry":{"type":"Point","coordinates":[23.245051,42.645919]},"properties":{"name":"УЛ. БЯЛАТА ЧЕШМА","band":0,"modes":"bus","arr":["63"],"off":[0,-0.8]}},{"type":"Feature","geometry":{"type":"Point","coordinates":[23.245051,42.645919]},"properties":{"line":"63","mode":"bus","color":"#0059a9","colorDark":"#00294f","band":0,"off":[0,1.1]}},{"type":"Feature","geometry":{"type":"Point","coordinates":[23.301554,42.681835]},"properties":{"name":"ЦЕНТЪР ПО ХИГИЕНА","band":0,"modes":"bus","arr":["64"],"off":[0,-0.8]}},{"type":"Feature","geometry":{"type":"Point","coordinates":[23.301554,42.681835]},"properties":{"line":"64","mode":"bus","color":"#0059a9","colorDark":"#00294f","band":0,"off":[0,1.1]}},{"type":"Feature","geometry":{"type":"Point","coordinates":[23.319192,42.659104]},"properties":{"name":"МЕТРОСТАНЦИЯ ВИТОША","band":0,"modes":"bus,metro,tram","arr":["64","66","68","83","88","98","120","M2","ТМ10","ТМ13","ТМ15"],"off":[0,-0.8]}},{"type":"Feature","geometry":{"type":"Point","coordinates":[23.319192,42.659104]},"properties":{"name":"ЗООПАРКА","band":0,"modes":"bus,metro,tram","arr":["64","66","68","83","88","98","120","M2","ТМ10","ТМ13","ТМ15"],"off":[0,-3]}},{"type":"Feature","geometry":{"type":"Point","coordinates":[23.319192,42.659104]},"properties":{"name":"ВИТОША","band":0,"modes":"bus,metro,tram","arr":["64","66","68","83","88","98","120","M2","ТМ10","ТМ13","ТМ15"],"off":[0,-4.1]}},{"type":"Feature","geometry":{"type":"Point","coordinates":[23.319192,42.659104]},"properties":{"line":"64","mode":"bus","color":"#0059a9","colorDark":"#00294f","band":0,"off":[-6.8,1.1]}},{"type":"Feature","geometry":{"type":"Point","coordinates":[23.319192,42.659104]},"properties":{"line":"66","mode":"bus","color":"#0059a9","colorDark":"#00294f","band":0,"off":[-3.4,1.1]}},{"type":"Feature","geometry":{"type":"Point","coordinates":[23.319192,42.659104]},"properties":{"line":"68","mode":"bus","color":"#0059a9","colorDark":"#00294f","band":0,"off":[0,1.1]}},{"type":"Feature","geometry":{"type":"Point","coordinates":[23.319192,42.659104]},"properties":{"line":"83","mode":"bus","color":"#0059a9","colorDark":"#00294f","band":0,"off":[3.4,1.1]}},{"type":"Feature","geometry":{"type":"Point","coordinates":[23.319192,42.659104]},"properties":{"line":"88","mode":"bus","color":"#0059a9","colorDark":"#00294f","band":0,"off":[6.8,1.1]}},{"type":"Feature","geometry":{"type":"Point","coordinates":[23.319192,42.659104]},"properties":{"line":"98","mode":"bus","color":"#0059a9","colorDark":"#00294f","band":0,"off":[-6.8,3.1]}},{"type":"Feature","geometry":{"type":"Point","coordinates":[23.319192,42.659104]},"properties":{"line":"120","mode":"bus","color":"#0059a9","colorDark":"#00294f","band":0,"off":[-3.4,3.1]}},{"type":"Feature","geometry":{"type":"Point","coordinates":[23.319192,42.659104]},"properties":{"line":"M2","mode":"tram","color":"#1C75BC","colorDark":"#0f4067","band":0,"metro":1,"off":[0,3.1]}},{"type":"Feature","geometry":{"type":"Point","coordinates":[23.319192,42.659104]},"properties":{"line":"ТМ10","mode":"tram","color":"#d6212b","colorDark":"#7c1116","band":0,"off":[3.4,3.1]}},{"type":"Feature","geometry":{"type":"Point","coordinates":[23.319192,42.659104]},"properties":{"line":"ТМ13","mode":"tram","color":"#d6212b","colorDark":"#7c1116","band":0,"off":[6.8,3.1]}},{"type":"Feature","geometry":{"type":"Point","coordinates":[23.319192,42.659104]},"properties":{"line":"ТМ15","mode":"tram","color":"#d6212b","colorDark":"#7c1116","band":0,"off":[0,5.1]}},{"type":"Feature","geometry":{"type":"Point","coordinates":[23.266071,42.644268]},"properties":{"name":"БОЯНСКА ЦЪРКВА","band":0,"modes":"bus","arr":["65"],"off":[0,-0.8]}},{"type":"Feature","geometry":{"type":"Point","coordinates":[23.266071,42.644268]},"properties":{"line":"65","mode":"bus","color":"#0059a9","colorDark":"#00294f","band":0,"off":[0,1.1]}},{"type":"Feature","geometry":{"type":"Point","coordinates":[23.274644,42.673561]},"properties":{"name":"КВ. ОВЧА КУПЕЛ","band":0,"modes":"bus,tram","arr":["103","107","ТМ15"],"off":[0,-0.8]}},{"type":"Feature","geometry":{"type":"Point","coordinates":[23.274644,42.673561]},"properties":{"name":"Ж.к. Бъкстон","band":0,"modes":"bus,tram","arr":["103","107","ТМ15"],"off":[0,-1.9]}},{"type":"Feature","geometry":{"type":"Point","coordinates":[23.274644,42.673561]},"properties":{"name":"АВТОСТАНЦИЯ ОВЧА КУПЕЛ","band":0,"modes":"bus,tram","arr":["103","107","ТМ15"],"off":[0,-3]}},{"type":"Feature","geometry":{"type":"Point","coordinates":[23.274644,42.673561]},"properties":{"line":"103","mode":"bus","color":"#0059a9","colorDark":"#00294f","band":0,"off":[-3.4,1.1]}},{"type":"Feature","geometry":{"type":"Point","coordinates":[23.274644,42.673561]},"properties":{"line":"107","mode":"bus","color":"#0059a9","colorDark":"#00294f","band":0,"off":[0,1.1]}},{"type":"Feature","geometry":{"type":"Point","coordinates":[23.274644,42.673561]},"properties":{"line":"ТМ15","mode":"tram","color":"#d6212b","colorDark":"#7c1116","band":0,"off":[3.4,1.1]}},{"type":"Feature","geometry":{"type":"Point","coordinates":[23.292219,42.583342]},"properties":{"name":"ХИЖА АЛЕКО","band":0,"modes":"bus","arr":["66"],"off":[0,-0.8]}},{"type":"Feature","geometry":{"type":"Point","coordinates":[23.292219,42.583342]},"properties":{"line":"66","mode":"bus","color":"#0059a9","colorDark":"#00294f","band":0,"off":[0,1.1]}},{"type":"Feature","geometry":{"type":"Point","coordinates":[23.333965,42.674723]},"properties":{"name":"СЕМИНАРИЯТА","band":0,"modes":"bus","arr":["67"],"off":[0,-0.8]}},{"type":"Feature","geometry":{"type":"Point","coordinates":[23.333965,42.674723]},"properties":{"line":"67","mode":"bus","color":"#0059a9","colorDark":"#00294f","band":0,"off":[0,1.1]}},{"type":"Feature","geometry":{"type":"Point","coordinates":[23.350985,42.671338]},"properties":{"name":"СТЦ ИНТЕРПРЕД","band":0,"modes":"bus","arr":["97"],"off":[0,-0.8]}},{"type":"Feature","geometry":{"type":"Point","coordinates":[23.350985,42.671338]},"properties":{"name":"МЕТРОСТАНЦИЯ ФР. ЖОЛИО-КЮРИ","band":0,"modes":"bus","arr":["97"],"off":[0,-1.9]}},{"type":"Feature","geometry":{"type":"Point","coordinates":[23.350985,42.671338]},"properties":{"line":"97","mode":"bus","color":"#0059a9","colorDark":"#00294f","band":0,"off":[0,1.1]}},{"type":"Feature","geometry":{"type":"Point","coordinates":[23.35604,42.663626]},"properties":{"name":"НСБАЛ ПО ОНКОЛОГИЯ","band":0,"modes":"bus","arr":["67","69","70","97","294"],"off":[0,-0.8]}},{"type":"Feature","geometry":{"type":"Point","coordinates":[23.35604,42.663626]},"properties":{"name":"МЕТРОСТАНЦИЯ Г. М. ДИМИТРОВ","band":0,"modes":"bus","arr":["67","69","70","97","294"],"off":[0,-1.9]}},{"type":"Feature","geometry":{"type":"Point","coordinates":[23.35604,42.663626]},"properties":{"name":"Ж.К. ДИАНАБАД","band":0,"modes":"bus","arr":["67","69","70","97","294"],"off":[0,-4.1]}},{"type":"Feature","geometry":{"type":"Point","coordinates":[23.35604,42.663626]},"properties":{"line":"67","mode":"bus","color":"#0059a9","colorDark":"#00294f","band":0,"off":[-6.8,1.1]}},{"type":"Feature","geometry":{"type":"Point","coordinates":[23.35604,42.663626]},"properties":{"line":"69","mode":"bus","color":"#0059a9","colorDark":"#00294f","band":0,"off":[-3.4,1.1]}},{"type":"Feature","geometry":{"type":"Point","coordinates":[23.35604,42.663626]},"properties":{"line":"70","mode":"bus","color":"#0059a9","colorDark":"#00294f","band":0,"off":[0,1.1]}},{"type":"Feature","geometry":{"type":"Point","coordinates":[23.35604,42.663626]},"properties":{"line":"97","mode":"bus","color":"#0059a9","colorDark":"#00294f","band":0,"off":[3.4,1.1]}},{"type":"Feature","geometry":{"type":"Point","coordinates":[23.35604,42.663626]},"properties":{"line":"294","mode":"bus","color":"#0059a9","colorDark":"#00294f","band":0,"off":[6.8,1.1]}},{"type":"Feature","geometry":{"type":"Point","coordinates":[23.339006,42.612113]},"properties":{"name":"КВ. СИМЕОНОВО","band":0,"modes":"bus","arr":["67","68"],"off":[0,-0.8]}},{"type":"Feature","geometry":{"type":"Point","coordinates":[23.339006,42.612113]},"properties":{"line":"67","mode":"bus","color":"#0059a9","colorDark":"#00294f","band":0,"off":[-1.7,1.1]}},{"type":"Feature","geometry":{"type":"Point","coordinates":[23.339006,42.612113]},"properties":{"line":"68","mode":"bus","color":"#0059a9","colorDark":"#00294f","band":0,"off":[1.7,1.1]}},{"type":"Feature","geometry":{"type":"Point","coordinates":[23.334354,42.638493]},"properties":{"name":"ХОТЕЛ АМБАСАДОР","band":0,"modes":"bus","arr":["97"],"off":[0,-0.8]}},{"type":"Feature","geometry":{"type":"Point","coordinates":[23.334354,42.638493]},"properties":{"line":"97","mode":"bus","color":"#0059a9","colorDark":"#00294f","band":0,"off":[0,1.1]}},{"type":"Feature","geometry":{"type":"Point","coordinates":[23.333255,42.49982]},"properties":{"name":"МЕСТНОСТ ЯРЕМА","band":0,"modes":"bus","arr":["69"],"off":[0,-0.8]}},{"type":"Feature","geometry":{"type":"Point","coordinates":[23.333255,42.49982]},"properties":{"line":"69","mode":"bus","color":"#0059a9","colorDark":"#00294f","band":0,"off":[0,1.1]}},{"type":"Feature","geometry":{"type":"Point","coordinates":[23.360201,42.524475]},"properties":{"name":"ЦАРЕВА МАХАЛА","band":0,"modes":"bus","arr":["69"],"off":[0,-0.8]}},{"type":"Feature","geometry":{"type":"Point","coordinates":[23.360201,42.524475]},"properties":{"line":"69","mode":"bus","color":"#0059a9","colorDark":"#00294f","band":0,"off":[0,1.1]}},{"type":"Feature","geometry":{"type":"Point","coordinates":[23.366338,42.533842]},"properties":{"name":"КМЕТСТВО ЖЕЛЕЗНИЦА","band":0,"modes":"bus","arr":["98"],"off":[0,-0.8]}},{"type":"Feature","geometry":{"type":"Point","coordinates":[23.366338,42.533842]},"properties":{"line":"98","mode":"bus","color":"#0059a9","colorDark":"#00294f","band":0,"off":[0,1.1]}},{"type":"Feature","geometry":{"type":"Point","coordinates":[23.360471,42.586252]},"properties":{"name":"СЕЛО БИСТРИЦА","band":0,"modes":"bus","arr":["314"],"off":[0,-0.8]}},{"type":"Feature","geometry":{"type":"Point","coordinates":[23.360471,42.586252]},"properties":{"line":"314","mode":"bus","color":"#0059a9","colorDark":"#00294f","band":0,"off":[0,1.1]}},{"type":"Feature","geometry":{"type":"Point","coordinates":[23.408552,42.487151]},"properties":{"name":"СЕЛО ПЛАНА","band":0,"modes":"bus","arr":["70"],"off":[0,-0.8]}},{"type":"Feature","geometry":{"type":"Point","coordinates":[23.408552,42.487151]},"properties":{"line":"70","mode":"bus","color":"#0059a9","colorDark":"#00294f","band":0,"off":[0,1.1]}},{"type":"Feature","geometry":{"type":"Point","coordinates":[23.359824,42.676671]},"properties":{"name":"ХОТЕЛ ПЛИСКА","band":0,"modes":"bus","arr":["72"],"off":[0,-0.8]}},{"type":"Feature","geometry":{"type":"Point","coordinates":[23.359824,42.676671]},"properties":{"line":"72","mode":"bus","color":"#0059a9","colorDark":"#00294f","band":0,"off":[0,1.1]}},{"type":"Feature","geometry":{"type":"Point","coordinates":[23.382761,42.625403]},"properties":{"name":"ТЕХНОПОЛИС Ж.К. МЛАДОСТ-4","band":0,"modes":"bus","arr":["76","213","413","N1"],"off":[0,-0.8]}},{"type":"Feature","geometry":{"type":"Point","coordinates":[23.382761,42.625403]},"properties":{"name":"Ж.К. МЛАДОСТ-4","band":0,"modes":"bus","arr":["76","213","413","N1"],"off":[0,-3]}},{"type":"Feature","geometry":{"type":"Point","coordinates":[23.382761,42.625403]},"properties":{"name":"БЛ. 480 Ж.К. МЛАДОСТ-4","band":0,"modes":"bus","arr":["76","213","413","N1"],"off":[0,-4.1]}},{"type":"Feature","geometry":{"type":"Point","coordinates":[23.382761,42.625403]},"properties":{"line":"76","mode":"bus","color":"#0059a9","colorDark":"#00294f","band":0,"off":[-5.1,1.1]}},{"type":"Feature","geometry":{"type":"Point","coordinates":[23.382761,42.625403]},"properties":{"line":"213","mode":"bus","color":"#0059a9","colorDark":"#00294f","band":0,"off":[-1.7,1.1]}},{"type":"Feature","geometry":{"type":"Point","coordinates":[23.382761,42.625403]},"properties":{"line":"413","mode":"bus","color":"#0059a9","colorDark":"#00294f","band":0,"off":[1.7,1.1]}},{"type":"Feature","geometry":{"type":"Point","coordinates":[23.382761,42.625403]},"properties":{"line":"N1","mode":"bus","color":"#0059a9","colorDark":"#00294f","band":0,"off":[5.1,1.1]}},{"type":"Feature","geometry":{"type":"Point","coordinates":[23.297219,42.660561]},"properties":{"name":"Ж.К. ГОЦЕ ДЕЛЧЕВ","band":0,"modes":"bus","arr":["76","204","N4","ТБ7","ТБ8","ТБ74","ТБ288"],"off":[0,-0.8]}},{"type":"Feature","geometry":{"type":"Point","coordinates":[23.297219,42.660561]},"properties":{"name":"ж.к. Гоце Делчев","band":0,"modes":"bus","arr":["76","204","N4","ТБ7","ТБ8","ТБ74","ТБ288"],"off":[0,-1.9]}},{"type":"Feature","geometry":{"type":"Point","coordinates":[23.297219,42.660561]},"properties":{"line":"76","mode":"bus","color":"#0059a9","colorDark":"#00294f","band":0,"off":[-6.8,1.1]}},{"type":"Feature","geometry":{"type":"Point","coordinates":[23.297219,42.660561]},"properties":{"line":"204","mode":"bus","color":"#0059a9","colorDark":"#00294f","band":0,"off":[-3.4,1.1]}},{"type":"Feature","geometry":{"type":"Point","coordinates":[23.297219,42.660561]},"properties":{"line":"N4","mode":"bus","color":"#0059a9","colorDark":"#00294f","band":0,"off":[0,1.1]}},{"type":"Feature","geometry":{"type":"Point","coordinates":[23.297219,42.660561]},"properties":{"line":"ТБ7","mode":"bus","color":"#149a3f","colorDark":"#0a5121","band":0,"off":[3.4,1.1]}},{"type":"Feature","geometry":{"type":"Point","coordinates":[23.297219,42.660561]},"properties":{"line":"ТБ8","mode":"bus","color":"#149a3f","colorDark":"#0a5121","band":0,"off":[6.8,1.1]}},{"type":"Feature","geometry":{"type":"Point","coordinates":[23.297219,42.660561]},"properties":{"line":"ТБ74","mode":"bus","color":"#149a3f","colorDark":"#0a5121","band":0,"off":[-1.7,3.1]}},{"type":"Feature","geometry":{"type":"Point","coordinates":[23.297219,42.660561]},"properties":{"line":"ТБ288","mode":"bus","color":"#149a3f","colorDark":"#0a5121","band":0,"off":[1.7,3.1]}},{"type":"Feature","geometry":{"type":"Point","coordinates":[23.379923,42.711868]},"properties":{"name":"Ж.К. ЛЕВСКИ Г","band":0,"modes":"bus","arr":["120","N3"],"off":[0,-0.8]}},{"type":"Feature","geometry":{"type":"Point","coordinates":[23.379923,42.711868]},"properties":{"line":"120","mode":"bus","color":"#0059a9","colorDark":"#00294f","band":0,"off":[-1.7,1.1]}},{"type":"Feature","geometry":{"type":"Point","coordinates":[23.379923,42.711868]},"properties":{"line":"N3","mode":"bus","color":"#0059a9","colorDark":"#00294f","band":0,"off":[1.7,1.1]}},{"type":"Feature","geometry":{"type":"Point","coordinates":[23.328366,42.734011]},"properties":{"name":"СТИНД","band":0,"modes":"bus","arr":["79"],"off":[0,-0.8]}},{"type":"Feature","geometry":{"type":"Point","coordinates":[23.328366,42.734011]},"properties":{"line":"79","mode":"bus","color":"#0059a9","colorDark":"#00294f","band":0,"off":[0,1.1]}},{"type":"Feature","geometry":{"type":"Point","coordinates":[23.310721,42.719311]},"properties":{"name":"ТРИЪГЪЛНИКА","band":0,"modes":"bus,tram","arr":["309","ТМ6","ТМ11"],"off":[0,-0.8]}},{"type":"Feature","geometry":{"type":"Point","coordinates":[23.310721,42.719311]},"properties":{"name":"БУЛ. ИЛИЯНЦИ-ПОДЛЕЗА","band":0,"modes":"bus,tram","arr":["309","ТМ6","ТМ11"],"off":[0,-1.9]}},{"type":"Feature","geometry":{"type":"Point","coordinates":[23.310721,42.719311]},"properties":{"line":"309","mode":"bus","color":"#0059a9","colorDark":"#00294f","band":0,"off":[-3.4,1.1]}},{"type":"Feature","geometry":{"type":"Point","coordinates":[23.310721,42.719311]},"properties":{"line":"ТМ6","mode":"tram","color":"#d6212b","colorDark":"#7c1116","band":0,"off":[0,1.1]}},{"type":"Feature","geometry":{"type":"Point","coordinates":[23.310721,42.719311]},"properties":{"line":"ТМ11","mode":"tram","color":"#d6212b","colorDark":"#7c1116","band":0,"off":[3.4,1.1]}},{"type":"Feature","geometry":{"type":"Point","coordinates":[23.382762,42.68943]},"properties":{"name":"КВ. ХРИСТО БОТЕВ","band":0,"modes":"bus","arr":["79"],"off":[0,-0.8]}},{"type":"Feature","geometry":{"type":"Point","coordinates":[23.382762,42.68943]},"properties":{"line":"79","mode":"bus","color":"#0059a9","colorDark":"#00294f","band":0,"off":[0,1.1]}},{"type":"Feature","geometry":{"type":"Point","coordinates":[23.258388,42.73843]},"properties":{"name":"СЕВЕРНА ПРОМИШЛЕНА ЗОНА","band":0,"modes":"bus","arr":["81"],"off":[0,-0.8]}},{"type":"Feature","geometry":{"type":"Point","coordinates":[23.258388,42.73843]},"properties":{"line":"81","mode":"bus","color":"#0059a9","colorDark":"#00294f","band":0,"off":[0,1.1]}},{"type":"Feature","geometry":{"type":"Point","coordinates":[23.266032,42.74251]},"properties":{"name":"КВ. ОБЕЛЯ","band":0,"modes":"bus","arr":["N2"],"off":[0,-0.8]}},{"type":"Feature","geometry":{"type":"Point","coordinates":[23.266032,42.74251]},"properties":{"line":"N2","mode":"bus","color":"#0059a9","colorDark":"#00294f","band":0,"off":[0,1.1]}},{"type":"Feature","geometry":{"type":"Point","coordinates":[23.237652,42.716461]},"properties":{"name":"Ж.К. ЛЮЛИН-5","band":0,"modes":"bus","arr":["82","108","310"],"off":[0,-0.8]}},{"type":"Feature","geometry":{"type":"Point","coordinates":[23.237652,42.716461]},"properties":{"line":"82","mode":"bus","color":"#0059a9","colorDark":"#00294f","band":0,"off":[-3.4,1.1]}},{"type":"Feature","geometry":{"type":"Point","coordinates":[23.237652,42.716461]},"properties":{"line":"108","mode":"bus","color":"#0059a9","colorDark":"#00294f","band":0,"off":[0,1.1]}},{"type":"Feature","geometry":{"type":"Point","coordinates":[23.237652,42.716461]},"properties":{"line":"310","mode":"bus","color":"#0059a9","colorDark":"#00294f","band":0,"off":[3.4,1.1]}},{"type":"Feature","geometry":{"type":"Point","coordinates":[23.277011,42.683752]},"properties":{"name":"БАЛКАНКАР АД","band":0,"modes":"bus","arr":["83","102"],"off":[0,-0.8]}},{"type":"Feature","geometry":{"type":"Point","coordinates":[23.277011,42.683752]},"properties":{"name":"АП ЗЕМЛЯНЕ","band":0,"modes":"bus","arr":["83","102"],"off":[0,-1.9]}},{"type":"Feature","geometry":{"type":"Point","coordinates":[23.277011,42.683752]},"properties":{"line":"83","mode":"bus","color":"#0059a9","colorDark":"#00294f","band":0,"off":[-1.7,1.1]}},{"type":"Feature","geometry":{"type":"Point","coordinates":[23.277011,42.683752]},"properties":{"line":"102","mode":"bus","color":"#0059a9","colorDark":"#00294f","band":0,"off":[1.7,1.1]}},{"type":"Feature","geometry":{"type":"Point","coordinates":[23.415621,42.688294]},"properties":{"name":"ЛЕТИЩЕ СОФИЯ ТЕРМИНАЛ 2","band":0,"modes":"bus,metro","arr":["84","M4"],"off":[0,-0.8]}},{"type":"Feature","geometry":{"type":"Point","coordinates":[23.415621,42.688294]},"properties":{"name":"ЛЕТИЩЕ СОФИЯ","band":0,"modes":"bus,metro","arr":["84","M4"],"off":[0,-3]}},{"type":"Feature","geometry":{"type":"Point","coordinates":[23.415621,42.688294]},"properties":{"line":"84","mode":"bus","color":"#0059a9","colorDark":"#00294f","band":0,"off":[-1.7,1.1]}},{"type":"Feature","geometry":{"type":"Point","coordinates":[23.415621,42.688294]},"properties":{"line":"M4","mode":"tram","color":"#FFDE17","colorDark":"#8c7a0d","band":0,"metro":1,"off":[1.7,1.1]}},{"type":"Feature","geometry":{"type":"Point","coordinates":[23.361605,42.710809]},"properties":{"name":"Ж.К. ХАДЖИ ДИМИТЪР","band":0,"modes":"bus","arr":["85","285"],"off":[0,-0.8]}},{"type":"Feature","geometry":{"type":"Point","coordinates":[23.361605,42.710809]},"properties":{"line":"85","mode":"bus","color":"#0059a9","colorDark":"#00294f","band":0,"off":[-1.7,1.1]}},{"type":"Feature","geometry":{"type":"Point","coordinates":[23.361605,42.710809]},"properties":{"line":"285","mode":"bus","color":"#0059a9","colorDark":"#00294f","band":0,"off":[1.7,1.1]}},{"type":"Feature","geometry":{"type":"Point","coordinates":[23.290818,42.73936]},"properties":{"name":"Ж.К. ВРЪБНИЦА-2","band":0,"modes":"bus","arr":["85","285"],"off":[0,-0.8]}},{"type":"Feature","geometry":{"type":"Point","coordinates":[23.290818,42.73936]},"properties":{"line":"85","mode":"bus","color":"#0059a9","colorDark":"#00294f","band":0,"off":[-1.7,1.1]}},{"type":"Feature","geometry":{"type":"Point","coordinates":[23.290818,42.73936]},"properties":{"line":"285","mode":"bus","color":"#0059a9","colorDark":"#00294f","band":0,"off":[1.7,1.1]}},{"type":"Feature","geometry":{"type":"Point","coordinates":[23.303211,42.738832]},"properties":{"name":"Ж.К. СВОБОДА","band":0,"modes":"bus","arr":["86"],"off":[0,-0.8]}},{"type":"Feature","geometry":{"type":"Point","coordinates":[23.303211,42.738832]},"properties":{"line":"86","mode":"bus","color":"#0059a9","colorDark":"#00294f","band":0,"off":[0,1.1]}},{"type":"Feature","geometry":{"type":"Point","coordinates":[23.349983,42.710488]},"properties":{"name":"Ж.К. ХАДЖИ ДИМИТЪР","band":0,"modes":"bus","arr":["100","ТБ2","ТБ4"],"off":[0,-0.8]}},{"type":"Feature","geometry":{"type":"Point","coordinates":[23.349983,42.710488]},"properties":{"name":"ж.к. Хаджи Димитър","band":0,"modes":"bus","arr":["100","ТБ2","ТБ4"],"off":[0,-1.9]}},{"type":"Feature","geometry":{"type":"Point","coordinates":[23.349983,42.710488]},"properties":{"name":"БАЛКАН СТАР","band":0,"modes":"bus","arr":["100","ТБ2","ТБ4"],"off":[0,-3]}},{"type":"Feature","geometry":{"type":"Point","coordinates":[23.349983,42.710488]},"properties":{"line":"100","mode":"bus","color":"#0059a9","colorDark":"#00294f","band":0,"off":[-3.4,1.1]}},{"type":"Feature","geometry":{"type":"Point","coordinates":[23.349983,42.710488]},"properties":{"line":"ТБ2","mode":"bus","color":"#149a3f","colorDark":"#0a5121","band":0,"off":[0,1.1]}},{"type":"Feature","geometry":{"type":"Point","coordinates":[23.349983,42.710488]},"properties":{"line":"ТБ4","mode":"bus","color":"#149a3f","colorDark":"#0a5121","band":0,"off":[3.4,1.1]}},{"type":"Feature","geometry":{"type":"Point","coordinates":[23.360345,42.715294]},"properties":{"name":"АП МАЛАШЕВЦИ","band":0,"modes":"bus","arr":["86","90"],"off":[0,-0.8]}},{"type":"Feature","geometry":{"type":"Point","coordinates":[23.360345,42.715294]},"properties":{"line":"86","mode":"bus","color":"#0059a9","colorDark":"#00294f","band":0,"off":[-1.7,1.1]}},{"type":"Feature","geometry":{"type":"Point","coordinates":[23.360345,42.715294]},"properties":{"line":"90","mode":"bus","color":"#0059a9","colorDark":"#00294f","band":0,"off":[1.7,1.1]}},{"type":"Feature","geometry":{"type":"Point","coordinates":[23.416311,42.639789]},"properties":{"name":"Ж.К. ДРУЖБА-2","band":0,"modes":"bus","arr":["88","204","304","N4","ТБ4"],"off":[0,-0.8]}},{"type":"Feature","geometry":{"type":"Point","coordinates":[23.416311,42.639789]},"properties":{"line":"88","mode":"bus","color":"#0059a9","colorDark":"#00294f","band":0,"off":[-6.8,1.1]}},{"type":"Feature","geometry":{"type":"Point","coordinates":[23.416311,42.639789]},"properties":{"line":"204","mode":"bus","color":"#0059a9","colorDark":"#00294f","band":0,"off":[-3.4,1.1]}},{"type":"Feature","geometry":{"type":"Point","coordinates":[23.416311,42.639789]},"properties":{"line":"304","mode":"bus","color":"#0059a9","colorDark":"#00294f","band":0,"off":[0,1.1]}},{"type":"Feature","geometry":{"type":"Point","coordinates":[23.416311,42.639789]},"properties":{"line":"N4","mode":"bus","color":"#0059a9","colorDark":"#00294f","band":0,"off":[3.4,1.1]}},{"type":"Feature","geometry":{"type":"Point","coordinates":[23.416311,42.639789]},"properties":{"line":"ТБ4","mode":"bus","color":"#149a3f","colorDark":"#0a5121","band":0,"off":[6.8,1.1]}},{"type":"Feature","geometry":{"type":"Point","coordinates":[23.569005,42.764548]},"properties":{"name":"ГРАД БУХОВО","band":0,"modes":"bus","arr":["90","117"],"off":[0,-0.8]}},{"type":"Feature","geometry":{"type":"Point","coordinates":[23.569005,42.764548]},"properties":{"line":"90","mode":"bus","color":"#0059a9","colorDark":"#00294f","band":0,"off":[-1.7,1.1]}},{"type":"Feature","geometry":{"type":"Point","coordinates":[23.569005,42.764548]},"properties":{"line":"117","mode":"bus","color":"#0059a9","colorDark":"#00294f","band":0,"off":[1.7,1.1]}},{"type":"Feature","geometry":{"type":"Point","coordinates":[23.346421,42.646606]},"properties":{"name":"СТУДЕНТСКИ ГРАД","band":0,"modes":"bus","arr":["94","95","102","280","294","N2"],"off":[0,-0.8]}},{"type":"Feature","geometry":{"type":"Point","coordinates":[23.346421,42.646606]},"properties":{"line":"94","mode":"bus","color":"#0059a9","colorDark":"#00294f","band":0,"off":[-6.8,1.1]}},{"type":"Feature","geometry":{"type":"Point","coordinates":[23.346421,42.646606]},"properties":{"line":"95","mode":"bus","color":"#0059a9","colorDark":"#00294f","band":0,"off":[-3.4,1.1]}},{"type":"Feature","geometry":{"type":"Point","coordinates":[23.346421,42.646606]},"properties":{"line":"102","mode":"bus","color":"#0059a9","colorDark":"#00294f","band":0,"off":[0,1.1]}},{"type":"Feature","geometry":{"type":"Point","coordinates":[23.346421,42.646606]},"properties":{"line":"280","mode":"bus","color":"#0059a9","colorDark":"#00294f","band":0,"off":[3.4,1.1]}},{"type":"Feature","geometry":{"type":"Point","coordinates":[23.346421,42.646606]},"properties":{"line":"294","mode":"bus","color":"#0059a9","colorDark":"#00294f","band":0,"off":[6.8,1.1]}},{"type":"Feature","geometry":{"type":"Point","coordinates":[23.346421,42.646606]},"properties":{"line":"N2","mode":"bus","color":"#0059a9","colorDark":"#00294f","band":0,"off":[0,3.1]}},{"type":"Feature","geometry":{"type":"Point","coordinates":[23.294376,42.65328]},"properties":{"name":"КВ. МАНАСТИРСКИ ЛИВАДИ","band":0,"modes":"bus","arr":["95","ТБ801"],"off":[0,-0.8]}},{"type":"Feature","geometry":{"type":"Point","coordinates":[23.294376,42.65328]},"properties":{"line":"95","mode":"bus","color":"#0059a9","colorDark":"#00294f","band":0,"off":[-1.7,1.1]}},{"type":"Feature","geometry":{"type":"Point","coordinates":[23.294376,42.65328]},"properties":{"line":"ТБ801","mode":"bus","color":"#149a3f","colorDark":"#0a5121","band":0,"off":[1.7,1.1]}},{"type":"Feature","geometry":{"type":"Point","coordinates":[23.370277,42.711508]},"properties":{"name":"ПЪТНОСТРОИТЕЛНА ТЕХНИКА","band":0,"modes":"bus","arr":["100","ТБ1","ТБ3"],"off":[0,-0.8]}},{"type":"Feature","geometry":{"type":"Point","coordinates":[23.370277,42.711508]},"properties":{"name":"Пътностроителна техника","band":0,"modes":"bus","arr":["100","ТБ1","ТБ3"],"off":[0,-3]}},{"type":"Feature","geometry":{"type":"Point","coordinates":[23.370277,42.711508]},"properties":{"line":"100","mode":"bus","color":"#0059a9","colorDark":"#00294f","band":0,"off":[-3.4,1.1]}},{"type":"Feature","geometry":{"type":"Point","coordinates":[23.370277,42.711508]},"properties":{"line":"ТБ1","mode":"bus","color":"#149a3f","colorDark":"#0a5121","band":0,"off":[0,1.1]}},{"type":"Feature","geometry":{"type":"Point","coordinates":[23.370277,42.711508]},"properties":{"line":"ТБ3","mode":"bus","color":"#149a3f","colorDark":"#0a5121","band":0,"off":[3.4,1.1]}},{"type":"Feature","geometry":{"type":"Point","coordinates":[23.329199,42.753721]},"properties":{"name":"ФОНДОВИ ЖИЛИЩА","band":0,"modes":"bus","arr":["101"],"off":[0,-0.8]}},{"type":"Feature","geometry":{"type":"Point","coordinates":[23.329199,42.753721]},"properties":{"line":"101","mode":"bus","color":"#0059a9","colorDark":"#00294f","band":0,"off":[0,1.1]}},{"type":"Feature","geometry":{"type":"Point","coordinates":[23.192213,42.652185]},"properties":{"name":"ВЗ. ЛЮЛИН","band":0,"modes":"bus","arr":["103","803"],"off":[0,-0.8]}},{"type":"Feature","geometry":{"type":"Point","coordinates":[23.192213,42.652185]},"properties":{"line":"103","mode":"bus","color":"#0059a9","colorDark":"#00294f","band":0,"off":[-1.7,1.1]}},{"type":"Feature","geometry":{"type":"Point","coordinates":[23.192213,42.652185]},"properties":{"line":"803","mode":"bus","color":"#0059a9","colorDark":"#00294f","band":0,"off":[1.7,1.1]}},{"type":"Feature","geometry":{"type":"Point","coordinates":[23.220429,42.670994]},"properties":{"name":"КАНТОНА","band":0,"modes":"bus","arr":["803"],"off":[0,-0.8]}},{"type":"Feature","geometry":{"type":"Point","coordinates":[23.220429,42.670994]},"properties":{"line":"803","mode":"bus","color":"#0059a9","colorDark":"#00294f","band":0,"off":[0,1.1]}},{"type":"Feature","geometry":{"type":"Point","coordinates":[23.228602,42.67576]},"properties":{"name":"КВ. ГОРНА БАНЯ","band":0,"modes":"bus","arr":["260"],"off":[0,-0.8]}},{"type":"Feature","geometry":{"type":"Point","coordinates":[23.228602,42.67576]},"properties":{"line":"260","mode":"bus","color":"#0059a9","colorDark":"#00294f","band":0,"off":[0,1.1]}},{"type":"Feature","geometry":{"type":"Point","coordinates":[23.255623,42.669301]},"properties":{"name":"БУЛ. НИКОЛА ПЕТКОВ","band":0,"modes":"bus","arr":["111","260"],"off":[0,-0.8]}},{"type":"Feature","geometry":{"type":"Point","coordinates":[23.255623,42.669301]},"properties":{"line":"111","mode":"bus","color":"#0059a9","colorDark":"#00294f","band":0,"off":[-1.7,1.1]}},{"type":"Feature","geometry":{"type":"Point","coordinates":[23.255623,42.669301]},"properties":{"line":"260","mode":"bus","color":"#0059a9","colorDark":"#00294f","band":0,"off":[1.7,1.1]}},{"type":"Feature","geometry":{"type":"Point","coordinates":[23.24096,42.668145]},"properties":{"name":"КВ. КАРПУЗИЦА","band":0,"modes":"bus","arr":["107"],"off":[0,-0.8]}},{"type":"Feature","geometry":{"type":"Point","coordinates":[23.24096,42.668145]},"properties":{"line":"107","mode":"bus","color":"#0059a9","colorDark":"#00294f","band":0,"off":[0,1.1]}},{"type":"Feature","geometry":{"type":"Point","coordinates":[23.24706,42.729631]},"properties":{"name":"Ж.К. ЛЮЛИН-1,2","band":0,"modes":"bus","arr":["111","309","N1"],"off":[0,-0.8]}},{"type":"Feature","geometry":{"type":"Point","coordinates":[23.24706,42.729631]},"properties":{"line":"111","mode":"bus","color":"#0059a9","colorDark":"#00294f","band":0,"off":[-3.4,1.1]}},{"type":"Feature","geometry":{"type":"Point","coordinates":[23.24706,42.729631]},"properties":{"line":"309","mode":"bus","color":"#0059a9","colorDark":"#00294f","band":0,"off":[0,1.1]}},{"type":"Feature","geometry":{"type":"Point","coordinates":[23.24706,42.729631]},"properties":{"line":"N1","mode":"bus","color":"#0059a9","colorDark":"#00294f","band":0,"off":[3.4,1.1]}},{"type":"Feature","geometry":{"type":"Point","coordinates":[23.367862,42.651186]},"properties":{"name":"Ж.К. МЛАДОСТ-1","band":0,"modes":"bus","arr":["111","184","X10","ТБ73"],"off":[0,-0.8]}},{"type":"Feature","geometry":{"type":"Point","coordinates":[23.367862,42.651186]},"properties":{"line":"111","mode":"bus","color":"#0059a9","colorDark":"#00294f","band":0,"off":[-5.1,1.1]}},{"type":"Feature","geometry":{"type":"Point","coordinates":[23.367862,42.651186]},"properties":{"line":"184","mode":"bus","color":"#0059a9","colorDark":"#00294f","band":0,"off":[-1.7,1.1]}},{"type":"Feature","geometry":{"type":"Point","coordinates":[23.367862,42.651186]},"properties":{"line":"X10","mode":"bus","color":"#0059a9","colorDark":"#00294f","band":0,"off":[1.7,1.1]}},{"type":"Feature","geometry":{"type":"Point","coordinates":[23.367862,42.651186]},"properties":{"line":"ТБ73","mode":"bus","color":"#149a3f","colorDark":"#0a5121","band":0,"off":[5.1,1.1]}},{"type":"Feature","geometry":{"type":"Point","coordinates":[23.372355,42.629451]},"properties":{"name":"МЕТРОСТАНЦИЯ БИЗНЕС ПАРК","band":0,"modes":"bus,metro","arr":["180","182","M1"],"off":[0,-0.8]}},{"type":"Feature","geometry":{"type":"Point","coordinates":[23.372355,42.629451]},"properties":{"name":"БИЗНЕС ПАРК СОФИЯ","band":0,"modes":"bus,metro","arr":["180","182","M1"],"off":[0,-3]}},{"type":"Feature","geometry":{"type":"Point","coordinates":[23.372355,42.629451]},"properties":{"line":"180","mode":"bus","color":"#0059a9","colorDark":"#00294f","band":0,"off":[-3.4,1.1]}},{"type":"Feature","geometry":{"type":"Point","coordinates":[23.372355,42.629451]},"properties":{"line":"182","mode":"bus","color":"#0059a9","colorDark":"#00294f","band":0,"off":[0,1.1]}},{"type":"Feature","geometry":{"type":"Point","coordinates":[23.372355,42.629451]},"properties":{"line":"M1","mode":"tram","color":"#EB2227","colorDark":"#811315","band":0,"metro":1,"off":[3.4,1.1]}},{"type":"Feature","geometry":{"type":"Point","coordinates":[23.605664,42.744534]},"properties":{"name":"СЕЛО ЖЕЛЯВА","band":0,"modes":"bus","arr":["118"],"off":[0,-0.8]}},{"type":"Feature","geometry":{"type":"Point","coordinates":[23.605664,42.744534]},"properties":{"line":"118","mode":"bus","color":"#0059a9","colorDark":"#00294f","band":0,"off":[0,1.1]}},{"type":"Feature","geometry":{"type":"Point","coordinates":[23.515441,42.73671]},"properties":{"name":"СУПЕРМАРКЕТ","band":0,"modes":"bus","arr":["119"],"off":[0,-0.8]}},{"type":"Feature","geometry":{"type":"Point","coordinates":[23.515441,42.73671]},"properties":{"line":"119","mode":"bus","color":"#0059a9","colorDark":"#00294f","band":0,"off":[0,1.1]}},{"type":"Feature","geometry":{"type":"Point","coordinates":[23.518626,42.743294]},"properties":{"name":"МК КРЕМИКОВЦИ","band":0,"modes":"bus","arr":["119"],"off":[0,-0.8]}},{"type":"Feature","geometry":{"type":"Point","coordinates":[23.518626,42.743294]},"properties":{"line":"119","mode":"bus","color":"#0059a9","colorDark":"#00294f","band":0,"off":[0,1.1]}},{"type":"Feature","geometry":{"type":"Point","coordinates":[23.247872,42.753714]},"properties":{"name":"ПЛОДОХРАНИЛИЩЕ","band":0,"modes":"bus","arr":["150"],"off":[0,-0.8]}},{"type":"Feature","geometry":{"type":"Point","coordinates":[23.247872,42.753714]},"properties":{"line":"150","mode":"bus","color":"#0059a9","colorDark":"#00294f","band":0,"off":[0,1.1]}},{"type":"Feature","geometry":{"type":"Point","coordinates":[23.414466,42.576851]},"properties":{"name":"СЕЛО КОКАЛЯНЕ","band":0,"modes":"bus","arr":["181"],"off":[0,-0.8]}},{"type":"Feature","geometry":{"type":"Point","coordinates":[23.414466,42.576851]},"properties":{"line":"181","mode":"bus","color":"#0059a9","colorDark":"#00294f","band":0,"off":[0,1.1]}},{"type":"Feature","geometry":{"type":"Point","coordinates":[23.423997,42.582853]},"properties":{"name":"КОКАЛЯНСКО ХАНЧЕ - ПО ЖЕЛАНИЕ","band":0,"modes":"bus","arr":["181","184"],"off":[0,-0.8]}},{"type":"Feature","geometry":{"type":"Point","coordinates":[23.423997,42.582853]},"properties":{"line":"181","mode":"bus","color":"#0059a9","colorDark":"#00294f","band":0,"off":[-1.7,1.1]}},{"type":"Feature","geometry":{"type":"Point","coordinates":[23.423997,42.582853]},"properties":{"line":"184","mode":"bus","color":"#0059a9","colorDark":"#00294f","band":0,"off":[1.7,1.1]}},{"type":"Feature","geometry":{"type":"Point","coordinates":[23.409119,42.595594]},"properties":{"name":"83-ТО ОУ ПАНЧАРЕВО","band":0,"modes":"bus","arr":["181"],"off":[0,-0.8]}},{"type":"Feature","geometry":{"type":"Point","coordinates":[23.409119,42.595594]},"properties":{"line":"181","mode":"bus","color":"#0059a9","colorDark":"#00294f","band":0,"off":[0,1.1]}},{"type":"Feature","geometry":{"type":"Point","coordinates":[23.410497,42.609731]},"properties":{"name":"СЕЛО ГЕРМАН","band":0,"modes":"bus","arr":["188","ТБE186"],"off":[0,-0.8]}},{"type":"Feature","geometry":{"type":"Point","coordinates":[23.410497,42.609731]},"properties":{"name":"село Герман","band":0,"modes":"bus","arr":["188","ТБE186"],"off":[0,-1.9]}},{"type":"Feature","geometry":{"type":"Point","coordinates":[23.410497,42.609731]},"properties":{"line":"188","mode":"bus","color":"#0059a9","colorDark":"#00294f","band":0,"off":[-1.7,1.1]}},{"type":"Feature","geometry":{"type":"Point","coordinates":[23.410497,42.609731]},"properties":{"line":"ТБE186","mode":"bus","color":"#149a3f","colorDark":"#0a5121","band":0,"off":[1.7,1.1]}},{"type":"Feature","geometry":{"type":"Point","coordinates":[23.49796,42.541527]},"properties":{"name":"СЕЛО ДОЛНИ ПАСАРЕЛ","band":0,"modes":"bus","arr":["183"],"off":[0,-0.8]}},{"type":"Feature","geometry":{"type":"Point","coordinates":[23.49796,42.541527]},"properties":{"line":"183","mode":"bus","color":"#0059a9","colorDark":"#00294f","band":0,"off":[0,1.1]}},{"type":"Feature","geometry":{"type":"Point","coordinates":[23.499888,42.599594]},"properties":{"name":"СЕЛО ДОЛНИ ЛОЗЕН","band":0,"modes":"bus","arr":["185"],"off":[0,-0.8]}},{"type":"Feature","geometry":{"type":"Point","coordinates":[23.499888,42.599594]},"properties":{"line":"185","mode":"bus","color":"#0059a9","colorDark":"#00294f","band":0,"off":[0,1.1]}},{"type":"Feature","geometry":{"type":"Point","coordinates":[23.507655,42.595046]},"properties":{"name":"ШКОЛА БЧК","band":0,"modes":"bus","arr":["185"],"off":[0,-0.8]}},{"type":"Feature","geometry":{"type":"Point","coordinates":[23.507655,42.595046]},"properties":{"line":"185","mode":"bus","color":"#0059a9","colorDark":"#00294f","band":0,"off":[0,1.1]}},{"type":"Feature","geometry":{"type":"Point","coordinates":[23.521008,42.641439]},"properties":{"name":"ЖП ГАРА ВЕРИЛА","band":0,"modes":"bus","arr":["187"],"off":[0,-0.8]}},{"type":"Feature","geometry":{"type":"Point","coordinates":[23.521008,42.641439]},"properties":{"line":"187","mode":"bus","color":"#0059a9","colorDark":"#00294f","band":0,"off":[0,1.1]}},{"type":"Feature","geometry":{"type":"Point","coordinates":[23.313376,42.689045]},"properties":{"name":"БУЛ. ПРАГА","band":0,"modes":"bus","arr":["260"],"off":[0,-0.8]}},{"type":"Feature","geometry":{"type":"Point","coordinates":[23.313376,42.689045]},"properties":{"line":"260","mode":"bus","color":"#0059a9","colorDark":"#00294f","band":0,"off":[0,1.1]}},{"type":"Feature","geometry":{"type":"Point","coordinates":[23.397778,42.639131]},"properties":{"name":"КУЛИНАРЕН К-Т ПЕЙФИЛ","band":0,"modes":"bus","arr":["305"],"off":[0,-0.8]}},{"type":"Feature","geometry":{"type":"Point","coordinates":[23.397778,42.639131]},"properties":{"line":"305","mode":"bus","color":"#0059a9","colorDark":"#00294f","band":0,"off":[0,1.1]}},{"type":"Feature","geometry":{"type":"Point","coordinates":[23.367477,42.645588]},"properties":{"name":"Ж.К. МЛАДОСТ-2","band":0,"modes":"bus","arr":["314"],"off":[0,-0.8]}},{"type":"Feature","geometry":{"type":"Point","coordinates":[23.367477,42.645588]},"properties":{"line":"314","mode":"bus","color":"#0059a9","colorDark":"#00294f","band":0,"off":[0,1.1]}},{"type":"Feature","geometry":{"type":"Point","coordinates":[23.416165,42.649318]},"properties":{"name":"АП ДРУЖБА","band":0,"modes":"bus","arr":["404"],"off":[0,-0.8]}},{"type":"Feature","geometry":{"type":"Point","coordinates":[23.416165,42.649318]},"properties":{"line":"404","mode":"bus","color":"#0059a9","colorDark":"#00294f","band":0,"off":[0,1.1]}},{"type":"Feature","geometry":{"type":"Point","coordinates":[23.305619,42.689547]},"properties":{"name":"УМБАЛСМ ПИРОГОВ","band":0,"modes":"bus","arr":["604"],"off":[0,-0.8]}},{"type":"Feature","geometry":{"type":"Point","coordinates":[23.305619,42.689547]},"properties":{"line":"604","mode":"bus","color":"#0059a9","colorDark":"#00294f","band":0,"off":[0,1.1]}},{"type":"Feature","geometry":{"type":"Point","coordinates":[23.372894,42.640386]},"properties":{"name":"МЕТРОСТАНЦИЯ АКАД. А. Т.- БАЛАН","band":0,"modes":"bus","arr":["X9"],"off":[0,-0.8]}},{"type":"Feature","geometry":{"type":"Point","coordinates":[23.372894,42.640386]},"properties":{"line":"X9","mode":"bus","color":"#0059a9","colorDark":"#00294f","band":0,"off":[0,1.1]}},{"type":"Feature","geometry":{"type":"Point","coordinates":[23.314851,42.675676]},"properties":{"name":"ПК СПАРТАК","band":0,"modes":"bus","arr":["X9","ТБ6"],"off":[0,-0.8]}},{"type":"Feature","geometry":{"type":"Point","coordinates":[23.314851,42.675676]},"properties":{"name":"Ж.К. ЛОЗЕНЕЦ","band":0,"modes":"bus","arr":["X9","ТБ6"],"off":[0,-1.9]}},{"type":"Feature","geometry":{"type":"Point","coordinates":[23.314851,42.675676]},"properties":{"line":"X9","mode":"bus","color":"#0059a9","colorDark":"#00294f","band":0,"off":[-1.7,1.1]}},{"type":"Feature","geometry":{"type":"Point","coordinates":[23.314851,42.675676]},"properties":{"line":"ТБ6","mode":"bus","color":"#149a3f","colorDark":"#0a5121","band":0,"off":[1.7,1.1]}},{"type":"Feature","geometry":{"type":"Point","coordinates":[23.313162,42.700653]},"properties":{"name":"УЛ. ПИРОТСКА","band":0,"modes":"bus,tram","arr":["ТБ60","ТМ4","ТМ20","ТМ21"],"off":[0,-0.8]}},{"type":"Feature","geometry":{"type":"Point","coordinates":[23.313162,42.700653]},"properties":{"name":"МЕТРОСТАНЦИЯ ОПЪЛЧЕНСКА","band":0,"modes":"bus,tram","arr":["ТБ60","ТМ4","ТМ20","ТМ21"],"off":[0,-1.9]}},{"type":"Feature","geometry":{"type":"Point","coordinates":[23.313162,42.700653]},"properties":{"line":"ТБ60","mode":"bus","color":"#149a3f","colorDark":"#0a5121","band":0,"off":[-5.1,1.1]}},{"type":"Feature","geometry":{"type":"Point","coordinates":[23.313162,42.700653]},"properties":{"line":"ТМ4","mode":"tram","color":"#d6212b","colorDark":"#7c1116","band":0,"off":[-1.7,1.1]}},{"type":"Feature","geometry":{"type":"Point","coordinates":[23.313162,42.700653]},"properties":{"line":"ТМ20","mode":"tram","color":"#d6212b","colorDark":"#7c1116","band":0,"off":[1.7,1.1]}},{"type":"Feature","geometry":{"type":"Point","coordinates":[23.313162,42.700653]},"properties":{"line":"ТМ21","mode":"tram","color":"#d6212b","colorDark":"#7c1116","band":0,"off":[5.1,1.1]}},{"type":"Feature","geometry":{"type":"Point","coordinates":[23.374056,42.660171]},"properties":{"name":"УМБАЛ СВ. АННА-УХО","band":0,"modes":"bus","arr":["ТБ3","ТБ5"],"off":[0,-0.8]}},{"type":"Feature","geometry":{"type":"Point","coordinates":[23.374056,42.660171]},"properties":{"line":"ТБ3","mode":"bus","color":"#149a3f","colorDark":"#0a5121","band":0,"off":[-1.7,1.1]}},{"type":"Feature","geometry":{"type":"Point","coordinates":[23.374056,42.660171]},"properties":{"line":"ТБ5","mode":"bus","color":"#149a3f","colorDark":"#0a5121","band":0,"off":[1.7,1.1]}},{"type":"Feature","geometry":{"type":"Point","coordinates":[23.369529,42.670034]},"properties":{"name":"ПЛОЩАД НА АВИАЦИЯТА","band":0,"modes":"bus","arr":["ТБ3","ТБ5"],"off":[0,-0.8]}},{"type":"Feature","geometry":{"type":"Point","coordinates":[23.369529,42.670034]},"properties":{"line":"ТБ3","mode":"bus","color":"#149a3f","colorDark":"#0a5121","band":0,"off":[-1.7,1.1]}},{"type":"Feature","geometry":{"type":"Point","coordinates":[23.369529,42.670034]},"properties":{"line":"ТБ5","mode":"bus","color":"#149a3f","colorDark":"#0a5121","band":0,"off":[1.7,1.1]}},{"type":"Feature","geometry":{"type":"Point","coordinates":[23.382589,42.67381]},"properties":{"name":"БУЛ. ПРОФ.ЦВ. ЛАЗАРОВ","band":0,"modes":"bus","arr":["ТБ4"],"off":[0,-0.8]}},{"type":"Feature","geometry":{"type":"Point","coordinates":[23.382589,42.67381]},"properties":{"line":"ТБ4","mode":"bus","color":"#149a3f","colorDark":"#0a5121","band":0,"off":[0,1.1]}},{"type":"Feature","geometry":{"type":"Point","coordinates":[23.391954,42.66054]},"properties":{"name":"БУЛ. ХРИСТОФОР КОЛУМБ","band":0,"modes":"bus","arr":["ТБ4"],"off":[0,-0.8]}},{"type":"Feature","geometry":{"type":"Point","coordinates":[23.391954,42.66054]},"properties":{"line":"ТБ4","mode":"bus","color":"#149a3f","colorDark":"#0a5121","band":0,"off":[0,1.1]}},{"type":"Feature","geometry":{"type":"Point","coordinates":[23.240493,42.721706]},"properties":{"name":"Ж.К. ЛЮЛИН-3 - УХО","band":0,"modes":"bus","arr":["ТБ6","ТБ7"],"off":[0,-0.8]}},{"type":"Feature","geometry":{"type":"Point","coordinates":[23.240493,42.721706]},"properties":{"line":"ТБ6","mode":"bus","color":"#149a3f","colorDark":"#0a5121","band":0,"off":[-1.7,1.1]}},{"type":"Feature","geometry":{"type":"Point","coordinates":[23.240493,42.721706]},"properties":{"line":"ТБ7","mode":"bus","color":"#149a3f","colorDark":"#0a5121","band":0,"off":[1.7,1.1]}},{"type":"Feature","geometry":{"type":"Point","coordinates":[23.300901,42.708031]},"properties":{"name":"УЛ. ЦАР СИМЕОН","band":0,"modes":"bus,tram","arr":["ТБ6","ТБ7","ТМ10","ТМ13"],"off":[0,-0.8]}},{"type":"Feature","geometry":{"type":"Point","coordinates":[23.300901,42.708031]},"properties":{"name":"Ж.К. БАНИШОРА","band":0,"modes":"bus,tram","arr":["ТБ6","ТБ7","ТМ10","ТМ13"],"off":[0,-1.9]}},{"type":"Feature","geometry":{"type":"Point","coordinates":[23.300901,42.708031]},"properties":{"name":"БУЛ. К. ВЕЛИЧКОВ","band":0,"modes":"bus,tram","arr":["ТБ6","ТБ7","ТМ10","ТМ13"],"off":[0,-3]}},{"type":"Feature","geometry":{"type":"Point","coordinates":[23.300901,42.708031]},"properties":{"line":"ТБ6","mode":"bus","color":"#149a3f","colorDark":"#0a5121","band":0,"off":[-5.1,1.1]}},{"type":"Feature","geometry":{"type":"Point","coordinates":[23.300901,42.708031]},"properties":{"line":"ТБ7","mode":"bus","color":"#149a3f","colorDark":"#0a5121","band":0,"off":[-1.7,1.1]}},{"type":"Feature","geometry":{"type":"Point","coordinates":[23.300901,42.708031]},"properties":{"line":"ТМ10","mode":"tram","color":"#d6212b","colorDark":"#7c1116","band":0,"off":[1.7,1.1]}},{"type":"Feature","geometry":{"type":"Point","coordinates":[23.300901,42.708031]},"properties":{"line":"ТМ13","mode":"tram","color":"#d6212b","colorDark":"#7c1116","band":0,"off":[5.1,1.1]}},{"type":"Feature","geometry":{"type":"Point","coordinates":[23.279798,42.669229]},"properties":{"name":"Ж.К. БОРОВО","band":0,"modes":"bus","arr":["ТБ9"],"off":[0,-0.8]}},{"type":"Feature","geometry":{"type":"Point","coordinates":[23.279798,42.669229]},"properties":{"name":"ж.к. Борово","band":0,"modes":"bus","arr":["ТБ9"],"off":[0,-1.9]}},{"type":"Feature","geometry":{"type":"Point","coordinates":[23.279798,42.669229]},"properties":{"line":"ТБ9","mode":"bus","color":"#149a3f","colorDark":"#0a5121","band":0,"off":[0,1.1]}},{"type":"Feature","geometry":{"type":"Point","coordinates":[23.412336,42.65495]},"properties":{"name":"Ж.К. ДРУЖБА -1","band":0,"modes":"bus,tram","arr":["ТБ11","ТМ20","ТМ21","ТМ22"],"off":[0,-0.8]}},{"type":"Feature","geometry":{"type":"Point","coordinates":[23.412336,42.65495]},"properties":{"name":"ДЕПО ИСКЪР","band":0,"modes":"bus,tram","arr":["ТБ11","ТМ20","ТМ21","ТМ22"],"off":[0,-1.9]}},{"type":"Feature","geometry":{"type":"Point","coordinates":[23.412336,42.65495]},"properties":{"line":"ТБ11","mode":"bus","color":"#149a3f","colorDark":"#0a5121","band":0,"off":[-5.1,1.1]}},{"type":"Feature","geometry":{"type":"Point","coordinates":[23.412336,42.65495]},"properties":{"line":"ТМ20","mode":"tram","color":"#d6212b","colorDark":"#7c1116","band":0,"off":[-1.7,1.1]}},{"type":"Feature","geometry":{"type":"Point","coordinates":[23.412336,42.65495]},"properties":{"line":"ТМ21","mode":"tram","color":"#d6212b","colorDark":"#7c1116","band":0,"off":[1.7,1.1]}},{"type":"Feature","geometry":{"type":"Point","coordinates":[23.412336,42.65495]},"properties":{"line":"ТМ22","mode":"tram","color":"#d6212b","colorDark":"#7c1116","band":0,"off":[5.1,1.1]}},{"type":"Feature","geometry":{"type":"Point","coordinates":[23.268338,42.678178]},"properties":{"name":"НЦ ПО РЕХАБИЛИТАЦИЯ","band":0,"modes":"bus","arr":["ТБ73"],"off":[0,-0.8]}},{"type":"Feature","geometry":{"type":"Point","coordinates":[23.268338,42.678178]},"properties":{"line":"ТБ73","mode":"bus","color":"#149a3f","colorDark":"#0a5121","band":0,"off":[0,1.1]}},{"type":"Feature","geometry":{"type":"Point","coordinates":[23.318423,42.713639]},"properties":{"name":"БУЛ. КН. МАРИЯ ЛУИЗА","band":0,"modes":"bus","arr":["ТБ60","ТБ74"],"off":[0,-0.8]}},{"type":"Feature","geometry":{"type":"Point","coordinates":[23.318423,42.713639]},"properties":{"line":"ТБ60","mode":"bus","color":"#149a3f","colorDark":"#0a5121","band":0,"off":[-1.7,1.1]}},{"type":"Feature","geometry":{"type":"Point","coordinates":[23.318423,42.713639]},"properties":{"line":"ТБ74","mode":"bus","color":"#149a3f","colorDark":"#0a5121","band":0,"off":[1.7,1.1]}},{"type":"Feature","geometry":{"type":"Point","coordinates":[23.376198,42.656627]},"properties":{"name":"БЛ. 41 Ж.К. МЛАДОСТ-1","band":0,"modes":"bus","arr":["ТБ73"],"off":[0,-0.8]}},{"type":"Feature","geometry":{"type":"Point","coordinates":[23.376198,42.656627]},"properties":{"line":"ТБ73","mode":"bus","color":"#149a3f","colorDark":"#0a5121","band":0,"off":[0,1.1]}},{"type":"Feature","geometry":{"type":"Point","coordinates":[23.376525,42.662713]},"properties":{"name":"УМБАЛ СВ. АННА","band":0,"modes":"bus","arr":["ТБ73"],"off":[0,-0.8]}},{"type":"Feature","geometry":{"type":"Point","coordinates":[23.376525,42.662713]},"properties":{"line":"ТБ73","mode":"bus","color":"#149a3f","colorDark":"#0a5121","band":0,"off":[0,1.1]}},{"type":"Feature","geometry":{"type":"Point","coordinates":[23.348959,42.617068]},"properties":{"name":"ЛИФТА СИМЕОНОВО","band":0,"modes":"bus","arr":["ТБ123"],"off":[0,-0.8]}},{"type":"Feature","geometry":{"type":"Point","coordinates":[23.348959,42.617068]},"properties":{"line":"ТБ123","mode":"bus","color":"#149a3f","colorDark":"#0a5121","band":0,"off":[0,1.1]}},{"type":"Feature","geometry":{"type":"Point","coordinates":[23.304798,42.676712]},"properties":{"name":"Ж.К. ИВАН ВАЗОВ","band":0,"modes":"tram","arr":["ТМ1","ТМ6"],"off":[0,-0.8]}},{"type":"Feature","geometry":{"type":"Point","coordinates":[23.304798,42.676712]},"properties":{"line":"ТМ1","mode":"tram","color":"#d6212b","colorDark":"#7c1116","band":0,"off":[-1.7,1.1]}},{"type":"Feature","geometry":{"type":"Point","coordinates":[23.304798,42.676712]},"properties":{"line":"ТМ6","mode":"tram","color":"#d6212b","colorDark":"#7c1116","band":0,"off":[1.7,1.1]}},{"type":"Feature","geometry":{"type":"Point","coordinates":[23.314054,42.693796]},"properties":{"name":"СЪДЕБНА ПАЛАТА","band":0,"modes":"tram","arr":["ТМ5","ТМ7","ТМ8","ТМ15","ТМ27"],"off":[0,-0.8]}},{"type":"Feature","geometry":{"type":"Point","coordinates":[23.314054,42.693796]},"properties":{"name":"ПЛ. МАКЕДОНИЯ","band":0,"modes":"tram","arr":["ТМ5","ТМ7","ТМ8","ТМ15","ТМ27"],"off":[0,-1.9]}},{"type":"Feature","geometry":{"type":"Point","coordinates":[23.314054,42.693796]},"properties":{"name":"Пл. Македония","band":0,"modes":"tram","arr":["ТМ5","ТМ7","ТМ8","ТМ15","ТМ27"],"off":[0,-3]}},{"type":"Feature","geometry":{"type":"Point","coordinates":[23.314054,42.693796]},"properties":{"line":"ТМ5","mode":"tram","color":"#d6212b","colorDark":"#7c1116","band":0,"off":[-6.8,1.1]}},{"type":"Feature","geometry":{"type":"Point","coordinates":[23.314054,42.693796]},"properties":{"line":"ТМ7","mode":"tram","color":"#d6212b","colorDark":"#7c1116","band":0,"off":[-3.4,1.1]}},{"type":"Feature","geometry":{"type":"Point","coordinates":[23.314054,42.693796]},"properties":{"line":"ТМ8","mode":"tram","color":"#d6212b","colorDark":"#7c1116","band":0,"off":[0,1.1]}},{"type":"Feature","geometry":{"type":"Point","coordinates":[23.314054,42.693796]},"properties":{"line":"ТМ15","mode":"tram","color":"#d6212b","colorDark":"#7c1116","band":0,"off":[3.4,1.1]}},{"type":"Feature","geometry":{"type":"Point","coordinates":[23.314054,42.693796]},"properties":{"line":"ТМ27","mode":"tram","color":"#d6212b","colorDark":"#7c1116","band":0,"off":[6.8,1.1]}},{"type":"Feature","geometry":{"type":"Point","coordinates":[23.29799,42.703441]},"properties":{"name":"МЕТРОСТАНЦИЯ К. ВЕЛИЧКОВ","band":0,"modes":"metro,tram","arr":["M1","ТМ3","ТМ6","ТМ10","ТМ13"],"off":[0,-0.8]}},{"type":"Feature","geometry":{"type":"Point","coordinates":[23.29799,42.703441]},"properties":{"name":"КОНСТАНТИН ВЕЛИЧКОВ","band":0,"modes":"metro,tram","arr":["M1","ТМ3","ТМ6","ТМ10","ТМ13"],"off":[0,-3]}},{"type":"Feature","geometry":{"type":"Point","coordinates":[23.29799,42.703441]},"properties":{"line":"M1","mode":"tram","color":"#EB2227","colorDark":"#811315","band":0,"metro":1,"off":[-6.8,1.1]}},{"type":"Feature","geometry":{"type":"Point","coordinates":[23.29799,42.703441]},"properties":{"line":"ТМ3","mode":"tram","color":"#d6212b","colorDark":"#7c1116","band":0,"off":[-3.4,1.1]}},{"type":"Feature","geometry":{"type":"Point","coordinates":[23.29799,42.703441]},"properties":{"line":"ТМ6","mode":"tram","color":"#d6212b","colorDark":"#7c1116","band":0,"off":[0,1.1]}},{"type":"Feature","geometry":{"type":"Point","coordinates":[23.29799,42.703441]},"properties":{"line":"ТМ10","mode":"tram","color":"#d6212b","colorDark":"#7c1116","band":0,"off":[3.4,1.1]}},{"type":"Feature","geometry":{"type":"Point","coordinates":[23.29799,42.703441]},"properties":{"line":"ТМ13","mode":"tram","color":"#d6212b","colorDark":"#7c1116","band":0,"off":[6.8,1.1]}},{"type":"Feature","geometry":{"type":"Point","coordinates":[23.260111,42.665146]},"properties":{"name":"Бул. Никола Петков","band":0,"modes":"tram","arr":["ТМ4"],"off":[0,-0.8]}},{"type":"Feature","geometry":{"type":"Point","coordinates":[23.260111,42.665146]},"properties":{"line":"ТМ4","mode":"tram","color":"#d6212b","colorDark":"#7c1116","band":0,"off":[0,1.1]}},{"type":"Feature","geometry":{"type":"Point","coordinates":[23.272525,42.670883]},"properties":{"name":"Кв. Овча купел","band":0,"modes":"tram","arr":["ТМ4","ТМ5"],"off":[0,-0.8]}},{"type":"Feature","geometry":{"type":"Point","coordinates":[23.272525,42.670883]},"properties":{"line":"ТМ4","mode":"tram","color":"#d6212b","colorDark":"#7c1116","band":0,"off":[-1.7,1.1]}},{"type":"Feature","geometry":{"type":"Point","coordinates":[23.272525,42.670883]},"properties":{"line":"ТМ5","mode":"tram","color":"#d6212b","colorDark":"#7c1116","band":0,"off":[1.7,1.1]}},{"type":"Feature","geometry":{"type":"Point","coordinates":[23.276565,42.748426]},"properties":{"name":"Ж.К. ОБЕЛЯ-2","band":0,"modes":"tram","arr":["ТМ6"],"off":[0,-0.8]}},{"type":"Feature","geometry":{"type":"Point","coordinates":[23.276565,42.748426]},"properties":{"line":"ТМ6","mode":"tram","color":"#d6212b","colorDark":"#7c1116","band":0,"off":[0,1.1]}},{"type":"Feature","geometry":{"type":"Point","coordinates":[23.30078,42.712094]},"properties":{"name":"УЛ. ЙОСИФ ЩРОСМАЙЕР","band":0,"modes":"tram","arr":["ТМ6","ТМ11"],"off":[0,-0.8]}},{"type":"Feature","geometry":{"type":"Point","coordinates":[23.30078,42.712094]},"properties":{"line":"ТМ6","mode":"tram","color":"#d6212b","colorDark":"#7c1116","band":0,"off":[-1.7,1.1]}},{"type":"Feature","geometry":{"type":"Point","coordinates":[23.30078,42.712094]},"properties":{"line":"ТМ11","mode":"tram","color":"#d6212b","colorDark":"#7c1116","band":0,"off":[1.7,1.1]}},{"type":"Feature","geometry":{"type":"Point","coordinates":[23.320966,42.697863]},"properties":{"name":"ПЛ. СВ. НЕДЕЛЯ","band":0,"modes":"tram","arr":["ТМ12","ТМ18"],"off":[0,-0.8]}},{"type":"Feature","geometry":{"type":"Point","coordinates":[23.320966,42.697863]},"properties":{"line":"ТМ12","mode":"tram","color":"#d6212b","colorDark":"#7c1116","band":0,"off":[-1.7,1.1]}},{"type":"Feature","geometry":{"type":"Point","coordinates":[23.320966,42.697863]},"properties":{"line":"ТМ18","mode":"tram","color":"#d6212b","colorDark":"#7c1116","band":0,"off":[1.7,1.1]}},{"type":"Feature","geometry":{"type":"Point","coordinates":[23.284041,42.661995]},"properties":{"name":"КВ. МАНАСТИРСКИ ЛИВАДИ - ЗАПАД","band":0,"modes":"tram","arr":["ТМ7","ТМ27"],"off":[0,-0.8]}},{"type":"Feature","geometry":{"type":"Point","coordinates":[23.284041,42.661995]},"properties":{"line":"ТМ7","mode":"tram","color":"#d6212b","colorDark":"#7c1116","band":0,"off":[-1.7,1.1]}},{"type":"Feature","geometry":{"type":"Point","coordinates":[23.284041,42.661995]},"properties":{"line":"ТМ27","mode":"tram","color":"#d6212b","colorDark":"#7c1116","band":0,"off":[1.7,1.1]}},{"type":"Feature","geometry":{"type":"Point","coordinates":[23.238335,42.713182]},"properties":{"name":"Ж.К. ЛЮЛИН-5","band":0,"modes":"tram","arr":["ТМ8"],"off":[0,-0.8]}},{"type":"Feature","geometry":{"type":"Point","coordinates":[23.238335,42.713182]},"properties":{"name":"ж.к. Люлин-5","band":0,"modes":"tram","arr":["ТМ8"],"off":[0,-1.9]}},{"type":"Feature","geometry":{"type":"Point","coordinates":[23.238335,42.713182]},"properties":{"line":"ТМ8","mode":"tram","color":"#d6212b","colorDark":"#7c1116","band":0,"off":[0,1.1]}},{"type":"Feature","geometry":{"type":"Point","coordinates":[23.331763,42.6815]},"properties":{"name":"ПЛ. ЖУРНАЛИСТ","band":0,"modes":"tram","arr":["ТМ12","ТМ18"],"off":[0,-0.8]}},{"type":"Feature","geometry":{"type":"Point","coordinates":[23.331763,42.6815]},"properties":{"line":"ТМ12","mode":"tram","color":"#d6212b","colorDark":"#7c1116","band":0,"off":[-1.7,1.1]}},{"type":"Feature","geometry":{"type":"Point","coordinates":[23.331763,42.6815]},"properties":{"line":"ТМ18","mode":"tram","color":"#d6212b","colorDark":"#7c1116","band":0,"off":[1.7,1.1]}},{"type":"Feature","geometry":{"type":"Point","coordinates":[23.324472,42.694337]},"properties":{"name":"ПЛ. ГАРИБАЛДИ","band":0,"modes":"tram","arr":["ТМ12","ТМ18"],"off":[0,-0.8]}},{"type":"Feature","geometry":{"type":"Point","coordinates":[23.324472,42.694337]},"properties":{"line":"ТМ12","mode":"tram","color":"#d6212b","colorDark":"#7c1116","band":0,"off":[-1.7,1.1]}},{"type":"Feature","geometry":{"type":"Point","coordinates":[23.324472,42.694337]},"properties":{"line":"ТМ18","mode":"tram","color":"#d6212b","colorDark":"#7c1116","band":0,"off":[1.7,1.1]}},{"type":"Feature","geometry":{"type":"Point","coordinates":[23.280496,42.692204]},"properties":{"name":"УЛ. ДОБРОТИЧ","band":0,"modes":"tram","arr":["ТМ22","ТМ22А"],"off":[0,-0.8]}},{"type":"Feature","geometry":{"type":"Point","coordinates":[23.280496,42.692204]},"properties":{"name":"Ж.К. КРАСНА ПОЛЯНА","band":0,"modes":"tram","arr":["ТМ22","ТМ22А"],"off":[0,-1.9]}},{"type":"Feature","geometry":{"type":"Point","coordinates":[23.280496,42.692204]},"properties":{"line":"ТМ22","mode":"tram","color":"#d6212b","colorDark":"#7c1116","band":0,"off":[-1.7,1.1]}},{"type":"Feature","geometry":{"type":"Point","coordinates":[23.280496,42.692204]},"properties":{"line":"ТМ22А","mode":"tram","color":"#d6212b","colorDark":"#7c1116","band":0,"off":[1.7,1.1]}},{"type":"Feature","geometry":{"type":"Point","coordinates":[23.296245,42.694567]},"properties":{"name":"ПАРК СВ.СВ.ПЕТЪР И ПАВЕЛ","band":0,"modes":"tram","arr":["ТМ22А"],"off":[0,-0.8]}},{"type":"Feature","geometry":{"type":"Point","coordinates":[23.296245,42.694567]},"properties":{"line":"ТМ22А","mode":"tram","color":"#d6212b","colorDark":"#7c1116","band":0,"off":[0,1.1]}},{"type":"Feature","geometry":{"type":"Point","coordinates":[23.321324,42.753772]},"properties":{"name":"КВ. ИЛИЯНЦИ","band":0,"modes":"tram","arr":["ТМ11"],"off":[0,-0.8]}},{"type":"Feature","geometry":{"type":"Point","coordinates":[23.321324,42.753772]},"properties":{"line":"ТМ11","mode":"tram","color":"#d6212b","colorDark":"#7c1116","band":0,"off":[0,1.1]}},{"type":"Feature","geometry":{"type":"Point","coordinates":[23.324495,42.709479]},"properties":{"name":"ЦЕНТРАЛНА АВТОГАРА","band":0,"modes":"tram","arr":["ТМ12"],"off":[0,-0.8]}},{"type":"Feature","geometry":{"type":"Point","coordinates":[23.324495,42.709479]},"properties":{"line":"ТМ12","mode":"tram","color":"#d6212b","colorDark":"#7c1116","band":0,"off":[0,1.1]}},{"type":"Feature","geometry":{"type":"Point","coordinates":[23.404155,42.648475]},"properties":{"name":"УЛ. ОБИКОЛНА","band":0,"modes":"tram","arr":["ТМ23"],"off":[0,-0.8]}},{"type":"Feature","geometry":{"type":"Point","coordinates":[23.404155,42.648475]},"properties":{"line":"ТМ23","mode":"tram","color":"#d6212b","colorDark":"#7c1116","band":0,"off":[0,1.1]}},{"type":"Feature","geometry":{"type":"Point","coordinates":[23.261669,42.727597]},"properties":{"name":"СЛИВНИЦА","band":0,"modes":"metro","arr":["M1","M4"],"off":[0,-0.8]}},{"type":"Feature","geometry":{"type":"Point","coordinates":[23.261669,42.727597]},"properties":{"line":"M1","mode":"tram","color":"#EB2227","colorDark":"#811315","band":0,"metro":1,"off":[-1.7,1.1]}},{"type":"Feature","geometry":{"type":"Point","coordinates":[23.261669,42.727597]},"properties":{"line":"M4","mode":"tram","color":"#FFDE17","colorDark":"#8c7a0d","band":0,"metro":1,"off":[1.7,1.1]}},{"type":"Feature","geometry":{"type":"Point","coordinates":[23.371947,42.653931]},"properties":{"name":"МЛАДОСТ 1","band":0,"modes":"metro","arr":["M1"],"off":[0,-0.8]}},{"type":"Feature","geometry":{"type":"Point","coordinates":[23.371947,42.653931]},"properties":{"line":"M1","mode":"tram","color":"#EB2227","colorDark":"#811315","band":0,"metro":1,"off":[0,1.1]}},{"type":"Feature","geometry":{"type":"Point","coordinates":[23.276554,42.741067]},"properties":{"name":"ОБЕЛЯ","band":0,"modes":"metro","arr":["M2"],"off":[0,-0.8]}},{"type":"Feature","geometry":{"type":"Point","coordinates":[23.276554,42.741067]},"properties":{"line":"M2","mode":"tram","color":"#1C75BC","colorDark":"#0f4067","band":0,"metro":1,"off":[0,1.1]}},{"type":"Feature","geometry":{"type":"Point","coordinates":[23.269781,42.683533]},"properties":{"name":"ОВЧА КУПЕЛ","band":0,"modes":"metro","arr":["M3"],"off":[0,-0.8]}},{"type":"Feature","geometry":{"type":"Point","coordinates":[23.269781,42.683533]},"properties":{"line":"M3","mode":"tram","color":"#39B54A","colorDark":"#1f6429","band":0,"metro":1,"off":[0,1.1]}},{"type":"Feature","geometry":{"type":"Point","coordinates":[23.241565,42.684675]},"properties":{"name":"ГОРНА БАНЯ","band":0,"modes":"metro","arr":["M3"],"off":[0,-0.8]}},{"type":"Feature","geometry":{"type":"Point","coordinates":[23.241565,42.684675]},"properties":{"line":"M3","mode":"tram","color":"#39B54A","colorDark":"#1f6429","band":0,"metro":1,"off":[0,1.1]}},{"type":"Feature","geometry":{"type":"Point","coordinates":[23.353568,42.70311]},"properties":{"name":"ХАДЖИ ДИМИТЪР","band":1,"modes":"bus,metro","arr":["1Tb","M3"],"off":[0,-0.8]}},{"type":"Feature","geometry":{"type":"Point","coordinates":[23.353568,42.70311]},"properties":{"name":"МЕТРОСТАНЦИЯ ХАДЖИ ДИМИТЪР","band":1,"modes":"bus,metro","arr":["1Tb","M3"],"off":[0,-1.9]}},{"type":"Feature","geometry":{"type":"Point","coordinates":[23.353568,42.70311]},"properties":{"line":"1Tb","mode":"bus","color":"#0059a9","colorDark":"#00294f","band":1,"off":[-1.7,1.1]}},{"type":"Feature","geometry":{"type":"Point","coordinates":[23.353568,42.70311]},"properties":{"line":"M3","mode":"tram","color":"#39B54A","colorDark":"#1f6429","band":1,"metro":1,"off":[1.7,1.1]}},{"type":"Feature","geometry":{"type":"Point","coordinates":[23.388024,42.712099]},"properties":{"name":"Ж.К. ЛЕВСКИ Г","band":1,"modes":"bus","arr":["1Tb","ТБ3"],"off":[0,-0.8]}},{"type":"Feature","geometry":{"type":"Point","coordinates":[23.388024,42.712099]},"properties":{"line":"1Tb","mode":"bus","color":"#0059a9","colorDark":"#00294f","band":1,"off":[-1.7,1.1]}},{"type":"Feature","geometry":{"type":"Point","coordinates":[23.388024,42.712099]},"properties":{"line":"ТБ3","mode":"bus","color":"#149a3f","colorDark":"#0a5121","band":1,"off":[1.7,1.1]}},{"type":"Feature","geometry":{"type":"Point","coordinates":[23.334603,42.691052]},"properties":{"name":"УЛ. ГЕН. ГУРКО","band":1,"modes":"bus","arr":["9","75","84","94","183","ТБ2","ТБ8"],"off":[0,-0.8]}},{"type":"Feature","geometry":{"type":"Point","coordinates":[23.334603,42.691052]},"properties":{"name":"СУ СВ.КЛИМЕНТ ОХРИДСКИ","band":1,"modes":"bus","arr":["9","75","84","94","183","ТБ2","ТБ8"],"off":[0,-1.9]}},{"type":"Feature","geometry":{"type":"Point","coordinates":[23.334603,42.691052]},"properties":{"name":"ПЛ. ОРЛОВ МОСТ","band":1,"modes":"bus","arr":["9","75","84","94","183","ТБ2","ТБ8"],"off":[0,-4.1]}},{"type":"Feature","geometry":{"type":"Point","coordinates":[23.334603,42.691052]},"properties":{"line":"9","mode":"bus","color":"#0059a9","colorDark":"#00294f","band":1,"off":[-6.8,1.1]}},{"type":"Feature","geometry":{"type":"Point","coordinates":[23.334603,42.691052]},"properties":{"line":"75","mode":"bus","color":"#0059a9","colorDark":"#00294f","band":1,"off":[-3.4,1.1]}},{"type":"Feature","geometry":{"type":"Point","coordinates":[23.334603,42.691052]},"properties":{"line":"84","mode":"bus","color":"#0059a9","colorDark":"#00294f","band":1,"off":[0,1.1]}},{"type":"Feature","geometry":{"type":"Point","coordinates":[23.334603,42.691052]},"properties":{"line":"94","mode":"bus","color":"#0059a9","colorDark":"#00294f","band":1,"off":[3.4,1.1]}},{"type":"Feature","geometry":{"type":"Point","coordinates":[23.334603,42.691052]},"properties":{"line":"183","mode":"bus","color":"#0059a9","colorDark":"#00294f","band":1,"off":[6.8,1.1]}},{"type":"Feature","geometry":{"type":"Point","coordinates":[23.334603,42.691052]},"properties":{"line":"ТБ2","mode":"bus","color":"#149a3f","colorDark":"#0a5121","band":1,"off":[-1.7,3.1]}},{"type":"Feature","geometry":{"type":"Point","coordinates":[23.334603,42.691052]},"properties":{"line":"ТБ8","mode":"bus","color":"#149a3f","colorDark":"#0a5121","band":1,"off":[1.7,3.1]}},{"type":"Feature","geometry":{"type":"Point","coordinates":[23.335366,42.695843]},"properties":{"name":"СУ СВ.КЛИМЕНТ ОХРИДСКИ","band":1,"modes":"bus,tram","arr":["22ТМ","280","X43","ТБ2","ТБ8","ТМ20","ТМ22"],"off":[0,-0.8]}},{"type":"Feature","geometry":{"type":"Point","coordinates":[23.335366,42.695843]},"properties":{"name":"ПЛ. СВ. АЛЕКСАНДЪР НЕВСКИ","band":1,"modes":"bus,tram","arr":["22ТМ","280","X43","ТБ2","ТБ8","ТМ20","ТМ22"],"off":[0,-3]}},{"type":"Feature","geometry":{"type":"Point","coordinates":[23.335366,42.695843]},"properties":{"name":"ПЛ. ВАСИЛ ЛЕВСКИ - ВРЕМЕННА","band":1,"modes":"bus,tram","arr":["22ТМ","280","X43","ТБ2","ТБ8","ТМ20","ТМ22"],"off":[0,-5.2]}},{"type":"Feature","geometry":{"type":"Point","coordinates":[23.335366,42.695843]},"properties":{"line":"22ТМ","mode":"bus","color":"#0059a9","colorDark":"#00294f","band":1,"off":[-6.8,1.1]}},{"type":"Feature","geometry":{"type":"Point","coordinates":[23.335366,42.695843]},"properties":{"line":"280","mode":"bus","color":"#0059a9","colorDark":"#00294f","band":1,"off":[-3.4,1.1]}},{"type":"Feature","geometry":{"type":"Point","coordinates":[23.335366,42.695843]},"properties":{"line":"X43","mode":"bus","color":"#0059a9","colorDark":"#00294f","band":1,"off":[0,1.1]}},{"type":"Feature","geometry":{"type":"Point","coordinates":[23.335366,42.695843]},"properties":{"line":"ТБ2","mode":"bus","color":"#149a3f","colorDark":"#0a5121","band":1,"off":[3.4,1.1]}},{"type":"Feature","geometry":{"type":"Point","coordinates":[23.335366,42.695843]},"properties":{"line":"ТБ8","mode":"bus","color":"#149a3f","colorDark":"#0a5121","band":1,"off":[6.8,1.1]}},{"type":"Feature","geometry":{"type":"Point","coordinates":[23.335366,42.695843]},"properties":{"line":"ТМ20","mode":"tram","color":"#d6212b","colorDark":"#7c1116","band":1,"off":[-1.7,3.1]}},{"type":"Feature","geometry":{"type":"Point","coordinates":[23.335366,42.695843]},"properties":{"line":"ТМ22","mode":"tram","color":"#d6212b","colorDark":"#7c1116","band":1,"off":[1.7,3.1]}},{"type":"Feature","geometry":{"type":"Point","coordinates":[23.38962,42.67787]},"properties":{"name":"АВТОБАЗА ИСКЪР","band":1,"modes":"bus","arr":["9"],"off":[0,-0.8]}},{"type":"Feature","geometry":{"type":"Point","coordinates":[23.38962,42.67787]},"properties":{"line":"9","mode":"bus","color":"#0059a9","colorDark":"#00294f","band":1,"off":[0,1.1]}},{"type":"Feature","geometry":{"type":"Point","coordinates":[23.427892,42.656731]},"properties":{"name":"КВ. Д. МИЛЕНКОВ","band":1,"modes":"bus","arr":["10"],"off":[0,-0.8]}},{"type":"Feature","geometry":{"type":"Point","coordinates":[23.427892,42.656731]},"properties":{"line":"10","mode":"bus","color":"#0059a9","colorDark":"#00294f","band":1,"off":[0,1.1]}},{"type":"Feature","geometry":{"type":"Point","coordinates":[23.413486,42.663448]},"properties":{"name":"ГАРА ИСКЪР","band":1,"modes":"bus,tram","arr":["10","14","187","188","604","ТМ23"],"off":[0,-0.8]}},{"type":"Feature","geometry":{"type":"Point","coordinates":[23.413486,42.663448]},"properties":{"name":"28-ми пощенски клон","band":1,"modes":"bus,tram","arr":["10","14","187","188","604","ТМ23"],"off":[0,-1.9]}},{"type":"Feature","geometry":{"type":"Point","coordinates":[23.413486,42.663448]},"properties":{"line":"10","mode":"bus","color":"#0059a9","colorDark":"#00294f","band":1,"off":[-6.8,1.1]}},{"type":"Feature","geometry":{"type":"Point","coordinates":[23.413486,42.663448]},"properties":{"line":"14","mode":"bus","color":"#0059a9","colorDark":"#00294f","band":1,"off":[-3.4,1.1]}},{"type":"Feature","geometry":{"type":"Point","coordinates":[23.413486,42.663448]},"properties":{"line":"187","mode":"bus","color":"#0059a9","colorDark":"#00294f","band":1,"off":[0,1.1]}},{"type":"Feature","geometry":{"type":"Point","coordinates":[23.413486,42.663448]},"properties":{"line":"188","mode":"bus","color":"#0059a9","colorDark":"#00294f","band":1,"off":[3.4,1.1]}},{"type":"Feature","geometry":{"type":"Point","coordinates":[23.413486,42.663448]},"properties":{"line":"604","mode":"bus","color":"#0059a9","colorDark":"#00294f","band":1,"off":[6.8,1.1]}},{"type":"Feature","geometry":{"type":"Point","coordinates":[23.413486,42.663448]},"properties":{"line":"ТМ23","mode":"tram","color":"#d6212b","colorDark":"#7c1116","band":1,"off":[0,3.1]}},{"type":"Feature","geometry":{"type":"Point","coordinates":[23.433358,42.675959]},"properties":{"name":"КВ. БУСМАНЦИ","band":1,"modes":"bus","arr":["10"],"off":[0,-0.8]}},{"type":"Feature","geometry":{"type":"Point","coordinates":[23.433358,42.675959]},"properties":{"line":"10","mode":"bus","color":"#0059a9","colorDark":"#00294f","band":1,"off":[0,1.1]}},{"type":"Feature","geometry":{"type":"Point","coordinates":[23.395028,42.67157]},"properties":{"name":"РАЗКЛОНА ЗА ЛЕТИЩЕТО","band":1,"modes":"bus","arr":["84"],"off":[0,-0.8]}},{"type":"Feature","geometry":{"type":"Point","coordinates":[23.395028,42.67157]},"properties":{"line":"84","mode":"bus","color":"#0059a9","colorDark":"#00294f","band":1,"off":[0,1.1]}},{"type":"Feature","geometry":{"type":"Point","coordinates":[23.242596,42.683413]},"properties":{"name":"Ж.К. ОВЧА КУПЕЛ-2","band":1,"modes":"bus,metro","arr":["11","102","M3","N3","ТБ60","ТБ73"],"off":[0,-0.8]}},{"type":"Feature","geometry":{"type":"Point","coordinates":[23.242596,42.683413]},"properties":{"name":"ГОРНА БАНЯ","band":1,"modes":"bus,metro","arr":["11","102","M3","N3","ТБ60","ТБ73"],"off":[0,-1.9]}},{"type":"Feature","geometry":{"type":"Point","coordinates":[23.242596,42.683413]},"properties":{"line":"11","mode":"bus","color":"#0059a9","colorDark":"#00294f","band":1,"off":[-6.8,1.1]}},{"type":"Feature","geometry":{"type":"Point","coordinates":[23.242596,42.683413]},"properties":{"line":"102","mode":"bus","color":"#0059a9","colorDark":"#00294f","band":1,"off":[-3.4,1.1]}},{"type":"Feature","geometry":{"type":"Point","coordinates":[23.242596,42.683413]},"properties":{"line":"M3","mode":"tram","color":"#39B54A","colorDark":"#1f6429","band":1,"metro":1,"off":[0,1.1]}},{"type":"Feature","geometry":{"type":"Point","coordinates":[23.242596,42.683413]},"properties":{"line":"N3","mode":"bus","color":"#0059a9","colorDark":"#00294f","band":1,"off":[3.4,1.1]}},{"type":"Feature","geometry":{"type":"Point","coordinates":[23.242596,42.683413]},"properties":{"line":"ТБ60","mode":"bus","color":"#149a3f","colorDark":"#0a5121","band":1,"off":[6.8,1.1]}},{"type":"Feature","geometry":{"type":"Point","coordinates":[23.242596,42.683413]},"properties":{"line":"ТБ73","mode":"bus","color":"#149a3f","colorDark":"#0a5121","band":1,"off":[0,3.1]}},{"type":"Feature","geometry":{"type":"Point","coordinates":[23.355804,42.696797]},"properties":{"name":"ГАРА ПОДУЯНЕ","band":1,"modes":"bus,tram","arr":["72","ТМ22"],"off":[0,-0.8]}},{"type":"Feature","geometry":{"type":"Point","coordinates":[23.355804,42.696797]},"properties":{"name":"Гара Подуяне","band":1,"modes":"bus,tram","arr":["72","ТМ22"],"off":[0,-1.9]}},{"type":"Feature","geometry":{"type":"Point","coordinates":[23.355804,42.696797]},"properties":{"line":"72","mode":"bus","color":"#0059a9","colorDark":"#00294f","band":1,"off":[-1.7,1.1]}},{"type":"Feature","geometry":{"type":"Point","coordinates":[23.355804,42.696797]},"properties":{"line":"ТМ22","mode":"tram","color":"#d6212b","colorDark":"#7c1116","band":1,"off":[1.7,1.1]}},{"type":"Feature","geometry":{"type":"Point","coordinates":[23.370639,42.677336]},"properties":{"name":"Ж.К. ГЕО МИЛЕВ","band":1,"modes":"bus,tram","arr":["11","75","181","185","ТБ123","ТБ288","ТБE186","ТМ21","ТМ23"],"off":[0,-0.8]}},{"type":"Feature","geometry":{"type":"Point","coordinates":[23.370639,42.677336]},"properties":{"name":"АВТОСТАНЦИЯ ГЕО МИЛЕВ","band":1,"modes":"bus,tram","arr":["11","75","181","185","ТБ123","ТБ288","ТБE186","ТМ21","ТМ23"],"off":[0,-1.9]}},{"type":"Feature","geometry":{"type":"Point","coordinates":[23.370639,42.677336]},"properties":{"line":"11","mode":"bus","color":"#0059a9","colorDark":"#00294f","band":1,"off":[-6.8,1.1]}},{"type":"Feature","geometry":{"type":"Point","coordinates":[23.370639,42.677336]},"properties":{"line":"75","mode":"bus","color":"#0059a9","colorDark":"#00294f","band":1,"off":[-3.4,1.1]}},{"type":"Feature","geometry":{"type":"Point","coordinates":[23.370639,42.677336]},"properties":{"line":"181","mode":"bus","color":"#0059a9","colorDark":"#00294f","band":1,"off":[0,1.1]}},{"type":"Feature","geometry":{"type":"Point","coordinates":[23.370639,42.677336]},"properties":{"line":"185","mode":"bus","color":"#0059a9","colorDark":"#00294f","band":1,"off":[3.4,1.1]}},{"type":"Feature","geometry":{"type":"Point","coordinates":[23.370639,42.677336]},"properties":{"line":"ТБ123","mode":"bus","color":"#149a3f","colorDark":"#0a5121","band":1,"off":[6.8,1.1]}},{"type":"Feature","geometry":{"type":"Point","coordinates":[23.370639,42.677336]},"properties":{"line":"ТБ288","mode":"bus","color":"#149a3f","colorDark":"#0a5121","band":1,"off":[-5.1,3.1]}},{"type":"Feature","geometry":{"type":"Point","coordinates":[23.370639,42.677336]},"properties":{"line":"ТБE186","mode":"bus","color":"#149a3f","colorDark":"#0a5121","band":1,"off":[-1.7,3.1]}},{"type":"Feature","geometry":{"type":"Point","coordinates":[23.370639,42.677336]},"properties":{"line":"ТМ21","mode":"tram","color":"#d6212b","colorDark":"#7c1116","band":1,"off":[1.7,3.1]}},{"type":"Feature","geometry":{"type":"Point","coordinates":[23.370639,42.677336]},"properties":{"line":"ТМ23","mode":"tram","color":"#d6212b","colorDark":"#7c1116","band":1,"off":[5.1,3.1]}},{"type":"Feature","geometry":{"type":"Point","coordinates":[23.329818,42.704793]},"properties":{"name":"ПЛ. СТОЧНА ГАРА","band":1,"modes":"bus","arr":["20","309","310","ТБ8","ТБ9","ТБ11"],"off":[0,-0.8]}},{"type":"Feature","geometry":{"type":"Point","coordinates":[23.329818,42.704793]},"properties":{"name":"ПЛ. ЛЪВОВ МОСТ","band":1,"modes":"bus","arr":["20","309","310","ТБ8","ТБ9","ТБ11"],"off":[0,-1.9]}},{"type":"Feature","geometry":{"type":"Point","coordinates":[23.329818,42.704793]},"properties":{"line":"20","mode":"bus","color":"#0059a9","colorDark":"#00294f","band":1,"off":[-6.8,1.1]}},{"type":"Feature","geometry":{"type":"Point","coordinates":[23.329818,42.704793]},"properties":{"line":"309","mode":"bus","color":"#0059a9","colorDark":"#00294f","band":1,"off":[-3.4,1.1]}},{"type":"Feature","geometry":{"type":"Point","coordinates":[23.329818,42.704793]},"properties":{"line":"310","mode":"bus","color":"#0059a9","colorDark":"#00294f","band":1,"off":[0,1.1]}},{"type":"Feature","geometry":{"type":"Point","coordinates":[23.329818,42.704793]},"properties":{"line":"ТБ8","mode":"bus","color":"#149a3f","colorDark":"#0a5121","band":1,"off":[3.4,1.1]}},{"type":"Feature","geometry":{"type":"Point","coordinates":[23.329818,42.704793]},"properties":{"line":"ТБ9","mode":"bus","color":"#149a3f","colorDark":"#0a5121","band":1,"off":[6.8,1.1]}},{"type":"Feature","geometry":{"type":"Point","coordinates":[23.329818,42.704793]},"properties":{"line":"ТБ11","mode":"bus","color":"#149a3f","colorDark":"#0a5121","band":1,"off":[0,3.1]}},{"type":"Feature","geometry":{"type":"Point","coordinates":[23.496114,42.697241]},"properties":{"name":"СЕЛО ДОЛНИ БОГРОВ","band":1,"modes":"bus","arr":["12"],"off":[0,-0.8]}},{"type":"Feature","geometry":{"type":"Point","coordinates":[23.496114,42.697241]},"properties":{"line":"12","mode":"bus","color":"#0059a9","colorDark":"#00294f","band":1,"off":[0,1.1]}},{"type":"Feature","geometry":{"type":"Point","coordinates":[23.418372,42.713212]},"properties":{"name":"ПЛОЩАДА КВ. ВРАЖДЕБНА","band":1,"modes":"bus","arr":["78"],"off":[0,-0.8]}},{"type":"Feature","geometry":{"type":"Point","coordinates":[23.418372,42.713212]},"properties":{"line":"78","mode":"bus","color":"#0059a9","colorDark":"#00294f","band":1,"off":[0,1.1]}},{"type":"Feature","geometry":{"type":"Point","coordinates":[23.38675,42.70338]},"properties":{"name":"АВТОСТАНЦИЯ ИЗТОК","band":1,"modes":"bus,tram","arr":["12","14","117","118","119","ТМ22"],"off":[0,-0.8]}},{"type":"Feature","geometry":{"type":"Point","coordinates":[23.38675,42.70338]},"properties":{"name":"Автостанция Изток","band":1,"modes":"bus,tram","arr":["12","14","117","118","119","ТМ22"],"off":[0,-1.9]}},{"type":"Feature","geometry":{"type":"Point","coordinates":[23.38675,42.70338]},"properties":{"line":"12","mode":"bus","color":"#0059a9","colorDark":"#00294f","band":1,"off":[-6.8,1.1]}},{"type":"Feature","geometry":{"type":"Point","coordinates":[23.38675,42.70338]},"properties":{"line":"14","mode":"bus","color":"#0059a9","colorDark":"#00294f","band":1,"off":[-3.4,1.1]}},{"type":"Feature","geometry":{"type":"Point","coordinates":[23.38675,42.70338]},"properties":{"line":"117","mode":"bus","color":"#0059a9","colorDark":"#00294f","band":1,"off":[0,1.1]}},{"type":"Feature","geometry":{"type":"Point","coordinates":[23.38675,42.70338]},"properties":{"line":"118","mode":"bus","color":"#0059a9","colorDark":"#00294f","band":1,"off":[3.4,1.1]}},{"type":"Feature","geometry":{"type":"Point","coordinates":[23.38675,42.70338]},"properties":{"line":"119","mode":"bus","color":"#0059a9","colorDark":"#00294f","band":1,"off":[6.8,1.1]}},{"type":"Feature","geometry":{"type":"Point","coordinates":[23.38675,42.70338]},"properties":{"line":"ТМ22","mode":"tram","color":"#d6212b","colorDark":"#7c1116","band":1,"off":[0,3.1]}},{"type":"Feature","geometry":{"type":"Point","coordinates":[23.462472,42.682303]},"properties":{"name":"СЕЛО КРИВИНА","band":1,"modes":"bus","arr":["188"],"off":[0,-0.8]}},{"type":"Feature","geometry":{"type":"Point","coordinates":[23.462472,42.682303]},"properties":{"line":"188","mode":"bus","color":"#0059a9","colorDark":"#00294f","band":1,"off":[0,1.1]}},{"type":"Feature","geometry":{"type":"Point","coordinates":[23.34064,42.716691]},"properties":{"name":"Кв. Орландовци","band":1,"modes":"bus,tram","arr":["18","23","24","ТМ3","ТМ4","ТМ18"],"off":[0,-0.8]}},{"type":"Feature","geometry":{"type":"Point","coordinates":[23.34064,42.716691]},"properties":{"name":"АВТОСТАНЦИЯ ОРЛАНДОВЦИ","band":1,"modes":"bus,tram","arr":["18","23","24","ТМ3","ТМ4","ТМ18"],"off":[0,-1.9]}},{"type":"Feature","geometry":{"type":"Point","coordinates":[23.34064,42.716691]},"properties":{"line":"18","mode":"bus","color":"#0059a9","colorDark":"#00294f","band":1,"off":[-6.8,1.1]}},{"type":"Feature","geometry":{"type":"Point","coordinates":[23.34064,42.716691]},"properties":{"line":"23","mode":"bus","color":"#0059a9","colorDark":"#00294f","band":1,"off":[-3.4,1.1]}},{"type":"Feature","geometry":{"type":"Point","coordinates":[23.34064,42.716691]},"properties":{"line":"24","mode":"bus","color":"#0059a9","colorDark":"#00294f","band":1,"off":[0,1.1]}},{"type":"Feature","geometry":{"type":"Point","coordinates":[23.34064,42.716691]},"properties":{"line":"ТМ3","mode":"tram","color":"#d6212b","colorDark":"#7c1116","band":1,"off":[3.4,1.1]}},{"type":"Feature","geometry":{"type":"Point","coordinates":[23.34064,42.716691]},"properties":{"line":"ТМ4","mode":"tram","color":"#d6212b","colorDark":"#7c1116","band":1,"off":[6.8,1.1]}},{"type":"Feature","geometry":{"type":"Point","coordinates":[23.34064,42.716691]},"properties":{"line":"ТМ18","mode":"tram","color":"#d6212b","colorDark":"#7c1116","band":1,"off":[0,3.1]}},{"type":"Feature","geometry":{"type":"Point","coordinates":[23.434789,42.750714]},"properties":{"name":"МЕЛНИЦАТА ЧЕПИНЦИ","band":1,"modes":"bus","arr":["18"],"off":[0,-0.8]}},{"type":"Feature","geometry":{"type":"Point","coordinates":[23.434789,42.750714]},"properties":{"line":"18","mode":"bus","color":"#0059a9","colorDark":"#00294f","band":1,"off":[0,1.1]}},{"type":"Feature","geometry":{"type":"Point","coordinates":[23.44786,42.794448]},"properties":{"name":"СЕЛО ЛОКОРСКО","band":1,"modes":"bus","arr":["20","28"],"off":[0,-0.8]}},{"type":"Feature","geometry":{"type":"Point","coordinates":[23.44786,42.794448]},"properties":{"line":"20","mode":"bus","color":"#0059a9","colorDark":"#00294f","band":1,"off":[-1.7,1.1]}},{"type":"Feature","geometry":{"type":"Point","coordinates":[23.44786,42.794448]},"properties":{"line":"28","mode":"bus","color":"#0059a9","colorDark":"#00294f","band":1,"off":[1.7,1.1]}},{"type":"Feature","geometry":{"type":"Point","coordinates":[23.31933,42.712268]},"properties":{"name":"ЦЕНТРАЛНА ГАРА","band":1,"modes":"bus,tram","arr":["21","22","77","78","82","101","213","305","404","ТБ60","ТБ74","ТМ6","ТМ7","ТМ22А","ТМ27"],"off":[0,-0.8],"sc":0.94}},{"type":"Feature","geometry":{"type":"Point","coordinates":[23.31933,42.712268]},"properties":{"name":"ПЕТА ГРАДСКА БОЛНИЦА","band":1,"modes":"bus,tram","arr":["21","22","77","78","82","101","213","305","404","ТБ60","ТБ74","ТМ6","ТМ7","ТМ22А","ТМ27"],"off":[0,-1.9],"sc":0.94}},{"type":"Feature","geometry":{"type":"Point","coordinates":[23.31933,42.712268]},"properties":{"name":"БУЛ. КН. МАРИЯ ЛУИЗА","band":1,"modes":"bus,tram","arr":["21","22","77","78","82","101","213","305","404","ТБ60","ТБ74","ТМ6","ТМ7","ТМ22А","ТМ27"],"off":[0,-4.1],"sc":0.94}},{"type":"Feature","geometry":{"type":"Point","coordinates":[23.31933,42.712268]},"properties":{"line":"21","mode":"bus","color":"#0059a9","colorDark":"#00294f","band":1,"sc":0.94,"off":[-6.8,1.1]}},{"type":"Feature","geometry":{"type":"Point","coordinates":[23.31933,42.712268]},"properties":{"line":"22","mode":"bus","color":"#0059a9","colorDark":"#00294f","band":1,"sc":0.94,"off":[-3.4,1.1]}},{"type":"Feature","geometry":{"type":"Point","coordinates":[23.31933,42.712268]},"properties":{"line":"77","mode":"bus","color":"#0059a9","colorDark":"#00294f","band":1,"sc":0.94,"off":[0,1.1]}},{"type":"Feature","geometry":{"type":"Point","coordinates":[23.31933,42.712268]},"properties":{"line":"78","mode":"bus","color":"#0059a9","colorDark":"#00294f","band":1,"sc":0.94,"off":[3.4,1.1]}},{"type":"Feature","geometry":{"type":"Point","coordinates":[23.31933,42.712268]},"properties":{"line":"82","mode":"bus","color":"#0059a9","colorDark":"#00294f","band":1,"sc":0.94,"off":[6.8,1.1]}},{"type":"Feature","geometry":{"type":"Point","coordinates":[23.31933,42.712268]},"properties":{"line":"101","mode":"bus","color":"#0059a9","colorDark":"#00294f","band":1,"sc":0.94,"off":[-6.8,3.1]}},{"type":"Feature","geometry":{"type":"Point","coordinates":[23.31933,42.712268]},"properties":{"line":"213","mode":"bus","color":"#0059a9","colorDark":"#00294f","band":1,"sc":0.94,"off":[-3.4,3.1]}},{"type":"Feature","geometry":{"type":"Point","coordinates":[23.31933,42.712268]},"properties":{"line":"305","mode":"bus","color":"#0059a9","colorDark":"#00294f","band":1,"sc":0.94,"off":[0,3.1]}},{"type":"Feature","geometry":{"type":"Point","coordinates":[23.31933,42.712268]},"properties":{"line":"404","mode":"bus","color":"#0059a9","colorDark":"#00294f","band":1,"sc":0.94,"off":[3.4,3.1]}},{"type":"Feature","geometry":{"type":"Point","coordinates":[23.31933,42.712268]},"properties":{"line":"ТБ60","mode":"bus","color":"#149a3f","colorDark":"#0a5121","band":1,"sc":0.94,"off":[6.8,3.1]}},{"type":"Feature","geometry":{"type":"Point","coordinates":[23.31933,42.712268]},"properties":{"line":"ТБ74","mode":"bus","color":"#149a3f","colorDark":"#0a5121","band":1,"sc":0.94,"off":[-6.8,5.1]}},{"type":"Feature","geometry":{"type":"Point","coordinates":[23.31933,42.712268]},"properties":{"line":"ТМ6","mode":"tram","color":"#d6212b","colorDark":"#7c1116","band":1,"sc":0.94,"off":[-3.4,5.1]}},{"type":"Feature","geometry":{"type":"Point","coordinates":[23.31933,42.712268]},"properties":{"line":"ТМ7","mode":"tram","color":"#d6212b","colorDark":"#7c1116","band":1,"sc":0.94,"off":[0,5.1]}},{"type":"Feature","geometry":{"type":"Point","coordinates":[23.31933,42.712268]},"properties":{"line":"ТМ22А","mode":"tram","color":"#d6212b","colorDark":"#7c1116","band":1,"sc":0.94,"off":[3.4,5.1]}},{"type":"Feature","geometry":{"type":"Point","coordinates":[23.31933,42.712268]},"properties":{"line":"ТМ27","mode":"tram","color":"#d6212b","colorDark":"#7c1116","band":1,"sc":0.94,"off":[6.8,5.1]}},{"type":"Feature","geometry":{"type":"Point","coordinates":[23.422862,42.803933]},"properties":{"name":"СЕЛО ВОЙНЕГОВЦИ","band":1,"modes":"bus","arr":["21"],"off":[0,-0.8]}},{"type":"Feature","geometry":{"type":"Point","coordinates":[23.422862,42.803933]},"properties":{"line":"21","mode":"bus","color":"#0059a9","colorDark":"#00294f","band":1,"off":[0,1.1]}},{"type":"Feature","geometry":{"type":"Point","coordinates":[23.347989,42.74491]},"properties":{"name":"КВ. БЕНКОВСКИ","band":1,"modes":"bus","arr":["24","100"],"off":[0,-0.8]}},{"type":"Feature","geometry":{"type":"Point","coordinates":[23.347989,42.74491]},"properties":{"line":"24","mode":"bus","color":"#0059a9","colorDark":"#00294f","band":1,"off":[-1.7,1.1]}},{"type":"Feature","geometry":{"type":"Point","coordinates":[23.347989,42.74491]},"properties":{"line":"100","mode":"bus","color":"#0059a9","colorDark":"#00294f","band":1,"off":[1.7,1.1]}},{"type":"Feature","geometry":{"type":"Point","coordinates":[23.404357,42.806876]},"properties":{"name":"СЕЛО ПОДГУМЕР","band":1,"modes":"bus","arr":["22"],"off":[0,-0.8]}},{"type":"Feature","geometry":{"type":"Point","coordinates":[23.404357,42.806876]},"properties":{"line":"22","mode":"bus","color":"#0059a9","colorDark":"#00294f","band":1,"off":[0,1.1]}},{"type":"Feature","geometry":{"type":"Point","coordinates":[23.407752,42.813398]},"properties":{"name":"БОЛНИЦАТА С. ПОДГУМЕР","band":1,"modes":"bus","arr":["22"],"off":[0,-0.8]}},{"type":"Feature","geometry":{"type":"Point","coordinates":[23.407752,42.813398]},"properties":{"line":"22","mode":"bus","color":"#0059a9","colorDark":"#00294f","band":1,"off":[0,1.1]}},{"type":"Feature","geometry":{"type":"Point","coordinates":[23.297967,42.702452]},"properties":{"name":"МЕТРОСТАНЦИЯ К.ВЕЛИЧКОВ","band":1,"modes":"bus,metro,tram","arr":["22ТМ","M1","ТМ3","ТМ6","ТМ10","ТМ13"],"off":[0,-0.8]}},{"type":"Feature","geometry":{"type":"Point","coordinates":[23.297967,42.702452]},"properties":{"name":"МЕТРОСТАНЦИЯ К. ВЕЛИЧКОВ","band":1,"modes":"bus,metro,tram","arr":["22ТМ","M1","ТМ3","ТМ6","ТМ10","ТМ13"],"off":[0,-3]}},{"type":"Feature","geometry":{"type":"Point","coordinates":[23.297967,42.702452]},"properties":{"name":"КОНСТАНТИН ВЕЛИЧКОВ","band":1,"modes":"bus,metro,tram","arr":["22ТМ","M1","ТМ3","ТМ6","ТМ10","ТМ13"],"off":[0,-5.2]}},{"type":"Feature","geometry":{"type":"Point","coordinates":[23.297967,42.702452]},"properties":{"line":"22ТМ","mode":"bus","color":"#0059a9","colorDark":"#00294f","band":1,"off":[-6.8,1.1]}},{"type":"Feature","geometry":{"type":"Point","coordinates":[23.297967,42.702452]},"properties":{"line":"M1","mode":"tram","color":"#EB2227","colorDark":"#811315","band":1,"metro":1,"off":[-3.4,1.1]}},{"type":"Feature","geometry":{"type":"Point","coordinates":[23.297967,42.702452]},"properties":{"line":"ТМ3","mode":"tram","color":"#d6212b","colorDark":"#7c1116","band":1,"off":[0,1.1]}},{"type":"Feature","geometry":{"type":"Point","coordinates":[23.297967,42.702452]},"properties":{"line":"ТМ6","mode":"tram","color":"#d6212b","colorDark":"#7c1116","band":1,"off":[3.4,1.1]}},{"type":"Feature","geometry":{"type":"Point","coordinates":[23.297967,42.702452]},"properties":{"line":"ТМ10","mode":"tram","color":"#d6212b","colorDark":"#7c1116","band":1,"off":[6.8,1.1]}},{"type":"Feature","geometry":{"type":"Point","coordinates":[23.297967,42.702452]},"properties":{"line":"ТМ13","mode":"tram","color":"#d6212b","colorDark":"#7c1116","band":1,"off":[0,3.1]}},{"type":"Feature","geometry":{"type":"Point","coordinates":[23.356233,42.818506]},"properties":{"name":"ГАРА КУРИЛО","band":1,"modes":"bus","arr":["23"],"off":[0,-0.8]}},{"type":"Feature","geometry":{"type":"Point","coordinates":[23.356233,42.818506]},"properties":{"line":"23","mode":"bus","color":"#0059a9","colorDark":"#00294f","band":1,"off":[0,1.1]}},{"type":"Feature","geometry":{"type":"Point","coordinates":[23.378373,42.805198]},"properties":{"name":"НАЧАЛО КВ. ГНИЛЯНЕ","band":1,"modes":"bus","arr":["26"],"off":[0,-0.8]}},{"type":"Feature","geometry":{"type":"Point","coordinates":[23.378373,42.805198]},"properties":{"line":"26","mode":"bus","color":"#0059a9","colorDark":"#00294f","band":1,"off":[0,1.1]}},{"type":"Feature","geometry":{"type":"Point","coordinates":[23.36167,42.753471]},"properties":{"name":"МАНАСТИР СВ. МИНА","band":1,"modes":"bus","arr":["24"],"off":[0,-0.8]}},{"type":"Feature","geometry":{"type":"Point","coordinates":[23.36167,42.753471]},"properties":{"line":"24","mode":"bus","color":"#0059a9","colorDark":"#00294f","band":1,"off":[0,1.1]}},{"type":"Feature","geometry":{"type":"Point","coordinates":[23.317281,42.738071]},"properties":{"name":"СТАДИОН ЛОКОМОТИВ","band":1,"modes":"bus","arr":["83","108"],"off":[0,-0.8]}},{"type":"Feature","geometry":{"type":"Point","coordinates":[23.317281,42.738071]},"properties":{"line":"83","mode":"bus","color":"#0059a9","colorDark":"#00294f","band":1,"off":[-1.7,1.1]}},{"type":"Feature","geometry":{"type":"Point","coordinates":[23.317281,42.738071]},"properties":{"line":"108","mode":"bus","color":"#0059a9","colorDark":"#00294f","band":1,"off":[1.7,1.1]}},{"type":"Feature","geometry":{"type":"Point","coordinates":[23.314146,42.726682]},"properties":{"name":"МОДНА КЪЩА АГРЕСИЯ","band":1,"modes":"bus","arr":["26","29","413"],"off":[0,-0.8]}},{"type":"Feature","geometry":{"type":"Point","coordinates":[23.314146,42.726682]},"properties":{"name":"ГАРА СОФИЯ СЕВЕР","band":1,"modes":"bus","arr":["26","29","413"],"off":[0,-1.9]}},{"type":"Feature","geometry":{"type":"Point","coordinates":[23.314146,42.726682]},"properties":{"line":"26","mode":"bus","color":"#0059a9","colorDark":"#00294f","band":1,"off":[-3.4,1.1]}},{"type":"Feature","geometry":{"type":"Point","coordinates":[23.314146,42.726682]},"properties":{"line":"29","mode":"bus","color":"#0059a9","colorDark":"#00294f","band":1,"off":[0,1.1]}},{"type":"Feature","geometry":{"type":"Point","coordinates":[23.314146,42.726682]},"properties":{"line":"413","mode":"bus","color":"#0059a9","colorDark":"#00294f","band":1,"off":[3.4,1.1]}},{"type":"Feature","geometry":{"type":"Point","coordinates":[23.268105,42.73682]},"properties":{"name":"Ж.К. ОБЕЛЯ-1","band":1,"modes":"bus","arr":["26"],"off":[0,-0.8]}},{"type":"Feature","geometry":{"type":"Point","coordinates":[23.268105,42.73682]},"properties":{"name":"Ж. К. ОБЕЛЯ 1","band":1,"modes":"bus","arr":["26"],"off":[0,-1.9]}},{"type":"Feature","geometry":{"type":"Point","coordinates":[23.268105,42.73682]},"properties":{"line":"26","mode":"bus","color":"#0059a9","colorDark":"#00294f","band":1,"off":[0,1.1]}},{"type":"Feature","geometry":{"type":"Point","coordinates":[23.304058,42.790495]},"properties":{"name":"СЕЛО МИРОВЯНЕ - ПО ЖЕЛАНИЕ","band":1,"modes":"bus","arr":["26","29"],"off":[0,-0.8]}},{"type":"Feature","geometry":{"type":"Point","coordinates":[23.304058,42.790495]},"properties":{"line":"26","mode":"bus","color":"#0059a9","colorDark":"#00294f","band":1,"off":[-1.7,1.1]}},{"type":"Feature","geometry":{"type":"Point","coordinates":[23.304058,42.790495]},"properties":{"line":"29","mode":"bus","color":"#0059a9","colorDark":"#00294f","band":1,"off":[1.7,1.1]}},{"type":"Feature","geometry":{"type":"Point","coordinates":[23.319126,42.845161]},"properties":{"name":"СЕЛО КЪТИНА","band":1,"modes":"bus","arr":["27"],"off":[0,-0.8]}},{"type":"Feature","geometry":{"type":"Point","coordinates":[23.319126,42.845161]},"properties":{"line":"27","mode":"bus","color":"#0059a9","colorDark":"#00294f","band":1,"off":[0,1.1]}},{"type":"Feature","geometry":{"type":"Point","coordinates":[23.3124,42.713049]},"properties":{"name":"ПЕТА ГРАДСКА БОЛНИЦА","band":1,"modes":"bus","arr":["27","ТБ1"],"off":[0,-0.8]}},{"type":"Feature","geometry":{"type":"Point","coordinates":[23.3124,42.713049]},"properties":{"name":"МЕТРОСТАНЦИЯ КН. МАРИЯ ЛУИЗА","band":1,"modes":"bus","arr":["27","ТБ1"],"off":[0,-3]}},{"type":"Feature","geometry":{"type":"Point","coordinates":[23.3124,42.713049]},"properties":{"line":"27","mode":"bus","color":"#0059a9","colorDark":"#00294f","band":1,"off":[-1.7,1.1]}},{"type":"Feature","geometry":{"type":"Point","coordinates":[23.3124,42.713049]},"properties":{"line":"ТБ1","mode":"bus","color":"#149a3f","colorDark":"#0a5121","band":1,"off":[1.7,1.1]}},{"type":"Feature","geometry":{"type":"Point","coordinates":[23.273307,42.784571]},"properties":{"name":"ЦЕНТЪР С. МРАМОР","band":1,"modes":"bus","arr":["28"],"off":[0,-0.8]}},{"type":"Feature","geometry":{"type":"Point","coordinates":[23.273307,42.784571]},"properties":{"line":"28","mode":"bus","color":"#0059a9","colorDark":"#00294f","band":1,"off":[0,1.1]}},{"type":"Feature","geometry":{"type":"Point","coordinates":[23.426234,42.758404]},"properties":{"name":"СЕЛО ЧЕПИНЦИ","band":1,"modes":"bus","arr":["28"],"off":[0,-0.8]}},{"type":"Feature","geometry":{"type":"Point","coordinates":[23.426234,42.758404]},"properties":{"line":"28","mode":"bus","color":"#0059a9","colorDark":"#00294f","band":1,"off":[0,1.1]}},{"type":"Feature","geometry":{"type":"Point","coordinates":[23.2644,42.854473]},"properties":{"name":"СЕЛО БАЛША","band":1,"modes":"bus","arr":["29","30"],"off":[0,-0.8]}},{"type":"Feature","geometry":{"type":"Point","coordinates":[23.2644,42.854473]},"properties":{"line":"29","mode":"bus","color":"#0059a9","colorDark":"#00294f","band":1,"off":[-1.7,1.1]}},{"type":"Feature","geometry":{"type":"Point","coordinates":[23.2644,42.854473]},"properties":{"line":"30","mode":"bus","color":"#0059a9","colorDark":"#00294f","band":1,"off":[1.7,1.1]}},{"type":"Feature","geometry":{"type":"Point","coordinates":[23.261516,42.726421]},"properties":{"name":"СЛИВНИЦА","band":1,"modes":"bus,metro","arr":["30","31","47","49","54","81","150","M1","M4"],"off":[0,-0.8]}},{"type":"Feature","geometry":{"type":"Point","coordinates":[23.261516,42.726421]},"properties":{"name":"МЕТРОСТАНЦИЯ СЛИВНИЦА","band":1,"modes":"bus,metro","arr":["30","31","47","49","54","81","150","M1","M4"],"off":[0,-1.9]}},{"type":"Feature","geometry":{"type":"Point","coordinates":[23.261516,42.726421]},"properties":{"line":"30","mode":"bus","color":"#0059a9","colorDark":"#00294f","band":1,"off":[-6.8,1.1]}},{"type":"Feature","geometry":{"type":"Point","coordinates":[23.261516,42.726421]},"properties":{"line":"31","mode":"bus","color":"#0059a9","colorDark":"#00294f","band":1,"off":[-3.4,1.1]}},{"type":"Feature","geometry":{"type":"Point","coordinates":[23.261516,42.726421]},"properties":{"line":"47","mode":"bus","color":"#0059a9","colorDark":"#00294f","band":1,"off":[0,1.1]}},{"type":"Feature","geometry":{"type":"Point","coordinates":[23.261516,42.726421]},"properties":{"line":"49","mode":"bus","color":"#0059a9","colorDark":"#00294f","band":1,"off":[3.4,1.1]}},{"type":"Feature","geometry":{"type":"Point","coordinates":[23.261516,42.726421]},"properties":{"line":"54","mode":"bus","color":"#0059a9","colorDark":"#00294f","band":1,"off":[6.8,1.1]}},{"type":"Feature","geometry":{"type":"Point","coordinates":[23.261516,42.726421]},"properties":{"line":"81","mode":"bus","color":"#0059a9","colorDark":"#00294f","band":1,"off":[-5.1,3.1]}},{"type":"Feature","geometry":{"type":"Point","coordinates":[23.261516,42.726421]},"properties":{"line":"150","mode":"bus","color":"#0059a9","colorDark":"#00294f","band":1,"off":[-1.7,3.1]}},{"type":"Feature","geometry":{"type":"Point","coordinates":[23.261516,42.726421]},"properties":{"line":"M1","mode":"tram","color":"#EB2227","colorDark":"#811315","band":1,"metro":1,"off":[1.7,3.1]}},{"type":"Feature","geometry":{"type":"Point","coordinates":[23.261516,42.726421]},"properties":{"line":"M4","mode":"tram","color":"#FFDE17","colorDark":"#8c7a0d","band":1,"metro":1,"off":[5.1,3.1]}},{"type":"Feature","geometry":{"type":"Point","coordinates":[23.239199,42.82853]},"properties":{"name":"СЕЛО ГОЛЯНОВЦИ","band":1,"modes":"bus","arr":["31"],"off":[0,-0.8]}},{"type":"Feature","geometry":{"type":"Point","coordinates":[23.239199,42.82853]},"properties":{"line":"31","mode":"bus","color":"#0059a9","colorDark":"#00294f","band":1,"off":[0,1.1]}},{"type":"Feature","geometry":{"type":"Point","coordinates":[23.119684,42.685227]},"properties":{"name":"КРАЯ НА КВ. МИХАЙЛОВО","band":1,"modes":"bus","arr":["42"],"off":[0,-0.8]}},{"type":"Feature","geometry":{"type":"Point","coordinates":[23.119684,42.685227]},"properties":{"line":"42","mode":"bus","color":"#0059a9","colorDark":"#00294f","band":1,"off":[0,1.1]}},{"type":"Feature","geometry":{"type":"Point","coordinates":[23.261855,42.722723]},"properties":{"name":"УЛ. ТЪРНОВО","band":1,"modes":"bus","arr":["42"],"off":[0,-0.8]}},{"type":"Feature","geometry":{"type":"Point","coordinates":[23.261855,42.722723]},"properties":{"name":"Ж.К. ЛЮЛИН-8","band":1,"modes":"bus","arr":["42"],"off":[0,-1.9]}},{"type":"Feature","geometry":{"type":"Point","coordinates":[23.261855,42.722723]},"properties":{"line":"42","mode":"bus","color":"#0059a9","colorDark":"#00294f","band":1,"off":[0,1.1]}},{"type":"Feature","geometry":{"type":"Point","coordinates":[23.181232,42.706239]},"properties":{"name":"КВ. ИВАНЯНЕ","band":1,"modes":"bus","arr":["44","81"],"off":[0,-0.8]}},{"type":"Feature","geometry":{"type":"Point","coordinates":[23.181232,42.706239]},"properties":{"line":"44","mode":"bus","color":"#0059a9","colorDark":"#00294f","band":1,"off":[-1.7,1.1]}},{"type":"Feature","geometry":{"type":"Point","coordinates":[23.181232,42.706239]},"properties":{"line":"81","mode":"bus","color":"#0059a9","colorDark":"#00294f","band":1,"off":[1.7,1.1]}},{"type":"Feature","geometry":{"type":"Point","coordinates":[23.152269,42.708239]},"properties":{"name":"АВТОСТАНЦИЯ БАНКЯ","band":1,"modes":"bus","arr":["44","46","47","X43"],"off":[0,-0.8]}},{"type":"Feature","geometry":{"type":"Point","coordinates":[23.152269,42.708239]},"properties":{"line":"44","mode":"bus","color":"#0059a9","colorDark":"#00294f","band":1,"off":[-5.1,1.1]}},{"type":"Feature","geometry":{"type":"Point","coordinates":[23.152269,42.708239]},"properties":{"line":"46","mode":"bus","color":"#0059a9","colorDark":"#00294f","band":1,"off":[-1.7,1.1]}},{"type":"Feature","geometry":{"type":"Point","coordinates":[23.152269,42.708239]},"properties":{"line":"47","mode":"bus","color":"#0059a9","colorDark":"#00294f","band":1,"off":[1.7,1.1]}},{"type":"Feature","geometry":{"type":"Point","coordinates":[23.152269,42.708239]},"properties":{"line":"X43","mode":"bus","color":"#0059a9","colorDark":"#00294f","band":1,"off":[5.1,1.1]}},{"type":"Feature","geometry":{"type":"Point","coordinates":[23.078008,42.726112]},"properties":{"name":"МАНАСТИР СВ. ПЕТКА ПАРАСКЕВА","band":1,"modes":"bus","arr":["46"],"off":[0,-0.8]}},{"type":"Feature","geometry":{"type":"Point","coordinates":[23.078008,42.726112]},"properties":{"line":"46","mode":"bus","color":"#0059a9","colorDark":"#00294f","band":1,"off":[0,1.1]}},{"type":"Feature","geometry":{"type":"Point","coordinates":[23.138823,42.685672]},"properties":{"name":"КВ. ГРАДОМАН","band":1,"modes":"bus","arr":["47"],"off":[0,-0.8]}},{"type":"Feature","geometry":{"type":"Point","coordinates":[23.138823,42.685672]},"properties":{"line":"47","mode":"bus","color":"#0059a9","colorDark":"#00294f","band":1,"off":[0,1.1]}},{"type":"Feature","geometry":{"type":"Point","coordinates":[23.08344,42.719122]},"properties":{"name":"КВ. КЛИСУРА","band":1,"modes":"bus","arr":["49"],"off":[0,-0.8]}},{"type":"Feature","geometry":{"type":"Point","coordinates":[23.08344,42.719122]},"properties":{"line":"49","mode":"bus","color":"#0059a9","colorDark":"#00294f","band":1,"off":[0,1.1]}},{"type":"Feature","geometry":{"type":"Point","coordinates":[23.181164,42.775522]},"properties":{"name":"ПЪТЕН ВЪЗЕЛ КАЛОТИНА","band":1,"modes":"bus","arr":["54"],"off":[0,-0.8]}},{"type":"Feature","geometry":{"type":"Point","coordinates":[23.181164,42.775522]},"properties":{"line":"54","mode":"bus","color":"#0059a9","colorDark":"#00294f","band":1,"off":[0,1.1]}},{"type":"Feature","geometry":{"type":"Point","coordinates":[23.160218,42.682116]},"properties":{"name":"СЕЛО МАЛО БУЧИНО","band":1,"modes":"bus","arr":["56"],"off":[0,-0.8]}},{"type":"Feature","geometry":{"type":"Point","coordinates":[23.160218,42.682116]},"properties":{"line":"56","mode":"bus","color":"#0059a9","colorDark":"#00294f","band":1,"off":[0,1.1]}},{"type":"Feature","geometry":{"type":"Point","coordinates":[23.278672,42.701703]},"properties":{"name":"Ж.К. ЗАПАДЕН ПАРК","band":1,"modes":"bus,tram","arr":["56","72","77","ТМ1","ТМ10"],"off":[0,-0.8]}},{"type":"Feature","geometry":{"type":"Point","coordinates":[23.278672,42.701703]},"properties":{"name":"БЛ. 13 Ж.К. ЗАПАДЕН ПАРК","band":1,"modes":"bus,tram","arr":["56","72","77","ТМ1","ТМ10"],"off":[0,-1.9]}},{"type":"Feature","geometry":{"type":"Point","coordinates":[23.278672,42.701703]},"properties":{"line":"56","mode":"bus","color":"#0059a9","colorDark":"#00294f","band":1,"off":[-6.8,1.1]}},{"type":"Feature","geometry":{"type":"Point","coordinates":[23.278672,42.701703]},"properties":{"line":"72","mode":"bus","color":"#0059a9","colorDark":"#00294f","band":1,"off":[-3.4,1.1]}},{"type":"Feature","geometry":{"type":"Point","coordinates":[23.278672,42.701703]},"properties":{"line":"77","mode":"bus","color":"#0059a9","colorDark":"#00294f","band":1,"off":[0,1.1]}},{"type":"Feature","geometry":{"type":"Point","coordinates":[23.278672,42.701703]},"properties":{"line":"ТМ1","mode":"tram","color":"#d6212b","colorDark":"#7c1116","band":1,"off":[3.4,1.1]}},{"type":"Feature","geometry":{"type":"Point","coordinates":[23.278672,42.701703]},"properties":{"line":"ТМ10","mode":"tram","color":"#d6212b","colorDark":"#7c1116","band":1,"off":[6.8,1.1]}},{"type":"Feature","geometry":{"type":"Point","coordinates":[23.290309,42.711925]},"properties":{"name":"ГАРА ЗАХАРНА ФАБРИКА","band":1,"modes":"bus,tram","arr":["56","ТМ3","ТМ10","ТМ13"],"off":[0,-0.8]}},{"type":"Feature","geometry":{"type":"Point","coordinates":[23.290309,42.711925]},"properties":{"name":"Гара Захарна фабрика","band":1,"modes":"bus,tram","arr":["56","ТМ3","ТМ10","ТМ13"],"off":[0,-3]}},{"type":"Feature","geometry":{"type":"Point","coordinates":[23.290309,42.711925]},"properties":{"line":"56","mode":"bus","color":"#0059a9","colorDark":"#00294f","band":1,"off":[-5.1,1.1]}},{"type":"Feature","geometry":{"type":"Point","coordinates":[23.290309,42.711925]},"properties":{"line":"ТМ3","mode":"tram","color":"#d6212b","colorDark":"#7c1116","band":1,"off":[-1.7,1.1]}},{"type":"Feature","geometry":{"type":"Point","coordinates":[23.290309,42.711925]},"properties":{"line":"ТМ10","mode":"tram","color":"#d6212b","colorDark":"#7c1116","band":1,"off":[1.7,1.1]}},{"type":"Feature","geometry":{"type":"Point","coordinates":[23.290309,42.711925]},"properties":{"line":"ТМ13","mode":"tram","color":"#d6212b","colorDark":"#7c1116","band":1,"off":[5.1,1.1]}},{"type":"Feature","geometry":{"type":"Point","coordinates":[23.185937,42.622703]},"properties":{"name":"ГАРА ВЛАДАЯ","band":1,"modes":"bus","arr":["58"],"off":[0,-0.8]}},{"type":"Feature","geometry":{"type":"Point","coordinates":[23.185937,42.622703]},"properties":{"line":"58","mode":"bus","color":"#0059a9","colorDark":"#00294f","band":1,"off":[0,1.1]}},{"type":"Feature","geometry":{"type":"Point","coordinates":[23.240918,42.658485]},"properties":{"name":"КВ. КНЯЖЕВО","band":1,"modes":"bus,tram","arr":["58","59","804","ТМ5","ТМ11"],"off":[0,-0.8]}},{"type":"Feature","geometry":{"type":"Point","coordinates":[23.240918,42.658485]},"properties":{"name":"АВТОСТАНЦИЯ КНЯЖЕВО","band":1,"modes":"bus,tram","arr":["58","59","804","ТМ5","ТМ11"],"off":[0,-1.9]}},{"type":"Feature","geometry":{"type":"Point","coordinates":[23.240918,42.658485]},"properties":{"line":"58","mode":"bus","color":"#0059a9","colorDark":"#00294f","band":1,"off":[-6.8,1.1]}},{"type":"Feature","geometry":{"type":"Point","coordinates":[23.240918,42.658485]},"properties":{"line":"59","mode":"bus","color":"#0059a9","colorDark":"#00294f","band":1,"off":[-3.4,1.1]}},{"type":"Feature","geometry":{"type":"Point","coordinates":[23.240918,42.658485]},"properties":{"line":"804","mode":"bus","color":"#0059a9","colorDark":"#00294f","band":1,"off":[0,1.1]}},{"type":"Feature","geometry":{"type":"Point","coordinates":[23.240918,42.658485]},"properties":{"line":"ТМ5","mode":"tram","color":"#d6212b","colorDark":"#7c1116","band":1,"off":[3.4,1.1]}},{"type":"Feature","geometry":{"type":"Point","coordinates":[23.240918,42.658485]},"properties":{"line":"ТМ11","mode":"tram","color":"#d6212b","colorDark":"#7c1116","band":1,"off":[6.8,1.1]}},{"type":"Feature","geometry":{"type":"Point","coordinates":[23.160689,42.594326]},"properties":{"name":"С. МЪРЧАЕВО-ТОЛУМСКА МАХАЛА","band":1,"modes":"bus","arr":["59"],"off":[0,-0.8]}},{"type":"Feature","geometry":{"type":"Point","coordinates":[23.160689,42.594326]},"properties":{"line":"59","mode":"bus","color":"#0059a9","colorDark":"#00294f","band":1,"off":[0,1.1]}},{"type":"Feature","geometry":{"type":"Point","coordinates":[23.256044,42.683081]},"properties":{"name":"МЕТРОСТАНЦИЯ МИЗИЯ","band":1,"modes":"bus","arr":["59"],"off":[0,-0.8]}},{"type":"Feature","geometry":{"type":"Point","coordinates":[23.256044,42.683081]},"properties":{"line":"59","mode":"bus","color":"#0059a9","colorDark":"#00294f","band":1,"off":[0,1.1]}},{"type":"Feature","geometry":{"type":"Point","coordinates":[23.235788,42.609788]},"properties":{"name":"ЗЛАТНИ МОСТОВЕ","band":1,"modes":"bus","arr":["61","63"],"off":[0,-0.8]}},{"type":"Feature","geometry":{"type":"Point","coordinates":[23.235788,42.609788]},"properties":{"line":"61","mode":"bus","color":"#0059a9","colorDark":"#00294f","band":1,"off":[-1.7,1.1]}},{"type":"Feature","geometry":{"type":"Point","coordinates":[23.235788,42.609788]},"properties":{"line":"63","mode":"bus","color":"#0059a9","colorDark":"#00294f","band":1,"off":[1.7,1.1]}},{"type":"Feature","geometry":{"type":"Point","coordinates":[23.28859,42.665813]},"properties":{"name":"УЛ. Т. КАБЛЕШКОВ","band":1,"modes":"bus","arr":["X10"],"off":[0,-0.8]}},{"type":"Feature","geometry":{"type":"Point","coordinates":[23.28859,42.665813]},"properties":{"line":"X10","mode":"bus","color":"#0059a9","colorDark":"#00294f","band":1,"off":[0,1.1]}},{"type":"Feature","geometry":{"type":"Point","coordinates":[23.293631,42.672567]},"properties":{"name":"БУЛ. БЪЛГАРИЯ","band":1,"modes":"bus","arr":["61"],"off":[0,-0.8]}},{"type":"Feature","geometry":{"type":"Point","coordinates":[23.293631,42.672567]},"properties":{"line":"61","mode":"bus","color":"#0059a9","colorDark":"#00294f","band":1,"off":[0,1.1]}},{"type":"Feature","geometry":{"type":"Point","coordinates":[23.319881,42.683055]},"properties":{"name":"БУЛ. ЧЕРНИ ВРЪХ","band":1,"modes":"bus","arr":["61"],"off":[0,-0.8]}},{"type":"Feature","geometry":{"type":"Point","coordinates":[23.319881,42.683055]},"properties":{"line":"61","mode":"bus","color":"#0059a9","colorDark":"#00294f","band":1,"off":[0,1.1]}},{"type":"Feature","geometry":{"type":"Point","coordinates":[23.272658,42.659135]},"properties":{"name":"Ж.К. БЪКСТОН","band":1,"modes":"bus","arr":["X10","ТБ2"],"off":[0,-0.8]}},{"type":"Feature","geometry":{"type":"Point","coordinates":[23.272658,42.659135]},"properties":{"line":"X10","mode":"bus","color":"#0059a9","colorDark":"#00294f","band":1,"off":[-1.7,1.1]}},{"type":"Feature","geometry":{"type":"Point","coordinates":[23.272658,42.659135]},"properties":{"line":"ТБ2","mode":"bus","color":"#149a3f","colorDark":"#0a5121","band":1,"off":[1.7,1.1]}},{"type":"Feature","geometry":{"type":"Point","coordinates":[23.299036,42.68659]},"properties":{"name":"БУЛ. ЦАР БОРИС ІІІ","band":1,"modes":"bus","arr":["63"],"off":[0,-0.8]}},{"type":"Feature","geometry":{"type":"Point","coordinates":[23.299036,42.68659]},"properties":{"line":"63","mode":"bus","color":"#0059a9","colorDark":"#00294f","band":1,"off":[0,1.1]}},{"type":"Feature","geometry":{"type":"Point","coordinates":[23.284124,42.67895]},"properties":{"name":"КРАСНО СЕЛО","band":1,"modes":"bus,metro","arr":["63","65","M3","ТБ801"],"off":[0,-0.8]}},{"type":"Feature","geometry":{"type":"Point","coordinates":[23.284124,42.67895]},"properties":{"name":"Ж.К. КРАСНО СЕЛО","band":1,"modes":"bus,metro","arr":["63","65","M3","ТБ801"],"off":[0,-1.9]}},{"type":"Feature","geometry":{"type":"Point","coordinates":[23.284124,42.67895]},"properties":{"name":"Ж.к. Красно село","band":1,"modes":"bus,metro","arr":["63","65","M3","ТБ801"],"off":[0,-3]}},{"type":"Feature","geometry":{"type":"Point","coordinates":[23.284124,42.67895]},"properties":{"line":"63","mode":"bus","color":"#0059a9","colorDark":"#00294f","band":1,"off":[-5.1,1.1]}},{"type":"Feature","geometry":{"type":"Point","coordinates":[23.284124,42.67895]},"properties":{"line":"65","mode":"bus","color":"#0059a9","colorDark":"#00294f","band":1,"off":[-1.7,1.1]}},{"type":"Feature","geometry":{"type":"Point","coordinates":[23.284124,42.67895]},"properties":{"line":"M3","mode":"tram","color":"#39B54A","colorDark":"#1f6429","band":1,"metro":1,"off":[1.7,1.1]}},{"type":"Feature","geometry":{"type":"Point","coordinates":[23.284124,42.67895]},"properties":{"line":"ТБ801","mode":"bus","color":"#149a3f","colorDark":"#0a5121","band":1,"off":[5.1,1.1]}},{"type":"Feature","geometry":{"type":"Point","coordinates":[23.272801,42.657283]},"properties":{"name":"НИМ","band":1,"modes":"bus","arr":["304"],"off":[0,-0.8]}},{"type":"Feature","geometry":{"type":"Point","coordinates":[23.272801,42.657283]},"properties":{"line":"304","mode":"bus","color":"#0059a9","colorDark":"#00294f","band":1,"off":[0,1.1]}},{"type":"Feature","geometry":{"type":"Point","coordinates":[23.245051,42.645919]},"properties":{"name":"УЛ. БЯЛАТА ЧЕШМА","band":1,"modes":"bus","arr":["63"],"off":[0,-0.8]}},{"type":"Feature","geometry":{"type":"Point","coordinates":[23.245051,42.645919]},"properties":{"line":"63","mode":"bus","color":"#0059a9","colorDark":"#00294f","band":1,"off":[0,1.1]}},{"type":"Feature","geometry":{"type":"Point","coordinates":[23.301554,42.681835]},"properties":{"name":"ЦЕНТЪР ПО ХИГИЕНА","band":1,"modes":"bus","arr":["64"],"off":[0,-0.8]}},{"type":"Feature","geometry":{"type":"Point","coordinates":[23.301554,42.681835]},"properties":{"line":"64","mode":"bus","color":"#0059a9","colorDark":"#00294f","band":1,"off":[0,1.1]}},{"type":"Feature","geometry":{"type":"Point","coordinates":[23.316879,42.659317]},"properties":{"name":"МЕТРОСТАНЦИЯ ВИТОША","band":1,"modes":"bus,metro,tram","arr":["66","68","98","M2","ТМ10","ТМ13","ТМ15"],"off":[0,-0.8]}},{"type":"Feature","geometry":{"type":"Point","coordinates":[23.316879,42.659317]},"properties":{"name":"ВИТОША","band":1,"modes":"bus,metro,tram","arr":["66","68","98","M2","ТМ10","ТМ13","ТМ15"],"off":[0,-3]}},{"type":"Feature","geometry":{"type":"Point","coordinates":[23.316879,42.659317]},"properties":{"line":"66","mode":"bus","color":"#0059a9","colorDark":"#00294f","band":1,"off":[-6.8,1.1]}},{"type":"Feature","geometry":{"type":"Point","coordinates":[23.316879,42.659317]},"properties":{"line":"68","mode":"bus","color":"#0059a9","colorDark":"#00294f","band":1,"off":[-3.4,1.1]}},{"type":"Feature","geometry":{"type":"Point","coordinates":[23.316879,42.659317]},"properties":{"line":"98","mode":"bus","color":"#0059a9","colorDark":"#00294f","band":1,"off":[0,1.1]}},{"type":"Feature","geometry":{"type":"Point","coordinates":[23.316879,42.659317]},"properties":{"line":"M2","mode":"tram","color":"#1C75BC","colorDark":"#0f4067","band":1,"metro":1,"off":[3.4,1.1]}},{"type":"Feature","geometry":{"type":"Point","coordinates":[23.316879,42.659317]},"properties":{"line":"ТМ10","mode":"tram","color":"#d6212b","colorDark":"#7c1116","band":1,"off":[6.8,1.1]}},{"type":"Feature","geometry":{"type":"Point","coordinates":[23.316879,42.659317]},"properties":{"line":"ТМ13","mode":"tram","color":"#d6212b","colorDark":"#7c1116","band":1,"off":[-1.7,3.1]}},{"type":"Feature","geometry":{"type":"Point","coordinates":[23.316879,42.659317]},"properties":{"line":"ТМ15","mode":"tram","color":"#d6212b","colorDark":"#7c1116","band":1,"off":[1.7,3.1]}},{"type":"Feature","geometry":{"type":"Point","coordinates":[23.328443,42.658253]},"properties":{"name":"ЗООПАРКА","band":1,"modes":"bus","arr":["64","66","68","83","88","98","120"],"off":[0,-0.8]}},{"type":"Feature","geometry":{"type":"Point","coordinates":[23.328443,42.658253]},"properties":{"line":"64","mode":"bus","color":"#0059a9","colorDark":"#00294f","band":1,"off":[-6.8,1.1]}},{"type":"Feature","geometry":{"type":"Point","coordinates":[23.328443,42.658253]},"properties":{"line":"66","mode":"bus","color":"#0059a9","colorDark":"#00294f","band":1,"off":[-3.4,1.1]}},{"type":"Feature","geometry":{"type":"Point","coordinates":[23.328443,42.658253]},"properties":{"line":"68","mode":"bus","color":"#0059a9","colorDark":"#00294f","band":1,"off":[0,1.1]}},{"type":"Feature","geometry":{"type":"Point","coordinates":[23.328443,42.658253]},"properties":{"line":"83","mode":"bus","color":"#0059a9","colorDark":"#00294f","band":1,"off":[3.4,1.1]}},{"type":"Feature","geometry":{"type":"Point","coordinates":[23.328443,42.658253]},"properties":{"line":"88","mode":"bus","color":"#0059a9","colorDark":"#00294f","band":1,"off":[6.8,1.1]}},{"type":"Feature","geometry":{"type":"Point","coordinates":[23.328443,42.658253]},"properties":{"line":"98","mode":"bus","color":"#0059a9","colorDark":"#00294f","band":1,"off":[-1.7,3.1]}},{"type":"Feature","geometry":{"type":"Point","coordinates":[23.328443,42.658253]},"properties":{"line":"120","mode":"bus","color":"#0059a9","colorDark":"#00294f","band":1,"off":[1.7,3.1]}},{"type":"Feature","geometry":{"type":"Point","coordinates":[23.266071,42.644268]},"properties":{"name":"БОЯНСКА ЦЪРКВА","band":1,"modes":"bus","arr":["65"],"off":[0,-0.8]}},{"type":"Feature","geometry":{"type":"Point","coordinates":[23.266071,42.644268]},"properties":{"line":"65","mode":"bus","color":"#0059a9","colorDark":"#00294f","band":1,"off":[0,1.1]}},{"type":"Feature","geometry":{"type":"Point","coordinates":[23.272574,42.672173]},"properties":{"name":"КВ. ОВЧА КУПЕЛ","band":1,"modes":"bus,tram","arr":["103","107","ТМ4","ТМ5"],"off":[0,-0.8]}},{"type":"Feature","geometry":{"type":"Point","coordinates":[23.272574,42.672173]},"properties":{"name":"Кв. Овча купел","band":1,"modes":"bus,tram","arr":["103","107","ТМ4","ТМ5"],"off":[0,-1.9]}},{"type":"Feature","geometry":{"type":"Point","coordinates":[23.272574,42.672173]},"properties":{"name":"АВТОСТАНЦИЯ ОВЧА КУПЕЛ","band":1,"modes":"bus,tram","arr":["103","107","ТМ4","ТМ5"],"off":[0,-3]}},{"type":"Feature","geometry":{"type":"Point","coordinates":[23.272574,42.672173]},"properties":{"line":"103","mode":"bus","color":"#0059a9","colorDark":"#00294f","band":1,"off":[-5.1,1.1]}},{"type":"Feature","geometry":{"type":"Point","coordinates":[23.272574,42.672173]},"properties":{"line":"107","mode":"bus","color":"#0059a9","colorDark":"#00294f","band":1,"off":[-1.7,1.1]}},{"type":"Feature","geometry":{"type":"Point","coordinates":[23.272574,42.672173]},"properties":{"line":"ТМ4","mode":"tram","color":"#d6212b","colorDark":"#7c1116","band":1,"off":[1.7,1.1]}},{"type":"Feature","geometry":{"type":"Point","coordinates":[23.272574,42.672173]},"properties":{"line":"ТМ5","mode":"tram","color":"#d6212b","colorDark":"#7c1116","band":1,"off":[5.1,1.1]}},{"type":"Feature","geometry":{"type":"Point","coordinates":[23.292219,42.583342]},"properties":{"name":"ХИЖА АЛЕКО","band":1,"modes":"bus","arr":["66"],"off":[0,-0.8]}},{"type":"Feature","geometry":{"type":"Point","coordinates":[23.292219,42.583342]},"properties":{"line":"66","mode":"bus","color":"#0059a9","colorDark":"#00294f","band":1,"off":[0,1.1]}},{"type":"Feature","geometry":{"type":"Point","coordinates":[23.333965,42.674723]},"properties":{"name":"СЕМИНАРИЯТА","band":1,"modes":"bus","arr":["67"],"off":[0,-0.8]}},{"type":"Feature","geometry":{"type":"Point","coordinates":[23.333965,42.674723]},"properties":{"line":"67","mode":"bus","color":"#0059a9","colorDark":"#00294f","band":1,"off":[0,1.1]}},{"type":"Feature","geometry":{"type":"Point","coordinates":[23.350985,42.671338]},"properties":{"name":"СТЦ ИНТЕРПРЕД","band":1,"modes":"bus","arr":["97"],"off":[0,-0.8]}},{"type":"Feature","geometry":{"type":"Point","coordinates":[23.350985,42.671338]},"properties":{"name":"МЕТРОСТАНЦИЯ ФР. ЖОЛИО-КЮРИ","band":1,"modes":"bus","arr":["97"],"off":[0,-1.9]}},{"type":"Feature","geometry":{"type":"Point","coordinates":[23.350985,42.671338]},"properties":{"line":"97","mode":"bus","color":"#0059a9","colorDark":"#00294f","band":1,"off":[0,1.1]}},{"type":"Feature","geometry":{"type":"Point","coordinates":[23.35604,42.663626]},"properties":{"name":"НСБАЛ ПО ОНКОЛОГИЯ","band":1,"modes":"bus","arr":["67","69","70","97","294"],"off":[0,-0.8]}},{"type":"Feature","geometry":{"type":"Point","coordinates":[23.35604,42.663626]},"properties":{"name":"МЕТРОСТАНЦИЯ Г. М. ДИМИТРОВ","band":1,"modes":"bus","arr":["67","69","70","97","294"],"off":[0,-1.9]}},{"type":"Feature","geometry":{"type":"Point","coordinates":[23.35604,42.663626]},"properties":{"name":"Ж.К. ДИАНАБАД","band":1,"modes":"bus","arr":["67","69","70","97","294"],"off":[0,-4.1]}},{"type":"Feature","geometry":{"type":"Point","coordinates":[23.35604,42.663626]},"properties":{"line":"67","mode":"bus","color":"#0059a9","colorDark":"#00294f","band":1,"off":[-6.8,1.1]}},{"type":"Feature","geometry":{"type":"Point","coordinates":[23.35604,42.663626]},"properties":{"line":"69","mode":"bus","color":"#0059a9","colorDark":"#00294f","band":1,"off":[-3.4,1.1]}},{"type":"Feature","geometry":{"type":"Point","coordinates":[23.35604,42.663626]},"properties":{"line":"70","mode":"bus","color":"#0059a9","colorDark":"#00294f","band":1,"off":[0,1.1]}},{"type":"Feature","geometry":{"type":"Point","coordinates":[23.35604,42.663626]},"properties":{"line":"97","mode":"bus","color":"#0059a9","colorDark":"#00294f","band":1,"off":[3.4,1.1]}},{"type":"Feature","geometry":{"type":"Point","coordinates":[23.35604,42.663626]},"properties":{"line":"294","mode":"bus","color":"#0059a9","colorDark":"#00294f","band":1,"off":[6.8,1.1]}},{"type":"Feature","geometry":{"type":"Point","coordinates":[23.339006,42.612113]},"properties":{"name":"КВ. СИМЕОНОВО","band":1,"modes":"bus","arr":["67","68"],"off":[0,-0.8]}},{"type":"Feature","geometry":{"type":"Point","coordinates":[23.339006,42.612113]},"properties":{"line":"67","mode":"bus","color":"#0059a9","colorDark":"#00294f","band":1,"off":[-1.7,1.1]}},{"type":"Feature","geometry":{"type":"Point","coordinates":[23.339006,42.612113]},"properties":{"line":"68","mode":"bus","color":"#0059a9","colorDark":"#00294f","band":1,"off":[1.7,1.1]}},{"type":"Feature","geometry":{"type":"Point","coordinates":[23.334354,42.638493]},"properties":{"name":"ХОТЕЛ АМБАСАДОР","band":1,"modes":"bus","arr":["97"],"off":[0,-0.8]}},{"type":"Feature","geometry":{"type":"Point","coordinates":[23.334354,42.638493]},"properties":{"line":"97","mode":"bus","color":"#0059a9","colorDark":"#00294f","band":1,"off":[0,1.1]}},{"type":"Feature","geometry":{"type":"Point","coordinates":[23.333255,42.49982]},"properties":{"name":"МЕСТНОСТ ЯРЕМА","band":1,"modes":"bus","arr":["69"],"off":[0,-0.8]}},{"type":"Feature","geometry":{"type":"Point","coordinates":[23.333255,42.49982]},"properties":{"line":"69","mode":"bus","color":"#0059a9","colorDark":"#00294f","band":1,"off":[0,1.1]}},{"type":"Feature","geometry":{"type":"Point","coordinates":[23.360201,42.524475]},"properties":{"name":"ЦАРЕВА МАХАЛА","band":1,"modes":"bus","arr":["69"],"off":[0,-0.8]}},{"type":"Feature","geometry":{"type":"Point","coordinates":[23.360201,42.524475]},"properties":{"line":"69","mode":"bus","color":"#0059a9","colorDark":"#00294f","band":1,"off":[0,1.1]}},{"type":"Feature","geometry":{"type":"Point","coordinates":[23.366338,42.533842]},"properties":{"name":"КМЕТСТВО ЖЕЛЕЗНИЦА","band":1,"modes":"bus","arr":["98"],"off":[0,-0.8]}},{"type":"Feature","geometry":{"type":"Point","coordinates":[23.366338,42.533842]},"properties":{"line":"98","mode":"bus","color":"#0059a9","colorDark":"#00294f","band":1,"off":[0,1.1]}},{"type":"Feature","geometry":{"type":"Point","coordinates":[23.360471,42.586252]},"properties":{"name":"СЕЛО БИСТРИЦА","band":1,"modes":"bus","arr":["314"],"off":[0,-0.8]}},{"type":"Feature","geometry":{"type":"Point","coordinates":[23.360471,42.586252]},"properties":{"line":"314","mode":"bus","color":"#0059a9","colorDark":"#00294f","band":1,"off":[0,1.1]}},{"type":"Feature","geometry":{"type":"Point","coordinates":[23.408552,42.487151]},"properties":{"name":"СЕЛО ПЛАНА","band":1,"modes":"bus","arr":["70"],"off":[0,-0.8]}},{"type":"Feature","geometry":{"type":"Point","coordinates":[23.408552,42.487151]},"properties":{"line":"70","mode":"bus","color":"#0059a9","colorDark":"#00294f","band":1,"off":[0,1.1]}},{"type":"Feature","geometry":{"type":"Point","coordinates":[23.359824,42.676671]},"properties":{"name":"ХОТЕЛ ПЛИСКА","band":1,"modes":"bus","arr":["72"],"off":[0,-0.8]}},{"type":"Feature","geometry":{"type":"Point","coordinates":[23.359824,42.676671]},"properties":{"line":"72","mode":"bus","color":"#0059a9","colorDark":"#00294f","band":1,"off":[0,1.1]}},{"type":"Feature","geometry":{"type":"Point","coordinates":[23.383211,42.626262]},"properties":{"name":"Ж.К. МЛАДОСТ-4","band":1,"modes":"bus","arr":["76","213","N1"],"off":[0,-0.8]}},{"type":"Feature","geometry":{"type":"Point","coordinates":[23.383211,42.626262]},"properties":{"name":"БЛ. 480 Ж.К. МЛАДОСТ-4","band":1,"modes":"bus","arr":["76","213","N1"],"off":[0,-1.9]}},{"type":"Feature","geometry":{"type":"Point","coordinates":[23.383211,42.626262]},"properties":{"line":"76","mode":"bus","color":"#0059a9","colorDark":"#00294f","band":1,"off":[-3.4,1.1]}},{"type":"Feature","geometry":{"type":"Point","coordinates":[23.383211,42.626262]},"properties":{"line":"213","mode":"bus","color":"#0059a9","colorDark":"#00294f","band":1,"off":[0,1.1]}},{"type":"Feature","geometry":{"type":"Point","coordinates":[23.383211,42.626262]},"properties":{"line":"N1","mode":"bus","color":"#0059a9","colorDark":"#00294f","band":1,"off":[3.4,1.1]}},{"type":"Feature","geometry":{"type":"Point","coordinates":[23.297219,42.660561]},"properties":{"name":"Ж.К. ГОЦЕ ДЕЛЧЕВ","band":1,"modes":"bus","arr":["76","204","N4","ТБ7","ТБ8","ТБ74","ТБ288"],"off":[0,-0.8]}},{"type":"Feature","geometry":{"type":"Point","coordinates":[23.297219,42.660561]},"properties":{"name":"ж.к. Гоце Делчев","band":1,"modes":"bus","arr":["76","204","N4","ТБ7","ТБ8","ТБ74","ТБ288"],"off":[0,-1.9]}},{"type":"Feature","geometry":{"type":"Point","coordinates":[23.297219,42.660561]},"properties":{"line":"76","mode":"bus","color":"#0059a9","colorDark":"#00294f","band":1,"off":[-6.8,1.1]}},{"type":"Feature","geometry":{"type":"Point","coordinates":[23.297219,42.660561]},"properties":{"line":"204","mode":"bus","color":"#0059a9","colorDark":"#00294f","band":1,"off":[-3.4,1.1]}},{"type":"Feature","geometry":{"type":"Point","coordinates":[23.297219,42.660561]},"properties":{"line":"N4","mode":"bus","color":"#0059a9","colorDark":"#00294f","band":1,"off":[0,1.1]}},{"type":"Feature","geometry":{"type":"Point","coordinates":[23.297219,42.660561]},"properties":{"line":"ТБ7","mode":"bus","color":"#149a3f","colorDark":"#0a5121","band":1,"off":[3.4,1.1]}},{"type":"Feature","geometry":{"type":"Point","coordinates":[23.297219,42.660561]},"properties":{"line":"ТБ8","mode":"bus","color":"#149a3f","colorDark":"#0a5121","band":1,"off":[6.8,1.1]}},{"type":"Feature","geometry":{"type":"Point","coordinates":[23.297219,42.660561]},"properties":{"line":"ТБ74","mode":"bus","color":"#149a3f","colorDark":"#0a5121","band":1,"off":[-1.7,3.1]}},{"type":"Feature","geometry":{"type":"Point","coordinates":[23.297219,42.660561]},"properties":{"line":"ТБ288","mode":"bus","color":"#149a3f","colorDark":"#0a5121","band":1,"off":[1.7,3.1]}},{"type":"Feature","geometry":{"type":"Point","coordinates":[23.379923,42.711868]},"properties":{"name":"Ж.К. ЛЕВСКИ Г","band":1,"modes":"bus","arr":["120","N3"],"off":[0,-0.8]}},{"type":"Feature","geometry":{"type":"Point","coordinates":[23.379923,42.711868]},"properties":{"line":"120","mode":"bus","color":"#0059a9","colorDark":"#00294f","band":1,"off":[-1.7,1.1]}},{"type":"Feature","geometry":{"type":"Point","coordinates":[23.379923,42.711868]},"properties":{"line":"N3","mode":"bus","color":"#0059a9","colorDark":"#00294f","band":1,"off":[1.7,1.1]}},{"type":"Feature","geometry":{"type":"Point","coordinates":[23.328366,42.734011]},"properties":{"name":"СТИНД","band":1,"modes":"bus","arr":["79"],"off":[0,-0.8]}},{"type":"Feature","geometry":{"type":"Point","coordinates":[23.328366,42.734011]},"properties":{"line":"79","mode":"bus","color":"#0059a9","colorDark":"#00294f","band":1,"off":[0,1.1]}},{"type":"Feature","geometry":{"type":"Point","coordinates":[23.310721,42.719311]},"properties":{"name":"ТРИЪГЪЛНИКА","band":1,"modes":"bus,tram","arr":["309","ТМ6","ТМ11"],"off":[0,-0.8]}},{"type":"Feature","geometry":{"type":"Point","coordinates":[23.310721,42.719311]},"properties":{"name":"БУЛ. ИЛИЯНЦИ-ПОДЛЕЗА","band":1,"modes":"bus,tram","arr":["309","ТМ6","ТМ11"],"off":[0,-1.9]}},{"type":"Feature","geometry":{"type":"Point","coordinates":[23.310721,42.719311]},"properties":{"line":"309","mode":"bus","color":"#0059a9","colorDark":"#00294f","band":1,"off":[-3.4,1.1]}},{"type":"Feature","geometry":{"type":"Point","coordinates":[23.310721,42.719311]},"properties":{"line":"ТМ6","mode":"tram","color":"#d6212b","colorDark":"#7c1116","band":1,"off":[0,1.1]}},{"type":"Feature","geometry":{"type":"Point","coordinates":[23.310721,42.719311]},"properties":{"line":"ТМ11","mode":"tram","color":"#d6212b","colorDark":"#7c1116","band":1,"off":[3.4,1.1]}},{"type":"Feature","geometry":{"type":"Point","coordinates":[23.382762,42.68943]},"properties":{"name":"КВ. ХРИСТО БОТЕВ","band":1,"modes":"bus","arr":["79"],"off":[0,-0.8]}},{"type":"Feature","geometry":{"type":"Point","coordinates":[23.382762,42.68943]},"properties":{"line":"79","mode":"bus","color":"#0059a9","colorDark":"#00294f","band":1,"off":[0,1.1]}},{"type":"Feature","geometry":{"type":"Point","coordinates":[23.258388,42.73843]},"properties":{"name":"СЕВЕРНА ПРОМИШЛЕНА ЗОНА","band":1,"modes":"bus","arr":["81"],"off":[0,-0.8]}},{"type":"Feature","geometry":{"type":"Point","coordinates":[23.258388,42.73843]},"properties":{"line":"81","mode":"bus","color":"#0059a9","colorDark":"#00294f","band":1,"off":[0,1.1]}},{"type":"Feature","geometry":{"type":"Point","coordinates":[23.266032,42.74251]},"properties":{"name":"КВ. ОБЕЛЯ","band":1,"modes":"bus","arr":["N2"],"off":[0,-0.8]}},{"type":"Feature","geometry":{"type":"Point","coordinates":[23.266032,42.74251]},"properties":{"line":"N2","mode":"bus","color":"#0059a9","colorDark":"#00294f","band":1,"off":[0,1.1]}},{"type":"Feature","geometry":{"type":"Point","coordinates":[23.237652,42.716461]},"properties":{"name":"Ж.К. ЛЮЛИН-5","band":1,"modes":"bus","arr":["82","108","310"],"off":[0,-0.8]}},{"type":"Feature","geometry":{"type":"Point","coordinates":[23.237652,42.716461]},"properties":{"line":"82","mode":"bus","color":"#0059a9","colorDark":"#00294f","band":1,"off":[-3.4,1.1]}},{"type":"Feature","geometry":{"type":"Point","coordinates":[23.237652,42.716461]},"properties":{"line":"108","mode":"bus","color":"#0059a9","colorDark":"#00294f","band":1,"off":[0,1.1]}},{"type":"Feature","geometry":{"type":"Point","coordinates":[23.237652,42.716461]},"properties":{"line":"310","mode":"bus","color":"#0059a9","colorDark":"#00294f","band":1,"off":[3.4,1.1]}},{"type":"Feature","geometry":{"type":"Point","coordinates":[23.278683,42.682716]},"properties":{"name":"АП ЗЕМЛЯНЕ","band":1,"modes":"bus","arr":["83","102"],"off":[0,-0.8]}},{"type":"Feature","geometry":{"type":"Point","coordinates":[23.278683,42.682716]},"properties":{"line":"83","mode":"bus","color":"#0059a9","colorDark":"#00294f","band":1,"off":[-1.7,1.1]}},{"type":"Feature","geometry":{"type":"Point","coordinates":[23.278683,42.682716]},"properties":{"line":"102","mode":"bus","color":"#0059a9","colorDark":"#00294f","band":1,"off":[1.7,1.1]}},{"type":"Feature","geometry":{"type":"Point","coordinates":[23.275338,42.684788]},"properties":{"name":"БАЛКАНКАР АД","band":1,"modes":"bus","arr":["83","102"],"off":[0,-0.8]}},{"type":"Feature","geometry":{"type":"Point","coordinates":[23.275338,42.684788]},"properties":{"line":"83","mode":"bus","color":"#0059a9","colorDark":"#00294f","band":1,"off":[-1.7,1.1]}},{"type":"Feature","geometry":{"type":"Point","coordinates":[23.275338,42.684788]},"properties":{"line":"102","mode":"bus","color":"#0059a9","colorDark":"#00294f","band":1,"off":[1.7,1.1]}},{"type":"Feature","geometry":{"type":"Point","coordinates":[23.415621,42.688294]},"properties":{"name":"ЛЕТИЩЕ СОФИЯ ТЕРМИНАЛ 2","band":1,"modes":"bus,metro","arr":["84","M4"],"off":[0,-0.8]}},{"type":"Feature","geometry":{"type":"Point","coordinates":[23.415621,42.688294]},"properties":{"name":"ЛЕТИЩЕ СОФИЯ","band":1,"modes":"bus,metro","arr":["84","M4"],"off":[0,-3]}},{"type":"Feature","geometry":{"type":"Point","coordinates":[23.415621,42.688294]},"properties":{"line":"84","mode":"bus","color":"#0059a9","colorDark":"#00294f","band":1,"off":[-1.7,1.1]}},{"type":"Feature","geometry":{"type":"Point","coordinates":[23.415621,42.688294]},"properties":{"line":"M4","mode":"tram","color":"#FFDE17","colorDark":"#8c7a0d","band":1,"metro":1,"off":[1.7,1.1]}},{"type":"Feature","geometry":{"type":"Point","coordinates":[23.361605,42.710809]},"properties":{"name":"Ж.К. ХАДЖИ ДИМИТЪР","band":1,"modes":"bus","arr":["85","285"],"off":[0,-0.8]}},{"type":"Feature","geometry":{"type":"Point","coordinates":[23.361605,42.710809]},"properties":{"line":"85","mode":"bus","color":"#0059a9","colorDark":"#00294f","band":1,"off":[-1.7,1.1]}},{"type":"Feature","geometry":{"type":"Point","coordinates":[23.361605,42.710809]},"properties":{"line":"285","mode":"bus","color":"#0059a9","colorDark":"#00294f","band":1,"off":[1.7,1.1]}},{"type":"Feature","geometry":{"type":"Point","coordinates":[23.290818,42.73936]},"properties":{"name":"Ж.К. ВРЪБНИЦА-2","band":1,"modes":"bus","arr":["85","285"],"off":[0,-0.8]}},{"type":"Feature","geometry":{"type":"Point","coordinates":[23.290818,42.73936]},"properties":{"line":"85","mode":"bus","color":"#0059a9","colorDark":"#00294f","band":1,"off":[-1.7,1.1]}},{"type":"Feature","geometry":{"type":"Point","coordinates":[23.290818,42.73936]},"properties":{"line":"285","mode":"bus","color":"#0059a9","colorDark":"#00294f","band":1,"off":[1.7,1.1]}},{"type":"Feature","geometry":{"type":"Point","coordinates":[23.303211,42.738832]},"properties":{"name":"Ж.К. СВОБОДА","band":1,"modes":"bus","arr":["86"],"off":[0,-0.8]}},{"type":"Feature","geometry":{"type":"Point","coordinates":[23.303211,42.738832]},"properties":{"line":"86","mode":"bus","color":"#0059a9","colorDark":"#00294f","band":1,"off":[0,1.1]}},{"type":"Feature","geometry":{"type":"Point","coordinates":[23.349983,42.710488]},"properties":{"name":"Ж.К. ХАДЖИ ДИМИТЪР","band":1,"modes":"bus","arr":["100","ТБ2","ТБ4"],"off":[0,-0.8]}},{"type":"Feature","geometry":{"type":"Point","coordinates":[23.349983,42.710488]},"properties":{"name":"ж.к. Хаджи Димитър","band":1,"modes":"bus","arr":["100","ТБ2","ТБ4"],"off":[0,-1.9]}},{"type":"Feature","geometry":{"type":"Point","coordinates":[23.349983,42.710488]},"properties":{"name":"БАЛКАН СТАР","band":1,"modes":"bus","arr":["100","ТБ2","ТБ4"],"off":[0,-3]}},{"type":"Feature","geometry":{"type":"Point","coordinates":[23.349983,42.710488]},"properties":{"line":"100","mode":"bus","color":"#0059a9","colorDark":"#00294f","band":1,"off":[-3.4,1.1]}},{"type":"Feature","geometry":{"type":"Point","coordinates":[23.349983,42.710488]},"properties":{"line":"ТБ2","mode":"bus","color":"#149a3f","colorDark":"#0a5121","band":1,"off":[0,1.1]}},{"type":"Feature","geometry":{"type":"Point","coordinates":[23.349983,42.710488]},"properties":{"line":"ТБ4","mode":"bus","color":"#149a3f","colorDark":"#0a5121","band":1,"off":[3.4,1.1]}},{"type":"Feature","geometry":{"type":"Point","coordinates":[23.360345,42.715294]},"properties":{"name":"АП МАЛАШЕВЦИ","band":1,"modes":"bus","arr":["86","90"],"off":[0,-0.8]}},{"type":"Feature","geometry":{"type":"Point","coordinates":[23.360345,42.715294]},"properties":{"line":"86","mode":"bus","color":"#0059a9","colorDark":"#00294f","band":1,"off":[-1.7,1.1]}},{"type":"Feature","geometry":{"type":"Point","coordinates":[23.360345,42.715294]},"properties":{"line":"90","mode":"bus","color":"#0059a9","colorDark":"#00294f","band":1,"off":[1.7,1.1]}},{"type":"Feature","geometry":{"type":"Point","coordinates":[23.416311,42.639789]},"properties":{"name":"Ж.К. ДРУЖБА-2","band":1,"modes":"bus","arr":["88","204","304","N4","ТБ4"],"off":[0,-0.8]}},{"type":"Feature","geometry":{"type":"Point","coordinates":[23.416311,42.639789]},"properties":{"line":"88","mode":"bus","color":"#0059a9","colorDark":"#00294f","band":1,"off":[-6.8,1.1]}},{"type":"Feature","geometry":{"type":"Point","coordinates":[23.416311,42.639789]},"properties":{"line":"204","mode":"bus","color":"#0059a9","colorDark":"#00294f","band":1,"off":[-3.4,1.1]}},{"type":"Feature","geometry":{"type":"Point","coordinates":[23.416311,42.639789]},"properties":{"line":"304","mode":"bus","color":"#0059a9","colorDark":"#00294f","band":1,"off":[0,1.1]}},{"type":"Feature","geometry":{"type":"Point","coordinates":[23.416311,42.639789]},"properties":{"line":"N4","mode":"bus","color":"#0059a9","colorDark":"#00294f","band":1,"off":[3.4,1.1]}},{"type":"Feature","geometry":{"type":"Point","coordinates":[23.416311,42.639789]},"properties":{"line":"ТБ4","mode":"bus","color":"#149a3f","colorDark":"#0a5121","band":1,"off":[6.8,1.1]}},{"type":"Feature","geometry":{"type":"Point","coordinates":[23.569005,42.764548]},"properties":{"name":"ГРАД БУХОВО","band":1,"modes":"bus","arr":["90","117"],"off":[0,-0.8]}},{"type":"Feature","geometry":{"type":"Point","coordinates":[23.569005,42.764548]},"properties":{"line":"90","mode":"bus","color":"#0059a9","colorDark":"#00294f","band":1,"off":[-1.7,1.1]}},{"type":"Feature","geometry":{"type":"Point","coordinates":[23.569005,42.764548]},"properties":{"line":"117","mode":"bus","color":"#0059a9","colorDark":"#00294f","band":1,"off":[1.7,1.1]}},{"type":"Feature","geometry":{"type":"Point","coordinates":[23.346421,42.646606]},"properties":{"name":"СТУДЕНТСКИ ГРАД","band":1,"modes":"bus","arr":["94","95","102","280","294","N2"],"off":[0,-0.8]}},{"type":"Feature","geometry":{"type":"Point","coordinates":[23.346421,42.646606]},"properties":{"line":"94","mode":"bus","color":"#0059a9","colorDark":"#00294f","band":1,"off":[-6.8,1.1]}},{"type":"Feature","geometry":{"type":"Point","coordinates":[23.346421,42.646606]},"properties":{"line":"95","mode":"bus","color":"#0059a9","colorDark":"#00294f","band":1,"off":[-3.4,1.1]}},{"type":"Feature","geometry":{"type":"Point","coordinates":[23.346421,42.646606]},"properties":{"line":"102","mode":"bus","color":"#0059a9","colorDark":"#00294f","band":1,"off":[0,1.1]}},{"type":"Feature","geometry":{"type":"Point","coordinates":[23.346421,42.646606]},"properties":{"line":"280","mode":"bus","color":"#0059a9","colorDark":"#00294f","band":1,"off":[3.4,1.1]}},{"type":"Feature","geometry":{"type":"Point","coordinates":[23.346421,42.646606]},"properties":{"line":"294","mode":"bus","color":"#0059a9","colorDark":"#00294f","band":1,"off":[6.8,1.1]}},{"type":"Feature","geometry":{"type":"Point","coordinates":[23.346421,42.646606]},"properties":{"line":"N2","mode":"bus","color":"#0059a9","colorDark":"#00294f","band":1,"off":[0,3.1]}},{"type":"Feature","geometry":{"type":"Point","coordinates":[23.294376,42.65328]},"properties":{"name":"КВ. МАНАСТИРСКИ ЛИВАДИ","band":1,"modes":"bus","arr":["95","ТБ801"],"off":[0,-0.8]}},{"type":"Feature","geometry":{"type":"Point","coordinates":[23.294376,42.65328]},"properties":{"line":"95","mode":"bus","color":"#0059a9","colorDark":"#00294f","band":1,"off":[-1.7,1.1]}},{"type":"Feature","geometry":{"type":"Point","coordinates":[23.294376,42.65328]},"properties":{"line":"ТБ801","mode":"bus","color":"#149a3f","colorDark":"#0a5121","band":1,"off":[1.7,1.1]}},{"type":"Feature","geometry":{"type":"Point","coordinates":[23.370277,42.711508]},"properties":{"name":"ПЪТНОСТРОИТЕЛНА ТЕХНИКА","band":1,"modes":"bus","arr":["100","ТБ1","ТБ3"],"off":[0,-0.8]}},{"type":"Feature","geometry":{"type":"Point","coordinates":[23.370277,42.711508]},"properties":{"name":"Пътностроителна техника","band":1,"modes":"bus","arr":["100","ТБ1","ТБ3"],"off":[0,-3]}},{"type":"Feature","geometry":{"type":"Point","coordinates":[23.370277,42.711508]},"properties":{"line":"100","mode":"bus","color":"#0059a9","colorDark":"#00294f","band":1,"off":[-3.4,1.1]}},{"type":"Feature","geometry":{"type":"Point","coordinates":[23.370277,42.711508]},"properties":{"line":"ТБ1","mode":"bus","color":"#149a3f","colorDark":"#0a5121","band":1,"off":[0,1.1]}},{"type":"Feature","geometry":{"type":"Point","coordinates":[23.370277,42.711508]},"properties":{"line":"ТБ3","mode":"bus","color":"#149a3f","colorDark":"#0a5121","band":1,"off":[3.4,1.1]}},{"type":"Feature","geometry":{"type":"Point","coordinates":[23.329199,42.753721]},"properties":{"name":"ФОНДОВИ ЖИЛИЩА","band":1,"modes":"bus","arr":["101"],"off":[0,-0.8]}},{"type":"Feature","geometry":{"type":"Point","coordinates":[23.329199,42.753721]},"properties":{"line":"101","mode":"bus","color":"#0059a9","colorDark":"#00294f","band":1,"off":[0,1.1]}},{"type":"Feature","geometry":{"type":"Point","coordinates":[23.192213,42.652185]},"properties":{"name":"ВЗ. ЛЮЛИН","band":1,"modes":"bus","arr":["103","803"],"off":[0,-0.8]}},{"type":"Feature","geometry":{"type":"Point","coordinates":[23.192213,42.652185]},"properties":{"line":"103","mode":"bus","color":"#0059a9","colorDark":"#00294f","band":1,"off":[-1.7,1.1]}},{"type":"Feature","geometry":{"type":"Point","coordinates":[23.192213,42.652185]},"properties":{"line":"803","mode":"bus","color":"#0059a9","colorDark":"#00294f","band":1,"off":[1.7,1.1]}},{"type":"Feature","geometry":{"type":"Point","coordinates":[23.220429,42.670994]},"properties":{"name":"КАНТОНА","band":1,"modes":"bus","arr":["803"],"off":[0,-0.8]}},{"type":"Feature","geometry":{"type":"Point","coordinates":[23.220429,42.670994]},"properties":{"line":"803","mode":"bus","color":"#0059a9","colorDark":"#00294f","band":1,"off":[0,1.1]}},{"type":"Feature","geometry":{"type":"Point","coordinates":[23.228602,42.67576]},"properties":{"name":"КВ. ГОРНА БАНЯ","band":1,"modes":"bus","arr":["260"],"off":[0,-0.8]}},{"type":"Feature","geometry":{"type":"Point","coordinates":[23.228602,42.67576]},"properties":{"line":"260","mode":"bus","color":"#0059a9","colorDark":"#00294f","band":1,"off":[0,1.1]}},{"type":"Feature","geometry":{"type":"Point","coordinates":[23.240458,42.67952]},"properties":{"name":"МЕТРОСТАНЦИЯ ГОРНА БАНЯ","band":1,"modes":"bus","arr":["802","803","804","806"],"off":[0,-0.8]}},{"type":"Feature","geometry":{"type":"Point","coordinates":[23.240458,42.67952]},"properties":{"name":"Метростанция Горна баня","band":1,"modes":"bus","arr":["802","803","804","806"],"off":[0,-3]}},{"type":"Feature","geometry":{"type":"Point","coordinates":[23.240458,42.67952]},"properties":{"line":"802","mode":"bus","color":"#0059a9","colorDark":"#00294f","band":1,"off":[-5.1,1.1]}},{"type":"Feature","geometry":{"type":"Point","coordinates":[23.240458,42.67952]},"properties":{"line":"803","mode":"bus","color":"#0059a9","colorDark":"#00294f","band":1,"off":[-1.7,1.1]}},{"type":"Feature","geometry":{"type":"Point","coordinates":[23.240458,42.67952]},"properties":{"line":"804","mode":"bus","color":"#0059a9","colorDark":"#00294f","band":1,"off":[1.7,1.1]}},{"type":"Feature","geometry":{"type":"Point","coordinates":[23.240458,42.67952]},"properties":{"line":"806","mode":"bus","color":"#0059a9","colorDark":"#00294f","band":1,"off":[5.1,1.1]}},{"type":"Feature","geometry":{"type":"Point","coordinates":[23.255623,42.669301]},"properties":{"name":"БУЛ. НИКОЛА ПЕТКОВ","band":1,"modes":"bus","arr":["111","260"],"off":[0,-0.8]}},{"type":"Feature","geometry":{"type":"Point","coordinates":[23.255623,42.669301]},"properties":{"line":"111","mode":"bus","color":"#0059a9","colorDark":"#00294f","band":1,"off":[-1.7,1.1]}},{"type":"Feature","geometry":{"type":"Point","coordinates":[23.255623,42.669301]},"properties":{"line":"260","mode":"bus","color":"#0059a9","colorDark":"#00294f","band":1,"off":[1.7,1.1]}},{"type":"Feature","geometry":{"type":"Point","coordinates":[23.24096,42.668145]},"properties":{"name":"КВ. КАРПУЗИЦА","band":1,"modes":"bus","arr":["107"],"off":[0,-0.8]}},{"type":"Feature","geometry":{"type":"Point","coordinates":[23.24096,42.668145]},"properties":{"line":"107","mode":"bus","color":"#0059a9","colorDark":"#00294f","band":1,"off":[0,1.1]}},{"type":"Feature","geometry":{"type":"Point","coordinates":[23.24706,42.729631]},"properties":{"name":"Ж.К. ЛЮЛИН-1,2","band":1,"modes":"bus","arr":["111","309","N1"],"off":[0,-0.8]}},{"type":"Feature","geometry":{"type":"Point","coordinates":[23.24706,42.729631]},"properties":{"line":"111","mode":"bus","color":"#0059a9","colorDark":"#00294f","band":1,"off":[-3.4,1.1]}},{"type":"Feature","geometry":{"type":"Point","coordinates":[23.24706,42.729631]},"properties":{"line":"309","mode":"bus","color":"#0059a9","colorDark":"#00294f","band":1,"off":[0,1.1]}},{"type":"Feature","geometry":{"type":"Point","coordinates":[23.24706,42.729631]},"properties":{"line":"N1","mode":"bus","color":"#0059a9","colorDark":"#00294f","band":1,"off":[3.4,1.1]}},{"type":"Feature","geometry":{"type":"Point","coordinates":[23.367862,42.651186]},"properties":{"name":"Ж.К. МЛАДОСТ-1","band":1,"modes":"bus","arr":["111","184","X10","ТБ73"],"off":[0,-0.8]}},{"type":"Feature","geometry":{"type":"Point","coordinates":[23.367862,42.651186]},"properties":{"line":"111","mode":"bus","color":"#0059a9","colorDark":"#00294f","band":1,"off":[-5.1,1.1]}},{"type":"Feature","geometry":{"type":"Point","coordinates":[23.367862,42.651186]},"properties":{"line":"184","mode":"bus","color":"#0059a9","colorDark":"#00294f","band":1,"off":[-1.7,1.1]}},{"type":"Feature","geometry":{"type":"Point","coordinates":[23.367862,42.651186]},"properties":{"line":"X10","mode":"bus","color":"#0059a9","colorDark":"#00294f","band":1,"off":[1.7,1.1]}},{"type":"Feature","geometry":{"type":"Point","coordinates":[23.367862,42.651186]},"properties":{"line":"ТБ73","mode":"bus","color":"#149a3f","colorDark":"#0a5121","band":1,"off":[5.1,1.1]}},{"type":"Feature","geometry":{"type":"Point","coordinates":[23.373003,42.629451]},"properties":{"name":"МЕТРОСТАНЦИЯ БИЗНЕС ПАРК","band":1,"modes":"bus,metro","arr":["180","182","M1"],"off":[0,-0.8]}},{"type":"Feature","geometry":{"type":"Point","coordinates":[23.373003,42.629451]},"properties":{"name":"БИЗНЕС ПАРК СОФИЯ","band":1,"modes":"bus,metro","arr":["180","182","M1"],"off":[0,-3]}},{"type":"Feature","geometry":{"type":"Point","coordinates":[23.373003,42.629451]},"properties":{"line":"180","mode":"bus","color":"#0059a9","colorDark":"#00294f","band":1,"off":[-3.4,1.1]}},{"type":"Feature","geometry":{"type":"Point","coordinates":[23.373003,42.629451]},"properties":{"line":"182","mode":"bus","color":"#0059a9","colorDark":"#00294f","band":1,"off":[0,1.1]}},{"type":"Feature","geometry":{"type":"Point","coordinates":[23.373003,42.629451]},"properties":{"line":"M1","mode":"tram","color":"#EB2227","colorDark":"#811315","band":1,"metro":1,"off":[3.4,1.1]}},{"type":"Feature","geometry":{"type":"Point","coordinates":[23.605664,42.744534]},"properties":{"name":"СЕЛО ЖЕЛЯВА","band":1,"modes":"bus","arr":["118"],"off":[0,-0.8]}},{"type":"Feature","geometry":{"type":"Point","coordinates":[23.605664,42.744534]},"properties":{"line":"118","mode":"bus","color":"#0059a9","colorDark":"#00294f","band":1,"off":[0,1.1]}},{"type":"Feature","geometry":{"type":"Point","coordinates":[23.515441,42.73671]},"properties":{"name":"СУПЕРМАРКЕТ","band":1,"modes":"bus","arr":["119"],"off":[0,-0.8]}},{"type":"Feature","geometry":{"type":"Point","coordinates":[23.515441,42.73671]},"properties":{"line":"119","mode":"bus","color":"#0059a9","colorDark":"#00294f","band":1,"off":[0,1.1]}},{"type":"Feature","geometry":{"type":"Point","coordinates":[23.518626,42.743294]},"properties":{"name":"МК КРЕМИКОВЦИ","band":1,"modes":"bus","arr":["119"],"off":[0,-0.8]}},{"type":"Feature","geometry":{"type":"Point","coordinates":[23.518626,42.743294]},"properties":{"line":"119","mode":"bus","color":"#0059a9","colorDark":"#00294f","band":1,"off":[0,1.1]}},{"type":"Feature","geometry":{"type":"Point","coordinates":[23.247872,42.753714]},"properties":{"name":"ПЛОДОХРАНИЛИЩЕ","band":1,"modes":"bus","arr":["150"],"off":[0,-0.8]}},{"type":"Feature","geometry":{"type":"Point","coordinates":[23.247872,42.753714]},"properties":{"line":"150","mode":"bus","color":"#0059a9","colorDark":"#00294f","band":1,"off":[0,1.1]}},{"type":"Feature","geometry":{"type":"Point","coordinates":[23.414466,42.576851]},"properties":{"name":"СЕЛО КОКАЛЯНЕ","band":1,"modes":"bus","arr":["181"],"off":[0,-0.8]}},{"type":"Feature","geometry":{"type":"Point","coordinates":[23.414466,42.576851]},"properties":{"line":"181","mode":"bus","color":"#0059a9","colorDark":"#00294f","band":1,"off":[0,1.1]}},{"type":"Feature","geometry":{"type":"Point","coordinates":[23.423997,42.582853]},"properties":{"name":"КОКАЛЯНСКО ХАНЧЕ - ПО ЖЕЛАНИЕ","band":1,"modes":"bus","arr":["181","184"],"off":[0,-0.8]}},{"type":"Feature","geometry":{"type":"Point","coordinates":[23.423997,42.582853]},"properties":{"line":"181","mode":"bus","color":"#0059a9","colorDark":"#00294f","band":1,"off":[-1.7,1.1]}},{"type":"Feature","geometry":{"type":"Point","coordinates":[23.423997,42.582853]},"properties":{"line":"184","mode":"bus","color":"#0059a9","colorDark":"#00294f","band":1,"off":[1.7,1.1]}},{"type":"Feature","geometry":{"type":"Point","coordinates":[23.409119,42.595594]},"properties":{"name":"83-ТО ОУ ПАНЧАРЕВО","band":1,"modes":"bus","arr":["181"],"off":[0,-0.8]}},{"type":"Feature","geometry":{"type":"Point","coordinates":[23.409119,42.595594]},"properties":{"line":"181","mode":"bus","color":"#0059a9","colorDark":"#00294f","band":1,"off":[0,1.1]}},{"type":"Feature","geometry":{"type":"Point","coordinates":[23.410497,42.609731]},"properties":{"name":"СЕЛО ГЕРМАН","band":1,"modes":"bus","arr":["188","ТБE186"],"off":[0,-0.8]}},{"type":"Feature","geometry":{"type":"Point","coordinates":[23.410497,42.609731]},"properties":{"name":"село Герман","band":1,"modes":"bus","arr":["188","ТБE186"],"off":[0,-1.9]}},{"type":"Feature","geometry":{"type":"Point","coordinates":[23.410497,42.609731]},"properties":{"line":"188","mode":"bus","color":"#0059a9","colorDark":"#00294f","band":1,"off":[-1.7,1.1]}},{"type":"Feature","geometry":{"type":"Point","coordinates":[23.410497,42.609731]},"properties":{"line":"ТБE186","mode":"bus","color":"#149a3f","colorDark":"#0a5121","band":1,"off":[1.7,1.1]}},{"type":"Feature","geometry":{"type":"Point","coordinates":[23.49796,42.541527]},"properties":{"name":"СЕЛО ДОЛНИ ПАСАРЕЛ","band":1,"modes":"bus","arr":["183"],"off":[0,-0.8]}},{"type":"Feature","geometry":{"type":"Point","coordinates":[23.49796,42.541527]},"properties":{"line":"183","mode":"bus","color":"#0059a9","colorDark":"#00294f","band":1,"off":[0,1.1]}},{"type":"Feature","geometry":{"type":"Point","coordinates":[23.499888,42.599594]},"properties":{"name":"СЕЛО ДОЛНИ ЛОЗЕН","band":1,"modes":"bus","arr":["185"],"off":[0,-0.8]}},{"type":"Feature","geometry":{"type":"Point","coordinates":[23.499888,42.599594]},"properties":{"line":"185","mode":"bus","color":"#0059a9","colorDark":"#00294f","band":1,"off":[0,1.1]}},{"type":"Feature","geometry":{"type":"Point","coordinates":[23.507655,42.595046]},"properties":{"name":"ШКОЛА БЧК","band":1,"modes":"bus","arr":["185"],"off":[0,-0.8]}},{"type":"Feature","geometry":{"type":"Point","coordinates":[23.507655,42.595046]},"properties":{"line":"185","mode":"bus","color":"#0059a9","colorDark":"#00294f","band":1,"off":[0,1.1]}},{"type":"Feature","geometry":{"type":"Point","coordinates":[23.521008,42.641439]},"properties":{"name":"ЖП ГАРА ВЕРИЛА","band":1,"modes":"bus","arr":["187"],"off":[0,-0.8]}},{"type":"Feature","geometry":{"type":"Point","coordinates":[23.521008,42.641439]},"properties":{"line":"187","mode":"bus","color":"#0059a9","colorDark":"#00294f","band":1,"off":[0,1.1]}},{"type":"Feature","geometry":{"type":"Point","coordinates":[23.313376,42.689045]},"properties":{"name":"БУЛ. ПРАГА","band":1,"modes":"bus","arr":["260"],"off":[0,-0.8]}},{"type":"Feature","geometry":{"type":"Point","coordinates":[23.313376,42.689045]},"properties":{"line":"260","mode":"bus","color":"#0059a9","colorDark":"#00294f","band":1,"off":[0,1.1]}},{"type":"Feature","geometry":{"type":"Point","coordinates":[23.397778,42.639131]},"properties":{"name":"КУЛИНАРЕН К-Т ПЕЙФИЛ","band":1,"modes":"bus","arr":["305"],"off":[0,-0.8]}},{"type":"Feature","geometry":{"type":"Point","coordinates":[23.397778,42.639131]},"properties":{"line":"305","mode":"bus","color":"#0059a9","colorDark":"#00294f","band":1,"off":[0,1.1]}},{"type":"Feature","geometry":{"type":"Point","coordinates":[23.367477,42.645588]},"properties":{"name":"Ж.К. МЛАДОСТ-2","band":1,"modes":"bus","arr":["314"],"off":[0,-0.8]}},{"type":"Feature","geometry":{"type":"Point","coordinates":[23.367477,42.645588]},"properties":{"line":"314","mode":"bus","color":"#0059a9","colorDark":"#00294f","band":1,"off":[0,1.1]}},{"type":"Feature","geometry":{"type":"Point","coordinates":[23.416165,42.649318]},"properties":{"name":"АП ДРУЖБА","band":1,"modes":"bus","arr":["404"],"off":[0,-0.8]}},{"type":"Feature","geometry":{"type":"Point","coordinates":[23.416165,42.649318]},"properties":{"line":"404","mode":"bus","color":"#0059a9","colorDark":"#00294f","band":1,"off":[0,1.1]}},{"type":"Feature","geometry":{"type":"Point","coordinates":[23.379918,42.623684]},"properties":{"name":"ТЕХНОПОЛИС Ж.К. МЛАДОСТ-4","band":1,"modes":"bus","arr":["413"],"off":[0,-0.8]}},{"type":"Feature","geometry":{"type":"Point","coordinates":[23.379918,42.623684]},"properties":{"line":"413","mode":"bus","color":"#0059a9","colorDark":"#00294f","band":1,"off":[0,1.1]}},{"type":"Feature","geometry":{"type":"Point","coordinates":[23.305619,42.689547]},"properties":{"name":"УМБАЛСМ ПИРОГОВ","band":1,"modes":"bus","arr":["604"],"off":[0,-0.8]}},{"type":"Feature","geometry":{"type":"Point","coordinates":[23.305619,42.689547]},"properties":{"line":"604","mode":"bus","color":"#0059a9","colorDark":"#00294f","band":1,"off":[0,1.1]}},{"type":"Feature","geometry":{"type":"Point","coordinates":[23.372894,42.640386]},"properties":{"name":"МЕТРОСТАНЦИЯ АКАД. А. Т.- БАЛАН","band":1,"modes":"bus","arr":["X9"],"off":[0,-0.8]}},{"type":"Feature","geometry":{"type":"Point","coordinates":[23.372894,42.640386]},"properties":{"line":"X9","mode":"bus","color":"#0059a9","colorDark":"#00294f","band":1,"off":[0,1.1]}},{"type":"Feature","geometry":{"type":"Point","coordinates":[23.314851,42.675676]},"properties":{"name":"ПК СПАРТАК","band":1,"modes":"bus","arr":["X9","ТБ6"],"off":[0,-0.8]}},{"type":"Feature","geometry":{"type":"Point","coordinates":[23.314851,42.675676]},"properties":{"name":"Ж.К. ЛОЗЕНЕЦ","band":1,"modes":"bus","arr":["X9","ТБ6"],"off":[0,-1.9]}},{"type":"Feature","geometry":{"type":"Point","coordinates":[23.314851,42.675676]},"properties":{"line":"X9","mode":"bus","color":"#0059a9","colorDark":"#00294f","band":1,"off":[-1.7,1.1]}},{"type":"Feature","geometry":{"type":"Point","coordinates":[23.314851,42.675676]},"properties":{"line":"ТБ6","mode":"bus","color":"#149a3f","colorDark":"#0a5121","band":1,"off":[1.7,1.1]}},{"type":"Feature","geometry":{"type":"Point","coordinates":[23.313162,42.700653]},"properties":{"name":"УЛ. ПИРОТСКА","band":1,"modes":"bus,tram","arr":["ТБ60","ТМ4","ТМ20","ТМ21"],"off":[0,-0.8]}},{"type":"Feature","geometry":{"type":"Point","coordinates":[23.313162,42.700653]},"properties":{"name":"МЕТРОСТАНЦИЯ ОПЪЛЧЕНСКА","band":1,"modes":"bus,tram","arr":["ТБ60","ТМ4","ТМ20","ТМ21"],"off":[0,-1.9]}},{"type":"Feature","geometry":{"type":"Point","coordinates":[23.313162,42.700653]},"properties":{"line":"ТБ60","mode":"bus","color":"#149a3f","colorDark":"#0a5121","band":1,"off":[-5.1,1.1]}},{"type":"Feature","geometry":{"type":"Point","coordinates":[23.313162,42.700653]},"properties":{"line":"ТМ4","mode":"tram","color":"#d6212b","colorDark":"#7c1116","band":1,"off":[-1.7,1.1]}},{"type":"Feature","geometry":{"type":"Point","coordinates":[23.313162,42.700653]},"properties":{"line":"ТМ20","mode":"tram","color":"#d6212b","colorDark":"#7c1116","band":1,"off":[1.7,1.1]}},{"type":"Feature","geometry":{"type":"Point","coordinates":[23.313162,42.700653]},"properties":{"line":"ТМ21","mode":"tram","color":"#d6212b","colorDark":"#7c1116","band":1,"off":[5.1,1.1]}},{"type":"Feature","geometry":{"type":"Point","coordinates":[23.374056,42.660171]},"properties":{"name":"УМБАЛ СВ. АННА-УХО","band":1,"modes":"bus","arr":["ТБ3","ТБ5"],"off":[0,-0.8]}},{"type":"Feature","geometry":{"type":"Point","coordinates":[23.374056,42.660171]},"properties":{"line":"ТБ3","mode":"bus","color":"#149a3f","colorDark":"#0a5121","band":1,"off":[-1.7,1.1]}},{"type":"Feature","geometry":{"type":"Point","coordinates":[23.374056,42.660171]},"properties":{"line":"ТБ5","mode":"bus","color":"#149a3f","colorDark":"#0a5121","band":1,"off":[1.7,1.1]}},{"type":"Feature","geometry":{"type":"Point","coordinates":[23.369529,42.670034]},"properties":{"name":"ПЛОЩАД НА АВИАЦИЯТА","band":1,"modes":"bus","arr":["ТБ3","ТБ5"],"off":[0,-0.8]}},{"type":"Feature","geometry":{"type":"Point","coordinates":[23.369529,42.670034]},"properties":{"line":"ТБ3","mode":"bus","color":"#149a3f","colorDark":"#0a5121","band":1,"off":[-1.7,1.1]}},{"type":"Feature","geometry":{"type":"Point","coordinates":[23.369529,42.670034]},"properties":{"line":"ТБ5","mode":"bus","color":"#149a3f","colorDark":"#0a5121","band":1,"off":[1.7,1.1]}},{"type":"Feature","geometry":{"type":"Point","coordinates":[23.382589,42.67381]},"properties":{"name":"БУЛ. ПРОФ.ЦВ. ЛАЗАРОВ","band":1,"modes":"bus","arr":["ТБ4"],"off":[0,-0.8]}},{"type":"Feature","geometry":{"type":"Point","coordinates":[23.382589,42.67381]},"properties":{"line":"ТБ4","mode":"bus","color":"#149a3f","colorDark":"#0a5121","band":1,"off":[0,1.1]}},{"type":"Feature","geometry":{"type":"Point","coordinates":[23.391954,42.66054]},"properties":{"name":"БУЛ. ХРИСТОФОР КОЛУМБ","band":1,"modes":"bus","arr":["ТБ4"],"off":[0,-0.8]}},{"type":"Feature","geometry":{"type":"Point","coordinates":[23.391954,42.66054]},"properties":{"line":"ТБ4","mode":"bus","color":"#149a3f","colorDark":"#0a5121","band":1,"off":[0,1.1]}},{"type":"Feature","geometry":{"type":"Point","coordinates":[23.307496,42.713502]},"properties":{"name":"УЛ. ВИШОВГРАД","band":1,"modes":"bus","arr":["ТБ5"],"off":[0,-0.8]}},{"type":"Feature","geometry":{"type":"Point","coordinates":[23.307496,42.713502]},"properties":{"name":"Надлез Надежда","band":1,"modes":"bus","arr":["ТБ5"],"off":[0,-1.9]}},{"type":"Feature","geometry":{"type":"Point","coordinates":[23.307496,42.713502]},"properties":{"line":"ТБ5","mode":"bus","color":"#149a3f","colorDark":"#0a5121","band":1,"off":[0,1.1]}},{"type":"Feature","geometry":{"type":"Point","coordinates":[23.240493,42.721706]},"properties":{"name":"Ж.К. ЛЮЛИН-3 - УХО","band":1,"modes":"bus","arr":["ТБ6","ТБ7"],"off":[0,-0.8]}},{"type":"Feature","geometry":{"type":"Point","coordinates":[23.240493,42.721706]},"properties":{"line":"ТБ6","mode":"bus","color":"#149a3f","colorDark":"#0a5121","band":1,"off":[-1.7,1.1]}},{"type":"Feature","geometry":{"type":"Point","coordinates":[23.240493,42.721706]},"properties":{"line":"ТБ7","mode":"bus","color":"#149a3f","colorDark":"#0a5121","band":1,"off":[1.7,1.1]}},{"type":"Feature","geometry":{"type":"Point","coordinates":[23.299107,42.706421]},"properties":{"name":"УЛ. ЦАР СИМЕОН","band":1,"modes":"bus,tram","arr":["ТБ6","ТБ7","ТМ10","ТМ13"],"off":[0,-0.8]}},{"type":"Feature","geometry":{"type":"Point","coordinates":[23.299107,42.706421]},"properties":{"name":"БУЛ. К. ВЕЛИЧКОВ","band":1,"modes":"bus,tram","arr":["ТБ6","ТБ7","ТМ10","ТМ13"],"off":[0,-1.9]}},{"type":"Feature","geometry":{"type":"Point","coordinates":[23.299107,42.706421]},"properties":{"line":"ТБ6","mode":"bus","color":"#149a3f","colorDark":"#0a5121","band":1,"off":[-5.1,1.1]}},{"type":"Feature","geometry":{"type":"Point","coordinates":[23.299107,42.706421]},"properties":{"line":"ТБ7","mode":"bus","color":"#149a3f","colorDark":"#0a5121","band":1,"off":[-1.7,1.1]}},{"type":"Feature","geometry":{"type":"Point","coordinates":[23.299107,42.706421]},"properties":{"line":"ТМ10","mode":"tram","color":"#d6212b","colorDark":"#7c1116","band":1,"off":[1.7,1.1]}},{"type":"Feature","geometry":{"type":"Point","coordinates":[23.299107,42.706421]},"properties":{"line":"ТМ13","mode":"tram","color":"#d6212b","colorDark":"#7c1116","band":1,"off":[5.1,1.1]}},{"type":"Feature","geometry":{"type":"Point","coordinates":[23.307342,42.706341]},"properties":{"name":"Ж.К. БАНИШОРА","band":1,"modes":"bus","arr":["ТБ6","ТБ7"],"off":[0,-0.8]}},{"type":"Feature","geometry":{"type":"Point","coordinates":[23.307342,42.706341]},"properties":{"line":"ТБ6","mode":"bus","color":"#149a3f","colorDark":"#0a5121","band":1,"off":[-1.7,1.1]}},{"type":"Feature","geometry":{"type":"Point","coordinates":[23.307342,42.706341]},"properties":{"line":"ТБ7","mode":"bus","color":"#149a3f","colorDark":"#0a5121","band":1,"off":[1.7,1.1]}},{"type":"Feature","geometry":{"type":"Point","coordinates":[23.279798,42.669229]},"properties":{"name":"Ж.К. БОРОВО","band":1,"modes":"bus","arr":["ТБ9"],"off":[0,-0.8]}},{"type":"Feature","geometry":{"type":"Point","coordinates":[23.279798,42.669229]},"properties":{"name":"ж.к. Борово","band":1,"modes":"bus","arr":["ТБ9"],"off":[0,-1.9]}},{"type":"Feature","geometry":{"type":"Point","coordinates":[23.279798,42.669229]},"properties":{"line":"ТБ9","mode":"bus","color":"#149a3f","colorDark":"#0a5121","band":1,"off":[0,1.1]}},{"type":"Feature","geometry":{"type":"Point","coordinates":[23.412336,42.65495]},"properties":{"name":"Ж.К. ДРУЖБА -1","band":1,"modes":"bus,tram","arr":["ТБ11","ТМ20","ТМ21","ТМ22"],"off":[0,-0.8]}},{"type":"Feature","geometry":{"type":"Point","coordinates":[23.412336,42.65495]},"properties":{"name":"ДЕПО ИСКЪР","band":1,"modes":"bus,tram","arr":["ТБ11","ТМ20","ТМ21","ТМ22"],"off":[0,-1.9]}},{"type":"Feature","geometry":{"type":"Point","coordinates":[23.412336,42.65495]},"properties":{"line":"ТБ11","mode":"bus","color":"#149a3f","colorDark":"#0a5121","band":1,"off":[-5.1,1.1]}},{"type":"Feature","geometry":{"type":"Point","coordinates":[23.412336,42.65495]},"properties":{"line":"ТМ20","mode":"tram","color":"#d6212b","colorDark":"#7c1116","band":1,"off":[-1.7,1.1]}},{"type":"Feature","geometry":{"type":"Point","coordinates":[23.412336,42.65495]},"properties":{"line":"ТМ21","mode":"tram","color":"#d6212b","colorDark":"#7c1116","band":1,"off":[1.7,1.1]}},{"type":"Feature","geometry":{"type":"Point","coordinates":[23.412336,42.65495]},"properties":{"line":"ТМ22","mode":"tram","color":"#d6212b","colorDark":"#7c1116","band":1,"off":[5.1,1.1]}},{"type":"Feature","geometry":{"type":"Point","coordinates":[23.268338,42.677648]},"properties":{"name":"НЦ ПО РЕХАБИЛИТАЦИЯ","band":1,"modes":"bus","arr":["ТБ73"],"off":[0,-0.8]}},{"type":"Feature","geometry":{"type":"Point","coordinates":[23.268338,42.677648]},"properties":{"line":"ТБ73","mode":"bus","color":"#149a3f","colorDark":"#0a5121","band":1,"off":[0,1.1]}},{"type":"Feature","geometry":{"type":"Point","coordinates":[23.376198,42.656627]},"properties":{"name":"БЛ. 41 Ж.К. МЛАДОСТ-1","band":1,"modes":"bus","arr":["ТБ73"],"off":[0,-0.8]}},{"type":"Feature","geometry":{"type":"Point","coordinates":[23.376198,42.656627]},"properties":{"line":"ТБ73","mode":"bus","color":"#149a3f","colorDark":"#0a5121","band":1,"off":[0,1.1]}},{"type":"Feature","geometry":{"type":"Point","coordinates":[23.376525,42.662713]},"properties":{"name":"УМБАЛ СВ. АННА","band":1,"modes":"bus","arr":["ТБ73"],"off":[0,-0.8]}},{"type":"Feature","geometry":{"type":"Point","coordinates":[23.376525,42.662713]},"properties":{"line":"ТБ73","mode":"bus","color":"#149a3f","colorDark":"#0a5121","band":1,"off":[0,1.1]}},{"type":"Feature","geometry":{"type":"Point","coordinates":[23.348959,42.617068]},"properties":{"name":"ЛИФТА СИМЕОНОВО","band":1,"modes":"bus","arr":["ТБ123"],"off":[0,-0.8]}},{"type":"Feature","geometry":{"type":"Point","coordinates":[23.348959,42.617068]},"properties":{"line":"ТБ123","mode":"bus","color":"#149a3f","colorDark":"#0a5121","band":1,"off":[0,1.1]}},{"type":"Feature","geometry":{"type":"Point","coordinates":[23.304798,42.676712]},"properties":{"name":"Ж.К. ИВАН ВАЗОВ","band":1,"modes":"tram","arr":["ТМ1","ТМ6"],"off":[0,-0.8]}},{"type":"Feature","geometry":{"type":"Point","coordinates":[23.304798,42.676712]},"properties":{"line":"ТМ1","mode":"tram","color":"#d6212b","colorDark":"#7c1116","band":1,"off":[-1.7,1.1]}},{"type":"Feature","geometry":{"type":"Point","coordinates":[23.304798,42.676712]},"properties":{"line":"ТМ6","mode":"tram","color":"#d6212b","colorDark":"#7c1116","band":1,"off":[1.7,1.1]}},{"type":"Feature","geometry":{"type":"Point","coordinates":[23.315826,42.694488]},"properties":{"name":"СЪДЕБНА ПАЛАТА","band":1,"modes":"tram","arr":["ТМ5","ТМ7","ТМ8","ТМ15","ТМ27"],"off":[0,-0.8]}},{"type":"Feature","geometry":{"type":"Point","coordinates":[23.315826,42.694488]},"properties":{"name":"ПЛ. МАКЕДОНИЯ","band":1,"modes":"tram","arr":["ТМ5","ТМ7","ТМ8","ТМ15","ТМ27"],"off":[0,-1.9]}},{"type":"Feature","geometry":{"type":"Point","coordinates":[23.315826,42.694488]},"properties":{"name":"Пл. Македония","band":1,"modes":"tram","arr":["ТМ5","ТМ7","ТМ8","ТМ15","ТМ27"],"off":[0,-3]}},{"type":"Feature","geometry":{"type":"Point","coordinates":[23.315826,42.694488]},"properties":{"line":"ТМ5","mode":"tram","color":"#d6212b","colorDark":"#7c1116","band":1,"off":[-6.8,1.1]}},{"type":"Feature","geometry":{"type":"Point","coordinates":[23.315826,42.694488]},"properties":{"line":"ТМ7","mode":"tram","color":"#d6212b","colorDark":"#7c1116","band":1,"off":[-3.4,1.1]}},{"type":"Feature","geometry":{"type":"Point","coordinates":[23.315826,42.694488]},"properties":{"line":"ТМ8","mode":"tram","color":"#d6212b","colorDark":"#7c1116","band":1,"off":[0,1.1]}},{"type":"Feature","geometry":{"type":"Point","coordinates":[23.315826,42.694488]},"properties":{"line":"ТМ15","mode":"tram","color":"#d6212b","colorDark":"#7c1116","band":1,"off":[3.4,1.1]}},{"type":"Feature","geometry":{"type":"Point","coordinates":[23.315826,42.694488]},"properties":{"line":"ТМ27","mode":"tram","color":"#d6212b","colorDark":"#7c1116","band":1,"off":[6.8,1.1]}},{"type":"Feature","geometry":{"type":"Point","coordinates":[23.298711,42.699477]},"properties":{"name":"УЛ. ДИМИТЪР ПЕТКОВ","band":1,"modes":"tram","arr":["ТМ1","ТМ3","ТМ6","ТМ8","ТМ10","ТМ22А"],"off":[0,-0.8]}},{"type":"Feature","geometry":{"type":"Point","coordinates":[23.298711,42.699477]},"properties":{"name":"БУЛ. К. ВЕЛИЧКОВ","band":1,"modes":"tram","arr":["ТМ1","ТМ3","ТМ6","ТМ8","ТМ10","ТМ22А"],"off":[0,-1.9]}},{"type":"Feature","geometry":{"type":"Point","coordinates":[23.298711,42.699477]},"properties":{"line":"ТМ1","mode":"tram","color":"#d6212b","colorDark":"#7c1116","band":1,"off":[-6.8,1.1]}},{"type":"Feature","geometry":{"type":"Point","coordinates":[23.298711,42.699477]},"properties":{"line":"ТМ3","mode":"tram","color":"#d6212b","colorDark":"#7c1116","band":1,"off":[-3.4,1.1]}},{"type":"Feature","geometry":{"type":"Point","coordinates":[23.298711,42.699477]},"properties":{"line":"ТМ6","mode":"tram","color":"#d6212b","colorDark":"#7c1116","band":1,"off":[0,1.1]}},{"type":"Feature","geometry":{"type":"Point","coordinates":[23.298711,42.699477]},"properties":{"line":"ТМ8","mode":"tram","color":"#d6212b","colorDark":"#7c1116","band":1,"off":[3.4,1.1]}},{"type":"Feature","geometry":{"type":"Point","coordinates":[23.298711,42.699477]},"properties":{"line":"ТМ10","mode":"tram","color":"#d6212b","colorDark":"#7c1116","band":1,"off":[6.8,1.1]}},{"type":"Feature","geometry":{"type":"Point","coordinates":[23.298711,42.699477]},"properties":{"line":"ТМ22А","mode":"tram","color":"#d6212b","colorDark":"#7c1116","band":1,"off":[0,3.1]}},{"type":"Feature","geometry":{"type":"Point","coordinates":[23.278736,42.675184]},"properties":{"name":"Ж.к. Бъкстон","band":1,"modes":"tram","arr":["ТМ15"],"off":[0,-0.8]}},{"type":"Feature","geometry":{"type":"Point","coordinates":[23.278736,42.675184]},"properties":{"line":"ТМ15","mode":"tram","color":"#d6212b","colorDark":"#7c1116","band":1,"off":[0,1.1]}},{"type":"Feature","geometry":{"type":"Point","coordinates":[23.260111,42.665146]},"properties":{"name":"Бул. Никола Петков","band":1,"modes":"tram","arr":["ТМ4"],"off":[0,-0.8]}},{"type":"Feature","geometry":{"type":"Point","coordinates":[23.260111,42.665146]},"properties":{"line":"ТМ4","mode":"tram","color":"#d6212b","colorDark":"#7c1116","band":1,"off":[0,1.1]}},{"type":"Feature","geometry":{"type":"Point","coordinates":[23.276565,42.748426]},"properties":{"name":"Ж.К. ОБЕЛЯ-2","band":1,"modes":"tram","arr":["ТМ6"],"off":[0,-0.8]}},{"type":"Feature","geometry":{"type":"Point","coordinates":[23.276565,42.748426]},"properties":{"line":"ТМ6","mode":"tram","color":"#d6212b","colorDark":"#7c1116","band":1,"off":[0,1.1]}},{"type":"Feature","geometry":{"type":"Point","coordinates":[23.30078,42.711551]},"properties":{"name":"УЛ. ЙОСИФ ЩРОСМАЙЕР","band":1,"modes":"tram","arr":["ТМ6","ТМ11"],"off":[0,-0.8]}},{"type":"Feature","geometry":{"type":"Point","coordinates":[23.30078,42.711551]},"properties":{"line":"ТМ6","mode":"tram","color":"#d6212b","colorDark":"#7c1116","band":1,"off":[-1.7,1.1]}},{"type":"Feature","geometry":{"type":"Point","coordinates":[23.30078,42.711551]},"properties":{"line":"ТМ11","mode":"tram","color":"#d6212b","colorDark":"#7c1116","band":1,"off":[1.7,1.1]}},{"type":"Feature","geometry":{"type":"Point","coordinates":[23.320966,42.697171]},"properties":{"name":"ПЛ. СВ. НЕДЕЛЯ","band":1,"modes":"tram","arr":["ТМ12","ТМ18"],"off":[0,-0.8]}},{"type":"Feature","geometry":{"type":"Point","coordinates":[23.320966,42.697171]},"properties":{"line":"ТМ12","mode":"tram","color":"#d6212b","colorDark":"#7c1116","band":1,"off":[-1.7,1.1]}},{"type":"Feature","geometry":{"type":"Point","coordinates":[23.320966,42.697171]},"properties":{"line":"ТМ18","mode":"tram","color":"#d6212b","colorDark":"#7c1116","band":1,"off":[1.7,1.1]}},{"type":"Feature","geometry":{"type":"Point","coordinates":[23.284041,42.661995]},"properties":{"name":"КВ. МАНАСТИРСКИ ЛИВАДИ - ЗАПАД","band":1,"modes":"tram","arr":["ТМ7","ТМ27"],"off":[0,-0.8]}},{"type":"Feature","geometry":{"type":"Point","coordinates":[23.284041,42.661995]},"properties":{"line":"ТМ7","mode":"tram","color":"#d6212b","colorDark":"#7c1116","band":1,"off":[-1.7,1.1]}},{"type":"Feature","geometry":{"type":"Point","coordinates":[23.284041,42.661995]},"properties":{"line":"ТМ27","mode":"tram","color":"#d6212b","colorDark":"#7c1116","band":1,"off":[1.7,1.1]}},{"type":"Feature","geometry":{"type":"Point","coordinates":[23.238335,42.713182]},"properties":{"name":"Ж.К. ЛЮЛИН-5","band":1,"modes":"tram","arr":["ТМ8"],"off":[0,-0.8]}},{"type":"Feature","geometry":{"type":"Point","coordinates":[23.238335,42.713182]},"properties":{"name":"ж.к. Люлин-5","band":1,"modes":"tram","arr":["ТМ8"],"off":[0,-1.9]}},{"type":"Feature","geometry":{"type":"Point","coordinates":[23.238335,42.713182]},"properties":{"line":"ТМ8","mode":"tram","color":"#d6212b","colorDark":"#7c1116","band":1,"off":[0,1.1]}},{"type":"Feature","geometry":{"type":"Point","coordinates":[23.331763,42.6815]},"properties":{"name":"ПЛ. ЖУРНАЛИСТ","band":1,"modes":"tram","arr":["ТМ12","ТМ18"],"off":[0,-0.8]}},{"type":"Feature","geometry":{"type":"Point","coordinates":[23.331763,42.6815]},"properties":{"line":"ТМ12","mode":"tram","color":"#d6212b","colorDark":"#7c1116","band":1,"off":[-1.7,1.1]}},{"type":"Feature","geometry":{"type":"Point","coordinates":[23.331763,42.6815]},"properties":{"line":"ТМ18","mode":"tram","color":"#d6212b","colorDark":"#7c1116","band":1,"off":[1.7,1.1]}},{"type":"Feature","geometry":{"type":"Point","coordinates":[23.3227,42.694337]},"properties":{"name":"ПЛ. ГАРИБАЛДИ","band":1,"modes":"tram","arr":["ТМ12","ТМ18"],"off":[0,-0.8]}},{"type":"Feature","geometry":{"type":"Point","coordinates":[23.3227,42.694337]},"properties":{"line":"ТМ12","mode":"tram","color":"#d6212b","colorDark":"#7c1116","band":1,"off":[-1.7,1.1]}},{"type":"Feature","geometry":{"type":"Point","coordinates":[23.3227,42.694337]},"properties":{"line":"ТМ18","mode":"tram","color":"#d6212b","colorDark":"#7c1116","band":1,"off":[1.7,1.1]}},{"type":"Feature","geometry":{"type":"Point","coordinates":[23.282191,42.693358]},"properties":{"name":"УЛ. ДОБРОТИЧ","band":1,"modes":"tram","arr":["ТМ22А"],"off":[0,-0.8]}},{"type":"Feature","geometry":{"type":"Point","coordinates":[23.282191,42.693358]},"properties":{"line":"ТМ22А","mode":"tram","color":"#d6212b","colorDark":"#7c1116","band":1,"off":[0,1.1]}},{"type":"Feature","geometry":{"type":"Point","coordinates":[23.296245,42.696591]},"properties":{"name":"ПАРК СВ.СВ.ПЕТЪР И ПАВЕЛ","band":1,"modes":"tram","arr":["ТМ22А"],"off":[0,-0.8]}},{"type":"Feature","geometry":{"type":"Point","coordinates":[23.296245,42.696591]},"properties":{"line":"ТМ22А","mode":"tram","color":"#d6212b","colorDark":"#7c1116","band":1,"off":[0,1.1]}},{"type":"Feature","geometry":{"type":"Point","coordinates":[23.321324,42.753772]},"properties":{"name":"КВ. ИЛИЯНЦИ","band":1,"modes":"tram","arr":["ТМ11"],"off":[0,-0.8]}},{"type":"Feature","geometry":{"type":"Point","coordinates":[23.321324,42.753772]},"properties":{"line":"ТМ11","mode":"tram","color":"#d6212b","colorDark":"#7c1116","band":1,"off":[0,1.1]}},{"type":"Feature","geometry":{"type":"Point","coordinates":[23.2788,42.69105]},"properties":{"name":"Ж.К. КРАСНА ПОЛЯНА","band":1,"modes":"tram","arr":["ТМ22"],"off":[0,-0.8]}},{"type":"Feature","geometry":{"type":"Point","coordinates":[23.2788,42.69105]},"properties":{"line":"ТМ22","mode":"tram","color":"#d6212b","colorDark":"#7c1116","band":1,"off":[0,1.1]}},{"type":"Feature","geometry":{"type":"Point","coordinates":[23.322041,42.709137]},"properties":{"name":"ЦЕНТРАЛНА АВТОГАРА","band":1,"modes":"tram","arr":["ТМ12"],"off":[0,-0.8]}},{"type":"Feature","geometry":{"type":"Point","coordinates":[23.322041,42.709137]},"properties":{"line":"ТМ12","mode":"tram","color":"#d6212b","colorDark":"#7c1116","band":1,"off":[0,1.1]}},{"type":"Feature","geometry":{"type":"Point","coordinates":[23.404155,42.648475]},"properties":{"name":"УЛ. ОБИКОЛНА","band":1,"modes":"tram","arr":["ТМ23"],"off":[0,-0.8]}},{"type":"Feature","geometry":{"type":"Point","coordinates":[23.404155,42.648475]},"properties":{"line":"ТМ23","mode":"tram","color":"#d6212b","colorDark":"#7c1116","band":1,"off":[0,1.1]}},{"type":"Feature","geometry":{"type":"Point","coordinates":[23.371947,42.653931]},"properties":{"name":"МЛАДОСТ 1","band":1,"modes":"metro","arr":["M1"],"off":[0,-0.8]}},{"type":"Feature","geometry":{"type":"Point","coordinates":[23.371947,42.653931]},"properties":{"line":"M1","mode":"tram","color":"#EB2227","colorDark":"#811315","band":1,"metro":1,"off":[0,1.1]}},{"type":"Feature","geometry":{"type":"Point","coordinates":[23.276554,42.741067]},"properties":{"name":"ОБЕЛЯ","band":1,"modes":"metro","arr":["M2"],"off":[0,-0.8]}},{"type":"Feature","geometry":{"type":"Point","coordinates":[23.276554,42.741067]},"properties":{"line":"M2","mode":"tram","color":"#1C75BC","colorDark":"#0f4067","band":1,"metro":1,"off":[0,1.1]}},{"type":"Feature","geometry":{"type":"Point","coordinates":[23.269781,42.683533]},"properties":{"name":"ОВЧА КУПЕЛ","band":1,"modes":"metro","arr":["M3"],"off":[0,-0.8]}},{"type":"Feature","geometry":{"type":"Point","coordinates":[23.269781,42.683533]},"properties":{"line":"M3","mode":"tram","color":"#39B54A","colorDark":"#1f6429","band":1,"metro":1,"off":[0,1.1]}},{"type":"Feature","geometry":{"type":"Point","coordinates":[23.353568,42.70311]},"properties":{"name":"ХАДЖИ ДИМИТЪР","band":2,"modes":"bus,metro","arr":["1Tb","M3"],"off":[0,-0.8]}},{"type":"Feature","geometry":{"type":"Point","coordinates":[23.353568,42.70311]},"properties":{"name":"МЕТРОСТАНЦИЯ ХАДЖИ ДИМИТЪР","band":2,"modes":"bus,metro","arr":["1Tb","M3"],"off":[0,-1.9]}},{"type":"Feature","geometry":{"type":"Point","coordinates":[23.353568,42.70311]},"properties":{"line":"1Tb","mode":"bus","color":"#0059a9","colorDark":"#00294f","band":2,"off":[-1.7,1.1]}},{"type":"Feature","geometry":{"type":"Point","coordinates":[23.353568,42.70311]},"properties":{"line":"M3","mode":"tram","color":"#39B54A","colorDark":"#1f6429","band":2,"metro":1,"off":[1.7,1.1]}},{"type":"Feature","geometry":{"type":"Point","coordinates":[23.388024,42.712099]},"properties":{"name":"Ж.К. ЛЕВСКИ Г","band":2,"modes":"bus","arr":["1Tb","ТБ3"],"off":[0,-0.8]}},{"type":"Feature","geometry":{"type":"Point","coordinates":[23.388024,42.712099]},"properties":{"line":"1Tb","mode":"bus","color":"#0059a9","colorDark":"#00294f","band":2,"off":[-1.7,1.1]}},{"type":"Feature","geometry":{"type":"Point","coordinates":[23.388024,42.712099]},"properties":{"line":"ТБ3","mode":"bus","color":"#149a3f","colorDark":"#0a5121","band":2,"off":[1.7,1.1]}},{"type":"Feature","geometry":{"type":"Point","coordinates":[23.332014,42.690647]},"properties":{"name":"УЛ. ГЕН. ГУРКО","band":2,"modes":"bus","arr":["9","84","183","ТБ2","ТБ8"],"off":[0,-0.8]}},{"type":"Feature","geometry":{"type":"Point","coordinates":[23.332014,42.690647]},"properties":{"line":"9","mode":"bus","color":"#0059a9","colorDark":"#00294f","band":2,"off":[-6.8,1.1]}},{"type":"Feature","geometry":{"type":"Point","coordinates":[23.332014,42.690647]},"properties":{"line":"84","mode":"bus","color":"#0059a9","colorDark":"#00294f","band":2,"off":[-3.4,1.1]}},{"type":"Feature","geometry":{"type":"Point","coordinates":[23.332014,42.690647]},"properties":{"line":"183","mode":"bus","color":"#0059a9","colorDark":"#00294f","band":2,"off":[0,1.1]}},{"type":"Feature","geometry":{"type":"Point","coordinates":[23.332014,42.690647]},"properties":{"line":"ТБ2","mode":"bus","color":"#149a3f","colorDark":"#0a5121","band":2,"off":[3.4,1.1]}},{"type":"Feature","geometry":{"type":"Point","coordinates":[23.332014,42.690647]},"properties":{"line":"ТБ8","mode":"bus","color":"#149a3f","colorDark":"#0a5121","band":2,"off":[6.8,1.1]}},{"type":"Feature","geometry":{"type":"Point","coordinates":[23.335423,42.694336]},"properties":{"name":"СУ СВ.КЛИМЕНТ ОХРИДСКИ","band":2,"modes":"bus","arr":["280","ТБ2","ТБ8"],"off":[0,-0.8]}},{"type":"Feature","geometry":{"type":"Point","coordinates":[23.335423,42.694336]},"properties":{"line":"280","mode":"bus","color":"#0059a9","colorDark":"#00294f","band":2,"off":[-3.4,1.1]}},{"type":"Feature","geometry":{"type":"Point","coordinates":[23.335423,42.694336]},"properties":{"line":"ТБ2","mode":"bus","color":"#149a3f","colorDark":"#0a5121","band":2,"off":[0,1.1]}},{"type":"Feature","geometry":{"type":"Point","coordinates":[23.335423,42.694336]},"properties":{"line":"ТБ8","mode":"bus","color":"#149a3f","colorDark":"#0a5121","band":2,"off":[3.4,1.1]}},{"type":"Feature","geometry":{"type":"Point","coordinates":[23.38962,42.67787]},"properties":{"name":"АВТОБАЗА ИСКЪР","band":2,"modes":"bus","arr":["9"],"off":[0,-0.8]}},{"type":"Feature","geometry":{"type":"Point","coordinates":[23.38962,42.67787]},"properties":{"line":"9","mode":"bus","color":"#0059a9","colorDark":"#00294f","band":2,"off":[0,1.1]}},{"type":"Feature","geometry":{"type":"Point","coordinates":[23.33644,42.690265]},"properties":{"name":"ПЛ. ОРЛОВ МОСТ","band":2,"modes":"bus","arr":["75"],"off":[0,-0.8]}},{"type":"Feature","geometry":{"type":"Point","coordinates":[23.33644,42.690265]},"properties":{"line":"75","mode":"bus","color":"#0059a9","colorDark":"#00294f","band":2,"off":[0,1.1]}},{"type":"Feature","geometry":{"type":"Point","coordinates":[23.427892,42.656731]},"properties":{"name":"КВ. Д. МИЛЕНКОВ","band":2,"modes":"bus","arr":["10"],"off":[0,-0.8]}},{"type":"Feature","geometry":{"type":"Point","coordinates":[23.427892,42.656731]},"properties":{"line":"10","mode":"bus","color":"#0059a9","colorDark":"#00294f","band":2,"off":[0,1.1]}},{"type":"Feature","geometry":{"type":"Point","coordinates":[23.415742,42.663107]},"properties":{"name":"ГАРА ИСКЪР","band":2,"modes":"bus","arr":["10","14","187","188","604"],"off":[0,-0.8]}},{"type":"Feature","geometry":{"type":"Point","coordinates":[23.415742,42.663107]},"properties":{"line":"10","mode":"bus","color":"#0059a9","colorDark":"#00294f","band":2,"off":[-6.8,1.1]}},{"type":"Feature","geometry":{"type":"Point","coordinates":[23.415742,42.663107]},"properties":{"line":"14","mode":"bus","color":"#0059a9","colorDark":"#00294f","band":2,"off":[-3.4,1.1]}},{"type":"Feature","geometry":{"type":"Point","coordinates":[23.415742,42.663107]},"properties":{"line":"187","mode":"bus","color":"#0059a9","colorDark":"#00294f","band":2,"off":[0,1.1]}},{"type":"Feature","geometry":{"type":"Point","coordinates":[23.415742,42.663107]},"properties":{"line":"188","mode":"bus","color":"#0059a9","colorDark":"#00294f","band":2,"off":[3.4,1.1]}},{"type":"Feature","geometry":{"type":"Point","coordinates":[23.415742,42.663107]},"properties":{"line":"604","mode":"bus","color":"#0059a9","colorDark":"#00294f","band":2,"off":[6.8,1.1]}},{"type":"Feature","geometry":{"type":"Point","coordinates":[23.433358,42.675959]},"properties":{"name":"КВ. БУСМАНЦИ","band":2,"modes":"bus","arr":["10"],"off":[0,-0.8]}},{"type":"Feature","geometry":{"type":"Point","coordinates":[23.433358,42.675959]},"properties":{"line":"10","mode":"bus","color":"#0059a9","colorDark":"#00294f","band":2,"off":[0,1.1]}},{"type":"Feature","geometry":{"type":"Point","coordinates":[23.395028,42.67157]},"properties":{"name":"РАЗКЛОНА ЗА ЛЕТИЩЕТО","band":2,"modes":"bus","arr":["84"],"off":[0,-0.8]}},{"type":"Feature","geometry":{"type":"Point","coordinates":[23.395028,42.67157]},"properties":{"line":"84","mode":"bus","color":"#0059a9","colorDark":"#00294f","band":2,"off":[0,1.1]}},{"type":"Feature","geometry":{"type":"Point","coordinates":[23.242596,42.68294]},"properties":{"name":"Ж.К. ОВЧА КУПЕЛ-2","band":2,"modes":"bus,metro","arr":["11","102","M3","N3","ТБ60","ТБ73"],"off":[0,-0.8]}},{"type":"Feature","geometry":{"type":"Point","coordinates":[23.242596,42.68294]},"properties":{"name":"ГОРНА БАНЯ","band":2,"modes":"bus,metro","arr":["11","102","M3","N3","ТБ60","ТБ73"],"off":[0,-1.9]}},{"type":"Feature","geometry":{"type":"Point","coordinates":[23.242596,42.68294]},"properties":{"line":"11","mode":"bus","color":"#0059a9","colorDark":"#00294f","band":2,"off":[-6.8,1.1]}},{"type":"Feature","geometry":{"type":"Point","coordinates":[23.242596,42.68294]},"properties":{"line":"102","mode":"bus","color":"#0059a9","colorDark":"#00294f","band":2,"off":[-3.4,1.1]}},{"type":"Feature","geometry":{"type":"Point","coordinates":[23.242596,42.68294]},"properties":{"line":"M3","mode":"tram","color":"#39B54A","colorDark":"#1f6429","band":2,"metro":1,"off":[0,1.1]}},{"type":"Feature","geometry":{"type":"Point","coordinates":[23.242596,42.68294]},"properties":{"line":"N3","mode":"bus","color":"#0059a9","colorDark":"#00294f","band":2,"off":[3.4,1.1]}},{"type":"Feature","geometry":{"type":"Point","coordinates":[23.242596,42.68294]},"properties":{"line":"ТБ60","mode":"bus","color":"#149a3f","colorDark":"#0a5121","band":2,"off":[6.8,1.1]}},{"type":"Feature","geometry":{"type":"Point","coordinates":[23.242596,42.68294]},"properties":{"line":"ТБ73","mode":"bus","color":"#149a3f","colorDark":"#0a5121","band":2,"off":[0,3.1]}},{"type":"Feature","geometry":{"type":"Point","coordinates":[23.355804,42.696797]},"properties":{"name":"ГАРА ПОДУЯНЕ","band":2,"modes":"bus,tram","arr":["72","ТМ22"],"off":[0,-0.8]}},{"type":"Feature","geometry":{"type":"Point","coordinates":[23.355804,42.696797]},"properties":{"name":"Гара Подуяне","band":2,"modes":"bus,tram","arr":["72","ТМ22"],"off":[0,-1.9]}},{"type":"Feature","geometry":{"type":"Point","coordinates":[23.355804,42.696797]},"properties":{"line":"72","mode":"bus","color":"#0059a9","colorDark":"#00294f","band":2,"off":[-1.7,1.1]}},{"type":"Feature","geometry":{"type":"Point","coordinates":[23.355804,42.696797]},"properties":{"line":"ТМ22","mode":"tram","color":"#d6212b","colorDark":"#7c1116","band":2,"off":[1.7,1.1]}},{"type":"Feature","geometry":{"type":"Point","coordinates":[23.370639,42.677336]},"properties":{"name":"Ж.К. ГЕО МИЛЕВ","band":2,"modes":"bus,tram","arr":["11","75","181","185","ТБ123","ТБ288","ТБE186","ТМ21","ТМ23"],"off":[0,-0.8]}},{"type":"Feature","geometry":{"type":"Point","coordinates":[23.370639,42.677336]},"properties":{"name":"АВТОСТАНЦИЯ ГЕО МИЛЕВ","band":2,"modes":"bus,tram","arr":["11","75","181","185","ТБ123","ТБ288","ТБE186","ТМ21","ТМ23"],"off":[0,-1.9]}},{"type":"Feature","geometry":{"type":"Point","coordinates":[23.370639,42.677336]},"properties":{"line":"11","mode":"bus","color":"#0059a9","colorDark":"#00294f","band":2,"off":[-6.8,1.1]}},{"type":"Feature","geometry":{"type":"Point","coordinates":[23.370639,42.677336]},"properties":{"line":"75","mode":"bus","color":"#0059a9","colorDark":"#00294f","band":2,"off":[-3.4,1.1]}},{"type":"Feature","geometry":{"type":"Point","coordinates":[23.370639,42.677336]},"properties":{"line":"181","mode":"bus","color":"#0059a9","colorDark":"#00294f","band":2,"off":[0,1.1]}},{"type":"Feature","geometry":{"type":"Point","coordinates":[23.370639,42.677336]},"properties":{"line":"185","mode":"bus","color":"#0059a9","colorDark":"#00294f","band":2,"off":[3.4,1.1]}},{"type":"Feature","geometry":{"type":"Point","coordinates":[23.370639,42.677336]},"properties":{"line":"ТБ123","mode":"bus","color":"#149a3f","colorDark":"#0a5121","band":2,"off":[6.8,1.1]}},{"type":"Feature","geometry":{"type":"Point","coordinates":[23.370639,42.677336]},"properties":{"line":"ТБ288","mode":"bus","color":"#149a3f","colorDark":"#0a5121","band":2,"off":[-5.1,3.1]}},{"type":"Feature","geometry":{"type":"Point","coordinates":[23.370639,42.677336]},"properties":{"line":"ТБE186","mode":"bus","color":"#149a3f","colorDark":"#0a5121","band":2,"off":[-1.7,3.1]}},{"type":"Feature","geometry":{"type":"Point","coordinates":[23.370639,42.677336]},"properties":{"line":"ТМ21","mode":"tram","color":"#d6212b","colorDark":"#7c1116","band":2,"off":[1.7,3.1]}},{"type":"Feature","geometry":{"type":"Point","coordinates":[23.370639,42.677336]},"properties":{"line":"ТМ23","mode":"tram","color":"#d6212b","colorDark":"#7c1116","band":2,"off":[5.1,3.1]}},{"type":"Feature","geometry":{"type":"Point","coordinates":[23.332019,42.704658]},"properties":{"name":"ПЛ. СТОЧНА ГАРА","band":2,"modes":"bus","arr":["309","310","ТБ8","ТБ9","ТБ11"],"off":[0,-0.8]}},{"type":"Feature","geometry":{"type":"Point","coordinates":[23.332019,42.704658]},"properties":{"line":"309","mode":"bus","color":"#0059a9","colorDark":"#00294f","band":2,"off":[-6.8,1.1]}},{"type":"Feature","geometry":{"type":"Point","coordinates":[23.332019,42.704658]},"properties":{"line":"310","mode":"bus","color":"#0059a9","colorDark":"#00294f","band":2,"off":[-3.4,1.1]}},{"type":"Feature","geometry":{"type":"Point","coordinates":[23.332019,42.704658]},"properties":{"line":"ТБ8","mode":"bus","color":"#149a3f","colorDark":"#0a5121","band":2,"off":[0,1.1]}},{"type":"Feature","geometry":{"type":"Point","coordinates":[23.332019,42.704658]},"properties":{"line":"ТБ9","mode":"bus","color":"#149a3f","colorDark":"#0a5121","band":2,"off":[3.4,1.1]}},{"type":"Feature","geometry":{"type":"Point","coordinates":[23.332019,42.704658]},"properties":{"line":"ТБ11","mode":"bus","color":"#149a3f","colorDark":"#0a5121","band":2,"off":[6.8,1.1]}},{"type":"Feature","geometry":{"type":"Point","coordinates":[23.325418,42.705062]},"properties":{"name":"ПЛ. ЛЪВОВ МОСТ","band":2,"modes":"bus","arr":["20"],"off":[0,-0.8]}},{"type":"Feature","geometry":{"type":"Point","coordinates":[23.325418,42.705062]},"properties":{"line":"20","mode":"bus","color":"#0059a9","colorDark":"#00294f","band":2,"off":[0,1.1]}},{"type":"Feature","geometry":{"type":"Point","coordinates":[23.496114,42.697241]},"properties":{"name":"СЕЛО ДОЛНИ БОГРОВ","band":2,"modes":"bus","arr":["12"],"off":[0,-0.8]}},{"type":"Feature","geometry":{"type":"Point","coordinates":[23.496114,42.697241]},"properties":{"line":"12","mode":"bus","color":"#0059a9","colorDark":"#00294f","band":2,"off":[0,1.1]}},{"type":"Feature","geometry":{"type":"Point","coordinates":[23.418372,42.713212]},"properties":{"name":"ПЛОЩАДА КВ. ВРАЖДЕБНА","band":2,"modes":"bus","arr":["78"],"off":[0,-0.8]}},{"type":"Feature","geometry":{"type":"Point","coordinates":[23.418372,42.713212]},"properties":{"line":"78","mode":"bus","color":"#0059a9","colorDark":"#00294f","band":2,"off":[0,1.1]}},{"type":"Feature","geometry":{"type":"Point","coordinates":[23.38675,42.70338]},"properties":{"name":"АВТОСТАНЦИЯ ИЗТОК","band":2,"modes":"bus,tram","arr":["12","14","117","118","119","ТМ22"],"off":[0,-0.8]}},{"type":"Feature","geometry":{"type":"Point","coordinates":[23.38675,42.70338]},"properties":{"name":"Автостанция Изток","band":2,"modes":"bus,tram","arr":["12","14","117","118","119","ТМ22"],"off":[0,-1.9]}},{"type":"Feature","geometry":{"type":"Point","coordinates":[23.38675,42.70338]},"properties":{"line":"12","mode":"bus","color":"#0059a9","colorDark":"#00294f","band":2,"off":[-6.8,1.1]}},{"type":"Feature","geometry":{"type":"Point","coordinates":[23.38675,42.70338]},"properties":{"line":"14","mode":"bus","color":"#0059a9","colorDark":"#00294f","band":2,"off":[-3.4,1.1]}},{"type":"Feature","geometry":{"type":"Point","coordinates":[23.38675,42.70338]},"properties":{"line":"117","mode":"bus","color":"#0059a9","colorDark":"#00294f","band":2,"off":[0,1.1]}},{"type":"Feature","geometry":{"type":"Point","coordinates":[23.38675,42.70338]},"properties":{"line":"118","mode":"bus","color":"#0059a9","colorDark":"#00294f","band":2,"off":[3.4,1.1]}},{"type":"Feature","geometry":{"type":"Point","coordinates":[23.38675,42.70338]},"properties":{"line":"119","mode":"bus","color":"#0059a9","colorDark":"#00294f","band":2,"off":[6.8,1.1]}},{"type":"Feature","geometry":{"type":"Point","coordinates":[23.38675,42.70338]},"properties":{"line":"ТМ22","mode":"tram","color":"#d6212b","colorDark":"#7c1116","band":2,"off":[0,3.1]}},{"type":"Feature","geometry":{"type":"Point","coordinates":[23.462472,42.682303]},"properties":{"name":"СЕЛО КРИВИНА","band":2,"modes":"bus","arr":["188"],"off":[0,-0.8]}},{"type":"Feature","geometry":{"type":"Point","coordinates":[23.462472,42.682303]},"properties":{"line":"188","mode":"bus","color":"#0059a9","colorDark":"#00294f","band":2,"off":[0,1.1]}},{"type":"Feature","geometry":{"type":"Point","coordinates":[23.342475,42.715748]},"properties":{"name":"АВТОСТАНЦИЯ ОРЛАНДОВЦИ","band":2,"modes":"bus","arr":["18","23","24"],"off":[0,-0.8]}},{"type":"Feature","geometry":{"type":"Point","coordinates":[23.342475,42.715748]},"properties":{"line":"18","mode":"bus","color":"#0059a9","colorDark":"#00294f","band":2,"off":[-3.4,1.1]}},{"type":"Feature","geometry":{"type":"Point","coordinates":[23.342475,42.715748]},"properties":{"line":"23","mode":"bus","color":"#0059a9","colorDark":"#00294f","band":2,"off":[0,1.1]}},{"type":"Feature","geometry":{"type":"Point","coordinates":[23.342475,42.715748]},"properties":{"line":"24","mode":"bus","color":"#0059a9","colorDark":"#00294f","band":2,"off":[3.4,1.1]}},{"type":"Feature","geometry":{"type":"Point","coordinates":[23.434789,42.750714]},"properties":{"name":"МЕЛНИЦАТА ЧЕПИНЦИ","band":2,"modes":"bus","arr":["18"],"off":[0,-0.8]}},{"type":"Feature","geometry":{"type":"Point","coordinates":[23.434789,42.750714]},"properties":{"line":"18","mode":"bus","color":"#0059a9","colorDark":"#00294f","band":2,"off":[0,1.1]}},{"type":"Feature","geometry":{"type":"Point","coordinates":[23.44786,42.794448]},"properties":{"name":"СЕЛО ЛОКОРСКО","band":2,"modes":"bus","arr":["20","28"],"off":[0,-0.8]}},{"type":"Feature","geometry":{"type":"Point","coordinates":[23.44786,42.794448]},"properties":{"line":"20","mode":"bus","color":"#0059a9","colorDark":"#00294f","band":2,"off":[-1.7,1.1]}},{"type":"Feature","geometry":{"type":"Point","coordinates":[23.44786,42.794448]},"properties":{"line":"28","mode":"bus","color":"#0059a9","colorDark":"#00294f","band":2,"off":[1.7,1.1]}},{"type":"Feature","geometry":{"type":"Point","coordinates":[23.320647,42.710528]},"properties":{"name":"ЦЕНТРАЛНА ГАРА","band":2,"modes":"bus,tram","arr":["21","22","77","78","82","101","213","305","404","ТМ7","ТМ12","ТМ22А","ТМ27"],"off":[0,-0.8],"sc":0.98}},{"type":"Feature","geometry":{"type":"Point","coordinates":[23.320647,42.710528]},"properties":{"name":"ЦЕНТРАЛНА АВТОГАРА","band":2,"modes":"bus,tram","arr":["21","22","77","78","82","101","213","305","404","ТМ7","ТМ12","ТМ22А","ТМ27"],"off":[0,-1.9],"sc":0.98}},{"type":"Feature","geometry":{"type":"Point","coordinates":[23.320647,42.710528]},"properties":{"line":"21","mode":"bus","color":"#0059a9","colorDark":"#00294f","band":2,"sc":0.98,"off":[-6.8,1.1]}},{"type":"Feature","geometry":{"type":"Point","coordinates":[23.320647,42.710528]},"properties":{"line":"22","mode":"bus","color":"#0059a9","colorDark":"#00294f","band":2,"sc":0.98,"off":[-3.4,1.1]}},{"type":"Feature","geometry":{"type":"Point","coordinates":[23.320647,42.710528]},"properties":{"line":"77","mode":"bus","color":"#0059a9","colorDark":"#00294f","band":2,"sc":0.98,"off":[0,1.1]}},{"type":"Feature","geometry":{"type":"Point","coordinates":[23.320647,42.710528]},"properties":{"line":"78","mode":"bus","color":"#0059a9","colorDark":"#00294f","band":2,"sc":0.98,"off":[3.4,1.1]}},{"type":"Feature","geometry":{"type":"Point","coordinates":[23.320647,42.710528]},"properties":{"line":"82","mode":"bus","color":"#0059a9","colorDark":"#00294f","band":2,"sc":0.98,"off":[6.8,1.1]}},{"type":"Feature","geometry":{"type":"Point","coordinates":[23.320647,42.710528]},"properties":{"line":"101","mode":"bus","color":"#0059a9","colorDark":"#00294f","band":2,"sc":0.98,"off":[-6.8,3.1]}},{"type":"Feature","geometry":{"type":"Point","coordinates":[23.320647,42.710528]},"properties":{"line":"213","mode":"bus","color":"#0059a9","colorDark":"#00294f","band":2,"sc":0.98,"off":[-3.4,3.1]}},{"type":"Feature","geometry":{"type":"Point","coordinates":[23.320647,42.710528]},"properties":{"line":"305","mode":"bus","color":"#0059a9","colorDark":"#00294f","band":2,"sc":0.98,"off":[0,3.1]}},{"type":"Feature","geometry":{"type":"Point","coordinates":[23.320647,42.710528]},"properties":{"line":"404","mode":"bus","color":"#0059a9","colorDark":"#00294f","band":2,"sc":0.98,"off":[3.4,3.1]}},{"type":"Feature","geometry":{"type":"Point","coordinates":[23.320647,42.710528]},"properties":{"line":"ТМ7","mode":"tram","color":"#d6212b","colorDark":"#7c1116","band":2,"sc":0.98,"off":[6.8,3.1]}},{"type":"Feature","geometry":{"type":"Point","coordinates":[23.320647,42.710528]},"properties":{"line":"ТМ12","mode":"tram","color":"#d6212b","colorDark":"#7c1116","band":2,"sc":0.98,"off":[-3.4,5.1]}},{"type":"Feature","geometry":{"type":"Point","coordinates":[23.320647,42.710528]},"properties":{"line":"ТМ22А","mode":"tram","color":"#d6212b","colorDark":"#7c1116","band":2,"sc":0.98,"off":[0,5.1]}},{"type":"Feature","geometry":{"type":"Point","coordinates":[23.320647,42.710528]},"properties":{"line":"ТМ27","mode":"tram","color":"#d6212b","colorDark":"#7c1116","band":2,"sc":0.98,"off":[3.4,5.1]}},{"type":"Feature","geometry":{"type":"Point","coordinates":[23.422862,42.803933]},"properties":{"name":"СЕЛО ВОЙНЕГОВЦИ","band":2,"modes":"bus","arr":["21"],"off":[0,-0.8]}},{"type":"Feature","geometry":{"type":"Point","coordinates":[23.422862,42.803933]},"properties":{"line":"21","mode":"bus","color":"#0059a9","colorDark":"#00294f","band":2,"off":[0,1.1]}},{"type":"Feature","geometry":{"type":"Point","coordinates":[23.347989,42.74491]},"properties":{"name":"КВ. БЕНКОВСКИ","band":2,"modes":"bus","arr":["24","100"],"off":[0,-0.8]}},{"type":"Feature","geometry":{"type":"Point","coordinates":[23.347989,42.74491]},"properties":{"line":"24","mode":"bus","color":"#0059a9","colorDark":"#00294f","band":2,"off":[-1.7,1.1]}},{"type":"Feature","geometry":{"type":"Point","coordinates":[23.347989,42.74491]},"properties":{"line":"100","mode":"bus","color":"#0059a9","colorDark":"#00294f","band":2,"off":[1.7,1.1]}},{"type":"Feature","geometry":{"type":"Point","coordinates":[23.404357,42.806876]},"properties":{"name":"СЕЛО ПОДГУМЕР","band":2,"modes":"bus","arr":["22"],"off":[0,-0.8]}},{"type":"Feature","geometry":{"type":"Point","coordinates":[23.404357,42.806876]},"properties":{"line":"22","mode":"bus","color":"#0059a9","colorDark":"#00294f","band":2,"off":[0,1.1]}},{"type":"Feature","geometry":{"type":"Point","coordinates":[23.407752,42.813398]},"properties":{"name":"БОЛНИЦАТА С. ПОДГУМЕР","band":2,"modes":"bus","arr":["22"],"off":[0,-0.8]}},{"type":"Feature","geometry":{"type":"Point","coordinates":[23.407752,42.813398]},"properties":{"line":"22","mode":"bus","color":"#0059a9","colorDark":"#00294f","band":2,"off":[0,1.1]}},{"type":"Feature","geometry":{"type":"Point","coordinates":[23.335347,42.696346]},"properties":{"name":"ПЛ. СВ. АЛЕКСАНДЪР НЕВСКИ","band":2,"modes":"bus,tram","arr":["22ТМ","X43","ТМ20","ТМ22"],"off":[0,-0.8]}},{"type":"Feature","geometry":{"type":"Point","coordinates":[23.335347,42.696346]},"properties":{"name":"ПЛ. ВАСИЛ ЛЕВСКИ - ВРЕМЕННА","band":2,"modes":"bus,tram","arr":["22ТМ","X43","ТМ20","ТМ22"],"off":[0,-3]}},{"type":"Feature","geometry":{"type":"Point","coordinates":[23.335347,42.696346]},"properties":{"line":"22ТМ","mode":"bus","color":"#0059a9","colorDark":"#00294f","band":2,"off":[-5.1,1.1]}},{"type":"Feature","geometry":{"type":"Point","coordinates":[23.335347,42.696346]},"properties":{"line":"X43","mode":"bus","color":"#0059a9","colorDark":"#00294f","band":2,"off":[-1.7,1.1]}},{"type":"Feature","geometry":{"type":"Point","coordinates":[23.335347,42.696346]},"properties":{"line":"ТМ20","mode":"tram","color":"#d6212b","colorDark":"#7c1116","band":2,"off":[1.7,1.1]}},{"type":"Feature","geometry":{"type":"Point","coordinates":[23.335347,42.696346]},"properties":{"line":"ТМ22","mode":"tram","color":"#d6212b","colorDark":"#7c1116","band":2,"off":[5.1,1.1]}},{"type":"Feature","geometry":{"type":"Point","coordinates":[23.297967,42.702042]},"properties":{"name":"МЕТРОСТАНЦИЯ К.ВЕЛИЧКОВ","band":2,"modes":"bus,metro,tram","arr":["22ТМ","M1","ТМ3","ТМ6","ТМ10","ТМ13"],"off":[0,-0.8]}},{"type":"Feature","geometry":{"type":"Point","coordinates":[23.297967,42.702042]},"properties":{"name":"МЕТРОСТАНЦИЯ К. ВЕЛИЧКОВ","band":2,"modes":"bus,metro,tram","arr":["22ТМ","M1","ТМ3","ТМ6","ТМ10","ТМ13"],"off":[0,-3]}},{"type":"Feature","geometry":{"type":"Point","coordinates":[23.297967,42.702042]},"properties":{"name":"КОНСТАНТИН ВЕЛИЧКОВ","band":2,"modes":"bus,metro,tram","arr":["22ТМ","M1","ТМ3","ТМ6","ТМ10","ТМ13"],"off":[0,-5.2]}},{"type":"Feature","geometry":{"type":"Point","coordinates":[23.297967,42.702042]},"properties":{"line":"22ТМ","mode":"bus","color":"#0059a9","colorDark":"#00294f","band":2,"off":[-6.8,1.1]}},{"type":"Feature","geometry":{"type":"Point","coordinates":[23.297967,42.702042]},"properties":{"line":"M1","mode":"tram","color":"#EB2227","colorDark":"#811315","band":2,"metro":1,"off":[-3.4,1.1]}},{"type":"Feature","geometry":{"type":"Point","coordinates":[23.297967,42.702042]},"properties":{"line":"ТМ3","mode":"tram","color":"#d6212b","colorDark":"#7c1116","band":2,"off":[0,1.1]}},{"type":"Feature","geometry":{"type":"Point","coordinates":[23.297967,42.702042]},"properties":{"line":"ТМ6","mode":"tram","color":"#d6212b","colorDark":"#7c1116","band":2,"off":[3.4,1.1]}},{"type":"Feature","geometry":{"type":"Point","coordinates":[23.297967,42.702042]},"properties":{"line":"ТМ10","mode":"tram","color":"#d6212b","colorDark":"#7c1116","band":2,"off":[6.8,1.1]}},{"type":"Feature","geometry":{"type":"Point","coordinates":[23.297967,42.702042]},"properties":{"line":"ТМ13","mode":"tram","color":"#d6212b","colorDark":"#7c1116","band":2,"off":[0,3.1]}},{"type":"Feature","geometry":{"type":"Point","coordinates":[23.356233,42.818506]},"properties":{"name":"ГАРА КУРИЛО","band":2,"modes":"bus","arr":["23"],"off":[0,-0.8]}},{"type":"Feature","geometry":{"type":"Point","coordinates":[23.356233,42.818506]},"properties":{"line":"23","mode":"bus","color":"#0059a9","colorDark":"#00294f","band":2,"off":[0,1.1]}},{"type":"Feature","geometry":{"type":"Point","coordinates":[23.378373,42.805198]},"properties":{"name":"НАЧАЛО КВ. ГНИЛЯНЕ","band":2,"modes":"bus","arr":["26"],"off":[0,-0.8]}},{"type":"Feature","geometry":{"type":"Point","coordinates":[23.378373,42.805198]},"properties":{"line":"26","mode":"bus","color":"#0059a9","colorDark":"#00294f","band":2,"off":[0,1.1]}},{"type":"Feature","geometry":{"type":"Point","coordinates":[23.36167,42.753471]},"properties":{"name":"МАНАСТИР СВ. МИНА","band":2,"modes":"bus","arr":["24"],"off":[0,-0.8]}},{"type":"Feature","geometry":{"type":"Point","coordinates":[23.36167,42.753471]},"properties":{"line":"24","mode":"bus","color":"#0059a9","colorDark":"#00294f","band":2,"off":[0,1.1]}},{"type":"Feature","geometry":{"type":"Point","coordinates":[23.317281,42.738071]},"properties":{"name":"СТАДИОН ЛОКОМОТИВ","band":2,"modes":"bus","arr":["83","108"],"off":[0,-0.8]}},{"type":"Feature","geometry":{"type":"Point","coordinates":[23.317281,42.738071]},"properties":{"line":"83","mode":"bus","color":"#0059a9","colorDark":"#00294f","band":2,"off":[-1.7,1.1]}},{"type":"Feature","geometry":{"type":"Point","coordinates":[23.317281,42.738071]},"properties":{"line":"108","mode":"bus","color":"#0059a9","colorDark":"#00294f","band":2,"off":[1.7,1.1]}},{"type":"Feature","geometry":{"type":"Point","coordinates":[23.312247,42.726606]},"properties":{"name":"МОДНА КЪЩА АГРЕСИЯ","band":2,"modes":"bus","arr":["26"],"off":[0,-0.8]}},{"type":"Feature","geometry":{"type":"Point","coordinates":[23.312247,42.726606]},"properties":{"line":"26","mode":"bus","color":"#0059a9","colorDark":"#00294f","band":2,"off":[0,1.1]}},{"type":"Feature","geometry":{"type":"Point","coordinates":[23.268105,42.73682]},"properties":{"name":"Ж.К. ОБЕЛЯ-1","band":2,"modes":"bus","arr":["26"],"off":[0,-0.8]}},{"type":"Feature","geometry":{"type":"Point","coordinates":[23.268105,42.73682]},"properties":{"name":"Ж. К. ОБЕЛЯ 1","band":2,"modes":"bus","arr":["26"],"off":[0,-1.9]}},{"type":"Feature","geometry":{"type":"Point","coordinates":[23.268105,42.73682]},"properties":{"line":"26","mode":"bus","color":"#0059a9","colorDark":"#00294f","band":2,"off":[0,1.1]}},{"type":"Feature","geometry":{"type":"Point","coordinates":[23.304058,42.790495]},"properties":{"name":"СЕЛО МИРОВЯНЕ - ПО ЖЕЛАНИЕ","band":2,"modes":"bus","arr":["26","29"],"off":[0,-0.8]}},{"type":"Feature","geometry":{"type":"Point","coordinates":[23.304058,42.790495]},"properties":{"line":"26","mode":"bus","color":"#0059a9","colorDark":"#00294f","band":2,"off":[-1.7,1.1]}},{"type":"Feature","geometry":{"type":"Point","coordinates":[23.304058,42.790495]},"properties":{"line":"29","mode":"bus","color":"#0059a9","colorDark":"#00294f","band":2,"off":[1.7,1.1]}},{"type":"Feature","geometry":{"type":"Point","coordinates":[23.319126,42.845161]},"properties":{"name":"СЕЛО КЪТИНА","band":2,"modes":"bus","arr":["27"],"off":[0,-0.8]}},{"type":"Feature","geometry":{"type":"Point","coordinates":[23.319126,42.845161]},"properties":{"line":"27","mode":"bus","color":"#0059a9","colorDark":"#00294f","band":2,"off":[0,1.1]}},{"type":"Feature","geometry":{"type":"Point","coordinates":[23.313798,42.713771]},"properties":{"name":"ПЕТА ГРАДСКА БОЛНИЦА","band":2,"modes":"bus,tram","arr":["27","ТМ6"],"off":[0,-0.8]}},{"type":"Feature","geometry":{"type":"Point","coordinates":[23.313798,42.713771]},"properties":{"name":"МЕТРОСТАНЦИЯ КН. МАРИЯ ЛУИЗА","band":2,"modes":"bus,tram","arr":["27","ТМ6"],"off":[0,-3]}},{"type":"Feature","geometry":{"type":"Point","coordinates":[23.313798,42.713771]},"properties":{"line":"27","mode":"bus","color":"#0059a9","colorDark":"#00294f","band":2,"off":[-1.7,1.1]}},{"type":"Feature","geometry":{"type":"Point","coordinates":[23.313798,42.713771]},"properties":{"line":"ТМ6","mode":"tram","color":"#d6212b","colorDark":"#7c1116","band":2,"off":[1.7,1.1]}},{"type":"Feature","geometry":{"type":"Point","coordinates":[23.273307,42.784571]},"properties":{"name":"ЦЕНТЪР С. МРАМОР","band":2,"modes":"bus","arr":["28"],"off":[0,-0.8]}},{"type":"Feature","geometry":{"type":"Point","coordinates":[23.273307,42.784571]},"properties":{"line":"28","mode":"bus","color":"#0059a9","colorDark":"#00294f","band":2,"off":[0,1.1]}},{"type":"Feature","geometry":{"type":"Point","coordinates":[23.426234,42.758404]},"properties":{"name":"СЕЛО ЧЕПИНЦИ","band":2,"modes":"bus","arr":["28"],"off":[0,-0.8]}},{"type":"Feature","geometry":{"type":"Point","coordinates":[23.426234,42.758404]},"properties":{"line":"28","mode":"bus","color":"#0059a9","colorDark":"#00294f","band":2,"off":[0,1.1]}},{"type":"Feature","geometry":{"type":"Point","coordinates":[23.2644,42.854473]},"properties":{"name":"СЕЛО БАЛША","band":2,"modes":"bus","arr":["29","30"],"off":[0,-0.8]}},{"type":"Feature","geometry":{"type":"Point","coordinates":[23.2644,42.854473]},"properties":{"line":"29","mode":"bus","color":"#0059a9","colorDark":"#00294f","band":2,"off":[-1.7,1.1]}},{"type":"Feature","geometry":{"type":"Point","coordinates":[23.2644,42.854473]},"properties":{"line":"30","mode":"bus","color":"#0059a9","colorDark":"#00294f","band":2,"off":[1.7,1.1]}},{"type":"Feature","geometry":{"type":"Point","coordinates":[23.316044,42.726759]},"properties":{"name":"ГАРА СОФИЯ СЕВЕР","band":2,"modes":"bus","arr":["29","413"],"off":[0,-0.8]}},{"type":"Feature","geometry":{"type":"Point","coordinates":[23.316044,42.726759]},"properties":{"line":"29","mode":"bus","color":"#0059a9","colorDark":"#00294f","band":2,"off":[-1.7,1.1]}},{"type":"Feature","geometry":{"type":"Point","coordinates":[23.316044,42.726759]},"properties":{"line":"413","mode":"bus","color":"#0059a9","colorDark":"#00294f","band":2,"off":[1.7,1.1]}},{"type":"Feature","geometry":{"type":"Point","coordinates":[23.261516,42.726421]},"properties":{"name":"СЛИВНИЦА","band":2,"modes":"bus,metro","arr":["30","31","47","49","54","81","150","M1","M4"],"off":[0,-0.8]}},{"type":"Feature","geometry":{"type":"Point","coordinates":[23.261516,42.726421]},"properties":{"name":"МЕТРОСТАНЦИЯ СЛИВНИЦА","band":2,"modes":"bus,metro","arr":["30","31","47","49","54","81","150","M1","M4"],"off":[0,-1.9]}},{"type":"Feature","geometry":{"type":"Point","coordinates":[23.261516,42.726421]},"properties":{"line":"30","mode":"bus","color":"#0059a9","colorDark":"#00294f","band":2,"off":[-6.8,1.1]}},{"type":"Feature","geometry":{"type":"Point","coordinates":[23.261516,42.726421]},"properties":{"line":"31","mode":"bus","color":"#0059a9","colorDark":"#00294f","band":2,"off":[-3.4,1.1]}},{"type":"Feature","geometry":{"type":"Point","coordinates":[23.261516,42.726421]},"properties":{"line":"47","mode":"bus","color":"#0059a9","colorDark":"#00294f","band":2,"off":[0,1.1]}},{"type":"Feature","geometry":{"type":"Point","coordinates":[23.261516,42.726421]},"properties":{"line":"49","mode":"bus","color":"#0059a9","colorDark":"#00294f","band":2,"off":[3.4,1.1]}},{"type":"Feature","geometry":{"type":"Point","coordinates":[23.261516,42.726421]},"properties":{"line":"54","mode":"bus","color":"#0059a9","colorDark":"#00294f","band":2,"off":[6.8,1.1]}},{"type":"Feature","geometry":{"type":"Point","coordinates":[23.261516,42.726421]},"properties":{"line":"81","mode":"bus","color":"#0059a9","colorDark":"#00294f","band":2,"off":[-5.1,3.1]}},{"type":"Feature","geometry":{"type":"Point","coordinates":[23.261516,42.726421]},"properties":{"line":"150","mode":"bus","color":"#0059a9","colorDark":"#00294f","band":2,"off":[-1.7,3.1]}},{"type":"Feature","geometry":{"type":"Point","coordinates":[23.261516,42.726421]},"properties":{"line":"M1","mode":"tram","color":"#EB2227","colorDark":"#811315","band":2,"metro":1,"off":[1.7,3.1]}},{"type":"Feature","geometry":{"type":"Point","coordinates":[23.261516,42.726421]},"properties":{"line":"M4","mode":"tram","color":"#FFDE17","colorDark":"#8c7a0d","band":2,"metro":1,"off":[5.1,3.1]}},{"type":"Feature","geometry":{"type":"Point","coordinates":[23.239199,42.82853]},"properties":{"name":"СЕЛО ГОЛЯНОВЦИ","band":2,"modes":"bus","arr":["31"],"off":[0,-0.8]}},{"type":"Feature","geometry":{"type":"Point","coordinates":[23.239199,42.82853]},"properties":{"line":"31","mode":"bus","color":"#0059a9","colorDark":"#00294f","band":2,"off":[0,1.1]}},{"type":"Feature","geometry":{"type":"Point","coordinates":[23.119684,42.685227]},"properties":{"name":"КРАЯ НА КВ. МИХАЙЛОВО","band":2,"modes":"bus","arr":["42"],"off":[0,-0.8]}},{"type":"Feature","geometry":{"type":"Point","coordinates":[23.119684,42.685227]},"properties":{"line":"42","mode":"bus","color":"#0059a9","colorDark":"#00294f","band":2,"off":[0,1.1]}},{"type":"Feature","geometry":{"type":"Point","coordinates":[23.261855,42.722723]},"properties":{"name":"УЛ. ТЪРНОВО","band":2,"modes":"bus","arr":["42"],"off":[0,-0.8]}},{"type":"Feature","geometry":{"type":"Point","coordinates":[23.261855,42.722723]},"properties":{"name":"Ж.К. ЛЮЛИН-8","band":2,"modes":"bus","arr":["42"],"off":[0,-1.9]}},{"type":"Feature","geometry":{"type":"Point","coordinates":[23.261855,42.722723]},"properties":{"line":"42","mode":"bus","color":"#0059a9","colorDark":"#00294f","band":2,"off":[0,1.1]}},{"type":"Feature","geometry":{"type":"Point","coordinates":[23.181232,42.706239]},"properties":{"name":"КВ. ИВАНЯНЕ","band":2,"modes":"bus","arr":["44","81"],"off":[0,-0.8]}},{"type":"Feature","geometry":{"type":"Point","coordinates":[23.181232,42.706239]},"properties":{"line":"44","mode":"bus","color":"#0059a9","colorDark":"#00294f","band":2,"off":[-1.7,1.1]}},{"type":"Feature","geometry":{"type":"Point","coordinates":[23.181232,42.706239]},"properties":{"line":"81","mode":"bus","color":"#0059a9","colorDark":"#00294f","band":2,"off":[1.7,1.1]}},{"type":"Feature","geometry":{"type":"Point","coordinates":[23.152269,42.708239]},"properties":{"name":"АВТОСТАНЦИЯ БАНКЯ","band":2,"modes":"bus","arr":["44","46","47","X43"],"off":[0,-0.8]}},{"type":"Feature","geometry":{"type":"Point","coordinates":[23.152269,42.708239]},"properties":{"line":"44","mode":"bus","color":"#0059a9","colorDark":"#00294f","band":2,"off":[-5.1,1.1]}},{"type":"Feature","geometry":{"type":"Point","coordinates":[23.152269,42.708239]},"properties":{"line":"46","mode":"bus","color":"#0059a9","colorDark":"#00294f","band":2,"off":[-1.7,1.1]}},{"type":"Feature","geometry":{"type":"Point","coordinates":[23.152269,42.708239]},"properties":{"line":"47","mode":"bus","color":"#0059a9","colorDark":"#00294f","band":2,"off":[1.7,1.1]}},{"type":"Feature","geometry":{"type":"Point","coordinates":[23.152269,42.708239]},"properties":{"line":"X43","mode":"bus","color":"#0059a9","colorDark":"#00294f","band":2,"off":[5.1,1.1]}},{"type":"Feature","geometry":{"type":"Point","coordinates":[23.078008,42.726112]},"properties":{"name":"МАНАСТИР СВ. ПЕТКА ПАРАСКЕВА","band":2,"modes":"bus","arr":["46"],"off":[0,-0.8]}},{"type":"Feature","geometry":{"type":"Point","coordinates":[23.078008,42.726112]},"properties":{"line":"46","mode":"bus","color":"#0059a9","colorDark":"#00294f","band":2,"off":[0,1.1]}},{"type":"Feature","geometry":{"type":"Point","coordinates":[23.138823,42.685672]},"properties":{"name":"КВ. ГРАДОМАН","band":2,"modes":"bus","arr":["47"],"off":[0,-0.8]}},{"type":"Feature","geometry":{"type":"Point","coordinates":[23.138823,42.685672]},"properties":{"line":"47","mode":"bus","color":"#0059a9","colorDark":"#00294f","band":2,"off":[0,1.1]}},{"type":"Feature","geometry":{"type":"Point","coordinates":[23.08344,42.719122]},"properties":{"name":"КВ. КЛИСУРА","band":2,"modes":"bus","arr":["49"],"off":[0,-0.8]}},{"type":"Feature","geometry":{"type":"Point","coordinates":[23.08344,42.719122]},"properties":{"line":"49","mode":"bus","color":"#0059a9","colorDark":"#00294f","band":2,"off":[0,1.1]}},{"type":"Feature","geometry":{"type":"Point","coordinates":[23.181164,42.775522]},"properties":{"name":"ПЪТЕН ВЪЗЕЛ КАЛОТИНА","band":2,"modes":"bus","arr":["54"],"off":[0,-0.8]}},{"type":"Feature","geometry":{"type":"Point","coordinates":[23.181164,42.775522]},"properties":{"line":"54","mode":"bus","color":"#0059a9","colorDark":"#00294f","band":2,"off":[0,1.1]}},{"type":"Feature","geometry":{"type":"Point","coordinates":[23.160218,42.682116]},"properties":{"name":"СЕЛО МАЛО БУЧИНО","band":2,"modes":"bus","arr":["56"],"off":[0,-0.8]}},{"type":"Feature","geometry":{"type":"Point","coordinates":[23.160218,42.682116]},"properties":{"line":"56","mode":"bus","color":"#0059a9","colorDark":"#00294f","band":2,"off":[0,1.1]}},{"type":"Feature","geometry":{"type":"Point","coordinates":[23.281722,42.701778]},"properties":{"name":"БЛ. 13 Ж.К. ЗАПАДЕН ПАРК","band":2,"modes":"bus","arr":["56"],"off":[0,-0.8]}},{"type":"Feature","geometry":{"type":"Point","coordinates":[23.281722,42.701778]},"properties":{"line":"56","mode":"bus","color":"#0059a9","colorDark":"#00294f","band":2,"off":[0,1.1]}},{"type":"Feature","geometry":{"type":"Point","coordinates":[23.292797,42.712787]},"properties":{"name":"ГАРА ЗАХАРНА ФАБРИКА","band":2,"modes":"bus","arr":["56"],"off":[0,-0.8]}},{"type":"Feature","geometry":{"type":"Point","coordinates":[23.292797,42.712787]},"properties":{"line":"56","mode":"bus","color":"#0059a9","colorDark":"#00294f","band":2,"off":[0,1.1]}},{"type":"Feature","geometry":{"type":"Point","coordinates":[23.185937,42.622703]},"properties":{"name":"ГАРА ВЛАДАЯ","band":2,"modes":"bus","arr":["58"],"off":[0,-0.8]}},{"type":"Feature","geometry":{"type":"Point","coordinates":[23.185937,42.622703]},"properties":{"line":"58","mode":"bus","color":"#0059a9","colorDark":"#00294f","band":2,"off":[0,1.1]}},{"type":"Feature","geometry":{"type":"Point","coordinates":[23.240918,42.658485]},"properties":{"name":"КВ. КНЯЖЕВО","band":2,"modes":"bus,tram","arr":["58","59","804","ТМ5","ТМ11"],"off":[0,-0.8]}},{"type":"Feature","geometry":{"type":"Point","coordinates":[23.240918,42.658485]},"properties":{"name":"АВТОСТАНЦИЯ КНЯЖЕВО","band":2,"modes":"bus,tram","arr":["58","59","804","ТМ5","ТМ11"],"off":[0,-1.9]}},{"type":"Feature","geometry":{"type":"Point","coordinates":[23.240918,42.658485]},"properties":{"line":"58","mode":"bus","color":"#0059a9","colorDark":"#00294f","band":2,"off":[-6.8,1.1]}},{"type":"Feature","geometry":{"type":"Point","coordinates":[23.240918,42.658485]},"properties":{"line":"59","mode":"bus","color":"#0059a9","colorDark":"#00294f","band":2,"off":[-3.4,1.1]}},{"type":"Feature","geometry":{"type":"Point","coordinates":[23.240918,42.658485]},"properties":{"line":"804","mode":"bus","color":"#0059a9","colorDark":"#00294f","band":2,"off":[0,1.1]}},{"type":"Feature","geometry":{"type":"Point","coordinates":[23.240918,42.658485]},"properties":{"line":"ТМ5","mode":"tram","color":"#d6212b","colorDark":"#7c1116","band":2,"off":[3.4,1.1]}},{"type":"Feature","geometry":{"type":"Point","coordinates":[23.240918,42.658485]},"properties":{"line":"ТМ11","mode":"tram","color":"#d6212b","colorDark":"#7c1116","band":2,"off":[6.8,1.1]}},{"type":"Feature","geometry":{"type":"Point","coordinates":[23.160689,42.594326]},"properties":{"name":"С. МЪРЧАЕВО-ТОЛУМСКА МАХАЛА","band":2,"modes":"bus","arr":["59"],"off":[0,-0.8]}},{"type":"Feature","geometry":{"type":"Point","coordinates":[23.160689,42.594326]},"properties":{"line":"59","mode":"bus","color":"#0059a9","colorDark":"#00294f","band":2,"off":[0,1.1]}},{"type":"Feature","geometry":{"type":"Point","coordinates":[23.256044,42.683081]},"properties":{"name":"МЕТРОСТАНЦИЯ МИЗИЯ","band":2,"modes":"bus","arr":["59"],"off":[0,-0.8]}},{"type":"Feature","geometry":{"type":"Point","coordinates":[23.256044,42.683081]},"properties":{"line":"59","mode":"bus","color":"#0059a9","colorDark":"#00294f","band":2,"off":[0,1.1]}},{"type":"Feature","geometry":{"type":"Point","coordinates":[23.235788,42.609788]},"properties":{"name":"ЗЛАТНИ МОСТОВЕ","band":2,"modes":"bus","arr":["61","63"],"off":[0,-0.8]}},{"type":"Feature","geometry":{"type":"Point","coordinates":[23.235788,42.609788]},"properties":{"line":"61","mode":"bus","color":"#0059a9","colorDark":"#00294f","band":2,"off":[-1.7,1.1]}},{"type":"Feature","geometry":{"type":"Point","coordinates":[23.235788,42.609788]},"properties":{"line":"63","mode":"bus","color":"#0059a9","colorDark":"#00294f","band":2,"off":[1.7,1.1]}},{"type":"Feature","geometry":{"type":"Point","coordinates":[23.28859,42.665813]},"properties":{"name":"УЛ. Т. КАБЛЕШКОВ","band":2,"modes":"bus","arr":["X10"],"off":[0,-0.8]}},{"type":"Feature","geometry":{"type":"Point","coordinates":[23.28859,42.665813]},"properties":{"line":"X10","mode":"bus","color":"#0059a9","colorDark":"#00294f","band":2,"off":[0,1.1]}},{"type":"Feature","geometry":{"type":"Point","coordinates":[23.293631,42.672567]},"properties":{"name":"БУЛ. БЪЛГАРИЯ","band":2,"modes":"bus","arr":["61"],"off":[0,-0.8]}},{"type":"Feature","geometry":{"type":"Point","coordinates":[23.293631,42.672567]},"properties":{"line":"61","mode":"bus","color":"#0059a9","colorDark":"#00294f","band":2,"off":[0,1.1]}},{"type":"Feature","geometry":{"type":"Point","coordinates":[23.319881,42.683055]},"properties":{"name":"БУЛ. ЧЕРНИ ВРЪХ","band":2,"modes":"bus","arr":["61"],"off":[0,-0.8]}},{"type":"Feature","geometry":{"type":"Point","coordinates":[23.319881,42.683055]},"properties":{"line":"61","mode":"bus","color":"#0059a9","colorDark":"#00294f","band":2,"off":[0,1.1]}},{"type":"Feature","geometry":{"type":"Point","coordinates":[23.272658,42.659135]},"properties":{"name":"Ж.К. БЪКСТОН","band":2,"modes":"bus","arr":["X10","ТБ2"],"off":[0,-0.8]}},{"type":"Feature","geometry":{"type":"Point","coordinates":[23.272658,42.659135]},"properties":{"line":"X10","mode":"bus","color":"#0059a9","colorDark":"#00294f","band":2,"off":[-1.7,1.1]}},{"type":"Feature","geometry":{"type":"Point","coordinates":[23.272658,42.659135]},"properties":{"line":"ТБ2","mode":"bus","color":"#149a3f","colorDark":"#0a5121","band":2,"off":[1.7,1.1]}},{"type":"Feature","geometry":{"type":"Point","coordinates":[23.299036,42.68659]},"properties":{"name":"БУЛ. ЦАР БОРИС ІІІ","band":2,"modes":"bus","arr":["63"],"off":[0,-0.8]}},{"type":"Feature","geometry":{"type":"Point","coordinates":[23.299036,42.68659]},"properties":{"line":"63","mode":"bus","color":"#0059a9","colorDark":"#00294f","band":2,"off":[0,1.1]}},{"type":"Feature","geometry":{"type":"Point","coordinates":[23.284124,42.67895]},"properties":{"name":"КРАСНО СЕЛО","band":2,"modes":"bus,metro","arr":["63","65","M3","ТБ801"],"off":[0,-0.8]}},{"type":"Feature","geometry":{"type":"Point","coordinates":[23.284124,42.67895]},"properties":{"name":"Ж.К. КРАСНО СЕЛО","band":2,"modes":"bus,metro","arr":["63","65","M3","ТБ801"],"off":[0,-1.9]}},{"type":"Feature","geometry":{"type":"Point","coordinates":[23.284124,42.67895]},"properties":{"name":"Ж.к. Красно село","band":2,"modes":"bus,metro","arr":["63","65","M3","ТБ801"],"off":[0,-3]}},{"type":"Feature","geometry":{"type":"Point","coordinates":[23.284124,42.67895]},"properties":{"line":"63","mode":"bus","color":"#0059a9","colorDark":"#00294f","band":2,"off":[-5.1,1.1]}},{"type":"Feature","geometry":{"type":"Point","coordinates":[23.284124,42.67895]},"properties":{"line":"65","mode":"bus","color":"#0059a9","colorDark":"#00294f","band":2,"off":[-1.7,1.1]}},{"type":"Feature","geometry":{"type":"Point","coordinates":[23.284124,42.67895]},"properties":{"line":"M3","mode":"tram","color":"#39B54A","colorDark":"#1f6429","band":2,"metro":1,"off":[1.7,1.1]}},{"type":"Feature","geometry":{"type":"Point","coordinates":[23.284124,42.67895]},"properties":{"line":"ТБ801","mode":"bus","color":"#149a3f","colorDark":"#0a5121","band":2,"off":[5.1,1.1]}},{"type":"Feature","geometry":{"type":"Point","coordinates":[23.272801,42.657283]},"properties":{"name":"НИМ","band":2,"modes":"bus","arr":["304"],"off":[0,-0.8]}},{"type":"Feature","geometry":{"type":"Point","coordinates":[23.272801,42.657283]},"properties":{"line":"304","mode":"bus","color":"#0059a9","colorDark":"#00294f","band":2,"off":[0,1.1]}},{"type":"Feature","geometry":{"type":"Point","coordinates":[23.245051,42.645919]},"properties":{"name":"УЛ. БЯЛАТА ЧЕШМА","band":2,"modes":"bus","arr":["63"],"off":[0,-0.8]}},{"type":"Feature","geometry":{"type":"Point","coordinates":[23.245051,42.645919]},"properties":{"line":"63","mode":"bus","color":"#0059a9","colorDark":"#00294f","band":2,"off":[0,1.1]}},{"type":"Feature","geometry":{"type":"Point","coordinates":[23.301554,42.681835]},"properties":{"name":"ЦЕНТЪР ПО ХИГИЕНА","band":2,"modes":"bus","arr":["64"],"off":[0,-0.8]}},{"type":"Feature","geometry":{"type":"Point","coordinates":[23.301554,42.681835]},"properties":{"line":"64","mode":"bus","color":"#0059a9","colorDark":"#00294f","band":2,"off":[0,1.1]}},{"type":"Feature","geometry":{"type":"Point","coordinates":[23.316201,42.657545]},"properties":{"name":"МЕТРОСТАНЦИЯ ВИТОША","band":2,"modes":"bus","arr":["66"],"off":[0,-0.8]}},{"type":"Feature","geometry":{"type":"Point","coordinates":[23.316201,42.657545]},"properties":{"line":"66","mode":"bus","color":"#0059a9","colorDark":"#00294f","band":2,"off":[0,1.1]}},{"type":"Feature","geometry":{"type":"Point","coordinates":[23.317365,42.660215]},"properties":{"name":"МЕТРОСТАНЦИЯ ВИТОША","band":2,"modes":"bus,tram","arr":["68","98","ТМ10","ТМ13","ТМ15"],"off":[0,-0.8]}},{"type":"Feature","geometry":{"type":"Point","coordinates":[23.317365,42.660215]},"properties":{"line":"68","mode":"bus","color":"#0059a9","colorDark":"#00294f","band":2,"off":[-6.8,1.1]}},{"type":"Feature","geometry":{"type":"Point","coordinates":[23.317365,42.660215]},"properties":{"line":"98","mode":"bus","color":"#0059a9","colorDark":"#00294f","band":2,"off":[-3.4,1.1]}},{"type":"Feature","geometry":{"type":"Point","coordinates":[23.317365,42.660215]},"properties":{"line":"ТМ10","mode":"tram","color":"#d6212b","colorDark":"#7c1116","band":2,"off":[0,1.1]}},{"type":"Feature","geometry":{"type":"Point","coordinates":[23.317365,42.660215]},"properties":{"line":"ТМ13","mode":"tram","color":"#d6212b","colorDark":"#7c1116","band":2,"off":[3.4,1.1]}},{"type":"Feature","geometry":{"type":"Point","coordinates":[23.317365,42.660215]},"properties":{"line":"ТМ15","mode":"tram","color":"#d6212b","colorDark":"#7c1116","band":2,"off":[6.8,1.1]}},{"type":"Feature","geometry":{"type":"Point","coordinates":[23.328443,42.658253]},"properties":{"name":"ЗООПАРКА","band":2,"modes":"bus","arr":["64","66","68","83","88","98","120"],"off":[0,-0.8]}},{"type":"Feature","geometry":{"type":"Point","coordinates":[23.328443,42.658253]},"properties":{"line":"64","mode":"bus","color":"#0059a9","colorDark":"#00294f","band":2,"off":[-6.8,1.1]}},{"type":"Feature","geometry":{"type":"Point","coordinates":[23.328443,42.658253]},"properties":{"line":"66","mode":"bus","color":"#0059a9","colorDark":"#00294f","band":2,"off":[-3.4,1.1]}},{"type":"Feature","geometry":{"type":"Point","coordinates":[23.328443,42.658253]},"properties":{"line":"68","mode":"bus","color":"#0059a9","colorDark":"#00294f","band":2,"off":[0,1.1]}},{"type":"Feature","geometry":{"type":"Point","coordinates":[23.328443,42.658253]},"properties":{"line":"83","mode":"bus","color":"#0059a9","colorDark":"#00294f","band":2,"off":[3.4,1.1]}},{"type":"Feature","geometry":{"type":"Point","coordinates":[23.328443,42.658253]},"properties":{"line":"88","mode":"bus","color":"#0059a9","colorDark":"#00294f","band":2,"off":[6.8,1.1]}},{"type":"Feature","geometry":{"type":"Point","coordinates":[23.328443,42.658253]},"properties":{"line":"98","mode":"bus","color":"#0059a9","colorDark":"#00294f","band":2,"off":[-1.7,3.1]}},{"type":"Feature","geometry":{"type":"Point","coordinates":[23.328443,42.658253]},"properties":{"line":"120","mode":"bus","color":"#0059a9","colorDark":"#00294f","band":2,"off":[1.7,3.1]}},{"type":"Feature","geometry":{"type":"Point","coordinates":[23.266071,42.644268]},"properties":{"name":"БОЯНСКА ЦЪРКВА","band":2,"modes":"bus","arr":["65"],"off":[0,-0.8]}},{"type":"Feature","geometry":{"type":"Point","coordinates":[23.266071,42.644268]},"properties":{"line":"65","mode":"bus","color":"#0059a9","colorDark":"#00294f","band":2,"off":[0,1.1]}},{"type":"Feature","geometry":{"type":"Point","coordinates":[23.272574,42.672173]},"properties":{"name":"КВ. ОВЧА КУПЕЛ","band":2,"modes":"bus,tram","arr":["103","107","ТМ4","ТМ5"],"off":[0,-0.8]}},{"type":"Feature","geometry":{"type":"Point","coordinates":[23.272574,42.672173]},"properties":{"name":"Кв. Овча купел","band":2,"modes":"bus,tram","arr":["103","107","ТМ4","ТМ5"],"off":[0,-1.9]}},{"type":"Feature","geometry":{"type":"Point","coordinates":[23.272574,42.672173]},"properties":{"name":"АВТОСТАНЦИЯ ОВЧА КУПЕЛ","band":2,"modes":"bus,tram","arr":["103","107","ТМ4","ТМ5"],"off":[0,-3]}},{"type":"Feature","geometry":{"type":"Point","coordinates":[23.272574,42.672173]},"properties":{"line":"103","mode":"bus","color":"#0059a9","colorDark":"#00294f","band":2,"off":[-5.1,1.1]}},{"type":"Feature","geometry":{"type":"Point","coordinates":[23.272574,42.672173]},"properties":{"line":"107","mode":"bus","color":"#0059a9","colorDark":"#00294f","band":2,"off":[-1.7,1.1]}},{"type":"Feature","geometry":{"type":"Point","coordinates":[23.272574,42.672173]},"properties":{"line":"ТМ4","mode":"tram","color":"#d6212b","colorDark":"#7c1116","band":2,"off":[1.7,1.1]}},{"type":"Feature","geometry":{"type":"Point","coordinates":[23.272574,42.672173]},"properties":{"line":"ТМ5","mode":"tram","color":"#d6212b","colorDark":"#7c1116","band":2,"off":[5.1,1.1]}},{"type":"Feature","geometry":{"type":"Point","coordinates":[23.292219,42.583342]},"properties":{"name":"ХИЖА АЛЕКО","band":2,"modes":"bus","arr":["66"],"off":[0,-0.8]}},{"type":"Feature","geometry":{"type":"Point","coordinates":[23.292219,42.583342]},"properties":{"line":"66","mode":"bus","color":"#0059a9","colorDark":"#00294f","band":2,"off":[0,1.1]}},{"type":"Feature","geometry":{"type":"Point","coordinates":[23.333965,42.674723]},"properties":{"name":"СЕМИНАРИЯТА","band":2,"modes":"bus","arr":["67"],"off":[0,-0.8]}},{"type":"Feature","geometry":{"type":"Point","coordinates":[23.333965,42.674723]},"properties":{"line":"67","mode":"bus","color":"#0059a9","colorDark":"#00294f","band":2,"off":[0,1.1]}},{"type":"Feature","geometry":{"type":"Point","coordinates":[23.351655,42.670816]},"properties":{"name":"СТЦ ИНТЕРПРЕД","band":2,"modes":"bus","arr":["97"],"off":[0,-0.8]}},{"type":"Feature","geometry":{"type":"Point","coordinates":[23.351655,42.670816]},"properties":{"line":"97","mode":"bus","color":"#0059a9","colorDark":"#00294f","band":2,"off":[0,1.1]}},{"type":"Feature","geometry":{"type":"Point","coordinates":[23.35549,42.665097]},"properties":{"name":"Ж.К. ДИАНАБАД","band":2,"modes":"bus","arr":["67"],"off":[0,-0.8]}},{"type":"Feature","geometry":{"type":"Point","coordinates":[23.35549,42.665097]},"properties":{"line":"67","mode":"bus","color":"#0059a9","colorDark":"#00294f","band":2,"off":[0,1.1]}},{"type":"Feature","geometry":{"type":"Point","coordinates":[23.356315,42.662891]},"properties":{"name":"НСБАЛ ПО ОНКОЛОГИЯ","band":2,"modes":"bus","arr":["67","69","70","97","294"],"off":[0,-0.8]}},{"type":"Feature","geometry":{"type":"Point","coordinates":[23.356315,42.662891]},"properties":{"name":"МЕТРОСТАНЦИЯ Г. М. ДИМИТРОВ","band":2,"modes":"bus","arr":["67","69","70","97","294"],"off":[0,-1.9]}},{"type":"Feature","geometry":{"type":"Point","coordinates":[23.356315,42.662891]},"properties":{"line":"67","mode":"bus","color":"#0059a9","colorDark":"#00294f","band":2,"off":[-6.8,1.1]}},{"type":"Feature","geometry":{"type":"Point","coordinates":[23.356315,42.662891]},"properties":{"line":"69","mode":"bus","color":"#0059a9","colorDark":"#00294f","band":2,"off":[-3.4,1.1]}},{"type":"Feature","geometry":{"type":"Point","coordinates":[23.356315,42.662891]},"properties":{"line":"70","mode":"bus","color":"#0059a9","colorDark":"#00294f","band":2,"off":[0,1.1]}},{"type":"Feature","geometry":{"type":"Point","coordinates":[23.356315,42.662891]},"properties":{"line":"97","mode":"bus","color":"#0059a9","colorDark":"#00294f","band":2,"off":[3.4,1.1]}},{"type":"Feature","geometry":{"type":"Point","coordinates":[23.356315,42.662891]},"properties":{"line":"294","mode":"bus","color":"#0059a9","colorDark":"#00294f","band":2,"off":[6.8,1.1]}},{"type":"Feature","geometry":{"type":"Point","coordinates":[23.339006,42.612113]},"properties":{"name":"КВ. СИМЕОНОВО","band":2,"modes":"bus","arr":["67","68"],"off":[0,-0.8]}},{"type":"Feature","geometry":{"type":"Point","coordinates":[23.339006,42.612113]},"properties":{"line":"67","mode":"bus","color":"#0059a9","colorDark":"#00294f","band":2,"off":[-1.7,1.1]}},{"type":"Feature","geometry":{"type":"Point","coordinates":[23.339006,42.612113]},"properties":{"line":"68","mode":"bus","color":"#0059a9","colorDark":"#00294f","band":2,"off":[1.7,1.1]}},{"type":"Feature","geometry":{"type":"Point","coordinates":[23.334354,42.638493]},"properties":{"name":"ХОТЕЛ АМБАСАДОР","band":2,"modes":"bus","arr":["97"],"off":[0,-0.8]}},{"type":"Feature","geometry":{"type":"Point","coordinates":[23.334354,42.638493]},"properties":{"line":"97","mode":"bus","color":"#0059a9","colorDark":"#00294f","band":2,"off":[0,1.1]}},{"type":"Feature","geometry":{"type":"Point","coordinates":[23.333255,42.49982]},"properties":{"name":"МЕСТНОСТ ЯРЕМА","band":2,"modes":"bus","arr":["69"],"off":[0,-0.8]}},{"type":"Feature","geometry":{"type":"Point","coordinates":[23.333255,42.49982]},"properties":{"line":"69","mode":"bus","color":"#0059a9","colorDark":"#00294f","band":2,"off":[0,1.1]}},{"type":"Feature","geometry":{"type":"Point","coordinates":[23.360201,42.524475]},"properties":{"name":"ЦАРЕВА МАХАЛА","band":2,"modes":"bus","arr":["69"],"off":[0,-0.8]}},{"type":"Feature","geometry":{"type":"Point","coordinates":[23.360201,42.524475]},"properties":{"line":"69","mode":"bus","color":"#0059a9","colorDark":"#00294f","band":2,"off":[0,1.1]}},{"type":"Feature","geometry":{"type":"Point","coordinates":[23.366338,42.533842]},"properties":{"name":"КМЕТСТВО ЖЕЛЕЗНИЦА","band":2,"modes":"bus","arr":["98"],"off":[0,-0.8]}},{"type":"Feature","geometry":{"type":"Point","coordinates":[23.366338,42.533842]},"properties":{"line":"98","mode":"bus","color":"#0059a9","colorDark":"#00294f","band":2,"off":[0,1.1]}},{"type":"Feature","geometry":{"type":"Point","coordinates":[23.360471,42.586252]},"properties":{"name":"СЕЛО БИСТРИЦА","band":2,"modes":"bus","arr":["314"],"off":[0,-0.8]}},{"type":"Feature","geometry":{"type":"Point","coordinates":[23.360471,42.586252]},"properties":{"line":"314","mode":"bus","color":"#0059a9","colorDark":"#00294f","band":2,"off":[0,1.1]}},{"type":"Feature","geometry":{"type":"Point","coordinates":[23.408552,42.487151]},"properties":{"name":"СЕЛО ПЛАНА","band":2,"modes":"bus","arr":["70"],"off":[0,-0.8]}},{"type":"Feature","geometry":{"type":"Point","coordinates":[23.408552,42.487151]},"properties":{"line":"70","mode":"bus","color":"#0059a9","colorDark":"#00294f","band":2,"off":[0,1.1]}},{"type":"Feature","geometry":{"type":"Point","coordinates":[23.277147,42.701665]},"properties":{"name":"Ж.К. ЗАПАДЕН ПАРК","band":2,"modes":"bus,tram","arr":["72","77","ТМ1","ТМ10"],"off":[0,-0.8]}},{"type":"Feature","geometry":{"type":"Point","coordinates":[23.277147,42.701665]},"properties":{"line":"72","mode":"bus","color":"#0059a9","colorDark":"#00294f","band":2,"off":[-5.1,1.1]}},{"type":"Feature","geometry":{"type":"Point","coordinates":[23.277147,42.701665]},"properties":{"line":"77","mode":"bus","color":"#0059a9","colorDark":"#00294f","band":2,"off":[-1.7,1.1]}},{"type":"Feature","geometry":{"type":"Point","coordinates":[23.277147,42.701665]},"properties":{"line":"ТМ1","mode":"tram","color":"#d6212b","colorDark":"#7c1116","band":2,"off":[1.7,1.1]}},{"type":"Feature","geometry":{"type":"Point","coordinates":[23.277147,42.701665]},"properties":{"line":"ТМ10","mode":"tram","color":"#d6212b","colorDark":"#7c1116","band":2,"off":[5.1,1.1]}},{"type":"Feature","geometry":{"type":"Point","coordinates":[23.359824,42.676671]},"properties":{"name":"ХОТЕЛ ПЛИСКА","band":2,"modes":"bus","arr":["72"],"off":[0,-0.8]}},{"type":"Feature","geometry":{"type":"Point","coordinates":[23.359824,42.676671]},"properties":{"line":"72","mode":"bus","color":"#0059a9","colorDark":"#00294f","band":2,"off":[0,1.1]}},{"type":"Feature","geometry":{"type":"Point","coordinates":[23.384688,42.626013]},"properties":{"name":"Ж.К. МЛАДОСТ-4","band":2,"modes":"bus","arr":["76","N1"],"off":[0,-0.8]}},{"type":"Feature","geometry":{"type":"Point","coordinates":[23.384688,42.626013]},"properties":{"line":"76","mode":"bus","color":"#0059a9","colorDark":"#00294f","band":2,"off":[-1.7,1.1]}},{"type":"Feature","geometry":{"type":"Point","coordinates":[23.384688,42.626013]},"properties":{"line":"N1","mode":"bus","color":"#0059a9","colorDark":"#00294f","band":2,"off":[1.7,1.1]}},{"type":"Feature","geometry":{"type":"Point","coordinates":[23.297219,42.660561]},"properties":{"name":"Ж.К. ГОЦЕ ДЕЛЧЕВ","band":2,"modes":"bus","arr":["76","204","N4","ТБ7","ТБ8","ТБ74","ТБ288"],"off":[0,-0.8]}},{"type":"Feature","geometry":{"type":"Point","coordinates":[23.297219,42.660561]},"properties":{"name":"ж.к. Гоце Делчев","band":2,"modes":"bus","arr":["76","204","N4","ТБ7","ТБ8","ТБ74","ТБ288"],"off":[0,-1.9]}},{"type":"Feature","geometry":{"type":"Point","coordinates":[23.297219,42.660561]},"properties":{"line":"76","mode":"bus","color":"#0059a9","colorDark":"#00294f","band":2,"off":[-6.8,1.1]}},{"type":"Feature","geometry":{"type":"Point","coordinates":[23.297219,42.660561]},"properties":{"line":"204","mode":"bus","color":"#0059a9","colorDark":"#00294f","band":2,"off":[-3.4,1.1]}},{"type":"Feature","geometry":{"type":"Point","coordinates":[23.297219,42.660561]},"properties":{"line":"N4","mode":"bus","color":"#0059a9","colorDark":"#00294f","band":2,"off":[0,1.1]}},{"type":"Feature","geometry":{"type":"Point","coordinates":[23.297219,42.660561]},"properties":{"line":"ТБ7","mode":"bus","color":"#149a3f","colorDark":"#0a5121","band":2,"off":[3.4,1.1]}},{"type":"Feature","geometry":{"type":"Point","coordinates":[23.297219,42.660561]},"properties":{"line":"ТБ8","mode":"bus","color":"#149a3f","colorDark":"#0a5121","band":2,"off":[6.8,1.1]}},{"type":"Feature","geometry":{"type":"Point","coordinates":[23.297219,42.660561]},"properties":{"line":"ТБ74","mode":"bus","color":"#149a3f","colorDark":"#0a5121","band":2,"off":[-1.7,3.1]}},{"type":"Feature","geometry":{"type":"Point","coordinates":[23.297219,42.660561]},"properties":{"line":"ТБ288","mode":"bus","color":"#149a3f","colorDark":"#0a5121","band":2,"off":[1.7,3.1]}},{"type":"Feature","geometry":{"type":"Point","coordinates":[23.379923,42.711868]},"properties":{"name":"Ж.К. ЛЕВСКИ Г","band":2,"modes":"bus","arr":["120","N3"],"off":[0,-0.8]}},{"type":"Feature","geometry":{"type":"Point","coordinates":[23.379923,42.711868]},"properties":{"line":"120","mode":"bus","color":"#0059a9","colorDark":"#00294f","band":2,"off":[-1.7,1.1]}},{"type":"Feature","geometry":{"type":"Point","coordinates":[23.379923,42.711868]},"properties":{"line":"N3","mode":"bus","color":"#0059a9","colorDark":"#00294f","band":2,"off":[1.7,1.1]}},{"type":"Feature","geometry":{"type":"Point","coordinates":[23.328366,42.734011]},"properties":{"name":"СТИНД","band":2,"modes":"bus","arr":["79"],"off":[0,-0.8]}},{"type":"Feature","geometry":{"type":"Point","coordinates":[23.328366,42.734011]},"properties":{"line":"79","mode":"bus","color":"#0059a9","colorDark":"#00294f","band":2,"off":[0,1.1]}},{"type":"Feature","geometry":{"type":"Point","coordinates":[23.310721,42.719311]},"properties":{"name":"ТРИЪГЪЛНИКА","band":2,"modes":"bus,tram","arr":["309","ТМ6","ТМ11"],"off":[0,-0.8]}},{"type":"Feature","geometry":{"type":"Point","coordinates":[23.310721,42.719311]},"properties":{"name":"БУЛ. ИЛИЯНЦИ-ПОДЛЕЗА","band":2,"modes":"bus,tram","arr":["309","ТМ6","ТМ11"],"off":[0,-1.9]}},{"type":"Feature","geometry":{"type":"Point","coordinates":[23.310721,42.719311]},"properties":{"line":"309","mode":"bus","color":"#0059a9","colorDark":"#00294f","band":2,"off":[-3.4,1.1]}},{"type":"Feature","geometry":{"type":"Point","coordinates":[23.310721,42.719311]},"properties":{"line":"ТМ6","mode":"tram","color":"#d6212b","colorDark":"#7c1116","band":2,"off":[0,1.1]}},{"type":"Feature","geometry":{"type":"Point","coordinates":[23.310721,42.719311]},"properties":{"line":"ТМ11","mode":"tram","color":"#d6212b","colorDark":"#7c1116","band":2,"off":[3.4,1.1]}},{"type":"Feature","geometry":{"type":"Point","coordinates":[23.382762,42.68943]},"properties":{"name":"КВ. ХРИСТО БОТЕВ","band":2,"modes":"bus","arr":["79"],"off":[0,-0.8]}},{"type":"Feature","geometry":{"type":"Point","coordinates":[23.382762,42.68943]},"properties":{"line":"79","mode":"bus","color":"#0059a9","colorDark":"#00294f","band":2,"off":[0,1.1]}},{"type":"Feature","geometry":{"type":"Point","coordinates":[23.258388,42.73843]},"properties":{"name":"СЕВЕРНА ПРОМИШЛЕНА ЗОНА","band":2,"modes":"bus","arr":["81"],"off":[0,-0.8]}},{"type":"Feature","geometry":{"type":"Point","coordinates":[23.258388,42.73843]},"properties":{"line":"81","mode":"bus","color":"#0059a9","colorDark":"#00294f","band":2,"off":[0,1.1]}},{"type":"Feature","geometry":{"type":"Point","coordinates":[23.266032,42.74251]},"properties":{"name":"КВ. ОБЕЛЯ","band":2,"modes":"bus","arr":["N2"],"off":[0,-0.8]}},{"type":"Feature","geometry":{"type":"Point","coordinates":[23.266032,42.74251]},"properties":{"line":"N2","mode":"bus","color":"#0059a9","colorDark":"#00294f","band":2,"off":[0,1.1]}},{"type":"Feature","geometry":{"type":"Point","coordinates":[23.237652,42.716461]},"properties":{"name":"Ж.К. ЛЮЛИН-5","band":2,"modes":"bus","arr":["82","108","310"],"off":[0,-0.8]}},{"type":"Feature","geometry":{"type":"Point","coordinates":[23.237652,42.716461]},"properties":{"line":"82","mode":"bus","color":"#0059a9","colorDark":"#00294f","band":2,"off":[-3.4,1.1]}},{"type":"Feature","geometry":{"type":"Point","coordinates":[23.237652,42.716461]},"properties":{"line":"108","mode":"bus","color":"#0059a9","colorDark":"#00294f","band":2,"off":[0,1.1]}},{"type":"Feature","geometry":{"type":"Point","coordinates":[23.237652,42.716461]},"properties":{"line":"310","mode":"bus","color":"#0059a9","colorDark":"#00294f","band":2,"off":[3.4,1.1]}},{"type":"Feature","geometry":{"type":"Point","coordinates":[23.278683,42.682716]},"properties":{"name":"АП ЗЕМЛЯНЕ","band":2,"modes":"bus","arr":["83","102"],"off":[0,-0.8]}},{"type":"Feature","geometry":{"type":"Point","coordinates":[23.278683,42.682716]},"properties":{"line":"83","mode":"bus","color":"#0059a9","colorDark":"#00294f","band":2,"off":[-1.7,1.1]}},{"type":"Feature","geometry":{"type":"Point","coordinates":[23.278683,42.682716]},"properties":{"line":"102","mode":"bus","color":"#0059a9","colorDark":"#00294f","band":2,"off":[1.7,1.1]}},{"type":"Feature","geometry":{"type":"Point","coordinates":[23.275338,42.684788]},"properties":{"name":"БАЛКАНКАР АД","band":2,"modes":"bus","arr":["83","102"],"off":[0,-0.8]}},{"type":"Feature","geometry":{"type":"Point","coordinates":[23.275338,42.684788]},"properties":{"line":"83","mode":"bus","color":"#0059a9","colorDark":"#00294f","band":2,"off":[-1.7,1.1]}},{"type":"Feature","geometry":{"type":"Point","coordinates":[23.275338,42.684788]},"properties":{"line":"102","mode":"bus","color":"#0059a9","colorDark":"#00294f","band":2,"off":[1.7,1.1]}},{"type":"Feature","geometry":{"type":"Point","coordinates":[23.335355,42.692243]},"properties":{"name":"СУ СВ.КЛИМЕНТ ОХРИДСКИ","band":2,"modes":"bus","arr":["94"],"off":[0,-0.8]}},{"type":"Feature","geometry":{"type":"Point","coordinates":[23.335355,42.692243]},"properties":{"line":"94","mode":"bus","color":"#0059a9","colorDark":"#00294f","band":2,"off":[0,1.1]}},{"type":"Feature","geometry":{"type":"Point","coordinates":[23.415621,42.688294]},"properties":{"name":"ЛЕТИЩЕ СОФИЯ ТЕРМИНАЛ 2","band":2,"modes":"bus,metro","arr":["84","M4"],"off":[0,-0.8]}},{"type":"Feature","geometry":{"type":"Point","coordinates":[23.415621,42.688294]},"properties":{"name":"ЛЕТИЩЕ СОФИЯ","band":2,"modes":"bus,metro","arr":["84","M4"],"off":[0,-3]}},{"type":"Feature","geometry":{"type":"Point","coordinates":[23.415621,42.688294]},"properties":{"line":"84","mode":"bus","color":"#0059a9","colorDark":"#00294f","band":2,"off":[-1.7,1.1]}},{"type":"Feature","geometry":{"type":"Point","coordinates":[23.415621,42.688294]},"properties":{"line":"M4","mode":"tram","color":"#FFDE17","colorDark":"#8c7a0d","band":2,"metro":1,"off":[1.7,1.1]}},{"type":"Feature","geometry":{"type":"Point","coordinates":[23.361605,42.710809]},"properties":{"name":"Ж.К. ХАДЖИ ДИМИТЪР","band":2,"modes":"bus","arr":["85","285"],"off":[0,-0.8]}},{"type":"Feature","geometry":{"type":"Point","coordinates":[23.361605,42.710809]},"properties":{"line":"85","mode":"bus","color":"#0059a9","colorDark":"#00294f","band":2,"off":[-1.7,1.1]}},{"type":"Feature","geometry":{"type":"Point","coordinates":[23.361605,42.710809]},"properties":{"line":"285","mode":"bus","color":"#0059a9","colorDark":"#00294f","band":2,"off":[1.7,1.1]}},{"type":"Feature","geometry":{"type":"Point","coordinates":[23.290818,42.73936]},"properties":{"name":"Ж.К. ВРЪБНИЦА-2","band":2,"modes":"bus","arr":["85","285"],"off":[0,-0.8]}},{"type":"Feature","geometry":{"type":"Point","coordinates":[23.290818,42.73936]},"properties":{"line":"85","mode":"bus","color":"#0059a9","colorDark":"#00294f","band":2,"off":[-1.7,1.1]}},{"type":"Feature","geometry":{"type":"Point","coordinates":[23.290818,42.73936]},"properties":{"line":"285","mode":"bus","color":"#0059a9","colorDark":"#00294f","band":2,"off":[1.7,1.1]}},{"type":"Feature","geometry":{"type":"Point","coordinates":[23.303211,42.738832]},"properties":{"name":"Ж.К. СВОБОДА","band":2,"modes":"bus","arr":["86"],"off":[0,-0.8]}},{"type":"Feature","geometry":{"type":"Point","coordinates":[23.303211,42.738832]},"properties":{"line":"86","mode":"bus","color":"#0059a9","colorDark":"#00294f","band":2,"off":[0,1.1]}},{"type":"Feature","geometry":{"type":"Point","coordinates":[23.349983,42.710488]},"properties":{"name":"Ж.К. ХАДЖИ ДИМИТЪР","band":2,"modes":"bus","arr":["100","ТБ2","ТБ4"],"off":[0,-0.8]}},{"type":"Feature","geometry":{"type":"Point","coordinates":[23.349983,42.710488]},"properties":{"name":"ж.к. Хаджи Димитър","band":2,"modes":"bus","arr":["100","ТБ2","ТБ4"],"off":[0,-1.9]}},{"type":"Feature","geometry":{"type":"Point","coordinates":[23.349983,42.710488]},"properties":{"name":"БАЛКАН СТАР","band":2,"modes":"bus","arr":["100","ТБ2","ТБ4"],"off":[0,-3]}},{"type":"Feature","geometry":{"type":"Point","coordinates":[23.349983,42.710488]},"properties":{"line":"100","mode":"bus","color":"#0059a9","colorDark":"#00294f","band":2,"off":[-3.4,1.1]}},{"type":"Feature","geometry":{"type":"Point","coordinates":[23.349983,42.710488]},"properties":{"line":"ТБ2","mode":"bus","color":"#149a3f","colorDark":"#0a5121","band":2,"off":[0,1.1]}},{"type":"Feature","geometry":{"type":"Point","coordinates":[23.349983,42.710488]},"properties":{"line":"ТБ4","mode":"bus","color":"#149a3f","colorDark":"#0a5121","band":2,"off":[3.4,1.1]}},{"type":"Feature","geometry":{"type":"Point","coordinates":[23.360345,42.715294]},"properties":{"name":"АП МАЛАШЕВЦИ","band":2,"modes":"bus","arr":["86","90"],"off":[0,-0.8]}},{"type":"Feature","geometry":{"type":"Point","coordinates":[23.360345,42.715294]},"properties":{"line":"86","mode":"bus","color":"#0059a9","colorDark":"#00294f","band":2,"off":[-1.7,1.1]}},{"type":"Feature","geometry":{"type":"Point","coordinates":[23.360345,42.715294]},"properties":{"line":"90","mode":"bus","color":"#0059a9","colorDark":"#00294f","band":2,"off":[1.7,1.1]}},{"type":"Feature","geometry":{"type":"Point","coordinates":[23.416311,42.639789]},"properties":{"name":"Ж.К. ДРУЖБА-2","band":2,"modes":"bus","arr":["88","204","304","N4","ТБ4"],"off":[0,-0.8]}},{"type":"Feature","geometry":{"type":"Point","coordinates":[23.416311,42.639789]},"properties":{"line":"88","mode":"bus","color":"#0059a9","colorDark":"#00294f","band":2,"off":[-6.8,1.1]}},{"type":"Feature","geometry":{"type":"Point","coordinates":[23.416311,42.639789]},"properties":{"line":"204","mode":"bus","color":"#0059a9","colorDark":"#00294f","band":2,"off":[-3.4,1.1]}},{"type":"Feature","geometry":{"type":"Point","coordinates":[23.416311,42.639789]},"properties":{"line":"304","mode":"bus","color":"#0059a9","colorDark":"#00294f","band":2,"off":[0,1.1]}},{"type":"Feature","geometry":{"type":"Point","coordinates":[23.416311,42.639789]},"properties":{"line":"N4","mode":"bus","color":"#0059a9","colorDark":"#00294f","band":2,"off":[3.4,1.1]}},{"type":"Feature","geometry":{"type":"Point","coordinates":[23.416311,42.639789]},"properties":{"line":"ТБ4","mode":"bus","color":"#149a3f","colorDark":"#0a5121","band":2,"off":[6.8,1.1]}},{"type":"Feature","geometry":{"type":"Point","coordinates":[23.569005,42.764548]},"properties":{"name":"ГРАД БУХОВО","band":2,"modes":"bus","arr":["90","117"],"off":[0,-0.8]}},{"type":"Feature","geometry":{"type":"Point","coordinates":[23.569005,42.764548]},"properties":{"line":"90","mode":"bus","color":"#0059a9","colorDark":"#00294f","band":2,"off":[-1.7,1.1]}},{"type":"Feature","geometry":{"type":"Point","coordinates":[23.569005,42.764548]},"properties":{"line":"117","mode":"bus","color":"#0059a9","colorDark":"#00294f","band":2,"off":[1.7,1.1]}},{"type":"Feature","geometry":{"type":"Point","coordinates":[23.346421,42.646606]},"properties":{"name":"СТУДЕНТСКИ ГРАД","band":2,"modes":"bus","arr":["94","95","102","280","294","N2"],"off":[0,-0.8]}},{"type":"Feature","geometry":{"type":"Point","coordinates":[23.346421,42.646606]},"properties":{"line":"94","mode":"bus","color":"#0059a9","colorDark":"#00294f","band":2,"off":[-6.8,1.1]}},{"type":"Feature","geometry":{"type":"Point","coordinates":[23.346421,42.646606]},"properties":{"line":"95","mode":"bus","color":"#0059a9","colorDark":"#00294f","band":2,"off":[-3.4,1.1]}},{"type":"Feature","geometry":{"type":"Point","coordinates":[23.346421,42.646606]},"properties":{"line":"102","mode":"bus","color":"#0059a9","colorDark":"#00294f","band":2,"off":[0,1.1]}},{"type":"Feature","geometry":{"type":"Point","coordinates":[23.346421,42.646606]},"properties":{"line":"280","mode":"bus","color":"#0059a9","colorDark":"#00294f","band":2,"off":[3.4,1.1]}},{"type":"Feature","geometry":{"type":"Point","coordinates":[23.346421,42.646606]},"properties":{"line":"294","mode":"bus","color":"#0059a9","colorDark":"#00294f","band":2,"off":[6.8,1.1]}},{"type":"Feature","geometry":{"type":"Point","coordinates":[23.346421,42.646606]},"properties":{"line":"N2","mode":"bus","color":"#0059a9","colorDark":"#00294f","band":2,"off":[0,3.1]}},{"type":"Feature","geometry":{"type":"Point","coordinates":[23.294376,42.65328]},"properties":{"name":"КВ. МАНАСТИРСКИ ЛИВАДИ","band":2,"modes":"bus","arr":["95","ТБ801"],"off":[0,-0.8]}},{"type":"Feature","geometry":{"type":"Point","coordinates":[23.294376,42.65328]},"properties":{"line":"95","mode":"bus","color":"#0059a9","colorDark":"#00294f","band":2,"off":[-1.7,1.1]}},{"type":"Feature","geometry":{"type":"Point","coordinates":[23.294376,42.65328]},"properties":{"line":"ТБ801","mode":"bus","color":"#149a3f","colorDark":"#0a5121","band":2,"off":[1.7,1.1]}},{"type":"Feature","geometry":{"type":"Point","coordinates":[23.350315,42.67186]},"properties":{"name":"МЕТРОСТАНЦИЯ ФР. ЖОЛИО-КЮРИ","band":2,"modes":"bus","arr":["97"],"off":[0,-0.8]}},{"type":"Feature","geometry":{"type":"Point","coordinates":[23.350315,42.67186]},"properties":{"line":"97","mode":"bus","color":"#0059a9","colorDark":"#00294f","band":2,"off":[0,1.1]}},{"type":"Feature","geometry":{"type":"Point","coordinates":[23.370277,42.711508]},"properties":{"name":"ПЪТНОСТРОИТЕЛНА ТЕХНИКА","band":2,"modes":"bus","arr":["100","ТБ1","ТБ3"],"off":[0,-0.8]}},{"type":"Feature","geometry":{"type":"Point","coordinates":[23.370277,42.711508]},"properties":{"name":"Пътностроителна техника","band":2,"modes":"bus","arr":["100","ТБ1","ТБ3"],"off":[0,-3]}},{"type":"Feature","geometry":{"type":"Point","coordinates":[23.370277,42.711508]},"properties":{"line":"100","mode":"bus","color":"#0059a9","colorDark":"#00294f","band":2,"off":[-3.4,1.1]}},{"type":"Feature","geometry":{"type":"Point","coordinates":[23.370277,42.711508]},"properties":{"line":"ТБ1","mode":"bus","color":"#149a3f","colorDark":"#0a5121","band":2,"off":[0,1.1]}},{"type":"Feature","geometry":{"type":"Point","coordinates":[23.370277,42.711508]},"properties":{"line":"ТБ3","mode":"bus","color":"#149a3f","colorDark":"#0a5121","band":2,"off":[3.4,1.1]}},{"type":"Feature","geometry":{"type":"Point","coordinates":[23.329199,42.753721]},"properties":{"name":"ФОНДОВИ ЖИЛИЩА","band":2,"modes":"bus","arr":["101"],"off":[0,-0.8]}},{"type":"Feature","geometry":{"type":"Point","coordinates":[23.329199,42.753721]},"properties":{"line":"101","mode":"bus","color":"#0059a9","colorDark":"#00294f","band":2,"off":[0,1.1]}},{"type":"Feature","geometry":{"type":"Point","coordinates":[23.192213,42.652185]},"properties":{"name":"ВЗ. ЛЮЛИН","band":2,"modes":"bus","arr":["103","803"],"off":[0,-0.8]}},{"type":"Feature","geometry":{"type":"Point","coordinates":[23.192213,42.652185]},"properties":{"line":"103","mode":"bus","color":"#0059a9","colorDark":"#00294f","band":2,"off":[-1.7,1.1]}},{"type":"Feature","geometry":{"type":"Point","coordinates":[23.192213,42.652185]},"properties":{"line":"803","mode":"bus","color":"#0059a9","colorDark":"#00294f","band":2,"off":[1.7,1.1]}},{"type":"Feature","geometry":{"type":"Point","coordinates":[23.220429,42.670994]},"properties":{"name":"КАНТОНА","band":2,"modes":"bus","arr":["803"],"off":[0,-0.8]}},{"type":"Feature","geometry":{"type":"Point","coordinates":[23.220429,42.670994]},"properties":{"line":"803","mode":"bus","color":"#0059a9","colorDark":"#00294f","band":2,"off":[0,1.1]}},{"type":"Feature","geometry":{"type":"Point","coordinates":[23.228602,42.67576]},"properties":{"name":"КВ. ГОРНА БАНЯ","band":2,"modes":"bus","arr":["260"],"off":[0,-0.8]}},{"type":"Feature","geometry":{"type":"Point","coordinates":[23.228602,42.67576]},"properties":{"line":"260","mode":"bus","color":"#0059a9","colorDark":"#00294f","band":2,"off":[0,1.1]}},{"type":"Feature","geometry":{"type":"Point","coordinates":[23.240458,42.679993]},"properties":{"name":"МЕТРОСТАНЦИЯ ГОРНА БАНЯ","band":2,"modes":"bus","arr":["802","803","804","806"],"off":[0,-0.8]}},{"type":"Feature","geometry":{"type":"Point","coordinates":[23.240458,42.679993]},"properties":{"name":"Метростанция Горна баня","band":2,"modes":"bus","arr":["802","803","804","806"],"off":[0,-3]}},{"type":"Feature","geometry":{"type":"Point","coordinates":[23.240458,42.679993]},"properties":{"line":"802","mode":"bus","color":"#0059a9","colorDark":"#00294f","band":2,"off":[-5.1,1.1]}},{"type":"Feature","geometry":{"type":"Point","coordinates":[23.240458,42.679993]},"properties":{"line":"803","mode":"bus","color":"#0059a9","colorDark":"#00294f","band":2,"off":[-1.7,1.1]}},{"type":"Feature","geometry":{"type":"Point","coordinates":[23.240458,42.679993]},"properties":{"line":"804","mode":"bus","color":"#0059a9","colorDark":"#00294f","band":2,"off":[1.7,1.1]}},{"type":"Feature","geometry":{"type":"Point","coordinates":[23.240458,42.679993]},"properties":{"line":"806","mode":"bus","color":"#0059a9","colorDark":"#00294f","band":2,"off":[5.1,1.1]}},{"type":"Feature","geometry":{"type":"Point","coordinates":[23.255623,42.669301]},"properties":{"name":"БУЛ. НИКОЛА ПЕТКОВ","band":2,"modes":"bus","arr":["111","260"],"off":[0,-0.8]}},{"type":"Feature","geometry":{"type":"Point","coordinates":[23.255623,42.669301]},"properties":{"line":"111","mode":"bus","color":"#0059a9","colorDark":"#00294f","band":2,"off":[-1.7,1.1]}},{"type":"Feature","geometry":{"type":"Point","coordinates":[23.255623,42.669301]},"properties":{"line":"260","mode":"bus","color":"#0059a9","colorDark":"#00294f","band":2,"off":[1.7,1.1]}},{"type":"Feature","geometry":{"type":"Point","coordinates":[23.24096,42.668145]},"properties":{"name":"КВ. КАРПУЗИЦА","band":2,"modes":"bus","arr":["107"],"off":[0,-0.8]}},{"type":"Feature","geometry":{"type":"Point","coordinates":[23.24096,42.668145]},"properties":{"line":"107","mode":"bus","color":"#0059a9","colorDark":"#00294f","band":2,"off":[0,1.1]}},{"type":"Feature","geometry":{"type":"Point","coordinates":[23.24706,42.729631]},"properties":{"name":"Ж.К. ЛЮЛИН-1,2","band":2,"modes":"bus","arr":["111","309","N1"],"off":[0,-0.8]}},{"type":"Feature","geometry":{"type":"Point","coordinates":[23.24706,42.729631]},"properties":{"line":"111","mode":"bus","color":"#0059a9","colorDark":"#00294f","band":2,"off":[-3.4,1.1]}},{"type":"Feature","geometry":{"type":"Point","coordinates":[23.24706,42.729631]},"properties":{"line":"309","mode":"bus","color":"#0059a9","colorDark":"#00294f","band":2,"off":[0,1.1]}},{"type":"Feature","geometry":{"type":"Point","coordinates":[23.24706,42.729631]},"properties":{"line":"N1","mode":"bus","color":"#0059a9","colorDark":"#00294f","band":2,"off":[3.4,1.1]}},{"type":"Feature","geometry":{"type":"Point","coordinates":[23.367862,42.651186]},"properties":{"name":"Ж.К. МЛАДОСТ-1","band":2,"modes":"bus","arr":["111","184","X10","ТБ73"],"off":[0,-0.8]}},{"type":"Feature","geometry":{"type":"Point","coordinates":[23.367862,42.651186]},"properties":{"line":"111","mode":"bus","color":"#0059a9","colorDark":"#00294f","band":2,"off":[-5.1,1.1]}},{"type":"Feature","geometry":{"type":"Point","coordinates":[23.367862,42.651186]},"properties":{"line":"184","mode":"bus","color":"#0059a9","colorDark":"#00294f","band":2,"off":[-1.7,1.1]}},{"type":"Feature","geometry":{"type":"Point","coordinates":[23.367862,42.651186]},"properties":{"line":"X10","mode":"bus","color":"#0059a9","colorDark":"#00294f","band":2,"off":[1.7,1.1]}},{"type":"Feature","geometry":{"type":"Point","coordinates":[23.367862,42.651186]},"properties":{"line":"ТБ73","mode":"bus","color":"#149a3f","colorDark":"#0a5121","band":2,"off":[5.1,1.1]}},{"type":"Feature","geometry":{"type":"Point","coordinates":[23.373003,42.629451]},"properties":{"name":"МЕТРОСТАНЦИЯ БИЗНЕС ПАРК","band":2,"modes":"bus,metro","arr":["180","182","M1"],"off":[0,-0.8]}},{"type":"Feature","geometry":{"type":"Point","coordinates":[23.373003,42.629451]},"properties":{"name":"БИЗНЕС ПАРК СОФИЯ","band":2,"modes":"bus,metro","arr":["180","182","M1"],"off":[0,-3]}},{"type":"Feature","geometry":{"type":"Point","coordinates":[23.373003,42.629451]},"properties":{"line":"180","mode":"bus","color":"#0059a9","colorDark":"#00294f","band":2,"off":[-3.4,1.1]}},{"type":"Feature","geometry":{"type":"Point","coordinates":[23.373003,42.629451]},"properties":{"line":"182","mode":"bus","color":"#0059a9","colorDark":"#00294f","band":2,"off":[0,1.1]}},{"type":"Feature","geometry":{"type":"Point","coordinates":[23.373003,42.629451]},"properties":{"line":"M1","mode":"tram","color":"#EB2227","colorDark":"#811315","band":2,"metro":1,"off":[3.4,1.1]}},{"type":"Feature","geometry":{"type":"Point","coordinates":[23.605664,42.744534]},"properties":{"name":"СЕЛО ЖЕЛЯВА","band":2,"modes":"bus","arr":["118"],"off":[0,-0.8]}},{"type":"Feature","geometry":{"type":"Point","coordinates":[23.605664,42.744534]},"properties":{"line":"118","mode":"bus","color":"#0059a9","colorDark":"#00294f","band":2,"off":[0,1.1]}},{"type":"Feature","geometry":{"type":"Point","coordinates":[23.515441,42.73671]},"properties":{"name":"СУПЕРМАРКЕТ","band":2,"modes":"bus","arr":["119"],"off":[0,-0.8]}},{"type":"Feature","geometry":{"type":"Point","coordinates":[23.515441,42.73671]},"properties":{"line":"119","mode":"bus","color":"#0059a9","colorDark":"#00294f","band":2,"off":[0,1.1]}},{"type":"Feature","geometry":{"type":"Point","coordinates":[23.518626,42.743294]},"properties":{"name":"МК КРЕМИКОВЦИ","band":2,"modes":"bus","arr":["119"],"off":[0,-0.8]}},{"type":"Feature","geometry":{"type":"Point","coordinates":[23.518626,42.743294]},"properties":{"line":"119","mode":"bus","color":"#0059a9","colorDark":"#00294f","band":2,"off":[0,1.1]}},{"type":"Feature","geometry":{"type":"Point","coordinates":[23.247872,42.753714]},"properties":{"name":"ПЛОДОХРАНИЛИЩЕ","band":2,"modes":"bus","arr":["150"],"off":[0,-0.8]}},{"type":"Feature","geometry":{"type":"Point","coordinates":[23.247872,42.753714]},"properties":{"line":"150","mode":"bus","color":"#0059a9","colorDark":"#00294f","band":2,"off":[0,1.1]}},{"type":"Feature","geometry":{"type":"Point","coordinates":[23.414466,42.576851]},"properties":{"name":"СЕЛО КОКАЛЯНЕ","band":2,"modes":"bus","arr":["181"],"off":[0,-0.8]}},{"type":"Feature","geometry":{"type":"Point","coordinates":[23.414466,42.576851]},"properties":{"line":"181","mode":"bus","color":"#0059a9","colorDark":"#00294f","band":2,"off":[0,1.1]}},{"type":"Feature","geometry":{"type":"Point","coordinates":[23.423997,42.582853]},"properties":{"name":"КОКАЛЯНСКО ХАНЧЕ - ПО ЖЕЛАНИЕ","band":2,"modes":"bus","arr":["181","184"],"off":[0,-0.8]}},{"type":"Feature","geometry":{"type":"Point","coordinates":[23.423997,42.582853]},"properties":{"line":"181","mode":"bus","color":"#0059a9","colorDark":"#00294f","band":2,"off":[-1.7,1.1]}},{"type":"Feature","geometry":{"type":"Point","coordinates":[23.423997,42.582853]},"properties":{"line":"184","mode":"bus","color":"#0059a9","colorDark":"#00294f","band":2,"off":[1.7,1.1]}},{"type":"Feature","geometry":{"type":"Point","coordinates":[23.409119,42.595594]},"properties":{"name":"83-ТО ОУ ПАНЧАРЕВО","band":2,"modes":"bus","arr":["181"],"off":[0,-0.8]}},{"type":"Feature","geometry":{"type":"Point","coordinates":[23.409119,42.595594]},"properties":{"line":"181","mode":"bus","color":"#0059a9","colorDark":"#00294f","band":2,"off":[0,1.1]}},{"type":"Feature","geometry":{"type":"Point","coordinates":[23.410497,42.609731]},"properties":{"name":"СЕЛО ГЕРМАН","band":2,"modes":"bus","arr":["188","ТБE186"],"off":[0,-0.8]}},{"type":"Feature","geometry":{"type":"Point","coordinates":[23.410497,42.609731]},"properties":{"name":"село Герман","band":2,"modes":"bus","arr":["188","ТБE186"],"off":[0,-1.9]}},{"type":"Feature","geometry":{"type":"Point","coordinates":[23.410497,42.609731]},"properties":{"line":"188","mode":"bus","color":"#0059a9","colorDark":"#00294f","band":2,"off":[-1.7,1.1]}},{"type":"Feature","geometry":{"type":"Point","coordinates":[23.410497,42.609731]},"properties":{"line":"ТБE186","mode":"bus","color":"#149a3f","colorDark":"#0a5121","band":2,"off":[1.7,1.1]}},{"type":"Feature","geometry":{"type":"Point","coordinates":[23.49796,42.541527]},"properties":{"name":"СЕЛО ДОЛНИ ПАСАРЕЛ","band":2,"modes":"bus","arr":["183"],"off":[0,-0.8]}},{"type":"Feature","geometry":{"type":"Point","coordinates":[23.49796,42.541527]},"properties":{"line":"183","mode":"bus","color":"#0059a9","colorDark":"#00294f","band":2,"off":[0,1.1]}},{"type":"Feature","geometry":{"type":"Point","coordinates":[23.499888,42.599594]},"properties":{"name":"СЕЛО ДОЛНИ ЛОЗЕН","band":2,"modes":"bus","arr":["185"],"off":[0,-0.8]}},{"type":"Feature","geometry":{"type":"Point","coordinates":[23.499888,42.599594]},"properties":{"line":"185","mode":"bus","color":"#0059a9","colorDark":"#00294f","band":2,"off":[0,1.1]}},{"type":"Feature","geometry":{"type":"Point","coordinates":[23.507655,42.595046]},"properties":{"name":"ШКОЛА БЧК","band":2,"modes":"bus","arr":["185"],"off":[0,-0.8]}},{"type":"Feature","geometry":{"type":"Point","coordinates":[23.507655,42.595046]},"properties":{"line":"185","mode":"bus","color":"#0059a9","colorDark":"#00294f","band":2,"off":[0,1.1]}},{"type":"Feature","geometry":{"type":"Point","coordinates":[23.521008,42.641439]},"properties":{"name":"ЖП ГАРА ВЕРИЛА","band":2,"modes":"bus","arr":["187"],"off":[0,-0.8]}},{"type":"Feature","geometry":{"type":"Point","coordinates":[23.521008,42.641439]},"properties":{"line":"187","mode":"bus","color":"#0059a9","colorDark":"#00294f","band":2,"off":[0,1.1]}},{"type":"Feature","geometry":{"type":"Point","coordinates":[23.381734,42.626512]},"properties":{"name":"БЛ. 480 Ж.К. МЛАДОСТ-4","band":2,"modes":"bus","arr":["213"],"off":[0,-0.8]}},{"type":"Feature","geometry":{"type":"Point","coordinates":[23.381734,42.626512]},"properties":{"line":"213","mode":"bus","color":"#0059a9","colorDark":"#00294f","band":2,"off":[0,1.1]}},{"type":"Feature","geometry":{"type":"Point","coordinates":[23.313376,42.689045]},"properties":{"name":"БУЛ. ПРАГА","band":2,"modes":"bus","arr":["260"],"off":[0,-0.8]}},{"type":"Feature","geometry":{"type":"Point","coordinates":[23.313376,42.689045]},"properties":{"line":"260","mode":"bus","color":"#0059a9","colorDark":"#00294f","band":2,"off":[0,1.1]}},{"type":"Feature","geometry":{"type":"Point","coordinates":[23.397778,42.639131]},"properties":{"name":"КУЛИНАРЕН К-Т ПЕЙФИЛ","band":2,"modes":"bus","arr":["305"],"off":[0,-0.8]}},{"type":"Feature","geometry":{"type":"Point","coordinates":[23.397778,42.639131]},"properties":{"line":"305","mode":"bus","color":"#0059a9","colorDark":"#00294f","band":2,"off":[0,1.1]}},{"type":"Feature","geometry":{"type":"Point","coordinates":[23.367477,42.645588]},"properties":{"name":"Ж.К. МЛАДОСТ-2","band":2,"modes":"bus","arr":["314"],"off":[0,-0.8]}},{"type":"Feature","geometry":{"type":"Point","coordinates":[23.367477,42.645588]},"properties":{"line":"314","mode":"bus","color":"#0059a9","colorDark":"#00294f","band":2,"off":[0,1.1]}},{"type":"Feature","geometry":{"type":"Point","coordinates":[23.416165,42.649318]},"properties":{"name":"АП ДРУЖБА","band":2,"modes":"bus","arr":["404"],"off":[0,-0.8]}},{"type":"Feature","geometry":{"type":"Point","coordinates":[23.416165,42.649318]},"properties":{"line":"404","mode":"bus","color":"#0059a9","colorDark":"#00294f","band":2,"off":[0,1.1]}},{"type":"Feature","geometry":{"type":"Point","coordinates":[23.379918,42.623684]},"properties":{"name":"ТЕХНОПОЛИС Ж.К. МЛАДОСТ-4","band":2,"modes":"bus","arr":["413"],"off":[0,-0.8]}},{"type":"Feature","geometry":{"type":"Point","coordinates":[23.379918,42.623684]},"properties":{"line":"413","mode":"bus","color":"#0059a9","colorDark":"#00294f","band":2,"off":[0,1.1]}},{"type":"Feature","geometry":{"type":"Point","coordinates":[23.305619,42.689547]},"properties":{"name":"УМБАЛСМ ПИРОГОВ","band":2,"modes":"bus","arr":["604"],"off":[0,-0.8]}},{"type":"Feature","geometry":{"type":"Point","coordinates":[23.305619,42.689547]},"properties":{"line":"604","mode":"bus","color":"#0059a9","colorDark":"#00294f","band":2,"off":[0,1.1]}},{"type":"Feature","geometry":{"type":"Point","coordinates":[23.372894,42.640386]},"properties":{"name":"МЕТРОСТАНЦИЯ АКАД. А. Т.- БАЛАН","band":2,"modes":"bus","arr":["X9"],"off":[0,-0.8]}},{"type":"Feature","geometry":{"type":"Point","coordinates":[23.372894,42.640386]},"properties":{"line":"X9","mode":"bus","color":"#0059a9","colorDark":"#00294f","band":2,"off":[0,1.1]}},{"type":"Feature","geometry":{"type":"Point","coordinates":[23.314851,42.675676]},"properties":{"name":"ПК СПАРТАК","band":2,"modes":"bus","arr":["X9","ТБ6"],"off":[0,-0.8]}},{"type":"Feature","geometry":{"type":"Point","coordinates":[23.314851,42.675676]},"properties":{"name":"Ж.К. ЛОЗЕНЕЦ","band":2,"modes":"bus","arr":["X9","ТБ6"],"off":[0,-1.9]}},{"type":"Feature","geometry":{"type":"Point","coordinates":[23.314851,42.675676]},"properties":{"line":"X9","mode":"bus","color":"#0059a9","colorDark":"#00294f","band":2,"off":[-1.7,1.1]}},{"type":"Feature","geometry":{"type":"Point","coordinates":[23.314851,42.675676]},"properties":{"line":"ТБ6","mode":"bus","color":"#149a3f","colorDark":"#0a5121","band":2,"off":[1.7,1.1]}},{"type":"Feature","geometry":{"type":"Point","coordinates":[23.310732,42.701812]},"properties":{"name":"УЛ. ПИРОТСКА","band":2,"modes":"bus","arr":["ТБ60"],"off":[0,-0.8]}},{"type":"Feature","geometry":{"type":"Point","coordinates":[23.310732,42.701812]},"properties":{"line":"ТБ60","mode":"bus","color":"#149a3f","colorDark":"#0a5121","band":2,"off":[0,1.1]}},{"type":"Feature","geometry":{"type":"Point","coordinates":[23.312616,42.712229]},"properties":{"name":"ПЕТА ГРАДСКА БОЛНИЦА","band":2,"modes":"bus","arr":["ТБ1"],"off":[0,-0.8]}},{"type":"Feature","geometry":{"type":"Point","coordinates":[23.312616,42.712229]},"properties":{"line":"ТБ1","mode":"bus","color":"#149a3f","colorDark":"#0a5121","band":2,"off":[0,1.1]}},{"type":"Feature","geometry":{"type":"Point","coordinates":[23.374056,42.660171]},"properties":{"name":"УМБАЛ СВ. АННА-УХО","band":2,"modes":"bus","arr":["ТБ3","ТБ5"],"off":[0,-0.8]}},{"type":"Feature","geometry":{"type":"Point","coordinates":[23.374056,42.660171]},"properties":{"line":"ТБ3","mode":"bus","color":"#149a3f","colorDark":"#0a5121","band":2,"off":[-1.7,1.1]}},{"type":"Feature","geometry":{"type":"Point","coordinates":[23.374056,42.660171]},"properties":{"line":"ТБ5","mode":"bus","color":"#149a3f","colorDark":"#0a5121","band":2,"off":[1.7,1.1]}},{"type":"Feature","geometry":{"type":"Point","coordinates":[23.369529,42.670034]},"properties":{"name":"ПЛОЩАД НА АВИАЦИЯТА","band":2,"modes":"bus","arr":["ТБ3","ТБ5"],"off":[0,-0.8]}},{"type":"Feature","geometry":{"type":"Point","coordinates":[23.369529,42.670034]},"properties":{"line":"ТБ3","mode":"bus","color":"#149a3f","colorDark":"#0a5121","band":2,"off":[-1.7,1.1]}},{"type":"Feature","geometry":{"type":"Point","coordinates":[23.369529,42.670034]},"properties":{"line":"ТБ5","mode":"bus","color":"#149a3f","colorDark":"#0a5121","band":2,"off":[1.7,1.1]}},{"type":"Feature","geometry":{"type":"Point","coordinates":[23.382589,42.67381]},"properties":{"name":"БУЛ. ПРОФ.ЦВ. ЛАЗАРОВ","band":2,"modes":"bus","arr":["ТБ4"],"off":[0,-0.8]}},{"type":"Feature","geometry":{"type":"Point","coordinates":[23.382589,42.67381]},"properties":{"line":"ТБ4","mode":"bus","color":"#149a3f","colorDark":"#0a5121","band":2,"off":[0,1.1]}},{"type":"Feature","geometry":{"type":"Point","coordinates":[23.391954,42.66054]},"properties":{"name":"БУЛ. ХРИСТОФОР КОЛУМБ","band":2,"modes":"bus","arr":["ТБ4"],"off":[0,-0.8]}},{"type":"Feature","geometry":{"type":"Point","coordinates":[23.391954,42.66054]},"properties":{"line":"ТБ4","mode":"bus","color":"#149a3f","colorDark":"#0a5121","band":2,"off":[0,1.1]}},{"type":"Feature","geometry":{"type":"Point","coordinates":[23.308117,42.712924]},"properties":{"name":"УЛ. ВИШОВГРАД","band":2,"modes":"bus","arr":["ТБ5"],"off":[0,-0.8]}},{"type":"Feature","geometry":{"type":"Point","coordinates":[23.308117,42.712924]},"properties":{"line":"ТБ5","mode":"bus","color":"#149a3f","colorDark":"#0a5121","band":2,"off":[0,1.1]}},{"type":"Feature","geometry":{"type":"Point","coordinates":[23.308181,42.714079]},"properties":{"name":"Надлез Надежда","band":2,"modes":"bus","arr":["ТБ5"],"off":[0,-0.8]}},{"type":"Feature","geometry":{"type":"Point","coordinates":[23.308181,42.714079]},"properties":{"line":"ТБ5","mode":"bus","color":"#149a3f","colorDark":"#0a5121","band":2,"off":[0,1.1]}},{"type":"Feature","geometry":{"type":"Point","coordinates":[23.240493,42.721706]},"properties":{"name":"Ж.К. ЛЮЛИН-3 - УХО","band":2,"modes":"bus","arr":["ТБ6","ТБ7"],"off":[0,-0.8]}},{"type":"Feature","geometry":{"type":"Point","coordinates":[23.240493,42.721706]},"properties":{"line":"ТБ6","mode":"bus","color":"#149a3f","colorDark":"#0a5121","band":2,"off":[-1.7,1.1]}},{"type":"Feature","geometry":{"type":"Point","coordinates":[23.240493,42.721706]},"properties":{"line":"ТБ7","mode":"bus","color":"#149a3f","colorDark":"#0a5121","band":2,"off":[1.7,1.1]}},{"type":"Feature","geometry":{"type":"Point","coordinates":[23.299979,42.706757]},"properties":{"name":"БУЛ. К. ВЕЛИЧКОВ","band":2,"modes":"bus","arr":["ТБ6","ТБ7"],"off":[0,-0.8]}},{"type":"Feature","geometry":{"type":"Point","coordinates":[23.299979,42.706757]},"properties":{"line":"ТБ6","mode":"bus","color":"#149a3f","colorDark":"#0a5121","band":2,"off":[-1.7,1.1]}},{"type":"Feature","geometry":{"type":"Point","coordinates":[23.299979,42.706757]},"properties":{"line":"ТБ7","mode":"bus","color":"#149a3f","colorDark":"#0a5121","band":2,"off":[1.7,1.1]}},{"type":"Feature","geometry":{"type":"Point","coordinates":[23.307342,42.706341]},"properties":{"name":"Ж.К. БАНИШОРА","band":2,"modes":"bus","arr":["ТБ6","ТБ7"],"off":[0,-0.8]}},{"type":"Feature","geometry":{"type":"Point","coordinates":[23.307342,42.706341]},"properties":{"line":"ТБ6","mode":"bus","color":"#149a3f","colorDark":"#0a5121","band":2,"off":[-1.7,1.1]}},{"type":"Feature","geometry":{"type":"Point","coordinates":[23.307342,42.706341]},"properties":{"line":"ТБ7","mode":"bus","color":"#149a3f","colorDark":"#0a5121","band":2,"off":[1.7,1.1]}},{"type":"Feature","geometry":{"type":"Point","coordinates":[23.279798,42.669229]},"properties":{"name":"Ж.К. БОРОВО","band":2,"modes":"bus","arr":["ТБ9"],"off":[0,-0.8]}},{"type":"Feature","geometry":{"type":"Point","coordinates":[23.279798,42.669229]},"properties":{"name":"ж.к. Борово","band":2,"modes":"bus","arr":["ТБ9"],"off":[0,-1.9]}},{"type":"Feature","geometry":{"type":"Point","coordinates":[23.279798,42.669229]},"properties":{"line":"ТБ9","mode":"bus","color":"#149a3f","colorDark":"#0a5121","band":2,"off":[0,1.1]}},{"type":"Feature","geometry":{"type":"Point","coordinates":[23.4113,42.654383]},"properties":{"name":"Ж.К. ДРУЖБА -1","band":2,"modes":"bus","arr":["ТБ11"],"off":[0,-0.8]}},{"type":"Feature","geometry":{"type":"Point","coordinates":[23.4113,42.654383]},"properties":{"name":"ДЕПО ИСКЪР","band":2,"modes":"bus","arr":["ТБ11"],"off":[0,-1.9]}},{"type":"Feature","geometry":{"type":"Point","coordinates":[23.4113,42.654383]},"properties":{"line":"ТБ11","mode":"bus","color":"#149a3f","colorDark":"#0a5121","band":2,"off":[0,1.1]}},{"type":"Feature","geometry":{"type":"Point","coordinates":[23.268338,42.677648]},"properties":{"name":"НЦ ПО РЕХАБИЛИТАЦИЯ","band":2,"modes":"bus","arr":["ТБ73"],"off":[0,-0.8]}},{"type":"Feature","geometry":{"type":"Point","coordinates":[23.268338,42.677648]},"properties":{"line":"ТБ73","mode":"bus","color":"#149a3f","colorDark":"#0a5121","band":2,"off":[0,1.1]}},{"type":"Feature","geometry":{"type":"Point","coordinates":[23.318423,42.711922]},"properties":{"name":"БУЛ. КН. МАРИЯ ЛУИЗА","band":2,"modes":"bus","arr":["ТБ60","ТБ74"],"off":[0,-0.8]}},{"type":"Feature","geometry":{"type":"Point","coordinates":[23.318423,42.711922]},"properties":{"line":"ТБ60","mode":"bus","color":"#149a3f","colorDark":"#0a5121","band":2,"off":[-1.7,1.1]}},{"type":"Feature","geometry":{"type":"Point","coordinates":[23.318423,42.711922]},"properties":{"line":"ТБ74","mode":"bus","color":"#149a3f","colorDark":"#0a5121","band":2,"off":[1.7,1.1]}},{"type":"Feature","geometry":{"type":"Point","coordinates":[23.376198,42.656627]},"properties":{"name":"БЛ. 41 Ж.К. МЛАДОСТ-1","band":2,"modes":"bus","arr":["ТБ73"],"off":[0,-0.8]}},{"type":"Feature","geometry":{"type":"Point","coordinates":[23.376198,42.656627]},"properties":{"line":"ТБ73","mode":"bus","color":"#149a3f","colorDark":"#0a5121","band":2,"off":[0,1.1]}},{"type":"Feature","geometry":{"type":"Point","coordinates":[23.376525,42.662713]},"properties":{"name":"УМБАЛ СВ. АННА","band":2,"modes":"bus","arr":["ТБ73"],"off":[0,-0.8]}},{"type":"Feature","geometry":{"type":"Point","coordinates":[23.376525,42.662713]},"properties":{"line":"ТБ73","mode":"bus","color":"#149a3f","colorDark":"#0a5121","band":2,"off":[0,1.1]}},{"type":"Feature","geometry":{"type":"Point","coordinates":[23.348959,42.617068]},"properties":{"name":"ЛИФТА СИМЕОНОВО","band":2,"modes":"bus","arr":["ТБ123"],"off":[0,-0.8]}},{"type":"Feature","geometry":{"type":"Point","coordinates":[23.348959,42.617068]},"properties":{"line":"ТБ123","mode":"bus","color":"#149a3f","colorDark":"#0a5121","band":2,"off":[0,1.1]}},{"type":"Feature","geometry":{"type":"Point","coordinates":[23.304798,42.676712]},"properties":{"name":"Ж.К. ИВАН ВАЗОВ","band":2,"modes":"tram","arr":["ТМ1","ТМ6"],"off":[0,-0.8]}},{"type":"Feature","geometry":{"type":"Point","coordinates":[23.304798,42.676712]},"properties":{"line":"ТМ1","mode":"tram","color":"#d6212b","colorDark":"#7c1116","band":2,"off":[-1.7,1.1]}},{"type":"Feature","geometry":{"type":"Point","coordinates":[23.304798,42.676712]},"properties":{"line":"ТМ6","mode":"tram","color":"#d6212b","colorDark":"#7c1116","band":2,"off":[1.7,1.1]}},{"type":"Feature","geometry":{"type":"Point","coordinates":[23.314954,42.694277]},"properties":{"name":"ПЛ. МАКЕДОНИЯ","band":2,"modes":"tram","arr":["ТМ7","ТМ15","ТМ27"],"off":[0,-0.8]}},{"type":"Feature","geometry":{"type":"Point","coordinates":[23.314954,42.694277]},"properties":{"name":"Пл. Македония","band":2,"modes":"tram","arr":["ТМ7","ТМ15","ТМ27"],"off":[0,-1.9]}},{"type":"Feature","geometry":{"type":"Point","coordinates":[23.314954,42.694277]},"properties":{"line":"ТМ7","mode":"tram","color":"#d6212b","colorDark":"#7c1116","band":2,"off":[-3.4,1.1]}},{"type":"Feature","geometry":{"type":"Point","coordinates":[23.314954,42.694277]},"properties":{"line":"ТМ15","mode":"tram","color":"#d6212b","colorDark":"#7c1116","band":2,"off":[0,1.1]}},{"type":"Feature","geometry":{"type":"Point","coordinates":[23.314954,42.694277]},"properties":{"line":"ТМ27","mode":"tram","color":"#d6212b","colorDark":"#7c1116","band":2,"off":[3.4,1.1]}},{"type":"Feature","geometry":{"type":"Point","coordinates":[23.298711,42.70025]},"properties":{"name":"УЛ. ДИМИТЪР ПЕТКОВ","band":2,"modes":"tram","arr":["ТМ1","ТМ3","ТМ6","ТМ8","ТМ10","ТМ22А"],"off":[0,-0.8]}},{"type":"Feature","geometry":{"type":"Point","coordinates":[23.298711,42.70025]},"properties":{"name":"БУЛ. К. ВЕЛИЧКОВ","band":2,"modes":"tram","arr":["ТМ1","ТМ3","ТМ6","ТМ8","ТМ10","ТМ22А"],"off":[0,-1.9]}},{"type":"Feature","geometry":{"type":"Point","coordinates":[23.298711,42.70025]},"properties":{"line":"ТМ1","mode":"tram","color":"#d6212b","colorDark":"#7c1116","band":2,"off":[-6.8,1.1]}},{"type":"Feature","geometry":{"type":"Point","coordinates":[23.298711,42.70025]},"properties":{"line":"ТМ3","mode":"tram","color":"#d6212b","colorDark":"#7c1116","band":2,"off":[-3.4,1.1]}},{"type":"Feature","geometry":{"type":"Point","coordinates":[23.298711,42.70025]},"properties":{"line":"ТМ6","mode":"tram","color":"#d6212b","colorDark":"#7c1116","band":2,"off":[0,1.1]}},{"type":"Feature","geometry":{"type":"Point","coordinates":[23.298711,42.70025]},"properties":{"line":"ТМ8","mode":"tram","color":"#d6212b","colorDark":"#7c1116","band":2,"off":[3.4,1.1]}},{"type":"Feature","geometry":{"type":"Point","coordinates":[23.298711,42.70025]},"properties":{"line":"ТМ10","mode":"tram","color":"#d6212b","colorDark":"#7c1116","band":2,"off":[6.8,1.1]}},{"type":"Feature","geometry":{"type":"Point","coordinates":[23.298711,42.70025]},"properties":{"line":"ТМ22А","mode":"tram","color":"#d6212b","colorDark":"#7c1116","band":2,"off":[0,3.1]}},{"type":"Feature","geometry":{"type":"Point","coordinates":[23.338805,42.717633]},"properties":{"name":"Кв. Орландовци","band":2,"modes":"tram","arr":["ТМ3","ТМ4","ТМ18"],"off":[0,-0.8]}},{"type":"Feature","geometry":{"type":"Point","coordinates":[23.338805,42.717633]},"properties":{"line":"ТМ3","mode":"tram","color":"#d6212b","colorDark":"#7c1116","band":2,"off":[-3.4,1.1]}},{"type":"Feature","geometry":{"type":"Point","coordinates":[23.338805,42.717633]},"properties":{"line":"ТМ4","mode":"tram","color":"#d6212b","colorDark":"#7c1116","band":2,"off":[0,1.1]}},{"type":"Feature","geometry":{"type":"Point","coordinates":[23.338805,42.717633]},"properties":{"line":"ТМ18","mode":"tram","color":"#d6212b","colorDark":"#7c1116","band":2,"off":[3.4,1.1]}},{"type":"Feature","geometry":{"type":"Point","coordinates":[23.316144,42.700486]},"properties":{"name":"УЛ. ПИРОТСКА","band":2,"modes":"tram","arr":["ТМ4"],"off":[0,-0.8]}},{"type":"Feature","geometry":{"type":"Point","coordinates":[23.316144,42.700486]},"properties":{"line":"ТМ4","mode":"tram","color":"#d6212b","colorDark":"#7c1116","band":2,"off":[0,1.1]}},{"type":"Feature","geometry":{"type":"Point","coordinates":[23.289066,42.711495]},"properties":{"name":"ГАРА ЗАХАРНА ФАБРИКА","band":2,"modes":"tram","arr":["ТМ3","ТМ10","ТМ13"],"off":[0,-0.8]}},{"type":"Feature","geometry":{"type":"Point","coordinates":[23.289066,42.711495]},"properties":{"name":"Гара Захарна фабрика","band":2,"modes":"tram","arr":["ТМ3","ТМ10","ТМ13"],"off":[0,-3]}},{"type":"Feature","geometry":{"type":"Point","coordinates":[23.289066,42.711495]},"properties":{"line":"ТМ3","mode":"tram","color":"#d6212b","colorDark":"#7c1116","band":2,"off":[-3.4,1.1]}},{"type":"Feature","geometry":{"type":"Point","coordinates":[23.289066,42.711495]},"properties":{"line":"ТМ10","mode":"tram","color":"#d6212b","colorDark":"#7c1116","band":2,"off":[0,1.1]}},{"type":"Feature","geometry":{"type":"Point","coordinates":[23.289066,42.711495]},"properties":{"line":"ТМ13","mode":"tram","color":"#d6212b","colorDark":"#7c1116","band":2,"off":[3.4,1.1]}},{"type":"Feature","geometry":{"type":"Point","coordinates":[23.298236,42.705179]},"properties":{"name":"УЛ. ЦАР СИМЕОН","band":2,"modes":"tram","arr":["ТМ10","ТМ13"],"off":[0,-0.8]}},{"type":"Feature","geometry":{"type":"Point","coordinates":[23.298236,42.705179]},"properties":{"line":"ТМ10","mode":"tram","color":"#d6212b","colorDark":"#7c1116","band":2,"off":[-1.7,1.1]}},{"type":"Feature","geometry":{"type":"Point","coordinates":[23.298236,42.705179]},"properties":{"line":"ТМ13","mode":"tram","color":"#d6212b","colorDark":"#7c1116","band":2,"off":[1.7,1.1]}},{"type":"Feature","geometry":{"type":"Point","coordinates":[23.278736,42.675184]},"properties":{"name":"Ж.к. Бъкстон","band":2,"modes":"tram","arr":["ТМ15"],"off":[0,-0.8]}},{"type":"Feature","geometry":{"type":"Point","coordinates":[23.278736,42.675184]},"properties":{"line":"ТМ15","mode":"tram","color":"#d6212b","colorDark":"#7c1116","band":2,"off":[0,1.1]}},{"type":"Feature","geometry":{"type":"Point","coordinates":[23.260111,42.665146]},"properties":{"name":"Бул. Никола Петков","band":2,"modes":"tram","arr":["ТМ4"],"off":[0,-0.8]}},{"type":"Feature","geometry":{"type":"Point","coordinates":[23.260111,42.665146]},"properties":{"line":"ТМ4","mode":"tram","color":"#d6212b","colorDark":"#7c1116","band":2,"off":[0,1.1]}},{"type":"Feature","geometry":{"type":"Point","coordinates":[23.318355,42.695225]},"properties":{"name":"СЪДЕБНА ПАЛАТА","band":2,"modes":"tram","arr":["ТМ5","ТМ8"],"off":[0,-0.8]}},{"type":"Feature","geometry":{"type":"Point","coordinates":[23.318355,42.695225]},"properties":{"line":"ТМ5","mode":"tram","color":"#d6212b","colorDark":"#7c1116","band":2,"off":[-1.7,1.1]}},{"type":"Feature","geometry":{"type":"Point","coordinates":[23.318355,42.695225]},"properties":{"line":"ТМ8","mode":"tram","color":"#d6212b","colorDark":"#7c1116","band":2,"off":[1.7,1.1]}},{"type":"Feature","geometry":{"type":"Point","coordinates":[23.276565,42.748426]},"properties":{"name":"Ж.К. ОБЕЛЯ-2","band":2,"modes":"tram","arr":["ТМ6"],"off":[0,-0.8]}},{"type":"Feature","geometry":{"type":"Point","coordinates":[23.276565,42.748426]},"properties":{"line":"ТМ6","mode":"tram","color":"#d6212b","colorDark":"#7c1116","band":2,"off":[0,1.1]}},{"type":"Feature","geometry":{"type":"Point","coordinates":[23.30078,42.711551]},"properties":{"name":"УЛ. ЙОСИФ ЩРОСМАЙЕР","band":2,"modes":"tram","arr":["ТМ6","ТМ11"],"off":[0,-0.8]}},{"type":"Feature","geometry":{"type":"Point","coordinates":[23.30078,42.711551]},"properties":{"line":"ТМ6","mode":"tram","color":"#d6212b","colorDark":"#7c1116","band":2,"off":[-1.7,1.1]}},{"type":"Feature","geometry":{"type":"Point","coordinates":[23.30078,42.711551]},"properties":{"line":"ТМ11","mode":"tram","color":"#d6212b","colorDark":"#7c1116","band":2,"off":[1.7,1.1]}},{"type":"Feature","geometry":{"type":"Point","coordinates":[23.320966,42.697066]},"properties":{"name":"ПЛ. СВ. НЕДЕЛЯ","band":2,"modes":"tram","arr":["ТМ12","ТМ18"],"off":[0,-0.8]}},{"type":"Feature","geometry":{"type":"Point","coordinates":[23.320966,42.697066]},"properties":{"line":"ТМ12","mode":"tram","color":"#d6212b","colorDark":"#7c1116","band":2,"off":[-1.7,1.1]}},{"type":"Feature","geometry":{"type":"Point","coordinates":[23.320966,42.697066]},"properties":{"line":"ТМ18","mode":"tram","color":"#d6212b","colorDark":"#7c1116","band":2,"off":[1.7,1.1]}},{"type":"Feature","geometry":{"type":"Point","coordinates":[23.284041,42.661995]},"properties":{"name":"КВ. МАНАСТИРСКИ ЛИВАДИ - ЗАПАД","band":2,"modes":"tram","arr":["ТМ7","ТМ27"],"off":[0,-0.8]}},{"type":"Feature","geometry":{"type":"Point","coordinates":[23.284041,42.661995]},"properties":{"line":"ТМ7","mode":"tram","color":"#d6212b","colorDark":"#7c1116","band":2,"off":[-1.7,1.1]}},{"type":"Feature","geometry":{"type":"Point","coordinates":[23.284041,42.661995]},"properties":{"line":"ТМ27","mode":"tram","color":"#d6212b","colorDark":"#7c1116","band":2,"off":[1.7,1.1]}},{"type":"Feature","geometry":{"type":"Point","coordinates":[23.238335,42.713182]},"properties":{"name":"Ж.К. ЛЮЛИН-5","band":2,"modes":"tram","arr":["ТМ8"],"off":[0,-0.8]}},{"type":"Feature","geometry":{"type":"Point","coordinates":[23.238335,42.713182]},"properties":{"name":"ж.к. Люлин-5","band":2,"modes":"tram","arr":["ТМ8"],"off":[0,-1.9]}},{"type":"Feature","geometry":{"type":"Point","coordinates":[23.238335,42.713182]},"properties":{"line":"ТМ8","mode":"tram","color":"#d6212b","colorDark":"#7c1116","band":2,"off":[0,1.1]}},{"type":"Feature","geometry":{"type":"Point","coordinates":[23.331763,42.6815]},"properties":{"name":"ПЛ. ЖУРНАЛИСТ","band":2,"modes":"tram","arr":["ТМ12","ТМ18"],"off":[0,-0.8]}},{"type":"Feature","geometry":{"type":"Point","coordinates":[23.331763,42.6815]},"properties":{"line":"ТМ12","mode":"tram","color":"#d6212b","colorDark":"#7c1116","band":2,"off":[-1.7,1.1]}},{"type":"Feature","geometry":{"type":"Point","coordinates":[23.331763,42.6815]},"properties":{"line":"ТМ18","mode":"tram","color":"#d6212b","colorDark":"#7c1116","band":2,"off":[1.7,1.1]}},{"type":"Feature","geometry":{"type":"Point","coordinates":[23.322439,42.694337]},"properties":{"name":"ПЛ. ГАРИБАЛДИ","band":2,"modes":"tram","arr":["ТМ12","ТМ18"],"off":[0,-0.8]}},{"type":"Feature","geometry":{"type":"Point","coordinates":[23.322439,42.694337]},"properties":{"line":"ТМ12","mode":"tram","color":"#d6212b","colorDark":"#7c1116","band":2,"off":[-1.7,1.1]}},{"type":"Feature","geometry":{"type":"Point","coordinates":[23.322439,42.694337]},"properties":{"line":"ТМ18","mode":"tram","color":"#d6212b","colorDark":"#7c1116","band":2,"off":[1.7,1.1]}},{"type":"Feature","geometry":{"type":"Point","coordinates":[23.282191,42.693358]},"properties":{"name":"УЛ. ДОБРОТИЧ","band":2,"modes":"tram","arr":["ТМ22А"],"off":[0,-0.8]}},{"type":"Feature","geometry":{"type":"Point","coordinates":[23.282191,42.693358]},"properties":{"line":"ТМ22А","mode":"tram","color":"#d6212b","colorDark":"#7c1116","band":2,"off":[0,1.1]}},{"type":"Feature","geometry":{"type":"Point","coordinates":[23.296245,42.696681]},"properties":{"name":"ПАРК СВ.СВ.ПЕТЪР И ПАВЕЛ","band":2,"modes":"tram","arr":["ТМ22А"],"off":[0,-0.8]}},{"type":"Feature","geometry":{"type":"Point","coordinates":[23.296245,42.696681]},"properties":{"line":"ТМ22А","mode":"tram","color":"#d6212b","colorDark":"#7c1116","band":2,"off":[0,1.1]}},{"type":"Feature","geometry":{"type":"Point","coordinates":[23.321324,42.753772]},"properties":{"name":"КВ. ИЛИЯНЦИ","band":2,"modes":"tram","arr":["ТМ11"],"off":[0,-0.8]}},{"type":"Feature","geometry":{"type":"Point","coordinates":[23.321324,42.753772]},"properties":{"line":"ТМ11","mode":"tram","color":"#d6212b","colorDark":"#7c1116","band":2,"off":[0,1.1]}},{"type":"Feature","geometry":{"type":"Point","coordinates":[23.2788,42.69105]},"properties":{"name":"Ж.К. КРАСНА ПОЛЯНА","band":2,"modes":"tram","arr":["ТМ22"],"off":[0,-0.8]}},{"type":"Feature","geometry":{"type":"Point","coordinates":[23.2788,42.69105]},"properties":{"line":"ТМ22","mode":"tram","color":"#d6212b","colorDark":"#7c1116","band":2,"off":[0,1.1]}},{"type":"Feature","geometry":{"type":"Point","coordinates":[23.312609,42.699661]},"properties":{"name":"МЕТРОСТАНЦИЯ ОПЪЛЧЕНСКА","band":2,"modes":"tram","arr":["ТМ20","ТМ21"],"off":[0,-0.8]}},{"type":"Feature","geometry":{"type":"Point","coordinates":[23.312609,42.699661]},"properties":{"line":"ТМ20","mode":"tram","color":"#d6212b","colorDark":"#7c1116","band":2,"off":[-1.7,1.1]}},{"type":"Feature","geometry":{"type":"Point","coordinates":[23.312609,42.699661]},"properties":{"line":"ТМ21","mode":"tram","color":"#d6212b","colorDark":"#7c1116","band":2,"off":[1.7,1.1]}},{"type":"Feature","geometry":{"type":"Point","coordinates":[23.411229,42.663788]},"properties":{"name":"28-ми пощенски клон","band":2,"modes":"tram","arr":["ТМ23"],"off":[0,-0.8]}},{"type":"Feature","geometry":{"type":"Point","coordinates":[23.411229,42.663788]},"properties":{"line":"ТМ23","mode":"tram","color":"#d6212b","colorDark":"#7c1116","band":2,"off":[0,1.1]}},{"type":"Feature","geometry":{"type":"Point","coordinates":[23.414408,42.656086]},"properties":{"name":"ДЕПО ИСКЪР","band":2,"modes":"tram","arr":["ТМ20","ТМ21","ТМ22"],"off":[0,-0.8]}},{"type":"Feature","geometry":{"type":"Point","coordinates":[23.414408,42.656086]},"properties":{"line":"ТМ20","mode":"tram","color":"#d6212b","colorDark":"#7c1116","band":2,"off":[-3.4,1.1]}},{"type":"Feature","geometry":{"type":"Point","coordinates":[23.414408,42.656086]},"properties":{"line":"ТМ21","mode":"tram","color":"#d6212b","colorDark":"#7c1116","band":2,"off":[0,1.1]}},{"type":"Feature","geometry":{"type":"Point","coordinates":[23.414408,42.656086]},"properties":{"line":"ТМ22","mode":"tram","color":"#d6212b","colorDark":"#7c1116","band":2,"off":[3.4,1.1]}},{"type":"Feature","geometry":{"type":"Point","coordinates":[23.404155,42.648475]},"properties":{"name":"УЛ. ОБИКОЛНА","band":2,"modes":"tram","arr":["ТМ23"],"off":[0,-0.8]}},{"type":"Feature","geometry":{"type":"Point","coordinates":[23.404155,42.648475]},"properties":{"line":"ТМ23","mode":"tram","color":"#d6212b","colorDark":"#7c1116","band":2,"off":[0,1.1]}},{"type":"Feature","geometry":{"type":"Point","coordinates":[23.371947,42.653931]},"properties":{"name":"МЛАДОСТ 1","band":2,"modes":"metro","arr":["M1"],"off":[0,-0.8]}},{"type":"Feature","geometry":{"type":"Point","coordinates":[23.371947,42.653931]},"properties":{"line":"M1","mode":"tram","color":"#EB2227","colorDark":"#811315","band":2,"metro":1,"off":[0,1.1]}},{"type":"Feature","geometry":{"type":"Point","coordinates":[23.276554,42.741067]},"properties":{"name":"ОБЕЛЯ","band":2,"modes":"metro","arr":["M2"],"off":[0,-0.8]}},{"type":"Feature","geometry":{"type":"Point","coordinates":[23.276554,42.741067]},"properties":{"line":"M2","mode":"tram","color":"#1C75BC","colorDark":"#0f4067","band":2,"metro":1,"off":[0,1.1]}},{"type":"Feature","geometry":{"type":"Point","coordinates":[23.316585,42.659291]},"properties":{"name":"ВИТОША","band":2,"modes":"metro","arr":["M2"],"off":[0,-0.8]}},{"type":"Feature","geometry":{"type":"Point","coordinates":[23.316585,42.659291]},"properties":{"line":"M2","mode":"tram","color":"#1C75BC","colorDark":"#0f4067","band":2,"metro":1,"off":[0,1.1]}},{"type":"Feature","geometry":{"type":"Point","coordinates":[23.269781,42.683533]},"properties":{"name":"ОВЧА КУПЕЛ","band":2,"modes":"metro","arr":["M3"],"off":[0,-0.8]}},{"type":"Feature","geometry":{"type":"Point","coordinates":[23.269781,42.683533]},"properties":{"line":"M3","mode":"tram","color":"#39B54A","colorDark":"#1f6429","band":2,"metro":1,"off":[0,1.1]}},{"type":"Feature","geometry":{"type":"Point","coordinates":[23.354512,42.703489]},"properties":{"name":"МЕТРОСТАНЦИЯ ХАДЖИ ДИМИТЪР","band":3,"modes":"bus","arr":["1Tb"],"off":[0,-0.8]}},{"type":"Feature","geometry":{"type":"Point","coordinates":[23.354512,42.703489]},"properties":{"line":"1Tb","mode":"bus","color":"#0059a9","colorDark":"#00294f","band":3,"off":[0,1.1]}},{"type":"Feature","geometry":{"type":"Point","coordinates":[23.388024,42.712099]},"properties":{"name":"Ж.К. ЛЕВСКИ Г","band":3,"modes":"bus","arr":["1Tb","ТБ3"],"off":[0,-0.8]}},{"type":"Feature","geometry":{"type":"Point","coordinates":[23.388024,42.712099]},"properties":{"line":"1Tb","mode":"bus","color":"#0059a9","colorDark":"#00294f","band":3,"off":[-1.7,1.1]}},{"type":"Feature","geometry":{"type":"Point","coordinates":[23.388024,42.712099]},"properties":{"line":"ТБ3","mode":"bus","color":"#149a3f","colorDark":"#0a5121","band":3,"off":[1.7,1.1]}},{"type":"Feature","geometry":{"type":"Point","coordinates":[23.332014,42.690647]},"properties":{"name":"УЛ. ГЕН. ГУРКО","band":3,"modes":"bus","arr":["9","84","183","ТБ2","ТБ8"],"off":[0,-0.8]}},{"type":"Feature","geometry":{"type":"Point","coordinates":[23.332014,42.690647]},"properties":{"line":"9","mode":"bus","color":"#0059a9","colorDark":"#00294f","band":3,"off":[-6.8,1.1]}},{"type":"Feature","geometry":{"type":"Point","coordinates":[23.332014,42.690647]},"properties":{"line":"84","mode":"bus","color":"#0059a9","colorDark":"#00294f","band":3,"off":[-3.4,1.1]}},{"type":"Feature","geometry":{"type":"Point","coordinates":[23.332014,42.690647]},"properties":{"line":"183","mode":"bus","color":"#0059a9","colorDark":"#00294f","band":3,"off":[0,1.1]}},{"type":"Feature","geometry":{"type":"Point","coordinates":[23.332014,42.690647]},"properties":{"line":"ТБ2","mode":"bus","color":"#149a3f","colorDark":"#0a5121","band":3,"off":[3.4,1.1]}},{"type":"Feature","geometry":{"type":"Point","coordinates":[23.332014,42.690647]},"properties":{"line":"ТБ8","mode":"bus","color":"#149a3f","colorDark":"#0a5121","band":3,"off":[6.8,1.1]}},{"type":"Feature","geometry":{"type":"Point","coordinates":[23.335423,42.694336]},"properties":{"name":"СУ СВ.КЛИМЕНТ ОХРИДСКИ","band":3,"modes":"bus","arr":["280","ТБ2","ТБ8"],"off":[0,-0.8]}},{"type":"Feature","geometry":{"type":"Point","coordinates":[23.335423,42.694336]},"properties":{"line":"280","mode":"bus","color":"#0059a9","colorDark":"#00294f","band":3,"off":[-3.4,1.1]}},{"type":"Feature","geometry":{"type":"Point","coordinates":[23.335423,42.694336]},"properties":{"line":"ТБ2","mode":"bus","color":"#149a3f","colorDark":"#0a5121","band":3,"off":[0,1.1]}},{"type":"Feature","geometry":{"type":"Point","coordinates":[23.335423,42.694336]},"properties":{"line":"ТБ8","mode":"bus","color":"#149a3f","colorDark":"#0a5121","band":3,"off":[3.4,1.1]}},{"type":"Feature","geometry":{"type":"Point","coordinates":[23.38962,42.67787]},"properties":{"name":"АВТОБАЗА ИСКЪР","band":3,"modes":"bus","arr":["9"],"off":[0,-0.8]}},{"type":"Feature","geometry":{"type":"Point","coordinates":[23.38962,42.67787]},"properties":{"line":"9","mode":"bus","color":"#0059a9","colorDark":"#00294f","band":3,"off":[0,1.1]}},{"type":"Feature","geometry":{"type":"Point","coordinates":[23.33644,42.690265]},"properties":{"name":"ПЛ. ОРЛОВ МОСТ","band":3,"modes":"bus","arr":["75"],"off":[0,-0.8]}},{"type":"Feature","geometry":{"type":"Point","coordinates":[23.33644,42.690265]},"properties":{"line":"75","mode":"bus","color":"#0059a9","colorDark":"#00294f","band":3,"off":[0,1.1]}},{"type":"Feature","geometry":{"type":"Point","coordinates":[23.427892,42.656731]},"properties":{"name":"КВ. Д. МИЛЕНКОВ","band":3,"modes":"bus","arr":["10"],"off":[0,-0.8]}},{"type":"Feature","geometry":{"type":"Point","coordinates":[23.427892,42.656731]},"properties":{"line":"10","mode":"bus","color":"#0059a9","colorDark":"#00294f","band":3,"off":[0,1.1]}},{"type":"Feature","geometry":{"type":"Point","coordinates":[23.415742,42.663107]},"properties":{"name":"ГАРА ИСКЪР","band":3,"modes":"bus","arr":["10","14","187","188","604"],"off":[0,-0.8]}},{"type":"Feature","geometry":{"type":"Point","coordinates":[23.415742,42.663107]},"properties":{"line":"10","mode":"bus","color":"#0059a9","colorDark":"#00294f","band":3,"off":[-6.8,1.1]}},{"type":"Feature","geometry":{"type":"Point","coordinates":[23.415742,42.663107]},"properties":{"line":"14","mode":"bus","color":"#0059a9","colorDark":"#00294f","band":3,"off":[-3.4,1.1]}},{"type":"Feature","geometry":{"type":"Point","coordinates":[23.415742,42.663107]},"properties":{"line":"187","mode":"bus","color":"#0059a9","colorDark":"#00294f","band":3,"off":[0,1.1]}},{"type":"Feature","geometry":{"type":"Point","coordinates":[23.415742,42.663107]},"properties":{"line":"188","mode":"bus","color":"#0059a9","colorDark":"#00294f","band":3,"off":[3.4,1.1]}},{"type":"Feature","geometry":{"type":"Point","coordinates":[23.415742,42.663107]},"properties":{"line":"604","mode":"bus","color":"#0059a9","colorDark":"#00294f","band":3,"off":[6.8,1.1]}},{"type":"Feature","geometry":{"type":"Point","coordinates":[23.433358,42.675959]},"properties":{"name":"КВ. БУСМАНЦИ","band":3,"modes":"bus","arr":["10"],"off":[0,-0.8]}},{"type":"Feature","geometry":{"type":"Point","coordinates":[23.433358,42.675959]},"properties":{"line":"10","mode":"bus","color":"#0059a9","colorDark":"#00294f","band":3,"off":[0,1.1]}},{"type":"Feature","geometry":{"type":"Point","coordinates":[23.395028,42.67157]},"properties":{"name":"РАЗКЛОНА ЗА ЛЕТИЩЕТО","band":3,"modes":"bus","arr":["84"],"off":[0,-0.8]}},{"type":"Feature","geometry":{"type":"Point","coordinates":[23.395028,42.67157]},"properties":{"line":"84","mode":"bus","color":"#0059a9","colorDark":"#00294f","band":3,"off":[0,1.1]}},{"type":"Feature","geometry":{"type":"Point","coordinates":[23.243626,42.682974]},"properties":{"name":"Ж.К. ОВЧА КУПЕЛ-2","band":3,"modes":"bus","arr":["11","102","N3","ТБ60","ТБ73"],"off":[0,-0.8]}},{"type":"Feature","geometry":{"type":"Point","coordinates":[23.243626,42.682974]},"properties":{"line":"11","mode":"bus","color":"#0059a9","colorDark":"#00294f","band":3,"off":[-6.8,1.1]}},{"type":"Feature","geometry":{"type":"Point","coordinates":[23.243626,42.682974]},"properties":{"line":"102","mode":"bus","color":"#0059a9","colorDark":"#00294f","band":3,"off":[-3.4,1.1]}},{"type":"Feature","geometry":{"type":"Point","coordinates":[23.243626,42.682974]},"properties":{"line":"N3","mode":"bus","color":"#0059a9","colorDark":"#00294f","band":3,"off":[0,1.1]}},{"type":"Feature","geometry":{"type":"Point","coordinates":[23.243626,42.682974]},"properties":{"line":"ТБ60","mode":"bus","color":"#149a3f","colorDark":"#0a5121","band":3,"off":[3.4,1.1]}},{"type":"Feature","geometry":{"type":"Point","coordinates":[23.243626,42.682974]},"properties":{"line":"ТБ73","mode":"bus","color":"#149a3f","colorDark":"#0a5121","band":3,"off":[6.8,1.1]}},{"type":"Feature","geometry":{"type":"Point","coordinates":[23.355804,42.696797]},"properties":{"name":"ГАРА ПОДУЯНЕ","band":3,"modes":"bus,tram","arr":["72","ТМ22"],"off":[0,-0.8]}},{"type":"Feature","geometry":{"type":"Point","coordinates":[23.355804,42.696797]},"properties":{"name":"Гара Подуяне","band":3,"modes":"bus,tram","arr":["72","ТМ22"],"off":[0,-1.9]}},{"type":"Feature","geometry":{"type":"Point","coordinates":[23.355804,42.696797]},"properties":{"line":"72","mode":"bus","color":"#0059a9","colorDark":"#00294f","band":3,"off":[-1.7,1.1]}},{"type":"Feature","geometry":{"type":"Point","coordinates":[23.355804,42.696797]},"properties":{"line":"ТМ22","mode":"tram","color":"#d6212b","colorDark":"#7c1116","band":3,"off":[1.7,1.1]}},{"type":"Feature","geometry":{"type":"Point","coordinates":[23.370639,42.677336]},"properties":{"name":"Ж.К. ГЕО МИЛЕВ","band":3,"modes":"bus,tram","arr":["11","75","181","185","ТБ123","ТБ288","ТБE186","ТМ21","ТМ23"],"off":[0,-0.8]}},{"type":"Feature","geometry":{"type":"Point","coordinates":[23.370639,42.677336]},"properties":{"name":"АВТОСТАНЦИЯ ГЕО МИЛЕВ","band":3,"modes":"bus,tram","arr":["11","75","181","185","ТБ123","ТБ288","ТБE186","ТМ21","ТМ23"],"off":[0,-1.9]}},{"type":"Feature","geometry":{"type":"Point","coordinates":[23.370639,42.677336]},"properties":{"line":"11","mode":"bus","color":"#0059a9","colorDark":"#00294f","band":3,"off":[-6.8,1.1]}},{"type":"Feature","geometry":{"type":"Point","coordinates":[23.370639,42.677336]},"properties":{"line":"75","mode":"bus","color":"#0059a9","colorDark":"#00294f","band":3,"off":[-3.4,1.1]}},{"type":"Feature","geometry":{"type":"Point","coordinates":[23.370639,42.677336]},"properties":{"line":"181","mode":"bus","color":"#0059a9","colorDark":"#00294f","band":3,"off":[0,1.1]}},{"type":"Feature","geometry":{"type":"Point","coordinates":[23.370639,42.677336]},"properties":{"line":"185","mode":"bus","color":"#0059a9","colorDark":"#00294f","band":3,"off":[3.4,1.1]}},{"type":"Feature","geometry":{"type":"Point","coordinates":[23.370639,42.677336]},"properties":{"line":"ТБ123","mode":"bus","color":"#149a3f","colorDark":"#0a5121","band":3,"off":[6.8,1.1]}},{"type":"Feature","geometry":{"type":"Point","coordinates":[23.370639,42.677336]},"properties":{"line":"ТБ288","mode":"bus","color":"#149a3f","colorDark":"#0a5121","band":3,"off":[-5.1,3.1]}},{"type":"Feature","geometry":{"type":"Point","coordinates":[23.370639,42.677336]},"properties":{"line":"ТБE186","mode":"bus","color":"#149a3f","colorDark":"#0a5121","band":3,"off":[-1.7,3.1]}},{"type":"Feature","geometry":{"type":"Point","coordinates":[23.370639,42.677336]},"properties":{"line":"ТМ21","mode":"tram","color":"#d6212b","colorDark":"#7c1116","band":3,"off":[1.7,3.1]}},{"type":"Feature","geometry":{"type":"Point","coordinates":[23.370639,42.677336]},"properties":{"line":"ТМ23","mode":"tram","color":"#d6212b","colorDark":"#7c1116","band":3,"off":[5.1,3.1]}},{"type":"Feature","geometry":{"type":"Point","coordinates":[23.330937,42.704995]},"properties":{"name":"ПЛ. СТОЧНА ГАРА","band":3,"modes":"bus","arr":["309","310","ТБ9"],"off":[0,-0.8]}},{"type":"Feature","geometry":{"type":"Point","coordinates":[23.330937,42.704995]},"properties":{"line":"309","mode":"bus","color":"#0059a9","colorDark":"#00294f","band":3,"off":[-3.4,1.1]}},{"type":"Feature","geometry":{"type":"Point","coordinates":[23.330937,42.704995]},"properties":{"line":"310","mode":"bus","color":"#0059a9","colorDark":"#00294f","band":3,"off":[0,1.1]}},{"type":"Feature","geometry":{"type":"Point","coordinates":[23.330937,42.704995]},"properties":{"line":"ТБ9","mode":"bus","color":"#149a3f","colorDark":"#0a5121","band":3,"off":[3.4,1.1]}},{"type":"Feature","geometry":{"type":"Point","coordinates":[23.325418,42.705062]},"properties":{"name":"ПЛ. ЛЪВОВ МОСТ","band":3,"modes":"bus","arr":["20"],"off":[0,-0.8]}},{"type":"Feature","geometry":{"type":"Point","coordinates":[23.325418,42.705062]},"properties":{"line":"20","mode":"bus","color":"#0059a9","colorDark":"#00294f","band":3,"off":[0,1.1]}},{"type":"Feature","geometry":{"type":"Point","coordinates":[23.496114,42.697241]},"properties":{"name":"СЕЛО ДОЛНИ БОГРОВ","band":3,"modes":"bus","arr":["12"],"off":[0,-0.8]}},{"type":"Feature","geometry":{"type":"Point","coordinates":[23.496114,42.697241]},"properties":{"line":"12","mode":"bus","color":"#0059a9","colorDark":"#00294f","band":3,"off":[0,1.1]}},{"type":"Feature","geometry":{"type":"Point","coordinates":[23.418372,42.713212]},"properties":{"name":"ПЛОЩАДА КВ. ВРАЖДЕБНА","band":3,"modes":"bus","arr":["78"],"off":[0,-0.8]}},{"type":"Feature","geometry":{"type":"Point","coordinates":[23.418372,42.713212]},"properties":{"line":"78","mode":"bus","color":"#0059a9","colorDark":"#00294f","band":3,"off":[0,1.1]}},{"type":"Feature","geometry":{"type":"Point","coordinates":[23.386538,42.703899]},"properties":{"name":"АВТОСТАНЦИЯ ИЗТОК","band":3,"modes":"bus","arr":["12","14","117","118","119"],"off":[0,-0.8]}},{"type":"Feature","geometry":{"type":"Point","coordinates":[23.386538,42.703899]},"properties":{"line":"12","mode":"bus","color":"#0059a9","colorDark":"#00294f","band":3,"off":[-6.8,1.1]}},{"type":"Feature","geometry":{"type":"Point","coordinates":[23.386538,42.703899]},"properties":{"line":"14","mode":"bus","color":"#0059a9","colorDark":"#00294f","band":3,"off":[-3.4,1.1]}},{"type":"Feature","geometry":{"type":"Point","coordinates":[23.386538,42.703899]},"properties":{"line":"117","mode":"bus","color":"#0059a9","colorDark":"#00294f","band":3,"off":[0,1.1]}},{"type":"Feature","geometry":{"type":"Point","coordinates":[23.386538,42.703899]},"properties":{"line":"118","mode":"bus","color":"#0059a9","colorDark":"#00294f","band":3,"off":[3.4,1.1]}},{"type":"Feature","geometry":{"type":"Point","coordinates":[23.386538,42.703899]},"properties":{"line":"119","mode":"bus","color":"#0059a9","colorDark":"#00294f","band":3,"off":[6.8,1.1]}},{"type":"Feature","geometry":{"type":"Point","coordinates":[23.462472,42.682303]},"properties":{"name":"СЕЛО КРИВИНА","band":3,"modes":"bus","arr":["188"],"off":[0,-0.8]}},{"type":"Feature","geometry":{"type":"Point","coordinates":[23.462472,42.682303]},"properties":{"line":"188","mode":"bus","color":"#0059a9","colorDark":"#00294f","band":3,"off":[0,1.1]}},{"type":"Feature","geometry":{"type":"Point","coordinates":[23.342475,42.715748]},"properties":{"name":"АВТОСТАНЦИЯ ОРЛАНДОВЦИ","band":3,"modes":"bus","arr":["18","23","24"],"off":[0,-0.8]}},{"type":"Feature","geometry":{"type":"Point","coordinates":[23.342475,42.715748]},"properties":{"line":"18","mode":"bus","color":"#0059a9","colorDark":"#00294f","band":3,"off":[-3.4,1.1]}},{"type":"Feature","geometry":{"type":"Point","coordinates":[23.342475,42.715748]},"properties":{"line":"23","mode":"bus","color":"#0059a9","colorDark":"#00294f","band":3,"off":[0,1.1]}},{"type":"Feature","geometry":{"type":"Point","coordinates":[23.342475,42.715748]},"properties":{"line":"24","mode":"bus","color":"#0059a9","colorDark":"#00294f","band":3,"off":[3.4,1.1]}},{"type":"Feature","geometry":{"type":"Point","coordinates":[23.434789,42.750714]},"properties":{"name":"МЕЛНИЦАТА ЧЕПИНЦИ","band":3,"modes":"bus","arr":["18"],"off":[0,-0.8]}},{"type":"Feature","geometry":{"type":"Point","coordinates":[23.434789,42.750714]},"properties":{"line":"18","mode":"bus","color":"#0059a9","colorDark":"#00294f","band":3,"off":[0,1.1]}},{"type":"Feature","geometry":{"type":"Point","coordinates":[23.44786,42.794448]},"properties":{"name":"СЕЛО ЛОКОРСКО","band":3,"modes":"bus","arr":["20","28"],"off":[0,-0.8]}},{"type":"Feature","geometry":{"type":"Point","coordinates":[23.44786,42.794448]},"properties":{"line":"20","mode":"bus","color":"#0059a9","colorDark":"#00294f","band":3,"off":[-1.7,1.1]}},{"type":"Feature","geometry":{"type":"Point","coordinates":[23.44786,42.794448]},"properties":{"line":"28","mode":"bus","color":"#0059a9","colorDark":"#00294f","band":3,"off":[1.7,1.1]}},{"type":"Feature","geometry":{"type":"Point","coordinates":[23.31995,42.711053]},"properties":{"name":"ЦЕНТРАЛНА ГАРА","band":3,"modes":"bus,tram","arr":["21","22","77","78","82","101","213","305","404","ТМ7","ТМ22А","ТМ27"],"off":[0,-0.8]}},{"type":"Feature","geometry":{"type":"Point","coordinates":[23.31995,42.711053]},"properties":{"line":"21","mode":"bus","color":"#0059a9","colorDark":"#00294f","band":3,"off":[-6.8,1.1]}},{"type":"Feature","geometry":{"type":"Point","coordinates":[23.31995,42.711053]},"properties":{"line":"22","mode":"bus","color":"#0059a9","colorDark":"#00294f","band":3,"off":[-3.4,1.1]}},{"type":"Feature","geometry":{"type":"Point","coordinates":[23.31995,42.711053]},"properties":{"line":"77","mode":"bus","color":"#0059a9","colorDark":"#00294f","band":3,"off":[0,1.1]}},{"type":"Feature","geometry":{"type":"Point","coordinates":[23.31995,42.711053]},"properties":{"line":"78","mode":"bus","color":"#0059a9","colorDark":"#00294f","band":3,"off":[3.4,1.1]}},{"type":"Feature","geometry":{"type":"Point","coordinates":[23.31995,42.711053]},"properties":{"line":"82","mode":"bus","color":"#0059a9","colorDark":"#00294f","band":3,"off":[6.8,1.1]}},{"type":"Feature","geometry":{"type":"Point","coordinates":[23.31995,42.711053]},"properties":{"line":"101","mode":"bus","color":"#0059a9","colorDark":"#00294f","band":3,"off":[-6.8,3.1]}},{"type":"Feature","geometry":{"type":"Point","coordinates":[23.31995,42.711053]},"properties":{"line":"213","mode":"bus","color":"#0059a9","colorDark":"#00294f","band":3,"off":[-3.4,3.1]}},{"type":"Feature","geometry":{"type":"Point","coordinates":[23.31995,42.711053]},"properties":{"line":"305","mode":"bus","color":"#0059a9","colorDark":"#00294f","band":3,"off":[0,3.1]}},{"type":"Feature","geometry":{"type":"Point","coordinates":[23.31995,42.711053]},"properties":{"line":"404","mode":"bus","color":"#0059a9","colorDark":"#00294f","band":3,"off":[3.4,3.1]}},{"type":"Feature","geometry":{"type":"Point","coordinates":[23.31995,42.711053]},"properties":{"line":"ТМ7","mode":"tram","color":"#d6212b","colorDark":"#7c1116","band":3,"off":[6.8,3.1]}},{"type":"Feature","geometry":{"type":"Point","coordinates":[23.31995,42.711053]},"properties":{"line":"ТМ22А","mode":"tram","color":"#d6212b","colorDark":"#7c1116","band":3,"off":[-1.7,5.1]}},{"type":"Feature","geometry":{"type":"Point","coordinates":[23.31995,42.711053]},"properties":{"line":"ТМ27","mode":"tram","color":"#d6212b","colorDark":"#7c1116","band":3,"off":[1.7,5.1]}},{"type":"Feature","geometry":{"type":"Point","coordinates":[23.422862,42.803933]},"properties":{"name":"СЕЛО ВОЙНЕГОВЦИ","band":3,"modes":"bus","arr":["21"],"off":[0,-0.8]}},{"type":"Feature","geometry":{"type":"Point","coordinates":[23.422862,42.803933]},"properties":{"line":"21","mode":"bus","color":"#0059a9","colorDark":"#00294f","band":3,"off":[0,1.1]}},{"type":"Feature","geometry":{"type":"Point","coordinates":[23.347989,42.74491]},"properties":{"name":"КВ. БЕНКОВСКИ","band":3,"modes":"bus","arr":["24","100"],"off":[0,-0.8]}},{"type":"Feature","geometry":{"type":"Point","coordinates":[23.347989,42.74491]},"properties":{"line":"24","mode":"bus","color":"#0059a9","colorDark":"#00294f","band":3,"off":[-1.7,1.1]}},{"type":"Feature","geometry":{"type":"Point","coordinates":[23.347989,42.74491]},"properties":{"line":"100","mode":"bus","color":"#0059a9","colorDark":"#00294f","band":3,"off":[1.7,1.1]}},{"type":"Feature","geometry":{"type":"Point","coordinates":[23.404357,42.806876]},"properties":{"name":"СЕЛО ПОДГУМЕР","band":3,"modes":"bus","arr":["22"],"off":[0,-0.8]}},{"type":"Feature","geometry":{"type":"Point","coordinates":[23.404357,42.806876]},"properties":{"line":"22","mode":"bus","color":"#0059a9","colorDark":"#00294f","band":3,"off":[0,1.1]}},{"type":"Feature","geometry":{"type":"Point","coordinates":[23.407752,42.813398]},"properties":{"name":"БОЛНИЦАТА С. ПОДГУМЕР","band":3,"modes":"bus","arr":["22"],"off":[0,-0.8]}},{"type":"Feature","geometry":{"type":"Point","coordinates":[23.407752,42.813398]},"properties":{"line":"22","mode":"bus","color":"#0059a9","colorDark":"#00294f","band":3,"off":[0,1.1]}},{"type":"Feature","geometry":{"type":"Point","coordinates":[23.335978,42.696698]},"properties":{"name":"ПЛ. ВАСИЛ ЛЕВСКИ - ВРЕМЕННА","band":3,"modes":"bus,tram","arr":["22ТМ","ТМ20","ТМ22"],"off":[0,-0.8]}},{"type":"Feature","geometry":{"type":"Point","coordinates":[23.335978,42.696698]},"properties":{"line":"22ТМ","mode":"bus","color":"#0059a9","colorDark":"#00294f","band":3,"off":[-3.4,1.1]}},{"type":"Feature","geometry":{"type":"Point","coordinates":[23.335978,42.696698]},"properties":{"line":"ТМ20","mode":"tram","color":"#d6212b","colorDark":"#7c1116","band":3,"off":[0,1.1]}},{"type":"Feature","geometry":{"type":"Point","coordinates":[23.335978,42.696698]},"properties":{"line":"ТМ22","mode":"tram","color":"#d6212b","colorDark":"#7c1116","band":3,"off":[3.4,1.1]}},{"type":"Feature","geometry":{"type":"Point","coordinates":[23.297967,42.702042]},"properties":{"name":"МЕТРОСТАНЦИЯ К.ВЕЛИЧКОВ","band":3,"modes":"bus,metro,tram","arr":["22ТМ","M1","ТМ3","ТМ6","ТМ10","ТМ13"],"off":[0,-0.8]}},{"type":"Feature","geometry":{"type":"Point","coordinates":[23.297967,42.702042]},"properties":{"name":"МЕТРОСТАНЦИЯ К. ВЕЛИЧКОВ","band":3,"modes":"bus,metro,tram","arr":["22ТМ","M1","ТМ3","ТМ6","ТМ10","ТМ13"],"off":[0,-3]}},{"type":"Feature","geometry":{"type":"Point","coordinates":[23.297967,42.702042]},"properties":{"name":"КОНСТАНТИН ВЕЛИЧКОВ","band":3,"modes":"bus,metro,tram","arr":["22ТМ","M1","ТМ3","ТМ6","ТМ10","ТМ13"],"off":[0,-5.2]}},{"type":"Feature","geometry":{"type":"Point","coordinates":[23.297967,42.702042]},"properties":{"line":"22ТМ","mode":"bus","color":"#0059a9","colorDark":"#00294f","band":3,"off":[-6.8,1.1]}},{"type":"Feature","geometry":{"type":"Point","coordinates":[23.297967,42.702042]},"properties":{"line":"M1","mode":"tram","color":"#EB2227","colorDark":"#811315","band":3,"metro":1,"off":[-3.4,1.1]}},{"type":"Feature","geometry":{"type":"Point","coordinates":[23.297967,42.702042]},"properties":{"line":"ТМ3","mode":"tram","color":"#d6212b","colorDark":"#7c1116","band":3,"off":[0,1.1]}},{"type":"Feature","geometry":{"type":"Point","coordinates":[23.297967,42.702042]},"properties":{"line":"ТМ6","mode":"tram","color":"#d6212b","colorDark":"#7c1116","band":3,"off":[3.4,1.1]}},{"type":"Feature","geometry":{"type":"Point","coordinates":[23.297967,42.702042]},"properties":{"line":"ТМ10","mode":"tram","color":"#d6212b","colorDark":"#7c1116","band":3,"off":[6.8,1.1]}},{"type":"Feature","geometry":{"type":"Point","coordinates":[23.297967,42.702042]},"properties":{"line":"ТМ13","mode":"tram","color":"#d6212b","colorDark":"#7c1116","band":3,"off":[0,3.1]}},{"type":"Feature","geometry":{"type":"Point","coordinates":[23.356233,42.818506]},"properties":{"name":"ГАРА КУРИЛО","band":3,"modes":"bus","arr":["23"],"off":[0,-0.8]}},{"type":"Feature","geometry":{"type":"Point","coordinates":[23.356233,42.818506]},"properties":{"line":"23","mode":"bus","color":"#0059a9","colorDark":"#00294f","band":3,"off":[0,1.1]}},{"type":"Feature","geometry":{"type":"Point","coordinates":[23.378373,42.805198]},"properties":{"name":"НАЧАЛО КВ. ГНИЛЯНЕ","band":3,"modes":"bus","arr":["26"],"off":[0,-0.8]}},{"type":"Feature","geometry":{"type":"Point","coordinates":[23.378373,42.805198]},"properties":{"line":"26","mode":"bus","color":"#0059a9","colorDark":"#00294f","band":3,"off":[0,1.1]}},{"type":"Feature","geometry":{"type":"Point","coordinates":[23.36167,42.753471]},"properties":{"name":"МАНАСТИР СВ. МИНА","band":3,"modes":"bus","arr":["24"],"off":[0,-0.8]}},{"type":"Feature","geometry":{"type":"Point","coordinates":[23.36167,42.753471]},"properties":{"line":"24","mode":"bus","color":"#0059a9","colorDark":"#00294f","band":3,"off":[0,1.1]}},{"type":"Feature","geometry":{"type":"Point","coordinates":[23.317281,42.738071]},"properties":{"name":"СТАДИОН ЛОКОМОТИВ","band":3,"modes":"bus","arr":["83","108"],"off":[0,-0.8]}},{"type":"Feature","geometry":{"type":"Point","coordinates":[23.317281,42.738071]},"properties":{"line":"83","mode":"bus","color":"#0059a9","colorDark":"#00294f","band":3,"off":[-1.7,1.1]}},{"type":"Feature","geometry":{"type":"Point","coordinates":[23.317281,42.738071]},"properties":{"line":"108","mode":"bus","color":"#0059a9","colorDark":"#00294f","band":3,"off":[1.7,1.1]}},{"type":"Feature","geometry":{"type":"Point","coordinates":[23.312247,42.726606]},"properties":{"name":"МОДНА КЪЩА АГРЕСИЯ","band":3,"modes":"bus","arr":["26"],"off":[0,-0.8]}},{"type":"Feature","geometry":{"type":"Point","coordinates":[23.312247,42.726606]},"properties":{"line":"26","mode":"bus","color":"#0059a9","colorDark":"#00294f","band":3,"off":[0,1.1]}},{"type":"Feature","geometry":{"type":"Point","coordinates":[23.268238,42.737133]},"properties":{"name":"Ж.К. ОБЕЛЯ-1","band":3,"modes":"bus","arr":["26"],"off":[0,-0.8]}},{"type":"Feature","geometry":{"type":"Point","coordinates":[23.268238,42.737133]},"properties":{"line":"26","mode":"bus","color":"#0059a9","colorDark":"#00294f","band":3,"off":[0,1.1]}},{"type":"Feature","geometry":{"type":"Point","coordinates":[23.267971,42.736507]},"properties":{"name":"Ж. К. ОБЕЛЯ 1","band":3,"modes":"bus","arr":["26"],"off":[0,-0.8]}},{"type":"Feature","geometry":{"type":"Point","coordinates":[23.267971,42.736507]},"properties":{"line":"26","mode":"bus","color":"#0059a9","colorDark":"#00294f","band":3,"off":[0,1.1]}},{"type":"Feature","geometry":{"type":"Point","coordinates":[23.304058,42.790495]},"properties":{"name":"СЕЛО МИРОВЯНЕ - ПО ЖЕЛАНИЕ","band":3,"modes":"bus","arr":["26","29"],"off":[0,-0.8]}},{"type":"Feature","geometry":{"type":"Point","coordinates":[23.304058,42.790495]},"properties":{"line":"26","mode":"bus","color":"#0059a9","colorDark":"#00294f","band":3,"off":[-1.7,1.1]}},{"type":"Feature","geometry":{"type":"Point","coordinates":[23.304058,42.790495]},"properties":{"line":"29","mode":"bus","color":"#0059a9","colorDark":"#00294f","band":3,"off":[1.7,1.1]}},{"type":"Feature","geometry":{"type":"Point","coordinates":[23.319126,42.845161]},"properties":{"name":"СЕЛО КЪТИНА","band":3,"modes":"bus","arr":["27"],"off":[0,-0.8]}},{"type":"Feature","geometry":{"type":"Point","coordinates":[23.319126,42.845161]},"properties":{"line":"27","mode":"bus","color":"#0059a9","colorDark":"#00294f","band":3,"off":[0,1.1]}},{"type":"Feature","geometry":{"type":"Point","coordinates":[23.313163,42.713869]},"properties":{"name":"МЕТРОСТАНЦИЯ КН. МАРИЯ ЛУИЗА","band":3,"modes":"bus","arr":["27"],"off":[0,-0.8]}},{"type":"Feature","geometry":{"type":"Point","coordinates":[23.313163,42.713869]},"properties":{"line":"27","mode":"bus","color":"#0059a9","colorDark":"#00294f","band":3,"off":[0,1.1]}},{"type":"Feature","geometry":{"type":"Point","coordinates":[23.273307,42.784571]},"properties":{"name":"ЦЕНТЪР С. МРАМОР","band":3,"modes":"bus","arr":["28"],"off":[0,-0.8]}},{"type":"Feature","geometry":{"type":"Point","coordinates":[23.273307,42.784571]},"properties":{"line":"28","mode":"bus","color":"#0059a9","colorDark":"#00294f","band":3,"off":[0,1.1]}},{"type":"Feature","geometry":{"type":"Point","coordinates":[23.426234,42.758404]},"properties":{"name":"СЕЛО ЧЕПИНЦИ","band":3,"modes":"bus","arr":["28"],"off":[0,-0.8]}},{"type":"Feature","geometry":{"type":"Point","coordinates":[23.426234,42.758404]},"properties":{"line":"28","mode":"bus","color":"#0059a9","colorDark":"#00294f","band":3,"off":[0,1.1]}},{"type":"Feature","geometry":{"type":"Point","coordinates":[23.2644,42.854473]},"properties":{"name":"СЕЛО БАЛША","band":3,"modes":"bus","arr":["29","30"],"off":[0,-0.8]}},{"type":"Feature","geometry":{"type":"Point","coordinates":[23.2644,42.854473]},"properties":{"line":"29","mode":"bus","color":"#0059a9","colorDark":"#00294f","band":3,"off":[-1.7,1.1]}},{"type":"Feature","geometry":{"type":"Point","coordinates":[23.2644,42.854473]},"properties":{"line":"30","mode":"bus","color":"#0059a9","colorDark":"#00294f","band":3,"off":[1.7,1.1]}},{"type":"Feature","geometry":{"type":"Point","coordinates":[23.316044,42.726759]},"properties":{"name":"ГАРА СОФИЯ СЕВЕР","band":3,"modes":"bus","arr":["29","413"],"off":[0,-0.8]}},{"type":"Feature","geometry":{"type":"Point","coordinates":[23.316044,42.726759]},"properties":{"line":"29","mode":"bus","color":"#0059a9","colorDark":"#00294f","band":3,"off":[-1.7,1.1]}},{"type":"Feature","geometry":{"type":"Point","coordinates":[23.316044,42.726759]},"properties":{"line":"413","mode":"bus","color":"#0059a9","colorDark":"#00294f","band":3,"off":[1.7,1.1]}},{"type":"Feature","geometry":{"type":"Point","coordinates":[23.261516,42.726421]},"properties":{"name":"СЛИВНИЦА","band":3,"modes":"bus,metro","arr":["30","31","47","49","54","81","150","M1","M4"],"off":[0,-0.8]}},{"type":"Feature","geometry":{"type":"Point","coordinates":[23.261516,42.726421]},"properties":{"name":"МЕТРОСТАНЦИЯ СЛИВНИЦА","band":3,"modes":"bus,metro","arr":["30","31","47","49","54","81","150","M1","M4"],"off":[0,-1.9]}},{"type":"Feature","geometry":{"type":"Point","coordinates":[23.261516,42.726421]},"properties":{"line":"30","mode":"bus","color":"#0059a9","colorDark":"#00294f","band":3,"off":[-6.8,1.1]}},{"type":"Feature","geometry":{"type":"Point","coordinates":[23.261516,42.726421]},"properties":{"line":"31","mode":"bus","color":"#0059a9","colorDark":"#00294f","band":3,"off":[-3.4,1.1]}},{"type":"Feature","geometry":{"type":"Point","coordinates":[23.261516,42.726421]},"properties":{"line":"47","mode":"bus","color":"#0059a9","colorDark":"#00294f","band":3,"off":[0,1.1]}},{"type":"Feature","geometry":{"type":"Point","coordinates":[23.261516,42.726421]},"properties":{"line":"49","mode":"bus","color":"#0059a9","colorDark":"#00294f","band":3,"off":[3.4,1.1]}},{"type":"Feature","geometry":{"type":"Point","coordinates":[23.261516,42.726421]},"properties":{"line":"54","mode":"bus","color":"#0059a9","colorDark":"#00294f","band":3,"off":[6.8,1.1]}},{"type":"Feature","geometry":{"type":"Point","coordinates":[23.261516,42.726421]},"properties":{"line":"81","mode":"bus","color":"#0059a9","colorDark":"#00294f","band":3,"off":[-5.1,3.1]}},{"type":"Feature","geometry":{"type":"Point","coordinates":[23.261516,42.726421]},"properties":{"line":"150","mode":"bus","color":"#0059a9","colorDark":"#00294f","band":3,"off":[-1.7,3.1]}},{"type":"Feature","geometry":{"type":"Point","coordinates":[23.261516,42.726421]},"properties":{"line":"M1","mode":"tram","color":"#EB2227","colorDark":"#811315","band":3,"metro":1,"off":[1.7,3.1]}},{"type":"Feature","geometry":{"type":"Point","coordinates":[23.261516,42.726421]},"properties":{"line":"M4","mode":"tram","color":"#FFDE17","colorDark":"#8c7a0d","band":3,"metro":1,"off":[5.1,3.1]}},{"type":"Feature","geometry":{"type":"Point","coordinates":[23.239199,42.82853]},"properties":{"name":"СЕЛО ГОЛЯНОВЦИ","band":3,"modes":"bus","arr":["31"],"off":[0,-0.8]}},{"type":"Feature","geometry":{"type":"Point","coordinates":[23.239199,42.82853]},"properties":{"line":"31","mode":"bus","color":"#0059a9","colorDark":"#00294f","band":3,"off":[0,1.1]}},{"type":"Feature","geometry":{"type":"Point","coordinates":[23.119684,42.685227]},"properties":{"name":"КРАЯ НА КВ. МИХАЙЛОВО","band":3,"modes":"bus","arr":["42"],"off":[0,-0.8]}},{"type":"Feature","geometry":{"type":"Point","coordinates":[23.119684,42.685227]},"properties":{"line":"42","mode":"bus","color":"#0059a9","colorDark":"#00294f","band":3,"off":[0,1.1]}},{"type":"Feature","geometry":{"type":"Point","coordinates":[23.261855,42.722723]},"properties":{"name":"УЛ. ТЪРНОВО","band":3,"modes":"bus","arr":["42"],"off":[0,-0.8]}},{"type":"Feature","geometry":{"type":"Point","coordinates":[23.261855,42.722723]},"properties":{"name":"Ж.К. ЛЮЛИН-8","band":3,"modes":"bus","arr":["42"],"off":[0,-1.9]}},{"type":"Feature","geometry":{"type":"Point","coordinates":[23.261855,42.722723]},"properties":{"line":"42","mode":"bus","color":"#0059a9","colorDark":"#00294f","band":3,"off":[0,1.1]}},{"type":"Feature","geometry":{"type":"Point","coordinates":[23.181232,42.706239]},"properties":{"name":"КВ. ИВАНЯНЕ","band":3,"modes":"bus","arr":["44","81"],"off":[0,-0.8]}},{"type":"Feature","geometry":{"type":"Point","coordinates":[23.181232,42.706239]},"properties":{"line":"44","mode":"bus","color":"#0059a9","colorDark":"#00294f","band":3,"off":[-1.7,1.1]}},{"type":"Feature","geometry":{"type":"Point","coordinates":[23.181232,42.706239]},"properties":{"line":"81","mode":"bus","color":"#0059a9","colorDark":"#00294f","band":3,"off":[1.7,1.1]}},{"type":"Feature","geometry":{"type":"Point","coordinates":[23.152269,42.708239]},"properties":{"name":"АВТОСТАНЦИЯ БАНКЯ","band":3,"modes":"bus","arr":["44","46","47","X43"],"off":[0,-0.8]}},{"type":"Feature","geometry":{"type":"Point","coordinates":[23.152269,42.708239]},"properties":{"line":"44","mode":"bus","color":"#0059a9","colorDark":"#00294f","band":3,"off":[-5.1,1.1]}},{"type":"Feature","geometry":{"type":"Point","coordinates":[23.152269,42.708239]},"properties":{"line":"46","mode":"bus","color":"#0059a9","colorDark":"#00294f","band":3,"off":[-1.7,1.1]}},{"type":"Feature","geometry":{"type":"Point","coordinates":[23.152269,42.708239]},"properties":{"line":"47","mode":"bus","color":"#0059a9","colorDark":"#00294f","band":3,"off":[1.7,1.1]}},{"type":"Feature","geometry":{"type":"Point","coordinates":[23.152269,42.708239]},"properties":{"line":"X43","mode":"bus","color":"#0059a9","colorDark":"#00294f","band":3,"off":[5.1,1.1]}},{"type":"Feature","geometry":{"type":"Point","coordinates":[23.078008,42.726112]},"properties":{"name":"МАНАСТИР СВ. ПЕТКА ПАРАСКЕВА","band":3,"modes":"bus","arr":["46"],"off":[0,-0.8]}},{"type":"Feature","geometry":{"type":"Point","coordinates":[23.078008,42.726112]},"properties":{"line":"46","mode":"bus","color":"#0059a9","colorDark":"#00294f","band":3,"off":[0,1.1]}},{"type":"Feature","geometry":{"type":"Point","coordinates":[23.138823,42.685672]},"properties":{"name":"КВ. ГРАДОМАН","band":3,"modes":"bus","arr":["47"],"off":[0,-0.8]}},{"type":"Feature","geometry":{"type":"Point","coordinates":[23.138823,42.685672]},"properties":{"line":"47","mode":"bus","color":"#0059a9","colorDark":"#00294f","band":3,"off":[0,1.1]}},{"type":"Feature","geometry":{"type":"Point","coordinates":[23.08344,42.719122]},"properties":{"name":"КВ. КЛИСУРА","band":3,"modes":"bus","arr":["49"],"off":[0,-0.8]}},{"type":"Feature","geometry":{"type":"Point","coordinates":[23.08344,42.719122]},"properties":{"line":"49","mode":"bus","color":"#0059a9","colorDark":"#00294f","band":3,"off":[0,1.1]}},{"type":"Feature","geometry":{"type":"Point","coordinates":[23.181164,42.775522]},"properties":{"name":"ПЪТЕН ВЪЗЕЛ КАЛОТИНА","band":3,"modes":"bus","arr":["54"],"off":[0,-0.8]}},{"type":"Feature","geometry":{"type":"Point","coordinates":[23.181164,42.775522]},"properties":{"line":"54","mode":"bus","color":"#0059a9","colorDark":"#00294f","band":3,"off":[0,1.1]}},{"type":"Feature","geometry":{"type":"Point","coordinates":[23.160218,42.682116]},"properties":{"name":"СЕЛО МАЛО БУЧИНО","band":3,"modes":"bus","arr":["56"],"off":[0,-0.8]}},{"type":"Feature","geometry":{"type":"Point","coordinates":[23.160218,42.682116]},"properties":{"line":"56","mode":"bus","color":"#0059a9","colorDark":"#00294f","band":3,"off":[0,1.1]}},{"type":"Feature","geometry":{"type":"Point","coordinates":[23.281722,42.701778]},"properties":{"name":"БЛ. 13 Ж.К. ЗАПАДЕН ПАРК","band":3,"modes":"bus","arr":["56"],"off":[0,-0.8]}},{"type":"Feature","geometry":{"type":"Point","coordinates":[23.281722,42.701778]},"properties":{"line":"56","mode":"bus","color":"#0059a9","colorDark":"#00294f","band":3,"off":[0,1.1]}},{"type":"Feature","geometry":{"type":"Point","coordinates":[23.292797,42.712787]},"properties":{"name":"ГАРА ЗАХАРНА ФАБРИКА","band":3,"modes":"bus","arr":["56"],"off":[0,-0.8]}},{"type":"Feature","geometry":{"type":"Point","coordinates":[23.292797,42.712787]},"properties":{"line":"56","mode":"bus","color":"#0059a9","colorDark":"#00294f","band":3,"off":[0,1.1]}},{"type":"Feature","geometry":{"type":"Point","coordinates":[23.185937,42.622703]},"properties":{"name":"ГАРА ВЛАДАЯ","band":3,"modes":"bus","arr":["58"],"off":[0,-0.8]}},{"type":"Feature","geometry":{"type":"Point","coordinates":[23.185937,42.622703]},"properties":{"line":"58","mode":"bus","color":"#0059a9","colorDark":"#00294f","band":3,"off":[0,1.1]}},{"type":"Feature","geometry":{"type":"Point","coordinates":[23.240918,42.658485]},"properties":{"name":"КВ. КНЯЖЕВО","band":3,"modes":"bus,tram","arr":["58","59","804","ТМ5","ТМ11"],"off":[0,-0.8]}},{"type":"Feature","geometry":{"type":"Point","coordinates":[23.240918,42.658485]},"properties":{"name":"АВТОСТАНЦИЯ КНЯЖЕВО","band":3,"modes":"bus,tram","arr":["58","59","804","ТМ5","ТМ11"],"off":[0,-1.9]}},{"type":"Feature","geometry":{"type":"Point","coordinates":[23.240918,42.658485]},"properties":{"line":"58","mode":"bus","color":"#0059a9","colorDark":"#00294f","band":3,"off":[-6.8,1.1]}},{"type":"Feature","geometry":{"type":"Point","coordinates":[23.240918,42.658485]},"properties":{"line":"59","mode":"bus","color":"#0059a9","colorDark":"#00294f","band":3,"off":[-3.4,1.1]}},{"type":"Feature","geometry":{"type":"Point","coordinates":[23.240918,42.658485]},"properties":{"line":"804","mode":"bus","color":"#0059a9","colorDark":"#00294f","band":3,"off":[0,1.1]}},{"type":"Feature","geometry":{"type":"Point","coordinates":[23.240918,42.658485]},"properties":{"line":"ТМ5","mode":"tram","color":"#d6212b","colorDark":"#7c1116","band":3,"off":[3.4,1.1]}},{"type":"Feature","geometry":{"type":"Point","coordinates":[23.240918,42.658485]},"properties":{"line":"ТМ11","mode":"tram","color":"#d6212b","colorDark":"#7c1116","band":3,"off":[6.8,1.1]}},{"type":"Feature","geometry":{"type":"Point","coordinates":[23.160689,42.594326]},"properties":{"name":"С. МЪРЧАЕВО-ТОЛУМСКА МАХАЛА","band":3,"modes":"bus","arr":["59"],"off":[0,-0.8]}},{"type":"Feature","geometry":{"type":"Point","coordinates":[23.160689,42.594326]},"properties":{"line":"59","mode":"bus","color":"#0059a9","colorDark":"#00294f","band":3,"off":[0,1.1]}},{"type":"Feature","geometry":{"type":"Point","coordinates":[23.256044,42.683081]},"properties":{"name":"МЕТРОСТАНЦИЯ МИЗИЯ","band":3,"modes":"bus","arr":["59"],"off":[0,-0.8]}},{"type":"Feature","geometry":{"type":"Point","coordinates":[23.256044,42.683081]},"properties":{"line":"59","mode":"bus","color":"#0059a9","colorDark":"#00294f","band":3,"off":[0,1.1]}},{"type":"Feature","geometry":{"type":"Point","coordinates":[23.235788,42.609788]},"properties":{"name":"ЗЛАТНИ МОСТОВЕ","band":3,"modes":"bus","arr":["61","63"],"off":[0,-0.8]}},{"type":"Feature","geometry":{"type":"Point","coordinates":[23.235788,42.609788]},"properties":{"line":"61","mode":"bus","color":"#0059a9","colorDark":"#00294f","band":3,"off":[-1.7,1.1]}},{"type":"Feature","geometry":{"type":"Point","coordinates":[23.235788,42.609788]},"properties":{"line":"63","mode":"bus","color":"#0059a9","colorDark":"#00294f","band":3,"off":[1.7,1.1]}},{"type":"Feature","geometry":{"type":"Point","coordinates":[23.28859,42.665813]},"properties":{"name":"УЛ. Т. КАБЛЕШКОВ","band":3,"modes":"bus","arr":["X10"],"off":[0,-0.8]}},{"type":"Feature","geometry":{"type":"Point","coordinates":[23.28859,42.665813]},"properties":{"line":"X10","mode":"bus","color":"#0059a9","colorDark":"#00294f","band":3,"off":[0,1.1]}},{"type":"Feature","geometry":{"type":"Point","coordinates":[23.293631,42.672567]},"properties":{"name":"БУЛ. БЪЛГАРИЯ","band":3,"modes":"bus","arr":["61"],"off":[0,-0.8]}},{"type":"Feature","geometry":{"type":"Point","coordinates":[23.293631,42.672567]},"properties":{"line":"61","mode":"bus","color":"#0059a9","colorDark":"#00294f","band":3,"off":[0,1.1]}},{"type":"Feature","geometry":{"type":"Point","coordinates":[23.319881,42.683055]},"properties":{"name":"БУЛ. ЧЕРНИ ВРЪХ","band":3,"modes":"bus","arr":["61"],"off":[0,-0.8]}},{"type":"Feature","geometry":{"type":"Point","coordinates":[23.319881,42.683055]},"properties":{"line":"61","mode":"bus","color":"#0059a9","colorDark":"#00294f","band":3,"off":[0,1.1]}},{"type":"Feature","geometry":{"type":"Point","coordinates":[23.272658,42.659135]},"properties":{"name":"Ж.К. БЪКСТОН","band":3,"modes":"bus","arr":["X10","ТБ2"],"off":[0,-0.8]}},{"type":"Feature","geometry":{"type":"Point","coordinates":[23.272658,42.659135]},"properties":{"line":"X10","mode":"bus","color":"#0059a9","colorDark":"#00294f","band":3,"off":[-1.7,1.1]}},{"type":"Feature","geometry":{"type":"Point","coordinates":[23.272658,42.659135]},"properties":{"line":"ТБ2","mode":"bus","color":"#149a3f","colorDark":"#0a5121","band":3,"off":[1.7,1.1]}},{"type":"Feature","geometry":{"type":"Point","coordinates":[23.299036,42.68659]},"properties":{"name":"БУЛ. ЦАР БОРИС ІІІ","band":3,"modes":"bus","arr":["63"],"off":[0,-0.8]}},{"type":"Feature","geometry":{"type":"Point","coordinates":[23.299036,42.68659]},"properties":{"line":"63","mode":"bus","color":"#0059a9","colorDark":"#00294f","band":3,"off":[0,1.1]}},{"type":"Feature","geometry":{"type":"Point","coordinates":[23.284093,42.679226]},"properties":{"name":"КРАСНО СЕЛО","band":3,"modes":"bus,metro","arr":["63","65","M3"],"off":[0,-0.8]}},{"type":"Feature","geometry":{"type":"Point","coordinates":[23.284093,42.679226]},"properties":{"name":"Ж.К. КРАСНО СЕЛО","band":3,"modes":"bus,metro","arr":["63","65","M3"],"off":[0,-1.9]}},{"type":"Feature","geometry":{"type":"Point","coordinates":[23.284093,42.679226]},"properties":{"line":"63","mode":"bus","color":"#0059a9","colorDark":"#00294f","band":3,"off":[-3.4,1.1]}},{"type":"Feature","geometry":{"type":"Point","coordinates":[23.284093,42.679226]},"properties":{"line":"65","mode":"bus","color":"#0059a9","colorDark":"#00294f","band":3,"off":[0,1.1]}},{"type":"Feature","geometry":{"type":"Point","coordinates":[23.284093,42.679226]},"properties":{"line":"M3","mode":"tram","color":"#39B54A","colorDark":"#1f6429","band":3,"metro":1,"off":[3.4,1.1]}},{"type":"Feature","geometry":{"type":"Point","coordinates":[23.272801,42.657283]},"properties":{"name":"НИМ","band":3,"modes":"bus","arr":["304"],"off":[0,-0.8]}},{"type":"Feature","geometry":{"type":"Point","coordinates":[23.272801,42.657283]},"properties":{"line":"304","mode":"bus","color":"#0059a9","colorDark":"#00294f","band":3,"off":[0,1.1]}},{"type":"Feature","geometry":{"type":"Point","coordinates":[23.245051,42.645919]},"properties":{"name":"УЛ. БЯЛАТА ЧЕШМА","band":3,"modes":"bus","arr":["63"],"off":[0,-0.8]}},{"type":"Feature","geometry":{"type":"Point","coordinates":[23.245051,42.645919]},"properties":{"line":"63","mode":"bus","color":"#0059a9","colorDark":"#00294f","band":3,"off":[0,1.1]}},{"type":"Feature","geometry":{"type":"Point","coordinates":[23.301554,42.681835]},"properties":{"name":"ЦЕНТЪР ПО ХИГИЕНА","band":3,"modes":"bus","arr":["64"],"off":[0,-0.8]}},{"type":"Feature","geometry":{"type":"Point","coordinates":[23.301554,42.681835]},"properties":{"line":"64","mode":"bus","color":"#0059a9","colorDark":"#00294f","band":3,"off":[0,1.1]}},{"type":"Feature","geometry":{"type":"Point","coordinates":[23.316201,42.657545]},"properties":{"name":"МЕТРОСТАНЦИЯ ВИТОША","band":3,"modes":"bus","arr":["66"],"off":[0,-0.8]}},{"type":"Feature","geometry":{"type":"Point","coordinates":[23.316201,42.657545]},"properties":{"line":"66","mode":"bus","color":"#0059a9","colorDark":"#00294f","band":3,"off":[0,1.1]}},{"type":"Feature","geometry":{"type":"Point","coordinates":[23.317653,42.659843]},"properties":{"name":"МЕТРОСТАНЦИЯ ВИТОША","band":3,"modes":"bus","arr":["68","98"],"off":[0,-0.8]}},{"type":"Feature","geometry":{"type":"Point","coordinates":[23.317653,42.659843]},"properties":{"line":"68","mode":"bus","color":"#0059a9","colorDark":"#00294f","band":3,"off":[-1.7,1.1]}},{"type":"Feature","geometry":{"type":"Point","coordinates":[23.317653,42.659843]},"properties":{"line":"98","mode":"bus","color":"#0059a9","colorDark":"#00294f","band":3,"off":[1.7,1.1]}},{"type":"Feature","geometry":{"type":"Point","coordinates":[23.328443,42.658253]},"properties":{"name":"ЗООПАРКА","band":3,"modes":"bus","arr":["64","66","68","83","88","98","120"],"off":[0,-0.8]}},{"type":"Feature","geometry":{"type":"Point","coordinates":[23.328443,42.658253]},"properties":{"line":"64","mode":"bus","color":"#0059a9","colorDark":"#00294f","band":3,"off":[-6.8,1.1]}},{"type":"Feature","geometry":{"type":"Point","coordinates":[23.328443,42.658253]},"properties":{"line":"66","mode":"bus","color":"#0059a9","colorDark":"#00294f","band":3,"off":[-3.4,1.1]}},{"type":"Feature","geometry":{"type":"Point","coordinates":[23.328443,42.658253]},"properties":{"line":"68","mode":"bus","color":"#0059a9","colorDark":"#00294f","band":3,"off":[0,1.1]}},{"type":"Feature","geometry":{"type":"Point","coordinates":[23.328443,42.658253]},"properties":{"line":"83","mode":"bus","color":"#0059a9","colorDark":"#00294f","band":3,"off":[3.4,1.1]}},{"type":"Feature","geometry":{"type":"Point","coordinates":[23.328443,42.658253]},"properties":{"line":"88","mode":"bus","color":"#0059a9","colorDark":"#00294f","band":3,"off":[6.8,1.1]}},{"type":"Feature","geometry":{"type":"Point","coordinates":[23.328443,42.658253]},"properties":{"line":"98","mode":"bus","color":"#0059a9","colorDark":"#00294f","band":3,"off":[-1.7,3.1]}},{"type":"Feature","geometry":{"type":"Point","coordinates":[23.328443,42.658253]},"properties":{"line":"120","mode":"bus","color":"#0059a9","colorDark":"#00294f","band":3,"off":[1.7,3.1]}},{"type":"Feature","geometry":{"type":"Point","coordinates":[23.266071,42.644268]},"properties":{"name":"БОЯНСКА ЦЪРКВА","band":3,"modes":"bus","arr":["65"],"off":[0,-0.8]}},{"type":"Feature","geometry":{"type":"Point","coordinates":[23.266071,42.644268]},"properties":{"line":"65","mode":"bus","color":"#0059a9","colorDark":"#00294f","band":3,"off":[0,1.1]}},{"type":"Feature","geometry":{"type":"Point","coordinates":[23.273172,42.672138]},"properties":{"name":"КВ. ОВЧА КУПЕЛ","band":3,"modes":"bus","arr":["103","107"],"off":[0,-0.8]}},{"type":"Feature","geometry":{"type":"Point","coordinates":[23.273172,42.672138]},"properties":{"line":"103","mode":"bus","color":"#0059a9","colorDark":"#00294f","band":3,"off":[-1.7,1.1]}},{"type":"Feature","geometry":{"type":"Point","coordinates":[23.273172,42.672138]},"properties":{"line":"107","mode":"bus","color":"#0059a9","colorDark":"#00294f","band":3,"off":[1.7,1.1]}},{"type":"Feature","geometry":{"type":"Point","coordinates":[23.292219,42.583342]},"properties":{"name":"ХИЖА АЛЕКО","band":3,"modes":"bus","arr":["66"],"off":[0,-0.8]}},{"type":"Feature","geometry":{"type":"Point","coordinates":[23.292219,42.583342]},"properties":{"line":"66","mode":"bus","color":"#0059a9","colorDark":"#00294f","band":3,"off":[0,1.1]}},{"type":"Feature","geometry":{"type":"Point","coordinates":[23.333965,42.674723]},"properties":{"name":"СЕМИНАРИЯТА","band":3,"modes":"bus","arr":["67"],"off":[0,-0.8]}},{"type":"Feature","geometry":{"type":"Point","coordinates":[23.333965,42.674723]},"properties":{"line":"67","mode":"bus","color":"#0059a9","colorDark":"#00294f","band":3,"off":[0,1.1]}},{"type":"Feature","geometry":{"type":"Point","coordinates":[23.351655,42.670816]},"properties":{"name":"СТЦ ИНТЕРПРЕД","band":3,"modes":"bus","arr":["97"],"off":[0,-0.8]}},{"type":"Feature","geometry":{"type":"Point","coordinates":[23.351655,42.670816]},"properties":{"line":"97","mode":"bus","color":"#0059a9","colorDark":"#00294f","band":3,"off":[0,1.1]}},{"type":"Feature","geometry":{"type":"Point","coordinates":[23.35549,42.665097]},"properties":{"name":"Ж.К. ДИАНАБАД","band":3,"modes":"bus","arr":["67"],"off":[0,-0.8]}},{"type":"Feature","geometry":{"type":"Point","coordinates":[23.35549,42.665097]},"properties":{"line":"67","mode":"bus","color":"#0059a9","colorDark":"#00294f","band":3,"off":[0,1.1]}},{"type":"Feature","geometry":{"type":"Point","coordinates":[23.356315,42.662891]},"properties":{"name":"НСБАЛ ПО ОНКОЛОГИЯ","band":3,"modes":"bus","arr":["67","69","70","97","294"],"off":[0,-0.8]}},{"type":"Feature","geometry":{"type":"Point","coordinates":[23.356315,42.662891]},"properties":{"name":"МЕТРОСТАНЦИЯ Г. М. ДИМИТРОВ","band":3,"modes":"bus","arr":["67","69","70","97","294"],"off":[0,-1.9]}},{"type":"Feature","geometry":{"type":"Point","coordinates":[23.356315,42.662891]},"properties":{"line":"67","mode":"bus","color":"#0059a9","colorDark":"#00294f","band":3,"off":[-6.8,1.1]}},{"type":"Feature","geometry":{"type":"Point","coordinates":[23.356315,42.662891]},"properties":{"line":"69","mode":"bus","color":"#0059a9","colorDark":"#00294f","band":3,"off":[-3.4,1.1]}},{"type":"Feature","geometry":{"type":"Point","coordinates":[23.356315,42.662891]},"properties":{"line":"70","mode":"bus","color":"#0059a9","colorDark":"#00294f","band":3,"off":[0,1.1]}},{"type":"Feature","geometry":{"type":"Point","coordinates":[23.356315,42.662891]},"properties":{"line":"97","mode":"bus","color":"#0059a9","colorDark":"#00294f","band":3,"off":[3.4,1.1]}},{"type":"Feature","geometry":{"type":"Point","coordinates":[23.356315,42.662891]},"properties":{"line":"294","mode":"bus","color":"#0059a9","colorDark":"#00294f","band":3,"off":[6.8,1.1]}},{"type":"Feature","geometry":{"type":"Point","coordinates":[23.339006,42.612113]},"properties":{"name":"КВ. СИМЕОНОВО","band":3,"modes":"bus","arr":["67","68"],"off":[0,-0.8]}},{"type":"Feature","geometry":{"type":"Point","coordinates":[23.339006,42.612113]},"properties":{"line":"67","mode":"bus","color":"#0059a9","colorDark":"#00294f","band":3,"off":[-1.7,1.1]}},{"type":"Feature","geometry":{"type":"Point","coordinates":[23.339006,42.612113]},"properties":{"line":"68","mode":"bus","color":"#0059a9","colorDark":"#00294f","band":3,"off":[1.7,1.1]}},{"type":"Feature","geometry":{"type":"Point","coordinates":[23.334354,42.638493]},"properties":{"name":"ХОТЕЛ АМБАСАДОР","band":3,"modes":"bus","arr":["97"],"off":[0,-0.8]}},{"type":"Feature","geometry":{"type":"Point","coordinates":[23.334354,42.638493]},"properties":{"line":"97","mode":"bus","color":"#0059a9","colorDark":"#00294f","band":3,"off":[0,1.1]}},{"type":"Feature","geometry":{"type":"Point","coordinates":[23.333255,42.49982]},"properties":{"name":"МЕСТНОСТ ЯРЕМА","band":3,"modes":"bus","arr":["69"],"off":[0,-0.8]}},{"type":"Feature","geometry":{"type":"Point","coordinates":[23.333255,42.49982]},"properties":{"line":"69","mode":"bus","color":"#0059a9","colorDark":"#00294f","band":3,"off":[0,1.1]}},{"type":"Feature","geometry":{"type":"Point","coordinates":[23.360201,42.524475]},"properties":{"name":"ЦАРЕВА МАХАЛА","band":3,"modes":"bus","arr":["69"],"off":[0,-0.8]}},{"type":"Feature","geometry":{"type":"Point","coordinates":[23.360201,42.524475]},"properties":{"line":"69","mode":"bus","color":"#0059a9","colorDark":"#00294f","band":3,"off":[0,1.1]}},{"type":"Feature","geometry":{"type":"Point","coordinates":[23.366338,42.533842]},"properties":{"name":"КМЕТСТВО ЖЕЛЕЗНИЦА","band":3,"modes":"bus","arr":["98"],"off":[0,-0.8]}},{"type":"Feature","geometry":{"type":"Point","coordinates":[23.366338,42.533842]},"properties":{"line":"98","mode":"bus","color":"#0059a9","colorDark":"#00294f","band":3,"off":[0,1.1]}},{"type":"Feature","geometry":{"type":"Point","coordinates":[23.360471,42.586252]},"properties":{"name":"СЕЛО БИСТРИЦА","band":3,"modes":"bus","arr":["314"],"off":[0,-0.8]}},{"type":"Feature","geometry":{"type":"Point","coordinates":[23.360471,42.586252]},"properties":{"line":"314","mode":"bus","color":"#0059a9","colorDark":"#00294f","band":3,"off":[0,1.1]}},{"type":"Feature","geometry":{"type":"Point","coordinates":[23.408552,42.487151]},"properties":{"name":"СЕЛО ПЛАНА","band":3,"modes":"bus","arr":["70"],"off":[0,-0.8]}},{"type":"Feature","geometry":{"type":"Point","coordinates":[23.408552,42.487151]},"properties":{"line":"70","mode":"bus","color":"#0059a9","colorDark":"#00294f","band":3,"off":[0,1.1]}},{"type":"Feature","geometry":{"type":"Point","coordinates":[23.277147,42.701665]},"properties":{"name":"Ж.К. ЗАПАДЕН ПАРК","band":3,"modes":"bus,tram","arr":["72","77","ТМ1","ТМ10"],"off":[0,-0.8]}},{"type":"Feature","geometry":{"type":"Point","coordinates":[23.277147,42.701665]},"properties":{"line":"72","mode":"bus","color":"#0059a9","colorDark":"#00294f","band":3,"off":[-5.1,1.1]}},{"type":"Feature","geometry":{"type":"Point","coordinates":[23.277147,42.701665]},"properties":{"line":"77","mode":"bus","color":"#0059a9","colorDark":"#00294f","band":3,"off":[-1.7,1.1]}},{"type":"Feature","geometry":{"type":"Point","coordinates":[23.277147,42.701665]},"properties":{"line":"ТМ1","mode":"tram","color":"#d6212b","colorDark":"#7c1116","band":3,"off":[1.7,1.1]}},{"type":"Feature","geometry":{"type":"Point","coordinates":[23.277147,42.701665]},"properties":{"line":"ТМ10","mode":"tram","color":"#d6212b","colorDark":"#7c1116","band":3,"off":[5.1,1.1]}},{"type":"Feature","geometry":{"type":"Point","coordinates":[23.359824,42.676671]},"properties":{"name":"ХОТЕЛ ПЛИСКА","band":3,"modes":"bus","arr":["72"],"off":[0,-0.8]}},{"type":"Feature","geometry":{"type":"Point","coordinates":[23.359824,42.676671]},"properties":{"line":"72","mode":"bus","color":"#0059a9","colorDark":"#00294f","band":3,"off":[0,1.1]}},{"type":"Feature","geometry":{"type":"Point","coordinates":[23.384688,42.626013]},"properties":{"name":"Ж.К. МЛАДОСТ-4","band":3,"modes":"bus","arr":["76","N1"],"off":[0,-0.8]}},{"type":"Feature","geometry":{"type":"Point","coordinates":[23.384688,42.626013]},"properties":{"line":"76","mode":"bus","color":"#0059a9","colorDark":"#00294f","band":3,"off":[-1.7,1.1]}},{"type":"Feature","geometry":{"type":"Point","coordinates":[23.384688,42.626013]},"properties":{"line":"N1","mode":"bus","color":"#0059a9","colorDark":"#00294f","band":3,"off":[1.7,1.1]}},{"type":"Feature","geometry":{"type":"Point","coordinates":[23.297219,42.660561]},"properties":{"name":"Ж.К. ГОЦЕ ДЕЛЧЕВ","band":3,"modes":"bus","arr":["76","204","N4","ТБ7","ТБ8","ТБ74","ТБ288"],"off":[0,-0.8]}},{"type":"Feature","geometry":{"type":"Point","coordinates":[23.297219,42.660561]},"properties":{"name":"ж.к. Гоце Делчев","band":3,"modes":"bus","arr":["76","204","N4","ТБ7","ТБ8","ТБ74","ТБ288"],"off":[0,-1.9]}},{"type":"Feature","geometry":{"type":"Point","coordinates":[23.297219,42.660561]},"properties":{"line":"76","mode":"bus","color":"#0059a9","colorDark":"#00294f","band":3,"off":[-6.8,1.1]}},{"type":"Feature","geometry":{"type":"Point","coordinates":[23.297219,42.660561]},"properties":{"line":"204","mode":"bus","color":"#0059a9","colorDark":"#00294f","band":3,"off":[-3.4,1.1]}},{"type":"Feature","geometry":{"type":"Point","coordinates":[23.297219,42.660561]},"properties":{"line":"N4","mode":"bus","color":"#0059a9","colorDark":"#00294f","band":3,"off":[0,1.1]}},{"type":"Feature","geometry":{"type":"Point","coordinates":[23.297219,42.660561]},"properties":{"line":"ТБ7","mode":"bus","color":"#149a3f","colorDark":"#0a5121","band":3,"off":[3.4,1.1]}},{"type":"Feature","geometry":{"type":"Point","coordinates":[23.297219,42.660561]},"properties":{"line":"ТБ8","mode":"bus","color":"#149a3f","colorDark":"#0a5121","band":3,"off":[6.8,1.1]}},{"type":"Feature","geometry":{"type":"Point","coordinates":[23.297219,42.660561]},"properties":{"line":"ТБ74","mode":"bus","color":"#149a3f","colorDark":"#0a5121","band":3,"off":[-1.7,3.1]}},{"type":"Feature","geometry":{"type":"Point","coordinates":[23.297219,42.660561]},"properties":{"line":"ТБ288","mode":"bus","color":"#149a3f","colorDark":"#0a5121","band":3,"off":[1.7,3.1]}},{"type":"Feature","geometry":{"type":"Point","coordinates":[23.379923,42.711868]},"properties":{"name":"Ж.К. ЛЕВСКИ Г","band":3,"modes":"bus","arr":["120","N3"],"off":[0,-0.8]}},{"type":"Feature","geometry":{"type":"Point","coordinates":[23.379923,42.711868]},"properties":{"line":"120","mode":"bus","color":"#0059a9","colorDark":"#00294f","band":3,"off":[-1.7,1.1]}},{"type":"Feature","geometry":{"type":"Point","coordinates":[23.379923,42.711868]},"properties":{"line":"N3","mode":"bus","color":"#0059a9","colorDark":"#00294f","band":3,"off":[1.7,1.1]}},{"type":"Feature","geometry":{"type":"Point","coordinates":[23.328366,42.734011]},"properties":{"name":"СТИНД","band":3,"modes":"bus","arr":["79"],"off":[0,-0.8]}},{"type":"Feature","geometry":{"type":"Point","coordinates":[23.328366,42.734011]},"properties":{"line":"79","mode":"bus","color":"#0059a9","colorDark":"#00294f","band":3,"off":[0,1.1]}},{"type":"Feature","geometry":{"type":"Point","coordinates":[23.311476,42.719123]},"properties":{"name":"БУЛ. ИЛИЯНЦИ-ПОДЛЕЗА","band":3,"modes":"bus","arr":["309"],"off":[0,-0.8]}},{"type":"Feature","geometry":{"type":"Point","coordinates":[23.311476,42.719123]},"properties":{"line":"309","mode":"bus","color":"#0059a9","colorDark":"#00294f","band":3,"off":[0,1.1]}},{"type":"Feature","geometry":{"type":"Point","coordinates":[23.382762,42.68943]},"properties":{"name":"КВ. ХРИСТО БОТЕВ","band":3,"modes":"bus","arr":["79"],"off":[0,-0.8]}},{"type":"Feature","geometry":{"type":"Point","coordinates":[23.382762,42.68943]},"properties":{"line":"79","mode":"bus","color":"#0059a9","colorDark":"#00294f","band":3,"off":[0,1.1]}},{"type":"Feature","geometry":{"type":"Point","coordinates":[23.258388,42.73843]},"properties":{"name":"СЕВЕРНА ПРОМИШЛЕНА ЗОНА","band":3,"modes":"bus","arr":["81"],"off":[0,-0.8]}},{"type":"Feature","geometry":{"type":"Point","coordinates":[23.258388,42.73843]},"properties":{"line":"81","mode":"bus","color":"#0059a9","colorDark":"#00294f","band":3,"off":[0,1.1]}},{"type":"Feature","geometry":{"type":"Point","coordinates":[23.266032,42.74251]},"properties":{"name":"КВ. ОБЕЛЯ","band":3,"modes":"bus","arr":["N2"],"off":[0,-0.8]}},{"type":"Feature","geometry":{"type":"Point","coordinates":[23.266032,42.74251]},"properties":{"line":"N2","mode":"bus","color":"#0059a9","colorDark":"#00294f","band":3,"off":[0,1.1]}},{"type":"Feature","geometry":{"type":"Point","coordinates":[23.237652,42.716461]},"properties":{"name":"Ж.К. ЛЮЛИН-5","band":3,"modes":"bus","arr":["82","108","310"],"off":[0,-0.8]}},{"type":"Feature","geometry":{"type":"Point","coordinates":[23.237652,42.716461]},"properties":{"line":"82","mode":"bus","color":"#0059a9","colorDark":"#00294f","band":3,"off":[-3.4,1.1]}},{"type":"Feature","geometry":{"type":"Point","coordinates":[23.237652,42.716461]},"properties":{"line":"108","mode":"bus","color":"#0059a9","colorDark":"#00294f","band":3,"off":[0,1.1]}},{"type":"Feature","geometry":{"type":"Point","coordinates":[23.237652,42.716461]},"properties":{"line":"310","mode":"bus","color":"#0059a9","colorDark":"#00294f","band":3,"off":[3.4,1.1]}},{"type":"Feature","geometry":{"type":"Point","coordinates":[23.278683,42.682716]},"properties":{"name":"АП ЗЕМЛЯНЕ","band":3,"modes":"bus","arr":["83","102"],"off":[0,-0.8]}},{"type":"Feature","geometry":{"type":"Point","coordinates":[23.278683,42.682716]},"properties":{"line":"83","mode":"bus","color":"#0059a9","colorDark":"#00294f","band":3,"off":[-1.7,1.1]}},{"type":"Feature","geometry":{"type":"Point","coordinates":[23.278683,42.682716]},"properties":{"line":"102","mode":"bus","color":"#0059a9","colorDark":"#00294f","band":3,"off":[1.7,1.1]}},{"type":"Feature","geometry":{"type":"Point","coordinates":[23.275338,42.684788]},"properties":{"name":"БАЛКАНКАР АД","band":3,"modes":"bus","arr":["83","102"],"off":[0,-0.8]}},{"type":"Feature","geometry":{"type":"Point","coordinates":[23.275338,42.684788]},"properties":{"line":"83","mode":"bus","color":"#0059a9","colorDark":"#00294f","band":3,"off":[-1.7,1.1]}},{"type":"Feature","geometry":{"type":"Point","coordinates":[23.275338,42.684788]},"properties":{"line":"102","mode":"bus","color":"#0059a9","colorDark":"#00294f","band":3,"off":[1.7,1.1]}},{"type":"Feature","geometry":{"type":"Point","coordinates":[23.335355,42.692243]},"properties":{"name":"СУ СВ.КЛИМЕНТ ОХРИДСКИ","band":3,"modes":"bus","arr":["94"],"off":[0,-0.8]}},{"type":"Feature","geometry":{"type":"Point","coordinates":[23.335355,42.692243]},"properties":{"line":"94","mode":"bus","color":"#0059a9","colorDark":"#00294f","band":3,"off":[0,1.1]}},{"type":"Feature","geometry":{"type":"Point","coordinates":[23.415101,42.688527]},"properties":{"name":"ЛЕТИЩЕ СОФИЯ ТЕРМИНАЛ 2","band":3,"modes":"bus","arr":["84"],"off":[0,-0.8]}},{"type":"Feature","geometry":{"type":"Point","coordinates":[23.415101,42.688527]},"properties":{"line":"84","mode":"bus","color":"#0059a9","colorDark":"#00294f","band":3,"off":[0,1.1]}},{"type":"Feature","geometry":{"type":"Point","coordinates":[23.361605,42.710809]},"properties":{"name":"Ж.К. ХАДЖИ ДИМИТЪР","band":3,"modes":"bus","arr":["85","285"],"off":[0,-0.8]}},{"type":"Feature","geometry":{"type":"Point","coordinates":[23.361605,42.710809]},"properties":{"line":"85","mode":"bus","color":"#0059a9","colorDark":"#00294f","band":3,"off":[-1.7,1.1]}},{"type":"Feature","geometry":{"type":"Point","coordinates":[23.361605,42.710809]},"properties":{"line":"285","mode":"bus","color":"#0059a9","colorDark":"#00294f","band":3,"off":[1.7,1.1]}},{"type":"Feature","geometry":{"type":"Point","coordinates":[23.290818,42.73936]},"properties":{"name":"Ж.К. ВРЪБНИЦА-2","band":3,"modes":"bus","arr":["85","285"],"off":[0,-0.8]}},{"type":"Feature","geometry":{"type":"Point","coordinates":[23.290818,42.73936]},"properties":{"line":"85","mode":"bus","color":"#0059a9","colorDark":"#00294f","band":3,"off":[-1.7,1.1]}},{"type":"Feature","geometry":{"type":"Point","coordinates":[23.290818,42.73936]},"properties":{"line":"285","mode":"bus","color":"#0059a9","colorDark":"#00294f","band":3,"off":[1.7,1.1]}},{"type":"Feature","geometry":{"type":"Point","coordinates":[23.303211,42.738832]},"properties":{"name":"Ж.К. СВОБОДА","band":3,"modes":"bus","arr":["86"],"off":[0,-0.8]}},{"type":"Feature","geometry":{"type":"Point","coordinates":[23.303211,42.738832]},"properties":{"line":"86","mode":"bus","color":"#0059a9","colorDark":"#00294f","band":3,"off":[0,1.1]}},{"type":"Feature","geometry":{"type":"Point","coordinates":[23.351322,42.710962]},"properties":{"name":"БАЛКАН СТАР","band":3,"modes":"bus","arr":["100"],"off":[0,-0.8]}},{"type":"Feature","geometry":{"type":"Point","coordinates":[23.351322,42.710962]},"properties":{"line":"100","mode":"bus","color":"#0059a9","colorDark":"#00294f","band":3,"off":[0,1.1]}},{"type":"Feature","geometry":{"type":"Point","coordinates":[23.360345,42.715294]},"properties":{"name":"АП МАЛАШЕВЦИ","band":3,"modes":"bus","arr":["86","90"],"off":[0,-0.8]}},{"type":"Feature","geometry":{"type":"Point","coordinates":[23.360345,42.715294]},"properties":{"line":"86","mode":"bus","color":"#0059a9","colorDark":"#00294f","band":3,"off":[-1.7,1.1]}},{"type":"Feature","geometry":{"type":"Point","coordinates":[23.360345,42.715294]},"properties":{"line":"90","mode":"bus","color":"#0059a9","colorDark":"#00294f","band":3,"off":[1.7,1.1]}},{"type":"Feature","geometry":{"type":"Point","coordinates":[23.416311,42.639789]},"properties":{"name":"Ж.К. ДРУЖБА-2","band":3,"modes":"bus","arr":["88","204","304","N4","ТБ4"],"off":[0,-0.8]}},{"type":"Feature","geometry":{"type":"Point","coordinates":[23.416311,42.639789]},"properties":{"line":"88","mode":"bus","color":"#0059a9","colorDark":"#00294f","band":3,"off":[-6.8,1.1]}},{"type":"Feature","geometry":{"type":"Point","coordinates":[23.416311,42.639789]},"properties":{"line":"204","mode":"bus","color":"#0059a9","colorDark":"#00294f","band":3,"off":[-3.4,1.1]}},{"type":"Feature","geometry":{"type":"Point","coordinates":[23.416311,42.639789]},"properties":{"line":"304","mode":"bus","color":"#0059a9","colorDark":"#00294f","band":3,"off":[0,1.1]}},{"type":"Feature","geometry":{"type":"Point","coordinates":[23.416311,42.639789]},"properties":{"line":"N4","mode":"bus","color":"#0059a9","colorDark":"#00294f","band":3,"off":[3.4,1.1]}},{"type":"Feature","geometry":{"type":"Point","coordinates":[23.416311,42.639789]},"properties":{"line":"ТБ4","mode":"bus","color":"#149a3f","colorDark":"#0a5121","band":3,"off":[6.8,1.1]}},{"type":"Feature","geometry":{"type":"Point","coordinates":[23.569005,42.764548]},"properties":{"name":"ГРАД БУХОВО","band":3,"modes":"bus","arr":["90","117"],"off":[0,-0.8]}},{"type":"Feature","geometry":{"type":"Point","coordinates":[23.569005,42.764548]},"properties":{"line":"90","mode":"bus","color":"#0059a9","colorDark":"#00294f","band":3,"off":[-1.7,1.1]}},{"type":"Feature","geometry":{"type":"Point","coordinates":[23.569005,42.764548]},"properties":{"line":"117","mode":"bus","color":"#0059a9","colorDark":"#00294f","band":3,"off":[1.7,1.1]}},{"type":"Feature","geometry":{"type":"Point","coordinates":[23.346421,42.646606]},"properties":{"name":"СТУДЕНТСКИ ГРАД","band":3,"modes":"bus","arr":["94","95","102","280","294","N2"],"off":[0,-0.8]}},{"type":"Feature","geometry":{"type":"Point","coordinates":[23.346421,42.646606]},"properties":{"line":"94","mode":"bus","color":"#0059a9","colorDark":"#00294f","band":3,"off":[-6.8,1.1]}},{"type":"Feature","geometry":{"type":"Point","coordinates":[23.346421,42.646606]},"properties":{"line":"95","mode":"bus","color":"#0059a9","colorDark":"#00294f","band":3,"off":[-3.4,1.1]}},{"type":"Feature","geometry":{"type":"Point","coordinates":[23.346421,42.646606]},"properties":{"line":"102","mode":"bus","color":"#0059a9","colorDark":"#00294f","band":3,"off":[0,1.1]}},{"type":"Feature","geometry":{"type":"Point","coordinates":[23.346421,42.646606]},"properties":{"line":"280","mode":"bus","color":"#0059a9","colorDark":"#00294f","band":3,"off":[3.4,1.1]}},{"type":"Feature","geometry":{"type":"Point","coordinates":[23.346421,42.646606]},"properties":{"line":"294","mode":"bus","color":"#0059a9","colorDark":"#00294f","band":3,"off":[6.8,1.1]}},{"type":"Feature","geometry":{"type":"Point","coordinates":[23.346421,42.646606]},"properties":{"line":"N2","mode":"bus","color":"#0059a9","colorDark":"#00294f","band":3,"off":[0,3.1]}},{"type":"Feature","geometry":{"type":"Point","coordinates":[23.294376,42.65328]},"properties":{"name":"КВ. МАНАСТИРСКИ ЛИВАДИ","band":3,"modes":"bus","arr":["95","ТБ801"],"off":[0,-0.8]}},{"type":"Feature","geometry":{"type":"Point","coordinates":[23.294376,42.65328]},"properties":{"line":"95","mode":"bus","color":"#0059a9","colorDark":"#00294f","band":3,"off":[-1.7,1.1]}},{"type":"Feature","geometry":{"type":"Point","coordinates":[23.294376,42.65328]},"properties":{"line":"ТБ801","mode":"bus","color":"#149a3f","colorDark":"#0a5121","band":3,"off":[1.7,1.1]}},{"type":"Feature","geometry":{"type":"Point","coordinates":[23.350315,42.67186]},"properties":{"name":"МЕТРОСТАНЦИЯ ФР. ЖОЛИО-КЮРИ","band":3,"modes":"bus","arr":["97"],"off":[0,-0.8]}},{"type":"Feature","geometry":{"type":"Point","coordinates":[23.350315,42.67186]},"properties":{"line":"97","mode":"bus","color":"#0059a9","colorDark":"#00294f","band":3,"off":[0,1.1]}},{"type":"Feature","geometry":{"type":"Point","coordinates":[23.370277,42.711508]},"properties":{"name":"ПЪТНОСТРОИТЕЛНА ТЕХНИКА","band":3,"modes":"bus","arr":["100","ТБ1","ТБ3"],"off":[0,-0.8]}},{"type":"Feature","geometry":{"type":"Point","coordinates":[23.370277,42.711508]},"properties":{"name":"Пътностроителна техника","band":3,"modes":"bus","arr":["100","ТБ1","ТБ3"],"off":[0,-3]}},{"type":"Feature","geometry":{"type":"Point","coordinates":[23.370277,42.711508]},"properties":{"line":"100","mode":"bus","color":"#0059a9","colorDark":"#00294f","band":3,"off":[-3.4,1.1]}},{"type":"Feature","geometry":{"type":"Point","coordinates":[23.370277,42.711508]},"properties":{"line":"ТБ1","mode":"bus","color":"#149a3f","colorDark":"#0a5121","band":3,"off":[0,1.1]}},{"type":"Feature","geometry":{"type":"Point","coordinates":[23.370277,42.711508]},"properties":{"line":"ТБ3","mode":"bus","color":"#149a3f","colorDark":"#0a5121","band":3,"off":[3.4,1.1]}},{"type":"Feature","geometry":{"type":"Point","coordinates":[23.329199,42.753721]},"properties":{"name":"ФОНДОВИ ЖИЛИЩА","band":3,"modes":"bus","arr":["101"],"off":[0,-0.8]}},{"type":"Feature","geometry":{"type":"Point","coordinates":[23.329199,42.753721]},"properties":{"line":"101","mode":"bus","color":"#0059a9","colorDark":"#00294f","band":3,"off":[0,1.1]}},{"type":"Feature","geometry":{"type":"Point","coordinates":[23.192213,42.652185]},"properties":{"name":"ВЗ. ЛЮЛИН","band":3,"modes":"bus","arr":["103","803"],"off":[0,-0.8]}},{"type":"Feature","geometry":{"type":"Point","coordinates":[23.192213,42.652185]},"properties":{"line":"103","mode":"bus","color":"#0059a9","colorDark":"#00294f","band":3,"off":[-1.7,1.1]}},{"type":"Feature","geometry":{"type":"Point","coordinates":[23.192213,42.652185]},"properties":{"line":"803","mode":"bus","color":"#0059a9","colorDark":"#00294f","band":3,"off":[1.7,1.1]}},{"type":"Feature","geometry":{"type":"Point","coordinates":[23.220429,42.670994]},"properties":{"name":"КАНТОНА","band":3,"modes":"bus","arr":["803"],"off":[0,-0.8]}},{"type":"Feature","geometry":{"type":"Point","coordinates":[23.220429,42.670994]},"properties":{"line":"803","mode":"bus","color":"#0059a9","colorDark":"#00294f","band":3,"off":[0,1.1]}},{"type":"Feature","geometry":{"type":"Point","coordinates":[23.228602,42.67576]},"properties":{"name":"КВ. ГОРНА БАНЯ","band":3,"modes":"bus","arr":["260"],"off":[0,-0.8]}},{"type":"Feature","geometry":{"type":"Point","coordinates":[23.228602,42.67576]},"properties":{"line":"260","mode":"bus","color":"#0059a9","colorDark":"#00294f","band":3,"off":[0,1.1]}},{"type":"Feature","geometry":{"type":"Point","coordinates":[23.240458,42.679993]},"properties":{"name":"МЕТРОСТАНЦИЯ ГОРНА БАНЯ","band":3,"modes":"bus","arr":["802","803","804","806"],"off":[0,-0.8]}},{"type":"Feature","geometry":{"type":"Point","coordinates":[23.240458,42.679993]},"properties":{"name":"Метростанция Горна баня","band":3,"modes":"bus","arr":["802","803","804","806"],"off":[0,-3]}},{"type":"Feature","geometry":{"type":"Point","coordinates":[23.240458,42.679993]},"properties":{"line":"802","mode":"bus","color":"#0059a9","colorDark":"#00294f","band":3,"off":[-5.1,1.1]}},{"type":"Feature","geometry":{"type":"Point","coordinates":[23.240458,42.679993]},"properties":{"line":"803","mode":"bus","color":"#0059a9","colorDark":"#00294f","band":3,"off":[-1.7,1.1]}},{"type":"Feature","geometry":{"type":"Point","coordinates":[23.240458,42.679993]},"properties":{"line":"804","mode":"bus","color":"#0059a9","colorDark":"#00294f","band":3,"off":[1.7,1.1]}},{"type":"Feature","geometry":{"type":"Point","coordinates":[23.240458,42.679993]},"properties":{"line":"806","mode":"bus","color":"#0059a9","colorDark":"#00294f","band":3,"off":[5.1,1.1]}},{"type":"Feature","geometry":{"type":"Point","coordinates":[23.255623,42.669301]},"properties":{"name":"БУЛ. НИКОЛА ПЕТКОВ","band":3,"modes":"bus","arr":["111","260"],"off":[0,-0.8]}},{"type":"Feature","geometry":{"type":"Point","coordinates":[23.255623,42.669301]},"properties":{"line":"111","mode":"bus","color":"#0059a9","colorDark":"#00294f","band":3,"off":[-1.7,1.1]}},{"type":"Feature","geometry":{"type":"Point","coordinates":[23.255623,42.669301]},"properties":{"line":"260","mode":"bus","color":"#0059a9","colorDark":"#00294f","band":3,"off":[1.7,1.1]}},{"type":"Feature","geometry":{"type":"Point","coordinates":[23.272025,42.672772]},"properties":{"name":"АВТОСТАНЦИЯ ОВЧА КУПЕЛ","band":3,"modes":"bus","arr":["103"],"off":[0,-0.8]}},{"type":"Feature","geometry":{"type":"Point","coordinates":[23.272025,42.672772]},"properties":{"line":"103","mode":"bus","color":"#0059a9","colorDark":"#00294f","band":3,"off":[0,1.1]}},{"type":"Feature","geometry":{"type":"Point","coordinates":[23.24096,42.668145]},"properties":{"name":"КВ. КАРПУЗИЦА","band":3,"modes":"bus","arr":["107"],"off":[0,-0.8]}},{"type":"Feature","geometry":{"type":"Point","coordinates":[23.24096,42.668145]},"properties":{"line":"107","mode":"bus","color":"#0059a9","colorDark":"#00294f","band":3,"off":[0,1.1]}},{"type":"Feature","geometry":{"type":"Point","coordinates":[23.24706,42.729631]},"properties":{"name":"Ж.К. ЛЮЛИН-1,2","band":3,"modes":"bus","arr":["111","309","N1"],"off":[0,-0.8]}},{"type":"Feature","geometry":{"type":"Point","coordinates":[23.24706,42.729631]},"properties":{"line":"111","mode":"bus","color":"#0059a9","colorDark":"#00294f","band":3,"off":[-3.4,1.1]}},{"type":"Feature","geometry":{"type":"Point","coordinates":[23.24706,42.729631]},"properties":{"line":"309","mode":"bus","color":"#0059a9","colorDark":"#00294f","band":3,"off":[0,1.1]}},{"type":"Feature","geometry":{"type":"Point","coordinates":[23.24706,42.729631]},"properties":{"line":"N1","mode":"bus","color":"#0059a9","colorDark":"#00294f","band":3,"off":[3.4,1.1]}},{"type":"Feature","geometry":{"type":"Point","coordinates":[23.367862,42.651186]},"properties":{"name":"Ж.К. МЛАДОСТ-1","band":3,"modes":"bus","arr":["111","184","X10","ТБ73"],"off":[0,-0.8]}},{"type":"Feature","geometry":{"type":"Point","coordinates":[23.367862,42.651186]},"properties":{"line":"111","mode":"bus","color":"#0059a9","colorDark":"#00294f","band":3,"off":[-5.1,1.1]}},{"type":"Feature","geometry":{"type":"Point","coordinates":[23.367862,42.651186]},"properties":{"line":"184","mode":"bus","color":"#0059a9","colorDark":"#00294f","band":3,"off":[-1.7,1.1]}},{"type":"Feature","geometry":{"type":"Point","coordinates":[23.367862,42.651186]},"properties":{"line":"X10","mode":"bus","color":"#0059a9","colorDark":"#00294f","band":3,"off":[1.7,1.1]}},{"type":"Feature","geometry":{"type":"Point","coordinates":[23.367862,42.651186]},"properties":{"line":"ТБ73","mode":"bus","color":"#149a3f","colorDark":"#0a5121","band":3,"off":[5.1,1.1]}},{"type":"Feature","geometry":{"type":"Point","coordinates":[23.372881,42.629033]},"properties":{"name":"МЕТРОСТАНЦИЯ БИЗНЕС ПАРК","band":3,"modes":"bus","arr":["180","182"],"off":[0,-0.8]}},{"type":"Feature","geometry":{"type":"Point","coordinates":[23.372881,42.629033]},"properties":{"line":"180","mode":"bus","color":"#0059a9","colorDark":"#00294f","band":3,"off":[-1.7,1.1]}},{"type":"Feature","geometry":{"type":"Point","coordinates":[23.372881,42.629033]},"properties":{"line":"182","mode":"bus","color":"#0059a9","colorDark":"#00294f","band":3,"off":[1.7,1.1]}},{"type":"Feature","geometry":{"type":"Point","coordinates":[23.605664,42.744534]},"properties":{"name":"СЕЛО ЖЕЛЯВА","band":3,"modes":"bus","arr":["118"],"off":[0,-0.8]}},{"type":"Feature","geometry":{"type":"Point","coordinates":[23.605664,42.744534]},"properties":{"line":"118","mode":"bus","color":"#0059a9","colorDark":"#00294f","band":3,"off":[0,1.1]}},{"type":"Feature","geometry":{"type":"Point","coordinates":[23.515441,42.73671]},"properties":{"name":"СУПЕРМАРКЕТ","band":3,"modes":"bus","arr":["119"],"off":[0,-0.8]}},{"type":"Feature","geometry":{"type":"Point","coordinates":[23.515441,42.73671]},"properties":{"line":"119","mode":"bus","color":"#0059a9","colorDark":"#00294f","band":3,"off":[0,1.1]}},{"type":"Feature","geometry":{"type":"Point","coordinates":[23.518626,42.743294]},"properties":{"name":"МК КРЕМИКОВЦИ","band":3,"modes":"bus","arr":["119"],"off":[0,-0.8]}},{"type":"Feature","geometry":{"type":"Point","coordinates":[23.518626,42.743294]},"properties":{"line":"119","mode":"bus","color":"#0059a9","colorDark":"#00294f","band":3,"off":[0,1.1]}},{"type":"Feature","geometry":{"type":"Point","coordinates":[23.247872,42.753714]},"properties":{"name":"ПЛОДОХРАНИЛИЩЕ","band":3,"modes":"bus","arr":["150"],"off":[0,-0.8]}},{"type":"Feature","geometry":{"type":"Point","coordinates":[23.247872,42.753714]},"properties":{"line":"150","mode":"bus","color":"#0059a9","colorDark":"#00294f","band":3,"off":[0,1.1]}},{"type":"Feature","geometry":{"type":"Point","coordinates":[23.414466,42.576851]},"properties":{"name":"СЕЛО КОКАЛЯНЕ","band":3,"modes":"bus","arr":["181"],"off":[0,-0.8]}},{"type":"Feature","geometry":{"type":"Point","coordinates":[23.414466,42.576851]},"properties":{"line":"181","mode":"bus","color":"#0059a9","colorDark":"#00294f","band":3,"off":[0,1.1]}},{"type":"Feature","geometry":{"type":"Point","coordinates":[23.423997,42.582853]},"properties":{"name":"КОКАЛЯНСКО ХАНЧЕ - ПО ЖЕЛАНИЕ","band":3,"modes":"bus","arr":["181","184"],"off":[0,-0.8]}},{"type":"Feature","geometry":{"type":"Point","coordinates":[23.423997,42.582853]},"properties":{"line":"181","mode":"bus","color":"#0059a9","colorDark":"#00294f","band":3,"off":[-1.7,1.1]}},{"type":"Feature","geometry":{"type":"Point","coordinates":[23.423997,42.582853]},"properties":{"line":"184","mode":"bus","color":"#0059a9","colorDark":"#00294f","band":3,"off":[1.7,1.1]}},{"type":"Feature","geometry":{"type":"Point","coordinates":[23.409119,42.595594]},"properties":{"name":"83-ТО ОУ ПАНЧАРЕВО","band":3,"modes":"bus","arr":["181"],"off":[0,-0.8]}},{"type":"Feature","geometry":{"type":"Point","coordinates":[23.409119,42.595594]},"properties":{"line":"181","mode":"bus","color":"#0059a9","colorDark":"#00294f","band":3,"off":[0,1.1]}},{"type":"Feature","geometry":{"type":"Point","coordinates":[23.410497,42.609731]},"properties":{"name":"СЕЛО ГЕРМАН","band":3,"modes":"bus","arr":["188","ТБE186"],"off":[0,-0.8]}},{"type":"Feature","geometry":{"type":"Point","coordinates":[23.410497,42.609731]},"properties":{"name":"село Герман","band":3,"modes":"bus","arr":["188","ТБE186"],"off":[0,-1.9]}},{"type":"Feature","geometry":{"type":"Point","coordinates":[23.410497,42.609731]},"properties":{"line":"188","mode":"bus","color":"#0059a9","colorDark":"#00294f","band":3,"off":[-1.7,1.1]}},{"type":"Feature","geometry":{"type":"Point","coordinates":[23.410497,42.609731]},"properties":{"line":"ТБE186","mode":"bus","color":"#149a3f","colorDark":"#0a5121","band":3,"off":[1.7,1.1]}},{"type":"Feature","geometry":{"type":"Point","coordinates":[23.49796,42.541527]},"properties":{"name":"СЕЛО ДОЛНИ ПАСАРЕЛ","band":3,"modes":"bus","arr":["183"],"off":[0,-0.8]}},{"type":"Feature","geometry":{"type":"Point","coordinates":[23.49796,42.541527]},"properties":{"line":"183","mode":"bus","color":"#0059a9","colorDark":"#00294f","band":3,"off":[0,1.1]}},{"type":"Feature","geometry":{"type":"Point","coordinates":[23.499888,42.599594]},"properties":{"name":"СЕЛО ДОЛНИ ЛОЗЕН","band":3,"modes":"bus","arr":["185"],"off":[0,-0.8]}},{"type":"Feature","geometry":{"type":"Point","coordinates":[23.499888,42.599594]},"properties":{"line":"185","mode":"bus","color":"#0059a9","colorDark":"#00294f","band":3,"off":[0,1.1]}},{"type":"Feature","geometry":{"type":"Point","coordinates":[23.507655,42.595046]},"properties":{"name":"ШКОЛА БЧК","band":3,"modes":"bus","arr":["185"],"off":[0,-0.8]}},{"type":"Feature","geometry":{"type":"Point","coordinates":[23.507655,42.595046]},"properties":{"line":"185","mode":"bus","color":"#0059a9","colorDark":"#00294f","band":3,"off":[0,1.1]}},{"type":"Feature","geometry":{"type":"Point","coordinates":[23.521008,42.641439]},"properties":{"name":"ЖП ГАРА ВЕРИЛА","band":3,"modes":"bus","arr":["187"],"off":[0,-0.8]}},{"type":"Feature","geometry":{"type":"Point","coordinates":[23.521008,42.641439]},"properties":{"line":"187","mode":"bus","color":"#0059a9","colorDark":"#00294f","band":3,"off":[0,1.1]}},{"type":"Feature","geometry":{"type":"Point","coordinates":[23.381734,42.626512]},"properties":{"name":"БЛ. 480 Ж.К. МЛАДОСТ-4","band":3,"modes":"bus","arr":["213"],"off":[0,-0.8]}},{"type":"Feature","geometry":{"type":"Point","coordinates":[23.381734,42.626512]},"properties":{"line":"213","mode":"bus","color":"#0059a9","colorDark":"#00294f","band":3,"off":[0,1.1]}},{"type":"Feature","geometry":{"type":"Point","coordinates":[23.313376,42.689045]},"properties":{"name":"БУЛ. ПРАГА","band":3,"modes":"bus","arr":["260"],"off":[0,-0.8]}},{"type":"Feature","geometry":{"type":"Point","coordinates":[23.313376,42.689045]},"properties":{"line":"260","mode":"bus","color":"#0059a9","colorDark":"#00294f","band":3,"off":[0,1.1]}},{"type":"Feature","geometry":{"type":"Point","coordinates":[23.397778,42.639131]},"properties":{"name":"КУЛИНАРЕН К-Т ПЕЙФИЛ","band":3,"modes":"bus","arr":["305"],"off":[0,-0.8]}},{"type":"Feature","geometry":{"type":"Point","coordinates":[23.397778,42.639131]},"properties":{"line":"305","mode":"bus","color":"#0059a9","colorDark":"#00294f","band":3,"off":[0,1.1]}},{"type":"Feature","geometry":{"type":"Point","coordinates":[23.367477,42.645588]},"properties":{"name":"Ж.К. МЛАДОСТ-2","band":3,"modes":"bus","arr":["314"],"off":[0,-0.8]}},{"type":"Feature","geometry":{"type":"Point","coordinates":[23.367477,42.645588]},"properties":{"line":"314","mode":"bus","color":"#0059a9","colorDark":"#00294f","band":3,"off":[0,1.1]}},{"type":"Feature","geometry":{"type":"Point","coordinates":[23.416165,42.649318]},"properties":{"name":"АП ДРУЖБА","band":3,"modes":"bus","arr":["404"],"off":[0,-0.8]}},{"type":"Feature","geometry":{"type":"Point","coordinates":[23.416165,42.649318]},"properties":{"line":"404","mode":"bus","color":"#0059a9","colorDark":"#00294f","band":3,"off":[0,1.1]}},{"type":"Feature","geometry":{"type":"Point","coordinates":[23.379918,42.623684]},"properties":{"name":"ТЕХНОПОЛИС Ж.К. МЛАДОСТ-4","band":3,"modes":"bus","arr":["413"],"off":[0,-0.8]}},{"type":"Feature","geometry":{"type":"Point","coordinates":[23.379918,42.623684]},"properties":{"line":"413","mode":"bus","color":"#0059a9","colorDark":"#00294f","band":3,"off":[0,1.1]}},{"type":"Feature","geometry":{"type":"Point","coordinates":[23.305619,42.689547]},"properties":{"name":"УМБАЛСМ ПИРОГОВ","band":3,"modes":"bus","arr":["604"],"off":[0,-0.8]}},{"type":"Feature","geometry":{"type":"Point","coordinates":[23.305619,42.689547]},"properties":{"line":"604","mode":"bus","color":"#0059a9","colorDark":"#00294f","band":3,"off":[0,1.1]}},{"type":"Feature","geometry":{"type":"Point","coordinates":[23.334085,42.695642]},"properties":{"name":"ПЛ. СВ. АЛЕКСАНДЪР НЕВСКИ","band":3,"modes":"bus","arr":["X43"],"off":[0,-0.8]}},{"type":"Feature","geometry":{"type":"Point","coordinates":[23.334085,42.695642]},"properties":{"line":"X43","mode":"bus","color":"#0059a9","colorDark":"#00294f","band":3,"off":[0,1.1]}},{"type":"Feature","geometry":{"type":"Point","coordinates":[23.372894,42.640386]},"properties":{"name":"МЕТРОСТАНЦИЯ АКАД. А. Т.- БАЛАН","band":3,"modes":"bus","arr":["X9"],"off":[0,-0.8]}},{"type":"Feature","geometry":{"type":"Point","coordinates":[23.372894,42.640386]},"properties":{"line":"X9","mode":"bus","color":"#0059a9","colorDark":"#00294f","band":3,"off":[0,1.1]}},{"type":"Feature","geometry":{"type":"Point","coordinates":[23.314851,42.675676]},"properties":{"name":"ПК СПАРТАК","band":3,"modes":"bus","arr":["X9","ТБ6"],"off":[0,-0.8]}},{"type":"Feature","geometry":{"type":"Point","coordinates":[23.314851,42.675676]},"properties":{"name":"Ж.К. ЛОЗЕНЕЦ","band":3,"modes":"bus","arr":["X9","ТБ6"],"off":[0,-1.9]}},{"type":"Feature","geometry":{"type":"Point","coordinates":[23.314851,42.675676]},"properties":{"line":"X9","mode":"bus","color":"#0059a9","colorDark":"#00294f","band":3,"off":[-1.7,1.1]}},{"type":"Feature","geometry":{"type":"Point","coordinates":[23.314851,42.675676]},"properties":{"line":"ТБ6","mode":"bus","color":"#149a3f","colorDark":"#0a5121","band":3,"off":[1.7,1.1]}},{"type":"Feature","geometry":{"type":"Point","coordinates":[23.310732,42.701812]},"properties":{"name":"УЛ. ПИРОТСКА","band":3,"modes":"bus","arr":["ТБ60"],"off":[0,-0.8]}},{"type":"Feature","geometry":{"type":"Point","coordinates":[23.310732,42.701812]},"properties":{"line":"ТБ60","mode":"bus","color":"#149a3f","colorDark":"#0a5121","band":3,"off":[0,1.1]}},{"type":"Feature","geometry":{"type":"Point","coordinates":[23.312616,42.712229]},"properties":{"name":"ПЕТА ГРАДСКА БОЛНИЦА","band":3,"modes":"bus","arr":["ТБ1"],"off":[0,-0.8]}},{"type":"Feature","geometry":{"type":"Point","coordinates":[23.312616,42.712229]},"properties":{"line":"ТБ1","mode":"bus","color":"#149a3f","colorDark":"#0a5121","band":3,"off":[0,1.1]}},{"type":"Feature","geometry":{"type":"Point","coordinates":[23.349314,42.710251]},"properties":{"name":"Ж.К. ХАДЖИ ДИМИТЪР","band":3,"modes":"bus","arr":["ТБ2","ТБ4"],"off":[0,-0.8]}},{"type":"Feature","geometry":{"type":"Point","coordinates":[23.349314,42.710251]},"properties":{"name":"ж.к. Хаджи Димитър","band":3,"modes":"bus","arr":["ТБ2","ТБ4"],"off":[0,-1.9]}},{"type":"Feature","geometry":{"type":"Point","coordinates":[23.349314,42.710251]},"properties":{"line":"ТБ2","mode":"bus","color":"#149a3f","colorDark":"#0a5121","band":3,"off":[-1.7,1.1]}},{"type":"Feature","geometry":{"type":"Point","coordinates":[23.349314,42.710251]},"properties":{"line":"ТБ4","mode":"bus","color":"#149a3f","colorDark":"#0a5121","band":3,"off":[1.7,1.1]}},{"type":"Feature","geometry":{"type":"Point","coordinates":[23.374056,42.660171]},"properties":{"name":"УМБАЛ СВ. АННА-УХО","band":3,"modes":"bus","arr":["ТБ3","ТБ5"],"off":[0,-0.8]}},{"type":"Feature","geometry":{"type":"Point","coordinates":[23.374056,42.660171]},"properties":{"line":"ТБ3","mode":"bus","color":"#149a3f","colorDark":"#0a5121","band":3,"off":[-1.7,1.1]}},{"type":"Feature","geometry":{"type":"Point","coordinates":[23.374056,42.660171]},"properties":{"line":"ТБ5","mode":"bus","color":"#149a3f","colorDark":"#0a5121","band":3,"off":[1.7,1.1]}},{"type":"Feature","geometry":{"type":"Point","coordinates":[23.369529,42.670034]},"properties":{"name":"ПЛОЩАД НА АВИАЦИЯТА","band":3,"modes":"bus","arr":["ТБ3","ТБ5"],"off":[0,-0.8]}},{"type":"Feature","geometry":{"type":"Point","coordinates":[23.369529,42.670034]},"properties":{"line":"ТБ3","mode":"bus","color":"#149a3f","colorDark":"#0a5121","band":3,"off":[-1.7,1.1]}},{"type":"Feature","geometry":{"type":"Point","coordinates":[23.369529,42.670034]},"properties":{"line":"ТБ5","mode":"bus","color":"#149a3f","colorDark":"#0a5121","band":3,"off":[1.7,1.1]}},{"type":"Feature","geometry":{"type":"Point","coordinates":[23.382589,42.67381]},"properties":{"name":"БУЛ. ПРОФ.ЦВ. ЛАЗАРОВ","band":3,"modes":"bus","arr":["ТБ4"],"off":[0,-0.8]}},{"type":"Feature","geometry":{"type":"Point","coordinates":[23.382589,42.67381]},"properties":{"line":"ТБ4","mode":"bus","color":"#149a3f","colorDark":"#0a5121","band":3,"off":[0,1.1]}},{"type":"Feature","geometry":{"type":"Point","coordinates":[23.391954,42.66054]},"properties":{"name":"БУЛ. ХРИСТОФОР КОЛУМБ","band":3,"modes":"bus","arr":["ТБ4"],"off":[0,-0.8]}},{"type":"Feature","geometry":{"type":"Point","coordinates":[23.391954,42.66054]},"properties":{"line":"ТБ4","mode":"bus","color":"#149a3f","colorDark":"#0a5121","band":3,"off":[0,1.1]}},{"type":"Feature","geometry":{"type":"Point","coordinates":[23.308117,42.712924]},"properties":{"name":"УЛ. ВИШОВГРАД","band":3,"modes":"bus","arr":["ТБ5"],"off":[0,-0.8]}},{"type":"Feature","geometry":{"type":"Point","coordinates":[23.308117,42.712924]},"properties":{"line":"ТБ5","mode":"bus","color":"#149a3f","colorDark":"#0a5121","band":3,"off":[0,1.1]}},{"type":"Feature","geometry":{"type":"Point","coordinates":[23.308181,42.714079]},"properties":{"name":"Надлез Надежда","band":3,"modes":"bus","arr":["ТБ5"],"off":[0,-0.8]}},{"type":"Feature","geometry":{"type":"Point","coordinates":[23.308181,42.714079]},"properties":{"line":"ТБ5","mode":"bus","color":"#149a3f","colorDark":"#0a5121","band":3,"off":[0,1.1]}},{"type":"Feature","geometry":{"type":"Point","coordinates":[23.240493,42.721706]},"properties":{"name":"Ж.К. ЛЮЛИН-3 - УХО","band":3,"modes":"bus","arr":["ТБ6","ТБ7"],"off":[0,-0.8]}},{"type":"Feature","geometry":{"type":"Point","coordinates":[23.240493,42.721706]},"properties":{"line":"ТБ6","mode":"bus","color":"#149a3f","colorDark":"#0a5121","band":3,"off":[-1.7,1.1]}},{"type":"Feature","geometry":{"type":"Point","coordinates":[23.240493,42.721706]},"properties":{"line":"ТБ7","mode":"bus","color":"#149a3f","colorDark":"#0a5121","band":3,"off":[1.7,1.1]}},{"type":"Feature","geometry":{"type":"Point","coordinates":[23.299979,42.706757]},"properties":{"name":"БУЛ. К. ВЕЛИЧКОВ","band":3,"modes":"bus","arr":["ТБ6","ТБ7"],"off":[0,-0.8]}},{"type":"Feature","geometry":{"type":"Point","coordinates":[23.299979,42.706757]},"properties":{"line":"ТБ6","mode":"bus","color":"#149a3f","colorDark":"#0a5121","band":3,"off":[-1.7,1.1]}},{"type":"Feature","geometry":{"type":"Point","coordinates":[23.299979,42.706757]},"properties":{"line":"ТБ7","mode":"bus","color":"#149a3f","colorDark":"#0a5121","band":3,"off":[1.7,1.1]}},{"type":"Feature","geometry":{"type":"Point","coordinates":[23.3331,42.704321]},"properties":{"name":"ПЛ. СТОЧНА ГАРА","band":3,"modes":"bus","arr":["ТБ8","ТБ11"],"off":[0,-0.8]}},{"type":"Feature","geometry":{"type":"Point","coordinates":[23.3331,42.704321]},"properties":{"line":"ТБ8","mode":"bus","color":"#149a3f","colorDark":"#0a5121","band":3,"off":[-1.7,1.1]}},{"type":"Feature","geometry":{"type":"Point","coordinates":[23.3331,42.704321]},"properties":{"line":"ТБ11","mode":"bus","color":"#149a3f","colorDark":"#0a5121","band":3,"off":[1.7,1.1]}},{"type":"Feature","geometry":{"type":"Point","coordinates":[23.307342,42.706341]},"properties":{"name":"Ж.К. БАНИШОРА","band":3,"modes":"bus","arr":["ТБ6","ТБ7"],"off":[0,-0.8]}},{"type":"Feature","geometry":{"type":"Point","coordinates":[23.307342,42.706341]},"properties":{"line":"ТБ6","mode":"bus","color":"#149a3f","colorDark":"#0a5121","band":3,"off":[-1.7,1.1]}},{"type":"Feature","geometry":{"type":"Point","coordinates":[23.307342,42.706341]},"properties":{"line":"ТБ7","mode":"bus","color":"#149a3f","colorDark":"#0a5121","band":3,"off":[1.7,1.1]}},{"type":"Feature","geometry":{"type":"Point","coordinates":[23.279798,42.669229]},"properties":{"name":"Ж.К. БОРОВО","band":3,"modes":"bus","arr":["ТБ9"],"off":[0,-0.8]}},{"type":"Feature","geometry":{"type":"Point","coordinates":[23.279798,42.669229]},"properties":{"name":"ж.к. Борово","band":3,"modes":"bus","arr":["ТБ9"],"off":[0,-1.9]}},{"type":"Feature","geometry":{"type":"Point","coordinates":[23.279798,42.669229]},"properties":{"line":"ТБ9","mode":"bus","color":"#149a3f","colorDark":"#0a5121","band":3,"off":[0,1.1]}},{"type":"Feature","geometry":{"type":"Point","coordinates":[23.4113,42.654383]},"properties":{"name":"Ж.К. ДРУЖБА -1","band":3,"modes":"bus","arr":["ТБ11"],"off":[0,-0.8]}},{"type":"Feature","geometry":{"type":"Point","coordinates":[23.4113,42.654383]},"properties":{"name":"ДЕПО ИСКЪР","band":3,"modes":"bus","arr":["ТБ11"],"off":[0,-1.9]}},{"type":"Feature","geometry":{"type":"Point","coordinates":[23.4113,42.654383]},"properties":{"line":"ТБ11","mode":"bus","color":"#149a3f","colorDark":"#0a5121","band":3,"off":[0,1.1]}},{"type":"Feature","geometry":{"type":"Point","coordinates":[23.268338,42.677648]},"properties":{"name":"НЦ ПО РЕХАБИЛИТАЦИЯ","band":3,"modes":"bus","arr":["ТБ73"],"off":[0,-0.8]}},{"type":"Feature","geometry":{"type":"Point","coordinates":[23.268338,42.677648]},"properties":{"line":"ТБ73","mode":"bus","color":"#149a3f","colorDark":"#0a5121","band":3,"off":[0,1.1]}},{"type":"Feature","geometry":{"type":"Point","coordinates":[23.318423,42.711922]},"properties":{"name":"БУЛ. КН. МАРИЯ ЛУИЗА","band":3,"modes":"bus","arr":["ТБ60","ТБ74"],"off":[0,-0.8]}},{"type":"Feature","geometry":{"type":"Point","coordinates":[23.318423,42.711922]},"properties":{"line":"ТБ60","mode":"bus","color":"#149a3f","colorDark":"#0a5121","band":3,"off":[-1.7,1.1]}},{"type":"Feature","geometry":{"type":"Point","coordinates":[23.318423,42.711922]},"properties":{"line":"ТБ74","mode":"bus","color":"#149a3f","colorDark":"#0a5121","band":3,"off":[1.7,1.1]}},{"type":"Feature","geometry":{"type":"Point","coordinates":[23.376198,42.656627]},"properties":{"name":"БЛ. 41 Ж.К. МЛАДОСТ-1","band":3,"modes":"bus","arr":["ТБ73"],"off":[0,-0.8]}},{"type":"Feature","geometry":{"type":"Point","coordinates":[23.376198,42.656627]},"properties":{"line":"ТБ73","mode":"bus","color":"#149a3f","colorDark":"#0a5121","band":3,"off":[0,1.1]}},{"type":"Feature","geometry":{"type":"Point","coordinates":[23.376525,42.662713]},"properties":{"name":"УМБАЛ СВ. АННА","band":3,"modes":"bus","arr":["ТБ73"],"off":[0,-0.8]}},{"type":"Feature","geometry":{"type":"Point","coordinates":[23.376525,42.662713]},"properties":{"line":"ТБ73","mode":"bus","color":"#149a3f","colorDark":"#0a5121","band":3,"off":[0,1.1]}},{"type":"Feature","geometry":{"type":"Point","coordinates":[23.348959,42.617068]},"properties":{"name":"ЛИФТА СИМЕОНОВО","band":3,"modes":"bus","arr":["ТБ123"],"off":[0,-0.8]}},{"type":"Feature","geometry":{"type":"Point","coordinates":[23.348959,42.617068]},"properties":{"line":"ТБ123","mode":"bus","color":"#149a3f","colorDark":"#0a5121","band":3,"off":[0,1.1]}},{"type":"Feature","geometry":{"type":"Point","coordinates":[23.284186,42.678398]},"properties":{"name":"Ж.к. Красно село","band":3,"modes":"bus","arr":["ТБ801"],"off":[0,-0.8]}},{"type":"Feature","geometry":{"type":"Point","coordinates":[23.284186,42.678398]},"properties":{"line":"ТБ801","mode":"bus","color":"#149a3f","colorDark":"#0a5121","band":3,"off":[0,1.1]}},{"type":"Feature","geometry":{"type":"Point","coordinates":[23.304798,42.676712]},"properties":{"name":"Ж.К. ИВАН ВАЗОВ","band":3,"modes":"tram","arr":["ТМ1","ТМ6"],"off":[0,-0.8]}},{"type":"Feature","geometry":{"type":"Point","coordinates":[23.304798,42.676712]},"properties":{"line":"ТМ1","mode":"tram","color":"#d6212b","colorDark":"#7c1116","band":3,"off":[-1.7,1.1]}},{"type":"Feature","geometry":{"type":"Point","coordinates":[23.304798,42.676712]},"properties":{"line":"ТМ6","mode":"tram","color":"#d6212b","colorDark":"#7c1116","band":3,"off":[1.7,1.1]}},{"type":"Feature","geometry":{"type":"Point","coordinates":[23.314954,42.694277]},"properties":{"name":"ПЛ. МАКЕДОНИЯ","band":3,"modes":"tram","arr":["ТМ7","ТМ15","ТМ27"],"off":[0,-0.8]}},{"type":"Feature","geometry":{"type":"Point","coordinates":[23.314954,42.694277]},"properties":{"name":"Пл. Македония","band":3,"modes":"tram","arr":["ТМ7","ТМ15","ТМ27"],"off":[0,-1.9]}},{"type":"Feature","geometry":{"type":"Point","coordinates":[23.314954,42.694277]},"properties":{"line":"ТМ7","mode":"tram","color":"#d6212b","colorDark":"#7c1116","band":3,"off":[-3.4,1.1]}},{"type":"Feature","geometry":{"type":"Point","coordinates":[23.314954,42.694277]},"properties":{"line":"ТМ15","mode":"tram","color":"#d6212b","colorDark":"#7c1116","band":3,"off":[0,1.1]}},{"type":"Feature","geometry":{"type":"Point","coordinates":[23.314954,42.694277]},"properties":{"line":"ТМ27","mode":"tram","color":"#d6212b","colorDark":"#7c1116","band":3,"off":[3.4,1.1]}},{"type":"Feature","geometry":{"type":"Point","coordinates":[23.30058,42.699976]},"properties":{"name":"УЛ. ДИМИТЪР ПЕТКОВ","band":3,"modes":"tram","arr":["ТМ1","ТМ3","ТМ6","ТМ8","ТМ10","ТМ22А"],"off":[0,-0.8]}},{"type":"Feature","geometry":{"type":"Point","coordinates":[23.30058,42.699976]},"properties":{"line":"ТМ1","mode":"tram","color":"#d6212b","colorDark":"#7c1116","band":3,"off":[-6.8,1.1]}},{"type":"Feature","geometry":{"type":"Point","coordinates":[23.30058,42.699976]},"properties":{"line":"ТМ3","mode":"tram","color":"#d6212b","colorDark":"#7c1116","band":3,"off":[-3.4,1.1]}},{"type":"Feature","geometry":{"type":"Point","coordinates":[23.30058,42.699976]},"properties":{"line":"ТМ6","mode":"tram","color":"#d6212b","colorDark":"#7c1116","band":3,"off":[0,1.1]}},{"type":"Feature","geometry":{"type":"Point","coordinates":[23.30058,42.699976]},"properties":{"line":"ТМ8","mode":"tram","color":"#d6212b","colorDark":"#7c1116","band":3,"off":[3.4,1.1]}},{"type":"Feature","geometry":{"type":"Point","coordinates":[23.30058,42.699976]},"properties":{"line":"ТМ10","mode":"tram","color":"#d6212b","colorDark":"#7c1116","band":3,"off":[6.8,1.1]}},{"type":"Feature","geometry":{"type":"Point","coordinates":[23.30058,42.699976]},"properties":{"line":"ТМ22А","mode":"tram","color":"#d6212b","colorDark":"#7c1116","band":3,"off":[0,3.1]}},{"type":"Feature","geometry":{"type":"Point","coordinates":[23.296842,42.700524]},"properties":{"name":"БУЛ. К. ВЕЛИЧКОВ","band":3,"modes":"tram","arr":["ТМ8","ТМ10"],"off":[0,-0.8]}},{"type":"Feature","geometry":{"type":"Point","coordinates":[23.296842,42.700524]},"properties":{"line":"ТМ8","mode":"tram","color":"#d6212b","colorDark":"#7c1116","band":3,"off":[-1.7,1.1]}},{"type":"Feature","geometry":{"type":"Point","coordinates":[23.296842,42.700524]},"properties":{"line":"ТМ10","mode":"tram","color":"#d6212b","colorDark":"#7c1116","band":3,"off":[1.7,1.1]}},{"type":"Feature","geometry":{"type":"Point","coordinates":[23.338805,42.717633]},"properties":{"name":"Кв. Орландовци","band":3,"modes":"tram","arr":["ТМ3","ТМ4","ТМ18"],"off":[0,-0.8]}},{"type":"Feature","geometry":{"type":"Point","coordinates":[23.338805,42.717633]},"properties":{"line":"ТМ3","mode":"tram","color":"#d6212b","colorDark":"#7c1116","band":3,"off":[-3.4,1.1]}},{"type":"Feature","geometry":{"type":"Point","coordinates":[23.338805,42.717633]},"properties":{"line":"ТМ4","mode":"tram","color":"#d6212b","colorDark":"#7c1116","band":3,"off":[0,1.1]}},{"type":"Feature","geometry":{"type":"Point","coordinates":[23.338805,42.717633]},"properties":{"line":"ТМ18","mode":"tram","color":"#d6212b","colorDark":"#7c1116","band":3,"off":[3.4,1.1]}},{"type":"Feature","geometry":{"type":"Point","coordinates":[23.316144,42.700486]},"properties":{"name":"УЛ. ПИРОТСКА","band":3,"modes":"tram","arr":["ТМ4"],"off":[0,-0.8]}},{"type":"Feature","geometry":{"type":"Point","coordinates":[23.316144,42.700486]},"properties":{"line":"ТМ4","mode":"tram","color":"#d6212b","colorDark":"#7c1116","band":3,"off":[0,1.1]}},{"type":"Feature","geometry":{"type":"Point","coordinates":[23.289066,42.711495]},"properties":{"name":"ГАРА ЗАХАРНА ФАБРИКА","band":3,"modes":"tram","arr":["ТМ3","ТМ10","ТМ13"],"off":[0,-0.8]}},{"type":"Feature","geometry":{"type":"Point","coordinates":[23.289066,42.711495]},"properties":{"name":"Гара Захарна фабрика","band":3,"modes":"tram","arr":["ТМ3","ТМ10","ТМ13"],"off":[0,-3]}},{"type":"Feature","geometry":{"type":"Point","coordinates":[23.289066,42.711495]},"properties":{"line":"ТМ3","mode":"tram","color":"#d6212b","colorDark":"#7c1116","band":3,"off":[-3.4,1.1]}},{"type":"Feature","geometry":{"type":"Point","coordinates":[23.289066,42.711495]},"properties":{"line":"ТМ10","mode":"tram","color":"#d6212b","colorDark":"#7c1116","band":3,"off":[0,1.1]}},{"type":"Feature","geometry":{"type":"Point","coordinates":[23.289066,42.711495]},"properties":{"line":"ТМ13","mode":"tram","color":"#d6212b","colorDark":"#7c1116","band":3,"off":[3.4,1.1]}},{"type":"Feature","geometry":{"type":"Point","coordinates":[23.298236,42.705179]},"properties":{"name":"УЛ. ЦАР СИМЕОН","band":3,"modes":"tram","arr":["ТМ10","ТМ13"],"off":[0,-0.8]}},{"type":"Feature","geometry":{"type":"Point","coordinates":[23.298236,42.705179]},"properties":{"line":"ТМ10","mode":"tram","color":"#d6212b","colorDark":"#7c1116","band":3,"off":[-1.7,1.1]}},{"type":"Feature","geometry":{"type":"Point","coordinates":[23.298236,42.705179]},"properties":{"line":"ТМ13","mode":"tram","color":"#d6212b","colorDark":"#7c1116","band":3,"off":[1.7,1.1]}},{"type":"Feature","geometry":{"type":"Point","coordinates":[23.278736,42.675184]},"properties":{"name":"Ж.к. Бъкстон","band":3,"modes":"tram","arr":["ТМ15"],"off":[0,-0.8]}},{"type":"Feature","geometry":{"type":"Point","coordinates":[23.278736,42.675184]},"properties":{"line":"ТМ15","mode":"tram","color":"#d6212b","colorDark":"#7c1116","band":3,"off":[0,1.1]}},{"type":"Feature","geometry":{"type":"Point","coordinates":[23.260111,42.665146]},"properties":{"name":"Бул. Никола Петков","band":3,"modes":"tram","arr":["ТМ4"],"off":[0,-0.8]}},{"type":"Feature","geometry":{"type":"Point","coordinates":[23.260111,42.665146]},"properties":{"line":"ТМ4","mode":"tram","color":"#d6212b","colorDark":"#7c1116","band":3,"off":[0,1.1]}},{"type":"Feature","geometry":{"type":"Point","coordinates":[23.272525,42.671609]},"properties":{"name":"Кв. Овча купел","band":3,"modes":"tram","arr":["ТМ4","ТМ5"],"off":[0,-0.8]}},{"type":"Feature","geometry":{"type":"Point","coordinates":[23.272525,42.671609]},"properties":{"line":"ТМ4","mode":"tram","color":"#d6212b","colorDark":"#7c1116","band":3,"off":[-1.7,1.1]}},{"type":"Feature","geometry":{"type":"Point","coordinates":[23.272525,42.671609]},"properties":{"line":"ТМ5","mode":"tram","color":"#d6212b","colorDark":"#7c1116","band":3,"off":[1.7,1.1]}},{"type":"Feature","geometry":{"type":"Point","coordinates":[23.318355,42.695225]},"properties":{"name":"СЪДЕБНА ПАЛАТА","band":3,"modes":"tram","arr":["ТМ5","ТМ8"],"off":[0,-0.8]}},{"type":"Feature","geometry":{"type":"Point","coordinates":[23.318355,42.695225]},"properties":{"line":"ТМ5","mode":"tram","color":"#d6212b","colorDark":"#7c1116","band":3,"off":[-1.7,1.1]}},{"type":"Feature","geometry":{"type":"Point","coordinates":[23.318355,42.695225]},"properties":{"line":"ТМ8","mode":"tram","color":"#d6212b","colorDark":"#7c1116","band":3,"off":[1.7,1.1]}},{"type":"Feature","geometry":{"type":"Point","coordinates":[23.276565,42.748426]},"properties":{"name":"Ж.К. ОБЕЛЯ-2","band":3,"modes":"tram","arr":["ТМ6"],"off":[0,-0.8]}},{"type":"Feature","geometry":{"type":"Point","coordinates":[23.276565,42.748426]},"properties":{"line":"ТМ6","mode":"tram","color":"#d6212b","colorDark":"#7c1116","band":3,"off":[0,1.1]}},{"type":"Feature","geometry":{"type":"Point","coordinates":[23.309966,42.719498]},"properties":{"name":"ТРИЪГЪЛНИКА","band":3,"modes":"tram","arr":["ТМ6","ТМ11"],"off":[0,-0.8]}},{"type":"Feature","geometry":{"type":"Point","coordinates":[23.309966,42.719498]},"properties":{"line":"ТМ6","mode":"tram","color":"#d6212b","colorDark":"#7c1116","band":3,"off":[-1.7,1.1]}},{"type":"Feature","geometry":{"type":"Point","coordinates":[23.309966,42.719498]},"properties":{"line":"ТМ11","mode":"tram","color":"#d6212b","colorDark":"#7c1116","band":3,"off":[1.7,1.1]}},{"type":"Feature","geometry":{"type":"Point","coordinates":[23.314432,42.713673]},"properties":{"name":"ПЕТА ГРАДСКА БОЛНИЦА","band":3,"modes":"tram","arr":["ТМ6"],"off":[0,-0.8]}},{"type":"Feature","geometry":{"type":"Point","coordinates":[23.314432,42.713673]},"properties":{"line":"ТМ6","mode":"tram","color":"#d6212b","colorDark":"#7c1116","band":3,"off":[0,1.1]}},{"type":"Feature","geometry":{"type":"Point","coordinates":[23.30078,42.711551]},"properties":{"name":"УЛ. ЙОСИФ ЩРОСМАЙЕР","band":3,"modes":"tram","arr":["ТМ6","ТМ11"],"off":[0,-0.8]}},{"type":"Feature","geometry":{"type":"Point","coordinates":[23.30078,42.711551]},"properties":{"line":"ТМ6","mode":"tram","color":"#d6212b","colorDark":"#7c1116","band":3,"off":[-1.7,1.1]}},{"type":"Feature","geometry":{"type":"Point","coordinates":[23.30078,42.711551]},"properties":{"line":"ТМ11","mode":"tram","color":"#d6212b","colorDark":"#7c1116","band":3,"off":[1.7,1.1]}},{"type":"Feature","geometry":{"type":"Point","coordinates":[23.320966,42.697066]},"properties":{"name":"ПЛ. СВ. НЕДЕЛЯ","band":3,"modes":"tram","arr":["ТМ12","ТМ18"],"off":[0,-0.8]}},{"type":"Feature","geometry":{"type":"Point","coordinates":[23.320966,42.697066]},"properties":{"line":"ТМ12","mode":"tram","color":"#d6212b","colorDark":"#7c1116","band":3,"off":[-1.7,1.1]}},{"type":"Feature","geometry":{"type":"Point","coordinates":[23.320966,42.697066]},"properties":{"line":"ТМ18","mode":"tram","color":"#d6212b","colorDark":"#7c1116","band":3,"off":[1.7,1.1]}},{"type":"Feature","geometry":{"type":"Point","coordinates":[23.284041,42.661995]},"properties":{"name":"КВ. МАНАСТИРСКИ ЛИВАДИ - ЗАПАД","band":3,"modes":"tram","arr":["ТМ7","ТМ27"],"off":[0,-0.8]}},{"type":"Feature","geometry":{"type":"Point","coordinates":[23.284041,42.661995]},"properties":{"line":"ТМ7","mode":"tram","color":"#d6212b","colorDark":"#7c1116","band":3,"off":[-1.7,1.1]}},{"type":"Feature","geometry":{"type":"Point","coordinates":[23.284041,42.661995]},"properties":{"line":"ТМ27","mode":"tram","color":"#d6212b","colorDark":"#7c1116","band":3,"off":[1.7,1.1]}},{"type":"Feature","geometry":{"type":"Point","coordinates":[23.238335,42.713182]},"properties":{"name":"Ж.К. ЛЮЛИН-5","band":3,"modes":"tram","arr":["ТМ8"],"off":[0,-0.8]}},{"type":"Feature","geometry":{"type":"Point","coordinates":[23.238335,42.713182]},"properties":{"name":"ж.к. Люлин-5","band":3,"modes":"tram","arr":["ТМ8"],"off":[0,-1.9]}},{"type":"Feature","geometry":{"type":"Point","coordinates":[23.238335,42.713182]},"properties":{"line":"ТМ8","mode":"tram","color":"#d6212b","colorDark":"#7c1116","band":3,"off":[0,1.1]}},{"type":"Feature","geometry":{"type":"Point","coordinates":[23.317077,42.660587]},"properties":{"name":"МЕТРОСТАНЦИЯ ВИТОША","band":3,"modes":"tram","arr":["ТМ10","ТМ13","ТМ15"],"off":[0,-0.8]}},{"type":"Feature","geometry":{"type":"Point","coordinates":[23.317077,42.660587]},"properties":{"line":"ТМ10","mode":"tram","color":"#d6212b","colorDark":"#7c1116","band":3,"off":[-3.4,1.1]}},{"type":"Feature","geometry":{"type":"Point","coordinates":[23.317077,42.660587]},"properties":{"line":"ТМ13","mode":"tram","color":"#d6212b","colorDark":"#7c1116","band":3,"off":[0,1.1]}},{"type":"Feature","geometry":{"type":"Point","coordinates":[23.317077,42.660587]},"properties":{"line":"ТМ15","mode":"tram","color":"#d6212b","colorDark":"#7c1116","band":3,"off":[3.4,1.1]}},{"type":"Feature","geometry":{"type":"Point","coordinates":[23.331763,42.6815]},"properties":{"name":"ПЛ. ЖУРНАЛИСТ","band":3,"modes":"tram","arr":["ТМ12","ТМ18"],"off":[0,-0.8]}},{"type":"Feature","geometry":{"type":"Point","coordinates":[23.331763,42.6815]},"properties":{"line":"ТМ12","mode":"tram","color":"#d6212b","colorDark":"#7c1116","band":3,"off":[-1.7,1.1]}},{"type":"Feature","geometry":{"type":"Point","coordinates":[23.331763,42.6815]},"properties":{"line":"ТМ18","mode":"tram","color":"#d6212b","colorDark":"#7c1116","band":3,"off":[1.7,1.1]}},{"type":"Feature","geometry":{"type":"Point","coordinates":[23.322439,42.694337]},"properties":{"name":"ПЛ. ГАРИБАЛДИ","band":3,"modes":"tram","arr":["ТМ12","ТМ18"],"off":[0,-0.8]}},{"type":"Feature","geometry":{"type":"Point","coordinates":[23.322439,42.694337]},"properties":{"line":"ТМ12","mode":"tram","color":"#d6212b","colorDark":"#7c1116","band":3,"off":[-1.7,1.1]}},{"type":"Feature","geometry":{"type":"Point","coordinates":[23.322439,42.694337]},"properties":{"line":"ТМ18","mode":"tram","color":"#d6212b","colorDark":"#7c1116","band":3,"off":[1.7,1.1]}},{"type":"Feature","geometry":{"type":"Point","coordinates":[23.282191,42.693358]},"properties":{"name":"УЛ. ДОБРОТИЧ","band":3,"modes":"tram","arr":["ТМ22А"],"off":[0,-0.8]}},{"type":"Feature","geometry":{"type":"Point","coordinates":[23.282191,42.693358]},"properties":{"line":"ТМ22А","mode":"tram","color":"#d6212b","colorDark":"#7c1116","band":3,"off":[0,1.1]}},{"type":"Feature","geometry":{"type":"Point","coordinates":[23.296245,42.696681]},"properties":{"name":"ПАРК СВ.СВ.ПЕТЪР И ПАВЕЛ","band":3,"modes":"tram","arr":["ТМ22А"],"off":[0,-0.8]}},{"type":"Feature","geometry":{"type":"Point","coordinates":[23.296245,42.696681]},"properties":{"line":"ТМ22А","mode":"tram","color":"#d6212b","colorDark":"#7c1116","band":3,"off":[0,1.1]}},{"type":"Feature","geometry":{"type":"Point","coordinates":[23.321324,42.753772]},"properties":{"name":"КВ. ИЛИЯНЦИ","band":3,"modes":"tram","arr":["ТМ11"],"off":[0,-0.8]}},{"type":"Feature","geometry":{"type":"Point","coordinates":[23.321324,42.753772]},"properties":{"line":"ТМ11","mode":"tram","color":"#d6212b","colorDark":"#7c1116","band":3,"off":[0,1.1]}},{"type":"Feature","geometry":{"type":"Point","coordinates":[23.2788,42.69105]},"properties":{"name":"Ж.К. КРАСНА ПОЛЯНА","band":3,"modes":"tram","arr":["ТМ22"],"off":[0,-0.8]}},{"type":"Feature","geometry":{"type":"Point","coordinates":[23.2788,42.69105]},"properties":{"line":"ТМ22","mode":"tram","color":"#d6212b","colorDark":"#7c1116","band":3,"off":[0,1.1]}},{"type":"Feature","geometry":{"type":"Point","coordinates":[23.322041,42.709479]},"properties":{"name":"ЦЕНТРАЛНА АВТОГАРА","band":3,"modes":"tram","arr":["ТМ12"],"off":[0,-0.8]}},{"type":"Feature","geometry":{"type":"Point","coordinates":[23.322041,42.709479]},"properties":{"line":"ТМ12","mode":"tram","color":"#d6212b","colorDark":"#7c1116","band":3,"off":[0,1.1]}},{"type":"Feature","geometry":{"type":"Point","coordinates":[23.312609,42.699661]},"properties":{"name":"МЕТРОСТАНЦИЯ ОПЪЛЧЕНСКА","band":3,"modes":"tram","arr":["ТМ20","ТМ21"],"off":[0,-0.8]}},{"type":"Feature","geometry":{"type":"Point","coordinates":[23.312609,42.699661]},"properties":{"line":"ТМ20","mode":"tram","color":"#d6212b","colorDark":"#7c1116","band":3,"off":[-1.7,1.1]}},{"type":"Feature","geometry":{"type":"Point","coordinates":[23.312609,42.699661]},"properties":{"line":"ТМ21","mode":"tram","color":"#d6212b","colorDark":"#7c1116","band":3,"off":[1.7,1.1]}},{"type":"Feature","geometry":{"type":"Point","coordinates":[23.411229,42.663788]},"properties":{"name":"28-ми пощенски клон","band":3,"modes":"tram","arr":["ТМ23"],"off":[0,-0.8]}},{"type":"Feature","geometry":{"type":"Point","coordinates":[23.411229,42.663788]},"properties":{"line":"ТМ23","mode":"tram","color":"#d6212b","colorDark":"#7c1116","band":3,"off":[0,1.1]}},{"type":"Feature","geometry":{"type":"Point","coordinates":[23.414408,42.656086]},"properties":{"name":"ДЕПО ИСКЪР","band":3,"modes":"tram","arr":["ТМ20","ТМ21","ТМ22"],"off":[0,-0.8]}},{"type":"Feature","geometry":{"type":"Point","coordinates":[23.414408,42.656086]},"properties":{"line":"ТМ20","mode":"tram","color":"#d6212b","colorDark":"#7c1116","band":3,"off":[-3.4,1.1]}},{"type":"Feature","geometry":{"type":"Point","coordinates":[23.414408,42.656086]},"properties":{"line":"ТМ21","mode":"tram","color":"#d6212b","colorDark":"#7c1116","band":3,"off":[0,1.1]}},{"type":"Feature","geometry":{"type":"Point","coordinates":[23.414408,42.656086]},"properties":{"line":"ТМ22","mode":"tram","color":"#d6212b","colorDark":"#7c1116","band":3,"off":[3.4,1.1]}},{"type":"Feature","geometry":{"type":"Point","coordinates":[23.387667,42.703246]},"properties":{"name":"АВТОСТАНЦИЯ ИЗТОК","band":3,"modes":"tram","arr":["ТМ22"],"off":[0,-0.8]}},{"type":"Feature","geometry":{"type":"Point","coordinates":[23.387667,42.703246]},"properties":{"line":"ТМ22","mode":"tram","color":"#d6212b","colorDark":"#7c1116","band":3,"off":[0,1.1]}},{"type":"Feature","geometry":{"type":"Point","coordinates":[23.386046,42.702995]},"properties":{"name":"Автостанция Изток","band":3,"modes":"tram","arr":["ТМ22"],"off":[0,-0.8]}},{"type":"Feature","geometry":{"type":"Point","coordinates":[23.386046,42.702995]},"properties":{"line":"ТМ22","mode":"tram","color":"#d6212b","colorDark":"#7c1116","band":3,"off":[0,1.1]}},{"type":"Feature","geometry":{"type":"Point","coordinates":[23.404155,42.648475]},"properties":{"name":"УЛ. ОБИКОЛНА","band":3,"modes":"tram","arr":["ТМ23"],"off":[0,-0.8]}},{"type":"Feature","geometry":{"type":"Point","coordinates":[23.404155,42.648475]},"properties":{"line":"ТМ23","mode":"tram","color":"#d6212b","colorDark":"#7c1116","band":3,"off":[0,1.1]}},{"type":"Feature","geometry":{"type":"Point","coordinates":[23.371947,42.653931]},"properties":{"name":"МЛАДОСТ 1","band":3,"modes":"metro","arr":["M1"],"off":[0,-0.8]}},{"type":"Feature","geometry":{"type":"Point","coordinates":[23.371947,42.653931]},"properties":{"line":"M1","mode":"tram","color":"#EB2227","colorDark":"#811315","band":3,"metro":1,"off":[0,1.1]}},{"type":"Feature","geometry":{"type":"Point","coordinates":[23.373125,42.629868]},"properties":{"name":"БИЗНЕС ПАРК СОФИЯ","band":3,"modes":"metro","arr":["M1"],"off":[0,-0.8]}},{"type":"Feature","geometry":{"type":"Point","coordinates":[23.373125,42.629868]},"properties":{"line":"M1","mode":"tram","color":"#EB2227","colorDark":"#811315","band":3,"metro":1,"off":[0,1.1]}},{"type":"Feature","geometry":{"type":"Point","coordinates":[23.276554,42.741067]},"properties":{"name":"ОБЕЛЯ","band":3,"modes":"metro","arr":["M2"],"off":[0,-0.8]}},{"type":"Feature","geometry":{"type":"Point","coordinates":[23.276554,42.741067]},"properties":{"line":"M2","mode":"tram","color":"#1C75BC","colorDark":"#0f4067","band":3,"metro":1,"off":[0,1.1]}},{"type":"Feature","geometry":{"type":"Point","coordinates":[23.316585,42.659291]},"properties":{"name":"ВИТОША","band":3,"modes":"metro","arr":["M2"],"off":[0,-0.8]}},{"type":"Feature","geometry":{"type":"Point","coordinates":[23.316585,42.659291]},"properties":{"line":"M2","mode":"tram","color":"#1C75BC","colorDark":"#0f4067","band":3,"metro":1,"off":[0,1.1]}},{"type":"Feature","geometry":{"type":"Point","coordinates":[23.352623,42.702732]},"properties":{"name":"ХАДЖИ ДИМИТЪР","band":3,"modes":"metro","arr":["M3"],"off":[0,-0.8]}},{"type":"Feature","geometry":{"type":"Point","coordinates":[23.352623,42.702732]},"properties":{"line":"M3","mode":"tram","color":"#39B54A","colorDark":"#1f6429","band":3,"metro":1,"off":[0,1.1]}},{"type":"Feature","geometry":{"type":"Point","coordinates":[23.269781,42.683533]},"properties":{"name":"ОВЧА КУПЕЛ","band":3,"modes":"metro","arr":["M3"],"off":[0,-0.8]}},{"type":"Feature","geometry":{"type":"Point","coordinates":[23.269781,42.683533]},"properties":{"line":"M3","mode":"tram","color":"#39B54A","colorDark":"#1f6429","band":3,"metro":1,"off":[0,1.1]}},{"type":"Feature","geometry":{"type":"Point","coordinates":[23.241565,42.682906]},"properties":{"name":"ГОРНА БАНЯ","band":3,"modes":"metro","arr":["M3"],"off":[0,-0.8]}},{"type":"Feature","geometry":{"type":"Point","coordinates":[23.241565,42.682906]},"properties":{"line":"M3","mode":"tram","color":"#39B54A","colorDark":"#1f6429","band":3,"metro":1,"off":[0,1.1]}},{"type":"Feature","geometry":{"type":"Point","coordinates":[23.41614,42.68806]},"properties":{"name":"ЛЕТИЩЕ СОФИЯ","band":3,"modes":"metro","arr":["M4"],"off":[0,-0.8]}},{"type":"Feature","geometry":{"type":"Point","coordinates":[23.41614,42.68806]},"properties":{"line":"M4","mode":"tram","color":"#FFDE17","colorDark":"#8c7a0d","band":3,"metro":1,"off":[0,1.1]}},{"type":"Feature","geometry":{"type":"Point","coordinates":[23.354512,42.703489]},"properties":{"name":"МЕТРОСТАНЦИЯ ХАДЖИ ДИМИТЪР","band":4,"modes":"bus","arr":["1Tb"],"off":[0,-0.8]}},{"type":"Feature","geometry":{"type":"Point","coordinates":[23.354512,42.703489]},"properties":{"line":"1Tb","mode":"bus","color":"#0059a9","colorDark":"#00294f","band":4,"off":[0,1.1]}},{"type":"Feature","geometry":{"type":"Point","coordinates":[23.388024,42.712099]},"properties":{"name":"Ж.К. ЛЕВСКИ Г","band":4,"modes":"bus","arr":["1Tb","ТБ3"],"off":[0,-0.8]}},{"type":"Feature","geometry":{"type":"Point","coordinates":[23.388024,42.712099]},"properties":{"line":"1Tb","mode":"bus","color":"#0059a9","colorDark":"#00294f","band":4,"off":[-1.7,1.1]}},{"type":"Feature","geometry":{"type":"Point","coordinates":[23.388024,42.712099]},"properties":{"line":"ТБ3","mode":"bus","color":"#149a3f","colorDark":"#0a5121","band":4,"off":[1.7,1.1]}},{"type":"Feature","geometry":{"type":"Point","coordinates":[23.332014,42.690647]},"properties":{"name":"УЛ. ГЕН. ГУРКО","band":4,"modes":"bus","arr":["9","84","183","ТБ2","ТБ8"],"off":[0,-0.8]}},{"type":"Feature","geometry":{"type":"Point","coordinates":[23.332014,42.690647]},"properties":{"line":"9","mode":"bus","color":"#0059a9","colorDark":"#00294f","band":4,"off":[-6.8,1.1]}},{"type":"Feature","geometry":{"type":"Point","coordinates":[23.332014,42.690647]},"properties":{"line":"84","mode":"bus","color":"#0059a9","colorDark":"#00294f","band":4,"off":[-3.4,1.1]}},{"type":"Feature","geometry":{"type":"Point","coordinates":[23.332014,42.690647]},"properties":{"line":"183","mode":"bus","color":"#0059a9","colorDark":"#00294f","band":4,"off":[0,1.1]}},{"type":"Feature","geometry":{"type":"Point","coordinates":[23.332014,42.690647]},"properties":{"line":"ТБ2","mode":"bus","color":"#149a3f","colorDark":"#0a5121","band":4,"off":[3.4,1.1]}},{"type":"Feature","geometry":{"type":"Point","coordinates":[23.332014,42.690647]},"properties":{"line":"ТБ8","mode":"bus","color":"#149a3f","colorDark":"#0a5121","band":4,"off":[6.8,1.1]}},{"type":"Feature","geometry":{"type":"Point","coordinates":[23.335423,42.694336]},"properties":{"name":"СУ СВ.КЛИМЕНТ ОХРИДСКИ","band":4,"modes":"bus","arr":["280","ТБ2","ТБ8"],"off":[0,-0.8]}},{"type":"Feature","geometry":{"type":"Point","coordinates":[23.335423,42.694336]},"properties":{"line":"280","mode":"bus","color":"#0059a9","colorDark":"#00294f","band":4,"off":[-3.4,1.1]}},{"type":"Feature","geometry":{"type":"Point","coordinates":[23.335423,42.694336]},"properties":{"line":"ТБ2","mode":"bus","color":"#149a3f","colorDark":"#0a5121","band":4,"off":[0,1.1]}},{"type":"Feature","geometry":{"type":"Point","coordinates":[23.335423,42.694336]},"properties":{"line":"ТБ8","mode":"bus","color":"#149a3f","colorDark":"#0a5121","band":4,"off":[3.4,1.1]}},{"type":"Feature","geometry":{"type":"Point","coordinates":[23.38962,42.67787]},"properties":{"name":"АВТОБАЗА ИСКЪР","band":4,"modes":"bus","arr":["9"],"off":[0,-0.8]}},{"type":"Feature","geometry":{"type":"Point","coordinates":[23.38962,42.67787]},"properties":{"line":"9","mode":"bus","color":"#0059a9","colorDark":"#00294f","band":4,"off":[0,1.1]}},{"type":"Feature","geometry":{"type":"Point","coordinates":[23.33644,42.690265]},"properties":{"name":"ПЛ. ОРЛОВ МОСТ","band":4,"modes":"bus","arr":["75"],"off":[0,-0.8]}},{"type":"Feature","geometry":{"type":"Point","coordinates":[23.33644,42.690265]},"properties":{"line":"75","mode":"bus","color":"#0059a9","colorDark":"#00294f","band":4,"off":[0,1.1]}},{"type":"Feature","geometry":{"type":"Point","coordinates":[23.427892,42.656731]},"properties":{"name":"КВ. Д. МИЛЕНКОВ","band":4,"modes":"bus","arr":["10"],"off":[0,-0.8]}},{"type":"Feature","geometry":{"type":"Point","coordinates":[23.427892,42.656731]},"properties":{"line":"10","mode":"bus","color":"#0059a9","colorDark":"#00294f","band":4,"off":[0,1.1]}},{"type":"Feature","geometry":{"type":"Point","coordinates":[23.415742,42.663107]},"properties":{"name":"ГАРА ИСКЪР","band":4,"modes":"bus","arr":["10","14","187","188","604"],"off":[0,-0.8]}},{"type":"Feature","geometry":{"type":"Point","coordinates":[23.415742,42.663107]},"properties":{"line":"10","mode":"bus","color":"#0059a9","colorDark":"#00294f","band":4,"off":[-6.8,1.1]}},{"type":"Feature","geometry":{"type":"Point","coordinates":[23.415742,42.663107]},"properties":{"line":"14","mode":"bus","color":"#0059a9","colorDark":"#00294f","band":4,"off":[-3.4,1.1]}},{"type":"Feature","geometry":{"type":"Point","coordinates":[23.415742,42.663107]},"properties":{"line":"187","mode":"bus","color":"#0059a9","colorDark":"#00294f","band":4,"off":[0,1.1]}},{"type":"Feature","geometry":{"type":"Point","coordinates":[23.415742,42.663107]},"properties":{"line":"188","mode":"bus","color":"#0059a9","colorDark":"#00294f","band":4,"off":[3.4,1.1]}},{"type":"Feature","geometry":{"type":"Point","coordinates":[23.415742,42.663107]},"properties":{"line":"604","mode":"bus","color":"#0059a9","colorDark":"#00294f","band":4,"off":[6.8,1.1]}},{"type":"Feature","geometry":{"type":"Point","coordinates":[23.433358,42.675959]},"properties":{"name":"КВ. БУСМАНЦИ","band":4,"modes":"bus","arr":["10"],"off":[0,-0.8]}},{"type":"Feature","geometry":{"type":"Point","coordinates":[23.433358,42.675959]},"properties":{"line":"10","mode":"bus","color":"#0059a9","colorDark":"#00294f","band":4,"off":[0,1.1]}},{"type":"Feature","geometry":{"type":"Point","coordinates":[23.395028,42.67157]},"properties":{"name":"РАЗКЛОНА ЗА ЛЕТИЩЕТО","band":4,"modes":"bus","arr":["84"],"off":[0,-0.8]}},{"type":"Feature","geometry":{"type":"Point","coordinates":[23.395028,42.67157]},"properties":{"line":"84","mode":"bus","color":"#0059a9","colorDark":"#00294f","band":4,"off":[0,1.1]}},{"type":"Feature","geometry":{"type":"Point","coordinates":[23.243626,42.682974]},"properties":{"name":"Ж.К. ОВЧА КУПЕЛ-2","band":4,"modes":"bus","arr":["11","102","N3","ТБ60","ТБ73"],"off":[0,-0.8]}},{"type":"Feature","geometry":{"type":"Point","coordinates":[23.243626,42.682974]},"properties":{"line":"11","mode":"bus","color":"#0059a9","colorDark":"#00294f","band":4,"off":[-6.8,1.1]}},{"type":"Feature","geometry":{"type":"Point","coordinates":[23.243626,42.682974]},"properties":{"line":"102","mode":"bus","color":"#0059a9","colorDark":"#00294f","band":4,"off":[-3.4,1.1]}},{"type":"Feature","geometry":{"type":"Point","coordinates":[23.243626,42.682974]},"properties":{"line":"N3","mode":"bus","color":"#0059a9","colorDark":"#00294f","band":4,"off":[0,1.1]}},{"type":"Feature","geometry":{"type":"Point","coordinates":[23.243626,42.682974]},"properties":{"line":"ТБ60","mode":"bus","color":"#149a3f","colorDark":"#0a5121","band":4,"off":[3.4,1.1]}},{"type":"Feature","geometry":{"type":"Point","coordinates":[23.243626,42.682974]},"properties":{"line":"ТБ73","mode":"bus","color":"#149a3f","colorDark":"#0a5121","band":4,"off":[6.8,1.1]}},{"type":"Feature","geometry":{"type":"Point","coordinates":[23.355804,42.696797]},"properties":{"name":"ГАРА ПОДУЯНЕ","band":4,"modes":"bus,tram","arr":["72","ТМ22"],"off":[0,-0.8]}},{"type":"Feature","geometry":{"type":"Point","coordinates":[23.355804,42.696797]},"properties":{"name":"Гара Подуяне","band":4,"modes":"bus,tram","arr":["72","ТМ22"],"off":[0,-1.9]}},{"type":"Feature","geometry":{"type":"Point","coordinates":[23.355804,42.696797]},"properties":{"line":"72","mode":"bus","color":"#0059a9","colorDark":"#00294f","band":4,"off":[-1.7,1.1]}},{"type":"Feature","geometry":{"type":"Point","coordinates":[23.355804,42.696797]},"properties":{"line":"ТМ22","mode":"tram","color":"#d6212b","colorDark":"#7c1116","band":4,"off":[1.7,1.1]}},{"type":"Feature","geometry":{"type":"Point","coordinates":[23.370672,42.677568]},"properties":{"name":"АВТОСТАНЦИЯ ГЕО МИЛЕВ","band":4,"modes":"bus","arr":["11","75","181","185","ТБ123","ТБ288","ТБE186"],"off":[0,-0.8]}},{"type":"Feature","geometry":{"type":"Point","coordinates":[23.370672,42.677568]},"properties":{"line":"11","mode":"bus","color":"#0059a9","colorDark":"#00294f","band":4,"off":[-6.8,1.1]}},{"type":"Feature","geometry":{"type":"Point","coordinates":[23.370672,42.677568]},"properties":{"line":"75","mode":"bus","color":"#0059a9","colorDark":"#00294f","band":4,"off":[-3.4,1.1]}},{"type":"Feature","geometry":{"type":"Point","coordinates":[23.370672,42.677568]},"properties":{"line":"181","mode":"bus","color":"#0059a9","colorDark":"#00294f","band":4,"off":[0,1.1]}},{"type":"Feature","geometry":{"type":"Point","coordinates":[23.370672,42.677568]},"properties":{"line":"185","mode":"bus","color":"#0059a9","colorDark":"#00294f","band":4,"off":[3.4,1.1]}},{"type":"Feature","geometry":{"type":"Point","coordinates":[23.370672,42.677568]},"properties":{"line":"ТБ123","mode":"bus","color":"#149a3f","colorDark":"#0a5121","band":4,"off":[6.8,1.1]}},{"type":"Feature","geometry":{"type":"Point","coordinates":[23.370672,42.677568]},"properties":{"line":"ТБ288","mode":"bus","color":"#149a3f","colorDark":"#0a5121","band":4,"off":[-1.7,3.1]}},{"type":"Feature","geometry":{"type":"Point","coordinates":[23.370672,42.677568]},"properties":{"line":"ТБE186","mode":"bus","color":"#149a3f","colorDark":"#0a5121","band":4,"off":[1.7,3.1]}},{"type":"Feature","geometry":{"type":"Point","coordinates":[23.330937,42.704995]},"properties":{"name":"ПЛ. СТОЧНА ГАРА","band":4,"modes":"bus","arr":["309","310","ТБ9"],"off":[0,-0.8]}},{"type":"Feature","geometry":{"type":"Point","coordinates":[23.330937,42.704995]},"properties":{"line":"309","mode":"bus","color":"#0059a9","colorDark":"#00294f","band":4,"off":[-3.4,1.1]}},{"type":"Feature","geometry":{"type":"Point","coordinates":[23.330937,42.704995]},"properties":{"line":"310","mode":"bus","color":"#0059a9","colorDark":"#00294f","band":4,"off":[0,1.1]}},{"type":"Feature","geometry":{"type":"Point","coordinates":[23.330937,42.704995]},"properties":{"line":"ТБ9","mode":"bus","color":"#149a3f","colorDark":"#0a5121","band":4,"off":[3.4,1.1]}},{"type":"Feature","geometry":{"type":"Point","coordinates":[23.325418,42.705062]},"properties":{"name":"ПЛ. ЛЪВОВ МОСТ","band":4,"modes":"bus","arr":["20"],"off":[0,-0.8]}},{"type":"Feature","geometry":{"type":"Point","coordinates":[23.325418,42.705062]},"properties":{"line":"20","mode":"bus","color":"#0059a9","colorDark":"#00294f","band":4,"off":[0,1.1]}},{"type":"Feature","geometry":{"type":"Point","coordinates":[23.496114,42.697241]},"properties":{"name":"СЕЛО ДОЛНИ БОГРОВ","band":4,"modes":"bus","arr":["12"],"off":[0,-0.8]}},{"type":"Feature","geometry":{"type":"Point","coordinates":[23.496114,42.697241]},"properties":{"line":"12","mode":"bus","color":"#0059a9","colorDark":"#00294f","band":4,"off":[0,1.1]}},{"type":"Feature","geometry":{"type":"Point","coordinates":[23.418372,42.713212]},"properties":{"name":"ПЛОЩАДА КВ. ВРАЖДЕБНА","band":4,"modes":"bus","arr":["78"],"off":[0,-0.8]}},{"type":"Feature","geometry":{"type":"Point","coordinates":[23.418372,42.713212]},"properties":{"line":"78","mode":"bus","color":"#0059a9","colorDark":"#00294f","band":4,"off":[0,1.1]}},{"type":"Feature","geometry":{"type":"Point","coordinates":[23.386538,42.703899]},"properties":{"name":"АВТОСТАНЦИЯ ИЗТОК","band":4,"modes":"bus","arr":["12","14","117","118","119"],"off":[0,-0.8]}},{"type":"Feature","geometry":{"type":"Point","coordinates":[23.386538,42.703899]},"properties":{"line":"12","mode":"bus","color":"#0059a9","colorDark":"#00294f","band":4,"off":[-6.8,1.1]}},{"type":"Feature","geometry":{"type":"Point","coordinates":[23.386538,42.703899]},"properties":{"line":"14","mode":"bus","color":"#0059a9","colorDark":"#00294f","band":4,"off":[-3.4,1.1]}},{"type":"Feature","geometry":{"type":"Point","coordinates":[23.386538,42.703899]},"properties":{"line":"117","mode":"bus","color":"#0059a9","colorDark":"#00294f","band":4,"off":[0,1.1]}},{"type":"Feature","geometry":{"type":"Point","coordinates":[23.386538,42.703899]},"properties":{"line":"118","mode":"bus","color":"#0059a9","colorDark":"#00294f","band":4,"off":[3.4,1.1]}},{"type":"Feature","geometry":{"type":"Point","coordinates":[23.386538,42.703899]},"properties":{"line":"119","mode":"bus","color":"#0059a9","colorDark":"#00294f","band":4,"off":[6.8,1.1]}},{"type":"Feature","geometry":{"type":"Point","coordinates":[23.462472,42.682303]},"properties":{"name":"СЕЛО КРИВИНА","band":4,"modes":"bus","arr":["188"],"off":[0,-0.8]}},{"type":"Feature","geometry":{"type":"Point","coordinates":[23.462472,42.682303]},"properties":{"line":"188","mode":"bus","color":"#0059a9","colorDark":"#00294f","band":4,"off":[0,1.1]}},{"type":"Feature","geometry":{"type":"Point","coordinates":[23.342475,42.715748]},"properties":{"name":"АВТОСТАНЦИЯ ОРЛАНДОВЦИ","band":4,"modes":"bus","arr":["18","23","24"],"off":[0,-0.8]}},{"type":"Feature","geometry":{"type":"Point","coordinates":[23.342475,42.715748]},"properties":{"line":"18","mode":"bus","color":"#0059a9","colorDark":"#00294f","band":4,"off":[-3.4,1.1]}},{"type":"Feature","geometry":{"type":"Point","coordinates":[23.342475,42.715748]},"properties":{"line":"23","mode":"bus","color":"#0059a9","colorDark":"#00294f","band":4,"off":[0,1.1]}},{"type":"Feature","geometry":{"type":"Point","coordinates":[23.342475,42.715748]},"properties":{"line":"24","mode":"bus","color":"#0059a9","colorDark":"#00294f","band":4,"off":[3.4,1.1]}},{"type":"Feature","geometry":{"type":"Point","coordinates":[23.434789,42.750714]},"properties":{"name":"МЕЛНИЦАТА ЧЕПИНЦИ","band":4,"modes":"bus","arr":["18"],"off":[0,-0.8]}},{"type":"Feature","geometry":{"type":"Point","coordinates":[23.434789,42.750714]},"properties":{"line":"18","mode":"bus","color":"#0059a9","colorDark":"#00294f","band":4,"off":[0,1.1]}},{"type":"Feature","geometry":{"type":"Point","coordinates":[23.44786,42.794448]},"properties":{"name":"СЕЛО ЛОКОРСКО","band":4,"modes":"bus","arr":["20","28"],"off":[0,-0.8]}},{"type":"Feature","geometry":{"type":"Point","coordinates":[23.44786,42.794448]},"properties":{"line":"20","mode":"bus","color":"#0059a9","colorDark":"#00294f","band":4,"off":[-1.7,1.1]}},{"type":"Feature","geometry":{"type":"Point","coordinates":[23.44786,42.794448]},"properties":{"line":"28","mode":"bus","color":"#0059a9","colorDark":"#00294f","band":4,"off":[1.7,1.1]}},{"type":"Feature","geometry":{"type":"Point","coordinates":[23.320195,42.710865]},"properties":{"name":"ЦЕНТРАЛНА ГАРА","band":4,"modes":"bus","arr":["21","22","77","78","82","101","213","305","404"],"off":[0,-0.8]}},{"type":"Feature","geometry":{"type":"Point","coordinates":[23.320195,42.710865]},"properties":{"line":"21","mode":"bus","color":"#0059a9","colorDark":"#00294f","band":4,"off":[-6.8,1.1]}},{"type":"Feature","geometry":{"type":"Point","coordinates":[23.320195,42.710865]},"properties":{"line":"22","mode":"bus","color":"#0059a9","colorDark":"#00294f","band":4,"off":[-3.4,1.1]}},{"type":"Feature","geometry":{"type":"Point","coordinates":[23.320195,42.710865]},"properties":{"line":"77","mode":"bus","color":"#0059a9","colorDark":"#00294f","band":4,"off":[0,1.1]}},{"type":"Feature","geometry":{"type":"Point","coordinates":[23.320195,42.710865]},"properties":{"line":"78","mode":"bus","color":"#0059a9","colorDark":"#00294f","band":4,"off":[3.4,1.1]}},{"type":"Feature","geometry":{"type":"Point","coordinates":[23.320195,42.710865]},"properties":{"line":"82","mode":"bus","color":"#0059a9","colorDark":"#00294f","band":4,"off":[6.8,1.1]}},{"type":"Feature","geometry":{"type":"Point","coordinates":[23.320195,42.710865]},"properties":{"line":"101","mode":"bus","color":"#0059a9","colorDark":"#00294f","band":4,"off":[-5.1,3.1]}},{"type":"Feature","geometry":{"type":"Point","coordinates":[23.320195,42.710865]},"properties":{"line":"213","mode":"bus","color":"#0059a9","colorDark":"#00294f","band":4,"off":[-1.7,3.1]}},{"type":"Feature","geometry":{"type":"Point","coordinates":[23.320195,42.710865]},"properties":{"line":"305","mode":"bus","color":"#0059a9","colorDark":"#00294f","band":4,"off":[1.7,3.1]}},{"type":"Feature","geometry":{"type":"Point","coordinates":[23.320195,42.710865]},"properties":{"line":"404","mode":"bus","color":"#0059a9","colorDark":"#00294f","band":4,"off":[5.1,3.1]}},{"type":"Feature","geometry":{"type":"Point","coordinates":[23.422862,42.803933]},"properties":{"name":"СЕЛО ВОЙНЕГОВЦИ","band":4,"modes":"bus","arr":["21"],"off":[0,-0.8]}},{"type":"Feature","geometry":{"type":"Point","coordinates":[23.422862,42.803933]},"properties":{"line":"21","mode":"bus","color":"#0059a9","colorDark":"#00294f","band":4,"off":[0,1.1]}},{"type":"Feature","geometry":{"type":"Point","coordinates":[23.347989,42.74491]},"properties":{"name":"КВ. БЕНКОВСКИ","band":4,"modes":"bus","arr":["24","100"],"off":[0,-0.8]}},{"type":"Feature","geometry":{"type":"Point","coordinates":[23.347989,42.74491]},"properties":{"line":"24","mode":"bus","color":"#0059a9","colorDark":"#00294f","band":4,"off":[-1.7,1.1]}},{"type":"Feature","geometry":{"type":"Point","coordinates":[23.347989,42.74491]},"properties":{"line":"100","mode":"bus","color":"#0059a9","colorDark":"#00294f","band":4,"off":[1.7,1.1]}},{"type":"Feature","geometry":{"type":"Point","coordinates":[23.404357,42.806876]},"properties":{"name":"СЕЛО ПОДГУМЕР","band":4,"modes":"bus","arr":["22"],"off":[0,-0.8]}},{"type":"Feature","geometry":{"type":"Point","coordinates":[23.404357,42.806876]},"properties":{"line":"22","mode":"bus","color":"#0059a9","colorDark":"#00294f","band":4,"off":[0,1.1]}},{"type":"Feature","geometry":{"type":"Point","coordinates":[23.407752,42.813398]},"properties":{"name":"БОЛНИЦАТА С. ПОДГУМЕР","band":4,"modes":"bus","arr":["22"],"off":[0,-0.8]}},{"type":"Feature","geometry":{"type":"Point","coordinates":[23.407752,42.813398]},"properties":{"line":"22","mode":"bus","color":"#0059a9","colorDark":"#00294f","band":4,"off":[0,1.1]}},{"type":"Feature","geometry":{"type":"Point","coordinates":[23.335978,42.696698]},"properties":{"name":"ПЛ. ВАСИЛ ЛЕВСКИ - ВРЕМЕННА","band":4,"modes":"bus,tram","arr":["22ТМ","ТМ20","ТМ22"],"off":[0,-0.8]}},{"type":"Feature","geometry":{"type":"Point","coordinates":[23.335978,42.696698]},"properties":{"line":"22ТМ","mode":"bus","color":"#0059a9","colorDark":"#00294f","band":4,"off":[-3.4,1.1]}},{"type":"Feature","geometry":{"type":"Point","coordinates":[23.335978,42.696698]},"properties":{"line":"ТМ20","mode":"tram","color":"#d6212b","colorDark":"#7c1116","band":4,"off":[0,1.1]}},{"type":"Feature","geometry":{"type":"Point","coordinates":[23.335978,42.696698]},"properties":{"line":"ТМ22","mode":"tram","color":"#d6212b","colorDark":"#7c1116","band":4,"off":[3.4,1.1]}},{"type":"Feature","geometry":{"type":"Point","coordinates":[23.297922,42.702356]},"properties":{"name":"МЕТРОСТАНЦИЯ К.ВЕЛИЧКОВ","band":4,"modes":"bus","arr":["22ТМ"],"off":[0,-0.8]}},{"type":"Feature","geometry":{"type":"Point","coordinates":[23.297922,42.702356]},"properties":{"line":"22ТМ","mode":"bus","color":"#0059a9","colorDark":"#00294f","band":4,"off":[0,1.1]}},{"type":"Feature","geometry":{"type":"Point","coordinates":[23.356233,42.818506]},"properties":{"name":"ГАРА КУРИЛО","band":4,"modes":"bus","arr":["23"],"off":[0,-0.8]}},{"type":"Feature","geometry":{"type":"Point","coordinates":[23.356233,42.818506]},"properties":{"line":"23","mode":"bus","color":"#0059a9","colorDark":"#00294f","band":4,"off":[0,1.1]}},{"type":"Feature","geometry":{"type":"Point","coordinates":[23.378373,42.805198]},"properties":{"name":"НАЧАЛО КВ. ГНИЛЯНЕ","band":4,"modes":"bus","arr":["26"],"off":[0,-0.8]}},{"type":"Feature","geometry":{"type":"Point","coordinates":[23.378373,42.805198]},"properties":{"line":"26","mode":"bus","color":"#0059a9","colorDark":"#00294f","band":4,"off":[0,1.1]}},{"type":"Feature","geometry":{"type":"Point","coordinates":[23.36167,42.753471]},"properties":{"name":"МАНАСТИР СВ. МИНА","band":4,"modes":"bus","arr":["24"],"off":[0,-0.8]}},{"type":"Feature","geometry":{"type":"Point","coordinates":[23.36167,42.753471]},"properties":{"line":"24","mode":"bus","color":"#0059a9","colorDark":"#00294f","band":4,"off":[0,1.1]}},{"type":"Feature","geometry":{"type":"Point","coordinates":[23.317281,42.738071]},"properties":{"name":"СТАДИОН ЛОКОМОТИВ","band":4,"modes":"bus","arr":["83","108"],"off":[0,-0.8]}},{"type":"Feature","geometry":{"type":"Point","coordinates":[23.317281,42.738071]},"properties":{"line":"83","mode":"bus","color":"#0059a9","colorDark":"#00294f","band":4,"off":[-1.7,1.1]}},{"type":"Feature","geometry":{"type":"Point","coordinates":[23.317281,42.738071]},"properties":{"line":"108","mode":"bus","color":"#0059a9","colorDark":"#00294f","band":4,"off":[1.7,1.1]}},{"type":"Feature","geometry":{"type":"Point","coordinates":[23.312247,42.726606]},"properties":{"name":"МОДНА КЪЩА АГРЕСИЯ","band":4,"modes":"bus","arr":["26"],"off":[0,-0.8]}},{"type":"Feature","geometry":{"type":"Point","coordinates":[23.312247,42.726606]},"properties":{"line":"26","mode":"bus","color":"#0059a9","colorDark":"#00294f","band":4,"off":[0,1.1]}},{"type":"Feature","geometry":{"type":"Point","coordinates":[23.268238,42.737133]},"properties":{"name":"Ж.К. ОБЕЛЯ-1","band":4,"modes":"bus","arr":["26"],"off":[0,-0.8]}},{"type":"Feature","geometry":{"type":"Point","coordinates":[23.268238,42.737133]},"properties":{"line":"26","mode":"bus","color":"#0059a9","colorDark":"#00294f","band":4,"off":[0,1.1]}},{"type":"Feature","geometry":{"type":"Point","coordinates":[23.267971,42.736507]},"properties":{"name":"Ж. К. ОБЕЛЯ 1","band":4,"modes":"bus","arr":["26"],"off":[0,-0.8]}},{"type":"Feature","geometry":{"type":"Point","coordinates":[23.267971,42.736507]},"properties":{"line":"26","mode":"bus","color":"#0059a9","colorDark":"#00294f","band":4,"off":[0,1.1]}},{"type":"Feature","geometry":{"type":"Point","coordinates":[23.304058,42.790495]},"properties":{"name":"СЕЛО МИРОВЯНЕ - ПО ЖЕЛАНИЕ","band":4,"modes":"bus","arr":["26","29"],"off":[0,-0.8]}},{"type":"Feature","geometry":{"type":"Point","coordinates":[23.304058,42.790495]},"properties":{"line":"26","mode":"bus","color":"#0059a9","colorDark":"#00294f","band":4,"off":[-1.7,1.1]}},{"type":"Feature","geometry":{"type":"Point","coordinates":[23.304058,42.790495]},"properties":{"line":"29","mode":"bus","color":"#0059a9","colorDark":"#00294f","band":4,"off":[1.7,1.1]}},{"type":"Feature","geometry":{"type":"Point","coordinates":[23.319126,42.845161]},"properties":{"name":"СЕЛО КЪТИНА","band":4,"modes":"bus","arr":["27"],"off":[0,-0.8]}},{"type":"Feature","geometry":{"type":"Point","coordinates":[23.319126,42.845161]},"properties":{"line":"27","mode":"bus","color":"#0059a9","colorDark":"#00294f","band":4,"off":[0,1.1]}},{"type":"Feature","geometry":{"type":"Point","coordinates":[23.313163,42.713869]},"properties":{"name":"МЕТРОСТАНЦИЯ КН. МАРИЯ ЛУИЗА","band":4,"modes":"bus","arr":["27"],"off":[0,-0.8]}},{"type":"Feature","geometry":{"type":"Point","coordinates":[23.313163,42.713869]},"properties":{"line":"27","mode":"bus","color":"#0059a9","colorDark":"#00294f","band":4,"off":[0,1.1]}},{"type":"Feature","geometry":{"type":"Point","coordinates":[23.273307,42.784571]},"properties":{"name":"ЦЕНТЪР С. МРАМОР","band":4,"modes":"bus","arr":["28"],"off":[0,-0.8]}},{"type":"Feature","geometry":{"type":"Point","coordinates":[23.273307,42.784571]},"properties":{"line":"28","mode":"bus","color":"#0059a9","colorDark":"#00294f","band":4,"off":[0,1.1]}},{"type":"Feature","geometry":{"type":"Point","coordinates":[23.426234,42.758404]},"properties":{"name":"СЕЛО ЧЕПИНЦИ","band":4,"modes":"bus","arr":["28"],"off":[0,-0.8]}},{"type":"Feature","geometry":{"type":"Point","coordinates":[23.426234,42.758404]},"properties":{"line":"28","mode":"bus","color":"#0059a9","colorDark":"#00294f","band":4,"off":[0,1.1]}},{"type":"Feature","geometry":{"type":"Point","coordinates":[23.2644,42.854473]},"properties":{"name":"СЕЛО БАЛША","band":4,"modes":"bus","arr":["29","30"],"off":[0,-0.8]}},{"type":"Feature","geometry":{"type":"Point","coordinates":[23.2644,42.854473]},"properties":{"line":"29","mode":"bus","color":"#0059a9","colorDark":"#00294f","band":4,"off":[-1.7,1.1]}},{"type":"Feature","geometry":{"type":"Point","coordinates":[23.2644,42.854473]},"properties":{"line":"30","mode":"bus","color":"#0059a9","colorDark":"#00294f","band":4,"off":[1.7,1.1]}},{"type":"Feature","geometry":{"type":"Point","coordinates":[23.316044,42.726759]},"properties":{"name":"ГАРА СОФИЯ СЕВЕР","band":4,"modes":"bus","arr":["29","413"],"off":[0,-0.8]}},{"type":"Feature","geometry":{"type":"Point","coordinates":[23.316044,42.726759]},"properties":{"line":"29","mode":"bus","color":"#0059a9","colorDark":"#00294f","band":4,"off":[-1.7,1.1]}},{"type":"Feature","geometry":{"type":"Point","coordinates":[23.316044,42.726759]},"properties":{"line":"413","mode":"bus","color":"#0059a9","colorDark":"#00294f","band":4,"off":[1.7,1.1]}},{"type":"Feature","geometry":{"type":"Point","coordinates":[23.261516,42.726421]},"properties":{"name":"СЛИВНИЦА","band":4,"modes":"bus,metro","arr":["30","31","47","49","54","81","150","M1","M4"],"off":[0,-0.8]}},{"type":"Feature","geometry":{"type":"Point","coordinates":[23.261516,42.726421]},"properties":{"name":"МЕТРОСТАНЦИЯ СЛИВНИЦА","band":4,"modes":"bus,metro","arr":["30","31","47","49","54","81","150","M1","M4"],"off":[0,-1.9]}},{"type":"Feature","geometry":{"type":"Point","coordinates":[23.261516,42.726421]},"properties":{"line":"30","mode":"bus","color":"#0059a9","colorDark":"#00294f","band":4,"off":[-6.8,1.1]}},{"type":"Feature","geometry":{"type":"Point","coordinates":[23.261516,42.726421]},"properties":{"line":"31","mode":"bus","color":"#0059a9","colorDark":"#00294f","band":4,"off":[-3.4,1.1]}},{"type":"Feature","geometry":{"type":"Point","coordinates":[23.261516,42.726421]},"properties":{"line":"47","mode":"bus","color":"#0059a9","colorDark":"#00294f","band":4,"off":[0,1.1]}},{"type":"Feature","geometry":{"type":"Point","coordinates":[23.261516,42.726421]},"properties":{"line":"49","mode":"bus","color":"#0059a9","colorDark":"#00294f","band":4,"off":[3.4,1.1]}},{"type":"Feature","geometry":{"type":"Point","coordinates":[23.261516,42.726421]},"properties":{"line":"54","mode":"bus","color":"#0059a9","colorDark":"#00294f","band":4,"off":[6.8,1.1]}},{"type":"Feature","geometry":{"type":"Point","coordinates":[23.261516,42.726421]},"properties":{"line":"81","mode":"bus","color":"#0059a9","colorDark":"#00294f","band":4,"off":[-5.1,3.1]}},{"type":"Feature","geometry":{"type":"Point","coordinates":[23.261516,42.726421]},"properties":{"line":"150","mode":"bus","color":"#0059a9","colorDark":"#00294f","band":4,"off":[-1.7,3.1]}},{"type":"Feature","geometry":{"type":"Point","coordinates":[23.261516,42.726421]},"properties":{"line":"M1","mode":"tram","color":"#EB2227","colorDark":"#811315","band":4,"metro":1,"off":[1.7,3.1]}},{"type":"Feature","geometry":{"type":"Point","coordinates":[23.261516,42.726421]},"properties":{"line":"M4","mode":"tram","color":"#FFDE17","colorDark":"#8c7a0d","band":4,"metro":1,"off":[5.1,3.1]}},{"type":"Feature","geometry":{"type":"Point","coordinates":[23.239199,42.82853]},"properties":{"name":"СЕЛО ГОЛЯНОВЦИ","band":4,"modes":"bus","arr":["31"],"off":[0,-0.8]}},{"type":"Feature","geometry":{"type":"Point","coordinates":[23.239199,42.82853]},"properties":{"line":"31","mode":"bus","color":"#0059a9","colorDark":"#00294f","band":4,"off":[0,1.1]}},{"type":"Feature","geometry":{"type":"Point","coordinates":[23.119684,42.685227]},"properties":{"name":"КРАЯ НА КВ. МИХАЙЛОВО","band":4,"modes":"bus","arr":["42"],"off":[0,-0.8]}},{"type":"Feature","geometry":{"type":"Point","coordinates":[23.119684,42.685227]},"properties":{"line":"42","mode":"bus","color":"#0059a9","colorDark":"#00294f","band":4,"off":[0,1.1]}},{"type":"Feature","geometry":{"type":"Point","coordinates":[23.261667,42.722937]},"properties":{"name":"Ж.К. ЛЮЛИН-8","band":4,"modes":"bus","arr":["42"],"off":[0,-0.8]}},{"type":"Feature","geometry":{"type":"Point","coordinates":[23.261667,42.722937]},"properties":{"line":"42","mode":"bus","color":"#0059a9","colorDark":"#00294f","band":4,"off":[0,1.1]}},{"type":"Feature","geometry":{"type":"Point","coordinates":[23.262043,42.722509]},"properties":{"name":"УЛ. ТЪРНОВО","band":4,"modes":"bus","arr":["42"],"off":[0,-0.8]}},{"type":"Feature","geometry":{"type":"Point","coordinates":[23.262043,42.722509]},"properties":{"line":"42","mode":"bus","color":"#0059a9","colorDark":"#00294f","band":4,"off":[0,1.1]}},{"type":"Feature","geometry":{"type":"Point","coordinates":[23.181232,42.706239]},"properties":{"name":"КВ. ИВАНЯНЕ","band":4,"modes":"bus","arr":["44","81"],"off":[0,-0.8]}},{"type":"Feature","geometry":{"type":"Point","coordinates":[23.181232,42.706239]},"properties":{"line":"44","mode":"bus","color":"#0059a9","colorDark":"#00294f","band":4,"off":[-1.7,1.1]}},{"type":"Feature","geometry":{"type":"Point","coordinates":[23.181232,42.706239]},"properties":{"line":"81","mode":"bus","color":"#0059a9","colorDark":"#00294f","band":4,"off":[1.7,1.1]}},{"type":"Feature","geometry":{"type":"Point","coordinates":[23.152269,42.708239]},"properties":{"name":"АВТОСТАНЦИЯ БАНКЯ","band":4,"modes":"bus","arr":["44","46","47","X43"],"off":[0,-0.8]}},{"type":"Feature","geometry":{"type":"Point","coordinates":[23.152269,42.708239]},"properties":{"line":"44","mode":"bus","color":"#0059a9","colorDark":"#00294f","band":4,"off":[-5.1,1.1]}},{"type":"Feature","geometry":{"type":"Point","coordinates":[23.152269,42.708239]},"properties":{"line":"46","mode":"bus","color":"#0059a9","colorDark":"#00294f","band":4,"off":[-1.7,1.1]}},{"type":"Feature","geometry":{"type":"Point","coordinates":[23.152269,42.708239]},"properties":{"line":"47","mode":"bus","color":"#0059a9","colorDark":"#00294f","band":4,"off":[1.7,1.1]}},{"type":"Feature","geometry":{"type":"Point","coordinates":[23.152269,42.708239]},"properties":{"line":"X43","mode":"bus","color":"#0059a9","colorDark":"#00294f","band":4,"off":[5.1,1.1]}},{"type":"Feature","geometry":{"type":"Point","coordinates":[23.078008,42.726112]},"properties":{"name":"МАНАСТИР СВ. ПЕТКА ПАРАСКЕВА","band":4,"modes":"bus","arr":["46"],"off":[0,-0.8]}},{"type":"Feature","geometry":{"type":"Point","coordinates":[23.078008,42.726112]},"properties":{"line":"46","mode":"bus","color":"#0059a9","colorDark":"#00294f","band":4,"off":[0,1.1]}},{"type":"Feature","geometry":{"type":"Point","coordinates":[23.138823,42.685672]},"properties":{"name":"КВ. ГРАДОМАН","band":4,"modes":"bus","arr":["47"],"off":[0,-0.8]}},{"type":"Feature","geometry":{"type":"Point","coordinates":[23.138823,42.685672]},"properties":{"line":"47","mode":"bus","color":"#0059a9","colorDark":"#00294f","band":4,"off":[0,1.1]}},{"type":"Feature","geometry":{"type":"Point","coordinates":[23.08344,42.719122]},"properties":{"name":"КВ. КЛИСУРА","band":4,"modes":"bus","arr":["49"],"off":[0,-0.8]}},{"type":"Feature","geometry":{"type":"Point","coordinates":[23.08344,42.719122]},"properties":{"line":"49","mode":"bus","color":"#0059a9","colorDark":"#00294f","band":4,"off":[0,1.1]}},{"type":"Feature","geometry":{"type":"Point","coordinates":[23.181164,42.775522]},"properties":{"name":"ПЪТЕН ВЪЗЕЛ КАЛОТИНА","band":4,"modes":"bus","arr":["54"],"off":[0,-0.8]}},{"type":"Feature","geometry":{"type":"Point","coordinates":[23.181164,42.775522]},"properties":{"line":"54","mode":"bus","color":"#0059a9","colorDark":"#00294f","band":4,"off":[0,1.1]}},{"type":"Feature","geometry":{"type":"Point","coordinates":[23.160218,42.682116]},"properties":{"name":"СЕЛО МАЛО БУЧИНО","band":4,"modes":"bus","arr":["56"],"off":[0,-0.8]}},{"type":"Feature","geometry":{"type":"Point","coordinates":[23.160218,42.682116]},"properties":{"line":"56","mode":"bus","color":"#0059a9","colorDark":"#00294f","band":4,"off":[0,1.1]}},{"type":"Feature","geometry":{"type":"Point","coordinates":[23.281722,42.701778]},"properties":{"name":"БЛ. 13 Ж.К. ЗАПАДЕН ПАРК","band":4,"modes":"bus","arr":["56"],"off":[0,-0.8]}},{"type":"Feature","geometry":{"type":"Point","coordinates":[23.281722,42.701778]},"properties":{"line":"56","mode":"bus","color":"#0059a9","colorDark":"#00294f","band":4,"off":[0,1.1]}},{"type":"Feature","geometry":{"type":"Point","coordinates":[23.292797,42.712787]},"properties":{"name":"ГАРА ЗАХАРНА ФАБРИКА","band":4,"modes":"bus","arr":["56"],"off":[0,-0.8]}},{"type":"Feature","geometry":{"type":"Point","coordinates":[23.292797,42.712787]},"properties":{"line":"56","mode":"bus","color":"#0059a9","colorDark":"#00294f","band":4,"off":[0,1.1]}},{"type":"Feature","geometry":{"type":"Point","coordinates":[23.185937,42.622703]},"properties":{"name":"ГАРА ВЛАДАЯ","band":4,"modes":"bus","arr":["58"],"off":[0,-0.8]}},{"type":"Feature","geometry":{"type":"Point","coordinates":[23.185937,42.622703]},"properties":{"line":"58","mode":"bus","color":"#0059a9","colorDark":"#00294f","band":4,"off":[0,1.1]}},{"type":"Feature","geometry":{"type":"Point","coordinates":[23.24046,42.658363]},"properties":{"name":"АВТОСТАНЦИЯ КНЯЖЕВО","band":4,"modes":"bus","arr":["58","59","804"],"off":[0,-0.8]}},{"type":"Feature","geometry":{"type":"Point","coordinates":[23.24046,42.658363]},"properties":{"line":"58","mode":"bus","color":"#0059a9","colorDark":"#00294f","band":4,"off":[-3.4,1.1]}},{"type":"Feature","geometry":{"type":"Point","coordinates":[23.24046,42.658363]},"properties":{"line":"59","mode":"bus","color":"#0059a9","colorDark":"#00294f","band":4,"off":[0,1.1]}},{"type":"Feature","geometry":{"type":"Point","coordinates":[23.24046,42.658363]},"properties":{"line":"804","mode":"bus","color":"#0059a9","colorDark":"#00294f","band":4,"off":[3.4,1.1]}},{"type":"Feature","geometry":{"type":"Point","coordinates":[23.160689,42.594326]},"properties":{"name":"С. МЪРЧАЕВО-ТОЛУМСКА МАХАЛА","band":4,"modes":"bus","arr":["59"],"off":[0,-0.8]}},{"type":"Feature","geometry":{"type":"Point","coordinates":[23.160689,42.594326]},"properties":{"line":"59","mode":"bus","color":"#0059a9","colorDark":"#00294f","band":4,"off":[0,1.1]}},{"type":"Feature","geometry":{"type":"Point","coordinates":[23.256044,42.683081]},"properties":{"name":"МЕТРОСТАНЦИЯ МИЗИЯ","band":4,"modes":"bus","arr":["59"],"off":[0,-0.8]}},{"type":"Feature","geometry":{"type":"Point","coordinates":[23.256044,42.683081]},"properties":{"line":"59","mode":"bus","color":"#0059a9","colorDark":"#00294f","band":4,"off":[0,1.1]}},{"type":"Feature","geometry":{"type":"Point","coordinates":[23.235788,42.609788]},"properties":{"name":"ЗЛАТНИ МОСТОВЕ","band":4,"modes":"bus","arr":["61","63"],"off":[0,-0.8]}},{"type":"Feature","geometry":{"type":"Point","coordinates":[23.235788,42.609788]},"properties":{"line":"61","mode":"bus","color":"#0059a9","colorDark":"#00294f","band":4,"off":[-1.7,1.1]}},{"type":"Feature","geometry":{"type":"Point","coordinates":[23.235788,42.609788]},"properties":{"line":"63","mode":"bus","color":"#0059a9","colorDark":"#00294f","band":4,"off":[1.7,1.1]}},{"type":"Feature","geometry":{"type":"Point","coordinates":[23.28859,42.665813]},"properties":{"name":"УЛ. Т. КАБЛЕШКОВ","band":4,"modes":"bus","arr":["X10"],"off":[0,-0.8]}},{"type":"Feature","geometry":{"type":"Point","coordinates":[23.28859,42.665813]},"properties":{"line":"X10","mode":"bus","color":"#0059a9","colorDark":"#00294f","band":4,"off":[0,1.1]}},{"type":"Feature","geometry":{"type":"Point","coordinates":[23.293631,42.672567]},"properties":{"name":"БУЛ. БЪЛГАРИЯ","band":4,"modes":"bus","arr":["61"],"off":[0,-0.8]}},{"type":"Feature","geometry":{"type":"Point","coordinates":[23.293631,42.672567]},"properties":{"line":"61","mode":"bus","color":"#0059a9","colorDark":"#00294f","band":4,"off":[0,1.1]}},{"type":"Feature","geometry":{"type":"Point","coordinates":[23.319881,42.683055]},"properties":{"name":"БУЛ. ЧЕРНИ ВРЪХ","band":4,"modes":"bus","arr":["61"],"off":[0,-0.8]}},{"type":"Feature","geometry":{"type":"Point","coordinates":[23.319881,42.683055]},"properties":{"line":"61","mode":"bus","color":"#0059a9","colorDark":"#00294f","band":4,"off":[0,1.1]}},{"type":"Feature","geometry":{"type":"Point","coordinates":[23.272658,42.659135]},"properties":{"name":"Ж.К. БЪКСТОН","band":4,"modes":"bus","arr":["X10","ТБ2"],"off":[0,-0.8]}},{"type":"Feature","geometry":{"type":"Point","coordinates":[23.272658,42.659135]},"properties":{"line":"X10","mode":"bus","color":"#0059a9","colorDark":"#00294f","band":4,"off":[-1.7,1.1]}},{"type":"Feature","geometry":{"type":"Point","coordinates":[23.272658,42.659135]},"properties":{"line":"ТБ2","mode":"bus","color":"#149a3f","colorDark":"#0a5121","band":4,"off":[1.7,1.1]}},{"type":"Feature","geometry":{"type":"Point","coordinates":[23.299036,42.68659]},"properties":{"name":"БУЛ. ЦАР БОРИС ІІІ","band":4,"modes":"bus","arr":["63"],"off":[0,-0.8]}},{"type":"Feature","geometry":{"type":"Point","coordinates":[23.299036,42.68659]},"properties":{"line":"63","mode":"bus","color":"#0059a9","colorDark":"#00294f","band":4,"off":[0,1.1]}},{"type":"Feature","geometry":{"type":"Point","coordinates":[23.283866,42.67941]},"properties":{"name":"Ж.К. КРАСНО СЕЛО","band":4,"modes":"bus","arr":["63","65"],"off":[0,-0.8]}},{"type":"Feature","geometry":{"type":"Point","coordinates":[23.283866,42.67941]},"properties":{"line":"63","mode":"bus","color":"#0059a9","colorDark":"#00294f","band":4,"off":[-1.7,1.1]}},{"type":"Feature","geometry":{"type":"Point","coordinates":[23.283866,42.67941]},"properties":{"line":"65","mode":"bus","color":"#0059a9","colorDark":"#00294f","band":4,"off":[1.7,1.1]}},{"type":"Feature","geometry":{"type":"Point","coordinates":[23.272801,42.657283]},"properties":{"name":"НИМ","band":4,"modes":"bus","arr":["304"],"off":[0,-0.8]}},{"type":"Feature","geometry":{"type":"Point","coordinates":[23.272801,42.657283]},"properties":{"line":"304","mode":"bus","color":"#0059a9","colorDark":"#00294f","band":4,"off":[0,1.1]}},{"type":"Feature","geometry":{"type":"Point","coordinates":[23.245051,42.645919]},"properties":{"name":"УЛ. БЯЛАТА ЧЕШМА","band":4,"modes":"bus","arr":["63"],"off":[0,-0.8]}},{"type":"Feature","geometry":{"type":"Point","coordinates":[23.245051,42.645919]},"properties":{"line":"63","mode":"bus","color":"#0059a9","colorDark":"#00294f","band":4,"off":[0,1.1]}},{"type":"Feature","geometry":{"type":"Point","coordinates":[23.301554,42.681835]},"properties":{"name":"ЦЕНТЪР ПО ХИГИЕНА","band":4,"modes":"bus","arr":["64"],"off":[0,-0.8]}},{"type":"Feature","geometry":{"type":"Point","coordinates":[23.301554,42.681835]},"properties":{"line":"64","mode":"bus","color":"#0059a9","colorDark":"#00294f","band":4,"off":[0,1.1]}},{"type":"Feature","geometry":{"type":"Point","coordinates":[23.316201,42.657545]},"properties":{"name":"МЕТРОСТАНЦИЯ ВИТОША","band":4,"modes":"bus","arr":["66"],"off":[0,-0.8]}},{"type":"Feature","geometry":{"type":"Point","coordinates":[23.316201,42.657545]},"properties":{"line":"66","mode":"bus","color":"#0059a9","colorDark":"#00294f","band":4,"off":[0,1.1]}},{"type":"Feature","geometry":{"type":"Point","coordinates":[23.317653,42.659843]},"properties":{"name":"МЕТРОСТАНЦИЯ ВИТОША","band":4,"modes":"bus","arr":["68","98"],"off":[0,-0.8]}},{"type":"Feature","geometry":{"type":"Point","coordinates":[23.317653,42.659843]},"properties":{"line":"68","mode":"bus","color":"#0059a9","colorDark":"#00294f","band":4,"off":[-1.7,1.1]}},{"type":"Feature","geometry":{"type":"Point","coordinates":[23.317653,42.659843]},"properties":{"line":"98","mode":"bus","color":"#0059a9","colorDark":"#00294f","band":4,"off":[1.7,1.1]}},{"type":"Feature","geometry":{"type":"Point","coordinates":[23.328443,42.658253]},"properties":{"name":"ЗООПАРКА","band":4,"modes":"bus","arr":["64","66","68","83","88","98","120"],"off":[0,-0.8]}},{"type":"Feature","geometry":{"type":"Point","coordinates":[23.328443,42.658253]},"properties":{"line":"64","mode":"bus","color":"#0059a9","colorDark":"#00294f","band":4,"off":[-6.8,1.1]}},{"type":"Feature","geometry":{"type":"Point","coordinates":[23.328443,42.658253]},"properties":{"line":"66","mode":"bus","color":"#0059a9","colorDark":"#00294f","band":4,"off":[-3.4,1.1]}},{"type":"Feature","geometry":{"type":"Point","coordinates":[23.328443,42.658253]},"properties":{"line":"68","mode":"bus","color":"#0059a9","colorDark":"#00294f","band":4,"off":[0,1.1]}},{"type":"Feature","geometry":{"type":"Point","coordinates":[23.328443,42.658253]},"properties":{"line":"83","mode":"bus","color":"#0059a9","colorDark":"#00294f","band":4,"off":[3.4,1.1]}},{"type":"Feature","geometry":{"type":"Point","coordinates":[23.328443,42.658253]},"properties":{"line":"88","mode":"bus","color":"#0059a9","colorDark":"#00294f","band":4,"off":[6.8,1.1]}},{"type":"Feature","geometry":{"type":"Point","coordinates":[23.328443,42.658253]},"properties":{"line":"98","mode":"bus","color":"#0059a9","colorDark":"#00294f","band":4,"off":[-1.7,3.1]}},{"type":"Feature","geometry":{"type":"Point","coordinates":[23.328443,42.658253]},"properties":{"line":"120","mode":"bus","color":"#0059a9","colorDark":"#00294f","band":4,"off":[1.7,3.1]}},{"type":"Feature","geometry":{"type":"Point","coordinates":[23.266071,42.644268]},"properties":{"name":"БОЯНСКА ЦЪРКВА","band":4,"modes":"bus","arr":["65"],"off":[0,-0.8]}},{"type":"Feature","geometry":{"type":"Point","coordinates":[23.266071,42.644268]},"properties":{"line":"65","mode":"bus","color":"#0059a9","colorDark":"#00294f","band":4,"off":[0,1.1]}},{"type":"Feature","geometry":{"type":"Point","coordinates":[23.273172,42.672138]},"properties":{"name":"КВ. ОВЧА КУПЕЛ","band":4,"modes":"bus","arr":["103","107"],"off":[0,-0.8]}},{"type":"Feature","geometry":{"type":"Point","coordinates":[23.273172,42.672138]},"properties":{"line":"103","mode":"bus","color":"#0059a9","colorDark":"#00294f","band":4,"off":[-1.7,1.1]}},{"type":"Feature","geometry":{"type":"Point","coordinates":[23.273172,42.672138]},"properties":{"line":"107","mode":"bus","color":"#0059a9","colorDark":"#00294f","band":4,"off":[1.7,1.1]}},{"type":"Feature","geometry":{"type":"Point","coordinates":[23.292219,42.583342]},"properties":{"name":"ХИЖА АЛЕКО","band":4,"modes":"bus","arr":["66"],"off":[0,-0.8]}},{"type":"Feature","geometry":{"type":"Point","coordinates":[23.292219,42.583342]},"properties":{"line":"66","mode":"bus","color":"#0059a9","colorDark":"#00294f","band":4,"off":[0,1.1]}},{"type":"Feature","geometry":{"type":"Point","coordinates":[23.333965,42.674723]},"properties":{"name":"СЕМИНАРИЯТА","band":4,"modes":"bus","arr":["67"],"off":[0,-0.8]}},{"type":"Feature","geometry":{"type":"Point","coordinates":[23.333965,42.674723]},"properties":{"line":"67","mode":"bus","color":"#0059a9","colorDark":"#00294f","band":4,"off":[0,1.1]}},{"type":"Feature","geometry":{"type":"Point","coordinates":[23.351655,42.670816]},"properties":{"name":"СТЦ ИНТЕРПРЕД","band":4,"modes":"bus","arr":["97"],"off":[0,-0.8]}},{"type":"Feature","geometry":{"type":"Point","coordinates":[23.351655,42.670816]},"properties":{"line":"97","mode":"bus","color":"#0059a9","colorDark":"#00294f","band":4,"off":[0,1.1]}},{"type":"Feature","geometry":{"type":"Point","coordinates":[23.35549,42.665097]},"properties":{"name":"Ж.К. ДИАНАБАД","band":4,"modes":"bus","arr":["67"],"off":[0,-0.8]}},{"type":"Feature","geometry":{"type":"Point","coordinates":[23.35549,42.665097]},"properties":{"line":"67","mode":"bus","color":"#0059a9","colorDark":"#00294f","band":4,"off":[0,1.1]}},{"type":"Feature","geometry":{"type":"Point","coordinates":[23.356463,42.663023]},"properties":{"name":"НСБАЛ ПО ОНКОЛОГИЯ","band":4,"modes":"bus","arr":["69","70"],"off":[0,-0.8]}},{"type":"Feature","geometry":{"type":"Point","coordinates":[23.356463,42.663023]},"properties":{"line":"69","mode":"bus","color":"#0059a9","colorDark":"#00294f","band":4,"off":[-1.7,1.1]}},{"type":"Feature","geometry":{"type":"Point","coordinates":[23.356463,42.663023]},"properties":{"line":"70","mode":"bus","color":"#0059a9","colorDark":"#00294f","band":4,"off":[1.7,1.1]}},{"type":"Feature","geometry":{"type":"Point","coordinates":[23.339006,42.612113]},"properties":{"name":"КВ. СИМЕОНОВО","band":4,"modes":"bus","arr":["67","68"],"off":[0,-0.8]}},{"type":"Feature","geometry":{"type":"Point","coordinates":[23.339006,42.612113]},"properties":{"line":"67","mode":"bus","color":"#0059a9","colorDark":"#00294f","band":4,"off":[-1.7,1.1]}},{"type":"Feature","geometry":{"type":"Point","coordinates":[23.339006,42.612113]},"properties":{"line":"68","mode":"bus","color":"#0059a9","colorDark":"#00294f","band":4,"off":[1.7,1.1]}},{"type":"Feature","geometry":{"type":"Point","coordinates":[23.334354,42.638493]},"properties":{"name":"ХОТЕЛ АМБАСАДОР","band":4,"modes":"bus","arr":["97"],"off":[0,-0.8]}},{"type":"Feature","geometry":{"type":"Point","coordinates":[23.334354,42.638493]},"properties":{"line":"97","mode":"bus","color":"#0059a9","colorDark":"#00294f","band":4,"off":[0,1.1]}},{"type":"Feature","geometry":{"type":"Point","coordinates":[23.356167,42.662759]},"properties":{"name":"МЕТРОСТАНЦИЯ Г. М. ДИМИТРОВ","band":4,"modes":"bus","arr":["67","97","294"],"off":[0,-0.8]}},{"type":"Feature","geometry":{"type":"Point","coordinates":[23.356167,42.662759]},"properties":{"line":"67","mode":"bus","color":"#0059a9","colorDark":"#00294f","band":4,"off":[-3.4,1.1]}},{"type":"Feature","geometry":{"type":"Point","coordinates":[23.356167,42.662759]},"properties":{"line":"97","mode":"bus","color":"#0059a9","colorDark":"#00294f","band":4,"off":[0,1.1]}},{"type":"Feature","geometry":{"type":"Point","coordinates":[23.356167,42.662759]},"properties":{"line":"294","mode":"bus","color":"#0059a9","colorDark":"#00294f","band":4,"off":[3.4,1.1]}},{"type":"Feature","geometry":{"type":"Point","coordinates":[23.333255,42.49982]},"properties":{"name":"МЕСТНОСТ ЯРЕМА","band":4,"modes":"bus","arr":["69"],"off":[0,-0.8]}},{"type":"Feature","geometry":{"type":"Point","coordinates":[23.333255,42.49982]},"properties":{"line":"69","mode":"bus","color":"#0059a9","colorDark":"#00294f","band":4,"off":[0,1.1]}},{"type":"Feature","geometry":{"type":"Point","coordinates":[23.360201,42.524475]},"properties":{"name":"ЦАРЕВА МАХАЛА","band":4,"modes":"bus","arr":["69"],"off":[0,-0.8]}},{"type":"Feature","geometry":{"type":"Point","coordinates":[23.360201,42.524475]},"properties":{"line":"69","mode":"bus","color":"#0059a9","colorDark":"#00294f","band":4,"off":[0,1.1]}},{"type":"Feature","geometry":{"type":"Point","coordinates":[23.366338,42.533842]},"properties":{"name":"КМЕТСТВО ЖЕЛЕЗНИЦА","band":4,"modes":"bus","arr":["98"],"off":[0,-0.8]}},{"type":"Feature","geometry":{"type":"Point","coordinates":[23.366338,42.533842]},"properties":{"line":"98","mode":"bus","color":"#0059a9","colorDark":"#00294f","band":4,"off":[0,1.1]}},{"type":"Feature","geometry":{"type":"Point","coordinates":[23.360471,42.586252]},"properties":{"name":"СЕЛО БИСТРИЦА","band":4,"modes":"bus","arr":["314"],"off":[0,-0.8]}},{"type":"Feature","geometry":{"type":"Point","coordinates":[23.360471,42.586252]},"properties":{"line":"314","mode":"bus","color":"#0059a9","colorDark":"#00294f","band":4,"off":[0,1.1]}},{"type":"Feature","geometry":{"type":"Point","coordinates":[23.408552,42.487151]},"properties":{"name":"СЕЛО ПЛАНА","band":4,"modes":"bus","arr":["70"],"off":[0,-0.8]}},{"type":"Feature","geometry":{"type":"Point","coordinates":[23.408552,42.487151]},"properties":{"line":"70","mode":"bus","color":"#0059a9","colorDark":"#00294f","band":4,"off":[0,1.1]}},{"type":"Feature","geometry":{"type":"Point","coordinates":[23.27654,42.701636]},"properties":{"name":"Ж.К. ЗАПАДЕН ПАРК","band":4,"modes":"bus","arr":["72","77"],"off":[0,-0.8]}},{"type":"Feature","geometry":{"type":"Point","coordinates":[23.27654,42.701636]},"properties":{"line":"72","mode":"bus","color":"#0059a9","colorDark":"#00294f","band":4,"off":[-1.7,1.1]}},{"type":"Feature","geometry":{"type":"Point","coordinates":[23.27654,42.701636]},"properties":{"line":"77","mode":"bus","color":"#0059a9","colorDark":"#00294f","band":4,"off":[1.7,1.1]}},{"type":"Feature","geometry":{"type":"Point","coordinates":[23.359824,42.676671]},"properties":{"name":"ХОТЕЛ ПЛИСКА","band":4,"modes":"bus","arr":["72"],"off":[0,-0.8]}},{"type":"Feature","geometry":{"type":"Point","coordinates":[23.359824,42.676671]},"properties":{"line":"72","mode":"bus","color":"#0059a9","colorDark":"#00294f","band":4,"off":[0,1.1]}},{"type":"Feature","geometry":{"type":"Point","coordinates":[23.384688,42.626013]},"properties":{"name":"Ж.К. МЛАДОСТ-4","band":4,"modes":"bus","arr":["76","N1"],"off":[0,-0.8]}},{"type":"Feature","geometry":{"type":"Point","coordinates":[23.384688,42.626013]},"properties":{"line":"76","mode":"bus","color":"#0059a9","colorDark":"#00294f","band":4,"off":[-1.7,1.1]}},{"type":"Feature","geometry":{"type":"Point","coordinates":[23.384688,42.626013]},"properties":{"line":"N1","mode":"bus","color":"#0059a9","colorDark":"#00294f","band":4,"off":[1.7,1.1]}},{"type":"Feature","geometry":{"type":"Point","coordinates":[23.297236,42.660466]},"properties":{"name":"Ж.К. ГОЦЕ ДЕЛЧЕВ","band":4,"modes":"bus","arr":["76","204","N4","ТБ7","ТБ8","ТБ74"],"off":[0,-0.8]}},{"type":"Feature","geometry":{"type":"Point","coordinates":[23.297236,42.660466]},"properties":{"line":"76","mode":"bus","color":"#0059a9","colorDark":"#00294f","band":4,"off":[-6.8,1.1]}},{"type":"Feature","geometry":{"type":"Point","coordinates":[23.297236,42.660466]},"properties":{"line":"204","mode":"bus","color":"#0059a9","colorDark":"#00294f","band":4,"off":[-3.4,1.1]}},{"type":"Feature","geometry":{"type":"Point","coordinates":[23.297236,42.660466]},"properties":{"line":"N4","mode":"bus","color":"#0059a9","colorDark":"#00294f","band":4,"off":[0,1.1]}},{"type":"Feature","geometry":{"type":"Point","coordinates":[23.297236,42.660466]},"properties":{"line":"ТБ7","mode":"bus","color":"#149a3f","colorDark":"#0a5121","band":4,"off":[3.4,1.1]}},{"type":"Feature","geometry":{"type":"Point","coordinates":[23.297236,42.660466]},"properties":{"line":"ТБ8","mode":"bus","color":"#149a3f","colorDark":"#0a5121","band":4,"off":[6.8,1.1]}},{"type":"Feature","geometry":{"type":"Point","coordinates":[23.297236,42.660466]},"properties":{"line":"ТБ74","mode":"bus","color":"#149a3f","colorDark":"#0a5121","band":4,"off":[0,3.1]}},{"type":"Feature","geometry":{"type":"Point","coordinates":[23.379923,42.711868]},"properties":{"name":"Ж.К. ЛЕВСКИ Г","band":4,"modes":"bus","arr":["120","N3"],"off":[0,-0.8]}},{"type":"Feature","geometry":{"type":"Point","coordinates":[23.379923,42.711868]},"properties":{"line":"120","mode":"bus","color":"#0059a9","colorDark":"#00294f","band":4,"off":[-1.7,1.1]}},{"type":"Feature","geometry":{"type":"Point","coordinates":[23.379923,42.711868]},"properties":{"line":"N3","mode":"bus","color":"#0059a9","colorDark":"#00294f","band":4,"off":[1.7,1.1]}},{"type":"Feature","geometry":{"type":"Point","coordinates":[23.328366,42.734011]},"properties":{"name":"СТИНД","band":4,"modes":"bus","arr":["79"],"off":[0,-0.8]}},{"type":"Feature","geometry":{"type":"Point","coordinates":[23.328366,42.734011]},"properties":{"line":"79","mode":"bus","color":"#0059a9","colorDark":"#00294f","band":4,"off":[0,1.1]}},{"type":"Feature","geometry":{"type":"Point","coordinates":[23.311476,42.719123]},"properties":{"name":"БУЛ. ИЛИЯНЦИ-ПОДЛЕЗА","band":4,"modes":"bus","arr":["309"],"off":[0,-0.8]}},{"type":"Feature","geometry":{"type":"Point","coordinates":[23.311476,42.719123]},"properties":{"line":"309","mode":"bus","color":"#0059a9","colorDark":"#00294f","band":4,"off":[0,1.1]}},{"type":"Feature","geometry":{"type":"Point","coordinates":[23.382762,42.68943]},"properties":{"name":"КВ. ХРИСТО БОТЕВ","band":4,"modes":"bus","arr":["79"],"off":[0,-0.8]}},{"type":"Feature","geometry":{"type":"Point","coordinates":[23.382762,42.68943]},"properties":{"line":"79","mode":"bus","color":"#0059a9","colorDark":"#00294f","band":4,"off":[0,1.1]}},{"type":"Feature","geometry":{"type":"Point","coordinates":[23.258388,42.73843]},"properties":{"name":"СЕВЕРНА ПРОМИШЛЕНА ЗОНА","band":4,"modes":"bus","arr":["81"],"off":[0,-0.8]}},{"type":"Feature","geometry":{"type":"Point","coordinates":[23.258388,42.73843]},"properties":{"line":"81","mode":"bus","color":"#0059a9","colorDark":"#00294f","band":4,"off":[0,1.1]}},{"type":"Feature","geometry":{"type":"Point","coordinates":[23.266032,42.74251]},"properties":{"name":"КВ. ОБЕЛЯ","band":4,"modes":"bus","arr":["N2"],"off":[0,-0.8]}},{"type":"Feature","geometry":{"type":"Point","coordinates":[23.266032,42.74251]},"properties":{"line":"N2","mode":"bus","color":"#0059a9","colorDark":"#00294f","band":4,"off":[0,1.1]}},{"type":"Feature","geometry":{"type":"Point","coordinates":[23.237652,42.716461]},"properties":{"name":"Ж.К. ЛЮЛИН-5","band":4,"modes":"bus","arr":["82","108","310"],"off":[0,-0.8]}},{"type":"Feature","geometry":{"type":"Point","coordinates":[23.237652,42.716461]},"properties":{"line":"82","mode":"bus","color":"#0059a9","colorDark":"#00294f","band":4,"off":[-3.4,1.1]}},{"type":"Feature","geometry":{"type":"Point","coordinates":[23.237652,42.716461]},"properties":{"line":"108","mode":"bus","color":"#0059a9","colorDark":"#00294f","band":4,"off":[0,1.1]}},{"type":"Feature","geometry":{"type":"Point","coordinates":[23.237652,42.716461]},"properties":{"line":"310","mode":"bus","color":"#0059a9","colorDark":"#00294f","band":4,"off":[3.4,1.1]}},{"type":"Feature","geometry":{"type":"Point","coordinates":[23.278683,42.682716]},"properties":{"name":"АП ЗЕМЛЯНЕ","band":4,"modes":"bus","arr":["83","102"],"off":[0,-0.8]}},{"type":"Feature","geometry":{"type":"Point","coordinates":[23.278683,42.682716]},"properties":{"line":"83","mode":"bus","color":"#0059a9","colorDark":"#00294f","band":4,"off":[-1.7,1.1]}},{"type":"Feature","geometry":{"type":"Point","coordinates":[23.278683,42.682716]},"properties":{"line":"102","mode":"bus","color":"#0059a9","colorDark":"#00294f","band":4,"off":[1.7,1.1]}},{"type":"Feature","geometry":{"type":"Point","coordinates":[23.275338,42.684788]},"properties":{"name":"БАЛКАНКАР АД","band":4,"modes":"bus","arr":["83","102"],"off":[0,-0.8]}},{"type":"Feature","geometry":{"type":"Point","coordinates":[23.275338,42.684788]},"properties":{"line":"83","mode":"bus","color":"#0059a9","colorDark":"#00294f","band":4,"off":[-1.7,1.1]}},{"type":"Feature","geometry":{"type":"Point","coordinates":[23.275338,42.684788]},"properties":{"line":"102","mode":"bus","color":"#0059a9","colorDark":"#00294f","band":4,"off":[1.7,1.1]}},{"type":"Feature","geometry":{"type":"Point","coordinates":[23.335355,42.692243]},"properties":{"name":"СУ СВ.КЛИМЕНТ ОХРИДСКИ","band":4,"modes":"bus","arr":["94"],"off":[0,-0.8]}},{"type":"Feature","geometry":{"type":"Point","coordinates":[23.335355,42.692243]},"properties":{"line":"94","mode":"bus","color":"#0059a9","colorDark":"#00294f","band":4,"off":[0,1.1]}},{"type":"Feature","geometry":{"type":"Point","coordinates":[23.415101,42.688527]},"properties":{"name":"ЛЕТИЩЕ СОФИЯ ТЕРМИНАЛ 2","band":4,"modes":"bus","arr":["84"],"off":[0,-0.8]}},{"type":"Feature","geometry":{"type":"Point","coordinates":[23.415101,42.688527]},"properties":{"line":"84","mode":"bus","color":"#0059a9","colorDark":"#00294f","band":4,"off":[0,1.1]}},{"type":"Feature","geometry":{"type":"Point","coordinates":[23.361605,42.710809]},"properties":{"name":"Ж.К. ХАДЖИ ДИМИТЪР","band":4,"modes":"bus","arr":["85","285"],"off":[0,-0.8]}},{"type":"Feature","geometry":{"type":"Point","coordinates":[23.361605,42.710809]},"properties":{"line":"85","mode":"bus","color":"#0059a9","colorDark":"#00294f","band":4,"off":[-1.7,1.1]}},{"type":"Feature","geometry":{"type":"Point","coordinates":[23.361605,42.710809]},"properties":{"line":"285","mode":"bus","color":"#0059a9","colorDark":"#00294f","band":4,"off":[1.7,1.1]}},{"type":"Feature","geometry":{"type":"Point","coordinates":[23.290818,42.73936]},"properties":{"name":"Ж.К. ВРЪБНИЦА-2","band":4,"modes":"bus","arr":["85","285"],"off":[0,-0.8]}},{"type":"Feature","geometry":{"type":"Point","coordinates":[23.290818,42.73936]},"properties":{"line":"85","mode":"bus","color":"#0059a9","colorDark":"#00294f","band":4,"off":[-1.7,1.1]}},{"type":"Feature","geometry":{"type":"Point","coordinates":[23.290818,42.73936]},"properties":{"line":"285","mode":"bus","color":"#0059a9","colorDark":"#00294f","band":4,"off":[1.7,1.1]}},{"type":"Feature","geometry":{"type":"Point","coordinates":[23.303211,42.738832]},"properties":{"name":"Ж.К. СВОБОДА","band":4,"modes":"bus","arr":["86"],"off":[0,-0.8]}},{"type":"Feature","geometry":{"type":"Point","coordinates":[23.303211,42.738832]},"properties":{"line":"86","mode":"bus","color":"#0059a9","colorDark":"#00294f","band":4,"off":[0,1.1]}},{"type":"Feature","geometry":{"type":"Point","coordinates":[23.351322,42.710962]},"properties":{"name":"БАЛКАН СТАР","band":4,"modes":"bus","arr":["100"],"off":[0,-0.8]}},{"type":"Feature","geometry":{"type":"Point","coordinates":[23.351322,42.710962]},"properties":{"line":"100","mode":"bus","color":"#0059a9","colorDark":"#00294f","band":4,"off":[0,1.1]}},{"type":"Feature","geometry":{"type":"Point","coordinates":[23.360345,42.715294]},"properties":{"name":"АП МАЛАШЕВЦИ","band":4,"modes":"bus","arr":["86","90"],"off":[0,-0.8]}},{"type":"Feature","geometry":{"type":"Point","coordinates":[23.360345,42.715294]},"properties":{"line":"86","mode":"bus","color":"#0059a9","colorDark":"#00294f","band":4,"off":[-1.7,1.1]}},{"type":"Feature","geometry":{"type":"Point","coordinates":[23.360345,42.715294]},"properties":{"line":"90","mode":"bus","color":"#0059a9","colorDark":"#00294f","band":4,"off":[1.7,1.1]}},{"type":"Feature","geometry":{"type":"Point","coordinates":[23.416311,42.639789]},"properties":{"name":"Ж.К. ДРУЖБА-2","band":4,"modes":"bus","arr":["88","204","304","N4","ТБ4"],"off":[0,-0.8]}},{"type":"Feature","geometry":{"type":"Point","coordinates":[23.416311,42.639789]},"properties":{"line":"88","mode":"bus","color":"#0059a9","colorDark":"#00294f","band":4,"off":[-6.8,1.1]}},{"type":"Feature","geometry":{"type":"Point","coordinates":[23.416311,42.639789]},"properties":{"line":"204","mode":"bus","color":"#0059a9","colorDark":"#00294f","band":4,"off":[-3.4,1.1]}},{"type":"Feature","geometry":{"type":"Point","coordinates":[23.416311,42.639789]},"properties":{"line":"304","mode":"bus","color":"#0059a9","colorDark":"#00294f","band":4,"off":[0,1.1]}},{"type":"Feature","geometry":{"type":"Point","coordinates":[23.416311,42.639789]},"properties":{"line":"N4","mode":"bus","color":"#0059a9","colorDark":"#00294f","band":4,"off":[3.4,1.1]}},{"type":"Feature","geometry":{"type":"Point","coordinates":[23.416311,42.639789]},"properties":{"line":"ТБ4","mode":"bus","color":"#149a3f","colorDark":"#0a5121","band":4,"off":[6.8,1.1]}},{"type":"Feature","geometry":{"type":"Point","coordinates":[23.569005,42.764548]},"properties":{"name":"ГРАД БУХОВО","band":4,"modes":"bus","arr":["90","117"],"off":[0,-0.8]}},{"type":"Feature","geometry":{"type":"Point","coordinates":[23.569005,42.764548]},"properties":{"line":"90","mode":"bus","color":"#0059a9","colorDark":"#00294f","band":4,"off":[-1.7,1.1]}},{"type":"Feature","geometry":{"type":"Point","coordinates":[23.569005,42.764548]},"properties":{"line":"117","mode":"bus","color":"#0059a9","colorDark":"#00294f","band":4,"off":[1.7,1.1]}},{"type":"Feature","geometry":{"type":"Point","coordinates":[23.346421,42.646606]},"properties":{"name":"СТУДЕНТСКИ ГРАД","band":4,"modes":"bus","arr":["94","95","102","280","294","N2"],"off":[0,-0.8]}},{"type":"Feature","geometry":{"type":"Point","coordinates":[23.346421,42.646606]},"properties":{"line":"94","mode":"bus","color":"#0059a9","colorDark":"#00294f","band":4,"off":[-6.8,1.1]}},{"type":"Feature","geometry":{"type":"Point","coordinates":[23.346421,42.646606]},"properties":{"line":"95","mode":"bus","color":"#0059a9","colorDark":"#00294f","band":4,"off":[-3.4,1.1]}},{"type":"Feature","geometry":{"type":"Point","coordinates":[23.346421,42.646606]},"properties":{"line":"102","mode":"bus","color":"#0059a9","colorDark":"#00294f","band":4,"off":[0,1.1]}},{"type":"Feature","geometry":{"type":"Point","coordinates":[23.346421,42.646606]},"properties":{"line":"280","mode":"bus","color":"#0059a9","colorDark":"#00294f","band":4,"off":[3.4,1.1]}},{"type":"Feature","geometry":{"type":"Point","coordinates":[23.346421,42.646606]},"properties":{"line":"294","mode":"bus","color":"#0059a9","colorDark":"#00294f","band":4,"off":[6.8,1.1]}},{"type":"Feature","geometry":{"type":"Point","coordinates":[23.346421,42.646606]},"properties":{"line":"N2","mode":"bus","color":"#0059a9","colorDark":"#00294f","band":4,"off":[0,3.1]}},{"type":"Feature","geometry":{"type":"Point","coordinates":[23.294376,42.65328]},"properties":{"name":"КВ. МАНАСТИРСКИ ЛИВАДИ","band":4,"modes":"bus","arr":["95","ТБ801"],"off":[0,-0.8]}},{"type":"Feature","geometry":{"type":"Point","coordinates":[23.294376,42.65328]},"properties":{"line":"95","mode":"bus","color":"#0059a9","colorDark":"#00294f","band":4,"off":[-1.7,1.1]}},{"type":"Feature","geometry":{"type":"Point","coordinates":[23.294376,42.65328]},"properties":{"line":"ТБ801","mode":"bus","color":"#149a3f","colorDark":"#0a5121","band":4,"off":[1.7,1.1]}},{"type":"Feature","geometry":{"type":"Point","coordinates":[23.350315,42.67186]},"properties":{"name":"МЕТРОСТАНЦИЯ ФР. ЖОЛИО-КЮРИ","band":4,"modes":"bus","arr":["97"],"off":[0,-0.8]}},{"type":"Feature","geometry":{"type":"Point","coordinates":[23.350315,42.67186]},"properties":{"line":"97","mode":"bus","color":"#0059a9","colorDark":"#00294f","band":4,"off":[0,1.1]}},{"type":"Feature","geometry":{"type":"Point","coordinates":[23.370277,42.711508]},"properties":{"name":"ПЪТНОСТРОИТЕЛНА ТЕХНИКА","band":4,"modes":"bus","arr":["100","ТБ1","ТБ3"],"off":[0,-0.8]}},{"type":"Feature","geometry":{"type":"Point","coordinates":[23.370277,42.711508]},"properties":{"name":"Пътностроителна техника","band":4,"modes":"bus","arr":["100","ТБ1","ТБ3"],"off":[0,-3]}},{"type":"Feature","geometry":{"type":"Point","coordinates":[23.370277,42.711508]},"properties":{"line":"100","mode":"bus","color":"#0059a9","colorDark":"#00294f","band":4,"off":[-3.4,1.1]}},{"type":"Feature","geometry":{"type":"Point","coordinates":[23.370277,42.711508]},"properties":{"line":"ТБ1","mode":"bus","color":"#149a3f","colorDark":"#0a5121","band":4,"off":[0,1.1]}},{"type":"Feature","geometry":{"type":"Point","coordinates":[23.370277,42.711508]},"properties":{"line":"ТБ3","mode":"bus","color":"#149a3f","colorDark":"#0a5121","band":4,"off":[3.4,1.1]}},{"type":"Feature","geometry":{"type":"Point","coordinates":[23.329199,42.753721]},"properties":{"name":"ФОНДОВИ ЖИЛИЩА","band":4,"modes":"bus","arr":["101"],"off":[0,-0.8]}},{"type":"Feature","geometry":{"type":"Point","coordinates":[23.329199,42.753721]},"properties":{"line":"101","mode":"bus","color":"#0059a9","colorDark":"#00294f","band":4,"off":[0,1.1]}},{"type":"Feature","geometry":{"type":"Point","coordinates":[23.192213,42.652185]},"properties":{"name":"ВЗ. ЛЮЛИН","band":4,"modes":"bus","arr":["103","803"],"off":[0,-0.8]}},{"type":"Feature","geometry":{"type":"Point","coordinates":[23.192213,42.652185]},"properties":{"line":"103","mode":"bus","color":"#0059a9","colorDark":"#00294f","band":4,"off":[-1.7,1.1]}},{"type":"Feature","geometry":{"type":"Point","coordinates":[23.192213,42.652185]},"properties":{"line":"803","mode":"bus","color":"#0059a9","colorDark":"#00294f","band":4,"off":[1.7,1.1]}},{"type":"Feature","geometry":{"type":"Point","coordinates":[23.220429,42.670994]},"properties":{"name":"КАНТОНА","band":4,"modes":"bus","arr":["803"],"off":[0,-0.8]}},{"type":"Feature","geometry":{"type":"Point","coordinates":[23.220429,42.670994]},"properties":{"line":"803","mode":"bus","color":"#0059a9","colorDark":"#00294f","band":4,"off":[0,1.1]}},{"type":"Feature","geometry":{"type":"Point","coordinates":[23.228602,42.67576]},"properties":{"name":"КВ. ГОРНА БАНЯ","band":4,"modes":"bus","arr":["260"],"off":[0,-0.8]}},{"type":"Feature","geometry":{"type":"Point","coordinates":[23.228602,42.67576]},"properties":{"line":"260","mode":"bus","color":"#0059a9","colorDark":"#00294f","band":4,"off":[0,1.1]}},{"type":"Feature","geometry":{"type":"Point","coordinates":[23.240458,42.679993]},"properties":{"name":"МЕТРОСТАНЦИЯ ГОРНА БАНЯ","band":4,"modes":"bus","arr":["802","803","804","806"],"off":[0,-0.8]}},{"type":"Feature","geometry":{"type":"Point","coordinates":[23.240458,42.679993]},"properties":{"name":"Метростанция Горна баня","band":4,"modes":"bus","arr":["802","803","804","806"],"off":[0,-3]}},{"type":"Feature","geometry":{"type":"Point","coordinates":[23.240458,42.679993]},"properties":{"line":"802","mode":"bus","color":"#0059a9","colorDark":"#00294f","band":4,"off":[-5.1,1.1]}},{"type":"Feature","geometry":{"type":"Point","coordinates":[23.240458,42.679993]},"properties":{"line":"803","mode":"bus","color":"#0059a9","colorDark":"#00294f","band":4,"off":[-1.7,1.1]}},{"type":"Feature","geometry":{"type":"Point","coordinates":[23.240458,42.679993]},"properties":{"line":"804","mode":"bus","color":"#0059a9","colorDark":"#00294f","band":4,"off":[1.7,1.1]}},{"type":"Feature","geometry":{"type":"Point","coordinates":[23.240458,42.679993]},"properties":{"line":"806","mode":"bus","color":"#0059a9","colorDark":"#00294f","band":4,"off":[5.1,1.1]}},{"type":"Feature","geometry":{"type":"Point","coordinates":[23.255623,42.669301]},"properties":{"name":"БУЛ. НИКОЛА ПЕТКОВ","band":4,"modes":"bus","arr":["111","260"],"off":[0,-0.8]}},{"type":"Feature","geometry":{"type":"Point","coordinates":[23.255623,42.669301]},"properties":{"line":"111","mode":"bus","color":"#0059a9","colorDark":"#00294f","band":4,"off":[-1.7,1.1]}},{"type":"Feature","geometry":{"type":"Point","coordinates":[23.255623,42.669301]},"properties":{"line":"260","mode":"bus","color":"#0059a9","colorDark":"#00294f","band":4,"off":[1.7,1.1]}},{"type":"Feature","geometry":{"type":"Point","coordinates":[23.272025,42.672772]},"properties":{"name":"АВТОСТАНЦИЯ ОВЧА КУПЕЛ","band":4,"modes":"bus","arr":["103"],"off":[0,-0.8]}},{"type":"Feature","geometry":{"type":"Point","coordinates":[23.272025,42.672772]},"properties":{"line":"103","mode":"bus","color":"#0059a9","colorDark":"#00294f","band":4,"off":[0,1.1]}},{"type":"Feature","geometry":{"type":"Point","coordinates":[23.24096,42.668145]},"properties":{"name":"КВ. КАРПУЗИЦА","band":4,"modes":"bus","arr":["107"],"off":[0,-0.8]}},{"type":"Feature","geometry":{"type":"Point","coordinates":[23.24096,42.668145]},"properties":{"line":"107","mode":"bus","color":"#0059a9","colorDark":"#00294f","band":4,"off":[0,1.1]}},{"type":"Feature","geometry":{"type":"Point","coordinates":[23.24706,42.729631]},"properties":{"name":"Ж.К. ЛЮЛИН-1,2","band":4,"modes":"bus","arr":["111","309","N1"],"off":[0,-0.8]}},{"type":"Feature","geometry":{"type":"Point","coordinates":[23.24706,42.729631]},"properties":{"line":"111","mode":"bus","color":"#0059a9","colorDark":"#00294f","band":4,"off":[-3.4,1.1]}},{"type":"Feature","geometry":{"type":"Point","coordinates":[23.24706,42.729631]},"properties":{"line":"309","mode":"bus","color":"#0059a9","colorDark":"#00294f","band":4,"off":[0,1.1]}},{"type":"Feature","geometry":{"type":"Point","coordinates":[23.24706,42.729631]},"properties":{"line":"N1","mode":"bus","color":"#0059a9","colorDark":"#00294f","band":4,"off":[3.4,1.1]}},{"type":"Feature","geometry":{"type":"Point","coordinates":[23.367862,42.651186]},"properties":{"name":"Ж.К. МЛАДОСТ-1","band":4,"modes":"bus","arr":["111","184","X10","ТБ73"],"off":[0,-0.8]}},{"type":"Feature","geometry":{"type":"Point","coordinates":[23.367862,42.651186]},"properties":{"line":"111","mode":"bus","color":"#0059a9","colorDark":"#00294f","band":4,"off":[-5.1,1.1]}},{"type":"Feature","geometry":{"type":"Point","coordinates":[23.367862,42.651186]},"properties":{"line":"184","mode":"bus","color":"#0059a9","colorDark":"#00294f","band":4,"off":[-1.7,1.1]}},{"type":"Feature","geometry":{"type":"Point","coordinates":[23.367862,42.651186]},"properties":{"line":"X10","mode":"bus","color":"#0059a9","colorDark":"#00294f","band":4,"off":[1.7,1.1]}},{"type":"Feature","geometry":{"type":"Point","coordinates":[23.367862,42.651186]},"properties":{"line":"ТБ73","mode":"bus","color":"#149a3f","colorDark":"#0a5121","band":4,"off":[5.1,1.1]}},{"type":"Feature","geometry":{"type":"Point","coordinates":[23.372881,42.629033]},"properties":{"name":"МЕТРОСТАНЦИЯ БИЗНЕС ПАРК","band":4,"modes":"bus","arr":["180","182"],"off":[0,-0.8]}},{"type":"Feature","geometry":{"type":"Point","coordinates":[23.372881,42.629033]},"properties":{"line":"180","mode":"bus","color":"#0059a9","colorDark":"#00294f","band":4,"off":[-1.7,1.1]}},{"type":"Feature","geometry":{"type":"Point","coordinates":[23.372881,42.629033]},"properties":{"line":"182","mode":"bus","color":"#0059a9","colorDark":"#00294f","band":4,"off":[1.7,1.1]}},{"type":"Feature","geometry":{"type":"Point","coordinates":[23.605664,42.744534]},"properties":{"name":"СЕЛО ЖЕЛЯВА","band":4,"modes":"bus","arr":["118"],"off":[0,-0.8]}},{"type":"Feature","geometry":{"type":"Point","coordinates":[23.605664,42.744534]},"properties":{"line":"118","mode":"bus","color":"#0059a9","colorDark":"#00294f","band":4,"off":[0,1.1]}},{"type":"Feature","geometry":{"type":"Point","coordinates":[23.515441,42.73671]},"properties":{"name":"СУПЕРМАРКЕТ","band":4,"modes":"bus","arr":["119"],"off":[0,-0.8]}},{"type":"Feature","geometry":{"type":"Point","coordinates":[23.515441,42.73671]},"properties":{"line":"119","mode":"bus","color":"#0059a9","colorDark":"#00294f","band":4,"off":[0,1.1]}},{"type":"Feature","geometry":{"type":"Point","coordinates":[23.518626,42.743294]},"properties":{"name":"МК КРЕМИКОВЦИ","band":4,"modes":"bus","arr":["119"],"off":[0,-0.8]}},{"type":"Feature","geometry":{"type":"Point","coordinates":[23.518626,42.743294]},"properties":{"line":"119","mode":"bus","color":"#0059a9","colorDark":"#00294f","band":4,"off":[0,1.1]}},{"type":"Feature","geometry":{"type":"Point","coordinates":[23.247872,42.753714]},"properties":{"name":"ПЛОДОХРАНИЛИЩЕ","band":4,"modes":"bus","arr":["150"],"off":[0,-0.8]}},{"type":"Feature","geometry":{"type":"Point","coordinates":[23.247872,42.753714]},"properties":{"line":"150","mode":"bus","color":"#0059a9","colorDark":"#00294f","band":4,"off":[0,1.1]}},{"type":"Feature","geometry":{"type":"Point","coordinates":[23.414466,42.576851]},"properties":{"name":"СЕЛО КОКАЛЯНЕ","band":4,"modes":"bus","arr":["181"],"off":[0,-0.8]}},{"type":"Feature","geometry":{"type":"Point","coordinates":[23.414466,42.576851]},"properties":{"line":"181","mode":"bus","color":"#0059a9","colorDark":"#00294f","band":4,"off":[0,1.1]}},{"type":"Feature","geometry":{"type":"Point","coordinates":[23.423997,42.582853]},"properties":{"name":"КОКАЛЯНСКО ХАНЧЕ - ПО ЖЕЛАНИЕ","band":4,"modes":"bus","arr":["181","184"],"off":[0,-0.8]}},{"type":"Feature","geometry":{"type":"Point","coordinates":[23.423997,42.582853]},"properties":{"line":"181","mode":"bus","color":"#0059a9","colorDark":"#00294f","band":4,"off":[-1.7,1.1]}},{"type":"Feature","geometry":{"type":"Point","coordinates":[23.423997,42.582853]},"properties":{"line":"184","mode":"bus","color":"#0059a9","colorDark":"#00294f","band":4,"off":[1.7,1.1]}},{"type":"Feature","geometry":{"type":"Point","coordinates":[23.409119,42.595594]},"properties":{"name":"83-ТО ОУ ПАНЧАРЕВО","band":4,"modes":"bus","arr":["181"],"off":[0,-0.8]}},{"type":"Feature","geometry":{"type":"Point","coordinates":[23.409119,42.595594]},"properties":{"line":"181","mode":"bus","color":"#0059a9","colorDark":"#00294f","band":4,"off":[0,1.1]}},{"type":"Feature","geometry":{"type":"Point","coordinates":[23.410497,42.609731]},"properties":{"name":"СЕЛО ГЕРМАН","band":4,"modes":"bus","arr":["188","ТБE186"],"off":[0,-0.8]}},{"type":"Feature","geometry":{"type":"Point","coordinates":[23.410497,42.609731]},"properties":{"name":"село Герман","band":4,"modes":"bus","arr":["188","ТБE186"],"off":[0,-1.9]}},{"type":"Feature","geometry":{"type":"Point","coordinates":[23.410497,42.609731]},"properties":{"line":"188","mode":"bus","color":"#0059a9","colorDark":"#00294f","band":4,"off":[-1.7,1.1]}},{"type":"Feature","geometry":{"type":"Point","coordinates":[23.410497,42.609731]},"properties":{"line":"ТБE186","mode":"bus","color":"#149a3f","colorDark":"#0a5121","band":4,"off":[1.7,1.1]}},{"type":"Feature","geometry":{"type":"Point","coordinates":[23.49796,42.541527]},"properties":{"name":"СЕЛО ДОЛНИ ПАСАРЕЛ","band":4,"modes":"bus","arr":["183"],"off":[0,-0.8]}},{"type":"Feature","geometry":{"type":"Point","coordinates":[23.49796,42.541527]},"properties":{"line":"183","mode":"bus","color":"#0059a9","colorDark":"#00294f","band":4,"off":[0,1.1]}},{"type":"Feature","geometry":{"type":"Point","coordinates":[23.499888,42.599594]},"properties":{"name":"СЕЛО ДОЛНИ ЛОЗЕН","band":4,"modes":"bus","arr":["185"],"off":[0,-0.8]}},{"type":"Feature","geometry":{"type":"Point","coordinates":[23.499888,42.599594]},"properties":{"line":"185","mode":"bus","color":"#0059a9","colorDark":"#00294f","band":4,"off":[0,1.1]}},{"type":"Feature","geometry":{"type":"Point","coordinates":[23.507655,42.595046]},"properties":{"name":"ШКОЛА БЧК","band":4,"modes":"bus","arr":["185"],"off":[0,-0.8]}},{"type":"Feature","geometry":{"type":"Point","coordinates":[23.507655,42.595046]},"properties":{"line":"185","mode":"bus","color":"#0059a9","colorDark":"#00294f","band":4,"off":[0,1.1]}},{"type":"Feature","geometry":{"type":"Point","coordinates":[23.521008,42.641439]},"properties":{"name":"ЖП ГАРА ВЕРИЛА","band":4,"modes":"bus","arr":["187"],"off":[0,-0.8]}},{"type":"Feature","geometry":{"type":"Point","coordinates":[23.521008,42.641439]},"properties":{"line":"187","mode":"bus","color":"#0059a9","colorDark":"#00294f","band":4,"off":[0,1.1]}},{"type":"Feature","geometry":{"type":"Point","coordinates":[23.381734,42.626512]},"properties":{"name":"БЛ. 480 Ж.К. МЛАДОСТ-4","band":4,"modes":"bus","arr":["213"],"off":[0,-0.8]}},{"type":"Feature","geometry":{"type":"Point","coordinates":[23.381734,42.626512]},"properties":{"line":"213","mode":"bus","color":"#0059a9","colorDark":"#00294f","band":4,"off":[0,1.1]}},{"type":"Feature","geometry":{"type":"Point","coordinates":[23.313376,42.689045]},"properties":{"name":"БУЛ. ПРАГА","band":4,"modes":"bus","arr":["260"],"off":[0,-0.8]}},{"type":"Feature","geometry":{"type":"Point","coordinates":[23.313376,42.689045]},"properties":{"line":"260","mode":"bus","color":"#0059a9","colorDark":"#00294f","band":4,"off":[0,1.1]}},{"type":"Feature","geometry":{"type":"Point","coordinates":[23.397778,42.639131]},"properties":{"name":"КУЛИНАРЕН К-Т ПЕЙФИЛ","band":4,"modes":"bus","arr":["305"],"off":[0,-0.8]}},{"type":"Feature","geometry":{"type":"Point","coordinates":[23.397778,42.639131]},"properties":{"line":"305","mode":"bus","color":"#0059a9","colorDark":"#00294f","band":4,"off":[0,1.1]}},{"type":"Feature","geometry":{"type":"Point","coordinates":[23.367477,42.645588]},"properties":{"name":"Ж.К. МЛАДОСТ-2","band":4,"modes":"bus","arr":["314"],"off":[0,-0.8]}},{"type":"Feature","geometry":{"type":"Point","coordinates":[23.367477,42.645588]},"properties":{"line":"314","mode":"bus","color":"#0059a9","colorDark":"#00294f","band":4,"off":[0,1.1]}},{"type":"Feature","geometry":{"type":"Point","coordinates":[23.416165,42.649318]},"properties":{"name":"АП ДРУЖБА","band":4,"modes":"bus","arr":["404"],"off":[0,-0.8]}},{"type":"Feature","geometry":{"type":"Point","coordinates":[23.416165,42.649318]},"properties":{"line":"404","mode":"bus","color":"#0059a9","colorDark":"#00294f","band":4,"off":[0,1.1]}},{"type":"Feature","geometry":{"type":"Point","coordinates":[23.379918,42.623684]},"properties":{"name":"ТЕХНОПОЛИС Ж.К. МЛАДОСТ-4","band":4,"modes":"bus","arr":["413"],"off":[0,-0.8]}},{"type":"Feature","geometry":{"type":"Point","coordinates":[23.379918,42.623684]},"properties":{"line":"413","mode":"bus","color":"#0059a9","colorDark":"#00294f","band":4,"off":[0,1.1]}},{"type":"Feature","geometry":{"type":"Point","coordinates":[23.305619,42.689547]},"properties":{"name":"УМБАЛСМ ПИРОГОВ","band":4,"modes":"bus","arr":["604"],"off":[0,-0.8]}},{"type":"Feature","geometry":{"type":"Point","coordinates":[23.305619,42.689547]},"properties":{"line":"604","mode":"bus","color":"#0059a9","colorDark":"#00294f","band":4,"off":[0,1.1]}},{"type":"Feature","geometry":{"type":"Point","coordinates":[23.334085,42.695642]},"properties":{"name":"ПЛ. СВ. АЛЕКСАНДЪР НЕВСКИ","band":4,"modes":"bus","arr":["X43"],"off":[0,-0.8]}},{"type":"Feature","geometry":{"type":"Point","coordinates":[23.334085,42.695642]},"properties":{"line":"X43","mode":"bus","color":"#0059a9","colorDark":"#00294f","band":4,"off":[0,1.1]}},{"type":"Feature","geometry":{"type":"Point","coordinates":[23.372894,42.640386]},"properties":{"name":"МЕТРОСТАНЦИЯ АКАД. А. Т.- БАЛАН","band":4,"modes":"bus","arr":["X9"],"off":[0,-0.8]}},{"type":"Feature","geometry":{"type":"Point","coordinates":[23.372894,42.640386]},"properties":{"line":"X9","mode":"bus","color":"#0059a9","colorDark":"#00294f","band":4,"off":[0,1.1]}},{"type":"Feature","geometry":{"type":"Point","coordinates":[23.314716,42.675783]},"properties":{"name":"Ж.К. ЛОЗЕНЕЦ","band":4,"modes":"bus","arr":["X9","ТБ6"],"off":[0,-0.8]}},{"type":"Feature","geometry":{"type":"Point","coordinates":[23.314716,42.675783]},"properties":{"line":"X9","mode":"bus","color":"#0059a9","colorDark":"#00294f","band":4,"off":[-1.7,1.1]}},{"type":"Feature","geometry":{"type":"Point","coordinates":[23.314716,42.675783]},"properties":{"line":"ТБ6","mode":"bus","color":"#149a3f","colorDark":"#0a5121","band":4,"off":[1.7,1.1]}},{"type":"Feature","geometry":{"type":"Point","coordinates":[23.310732,42.701812]},"properties":{"name":"УЛ. ПИРОТСКА","band":4,"modes":"bus","arr":["ТБ60"],"off":[0,-0.8]}},{"type":"Feature","geometry":{"type":"Point","coordinates":[23.310732,42.701812]},"properties":{"line":"ТБ60","mode":"bus","color":"#149a3f","colorDark":"#0a5121","band":4,"off":[0,1.1]}},{"type":"Feature","geometry":{"type":"Point","coordinates":[23.312616,42.712229]},"properties":{"name":"ПЕТА ГРАДСКА БОЛНИЦА","band":4,"modes":"bus","arr":["ТБ1"],"off":[0,-0.8]}},{"type":"Feature","geometry":{"type":"Point","coordinates":[23.312616,42.712229]},"properties":{"line":"ТБ1","mode":"bus","color":"#149a3f","colorDark":"#0a5121","band":4,"off":[0,1.1]}},{"type":"Feature","geometry":{"type":"Point","coordinates":[23.349089,42.710151]},"properties":{"name":"ж.к. Хаджи Димитър","band":4,"modes":"bus","arr":["ТБ2","ТБ4"],"off":[0,-0.8]}},{"type":"Feature","geometry":{"type":"Point","coordinates":[23.349089,42.710151]},"properties":{"line":"ТБ2","mode":"bus","color":"#149a3f","colorDark":"#0a5121","band":4,"off":[-1.7,1.1]}},{"type":"Feature","geometry":{"type":"Point","coordinates":[23.349089,42.710151]},"properties":{"line":"ТБ4","mode":"bus","color":"#149a3f","colorDark":"#0a5121","band":4,"off":[1.7,1.1]}},{"type":"Feature","geometry":{"type":"Point","coordinates":[23.349539,42.710351]},"properties":{"name":"Ж.К. ХАДЖИ ДИМИТЪР","band":4,"modes":"bus","arr":["ТБ2","ТБ4"],"off":[0,-0.8]}},{"type":"Feature","geometry":{"type":"Point","coordinates":[23.349539,42.710351]},"properties":{"line":"ТБ2","mode":"bus","color":"#149a3f","colorDark":"#0a5121","band":4,"off":[-1.7,1.1]}},{"type":"Feature","geometry":{"type":"Point","coordinates":[23.349539,42.710351]},"properties":{"line":"ТБ4","mode":"bus","color":"#149a3f","colorDark":"#0a5121","band":4,"off":[1.7,1.1]}},{"type":"Feature","geometry":{"type":"Point","coordinates":[23.374056,42.660171]},"properties":{"name":"УМБАЛ СВ. АННА-УХО","band":4,"modes":"bus","arr":["ТБ3","ТБ5"],"off":[0,-0.8]}},{"type":"Feature","geometry":{"type":"Point","coordinates":[23.374056,42.660171]},"properties":{"line":"ТБ3","mode":"bus","color":"#149a3f","colorDark":"#0a5121","band":4,"off":[-1.7,1.1]}},{"type":"Feature","geometry":{"type":"Point","coordinates":[23.374056,42.660171]},"properties":{"line":"ТБ5","mode":"bus","color":"#149a3f","colorDark":"#0a5121","band":4,"off":[1.7,1.1]}},{"type":"Feature","geometry":{"type":"Point","coordinates":[23.369529,42.670034]},"properties":{"name":"ПЛОЩАД НА АВИАЦИЯТА","band":4,"modes":"bus","arr":["ТБ3","ТБ5"],"off":[0,-0.8]}},{"type":"Feature","geometry":{"type":"Point","coordinates":[23.369529,42.670034]},"properties":{"line":"ТБ3","mode":"bus","color":"#149a3f","colorDark":"#0a5121","band":4,"off":[-1.7,1.1]}},{"type":"Feature","geometry":{"type":"Point","coordinates":[23.369529,42.670034]},"properties":{"line":"ТБ5","mode":"bus","color":"#149a3f","colorDark":"#0a5121","band":4,"off":[1.7,1.1]}},{"type":"Feature","geometry":{"type":"Point","coordinates":[23.382589,42.67381]},"properties":{"name":"БУЛ. ПРОФ.ЦВ. ЛАЗАРОВ","band":4,"modes":"bus","arr":["ТБ4"],"off":[0,-0.8]}},{"type":"Feature","geometry":{"type":"Point","coordinates":[23.382589,42.67381]},"properties":{"line":"ТБ4","mode":"bus","color":"#149a3f","colorDark":"#0a5121","band":4,"off":[0,1.1]}},{"type":"Feature","geometry":{"type":"Point","coordinates":[23.391954,42.66054]},"properties":{"name":"БУЛ. ХРИСТОФОР КОЛУМБ","band":4,"modes":"bus","arr":["ТБ4"],"off":[0,-0.8]}},{"type":"Feature","geometry":{"type":"Point","coordinates":[23.391954,42.66054]},"properties":{"line":"ТБ4","mode":"bus","color":"#149a3f","colorDark":"#0a5121","band":4,"off":[0,1.1]}},{"type":"Feature","geometry":{"type":"Point","coordinates":[23.308117,42.712924]},"properties":{"name":"УЛ. ВИШОВГРАД","band":4,"modes":"bus","arr":["ТБ5"],"off":[0,-0.8]}},{"type":"Feature","geometry":{"type":"Point","coordinates":[23.308117,42.712924]},"properties":{"line":"ТБ5","mode":"bus","color":"#149a3f","colorDark":"#0a5121","band":4,"off":[0,1.1]}},{"type":"Feature","geometry":{"type":"Point","coordinates":[23.308181,42.714079]},"properties":{"name":"Надлез Надежда","band":4,"modes":"bus","arr":["ТБ5"],"off":[0,-0.8]}},{"type":"Feature","geometry":{"type":"Point","coordinates":[23.308181,42.714079]},"properties":{"line":"ТБ5","mode":"bus","color":"#149a3f","colorDark":"#0a5121","band":4,"off":[0,1.1]}},{"type":"Feature","geometry":{"type":"Point","coordinates":[23.240493,42.721706]},"properties":{"name":"Ж.К. ЛЮЛИН-3 - УХО","band":4,"modes":"bus","arr":["ТБ6","ТБ7"],"off":[0,-0.8]}},{"type":"Feature","geometry":{"type":"Point","coordinates":[23.240493,42.721706]},"properties":{"line":"ТБ6","mode":"bus","color":"#149a3f","colorDark":"#0a5121","band":4,"off":[-1.7,1.1]}},{"type":"Feature","geometry":{"type":"Point","coordinates":[23.240493,42.721706]},"properties":{"line":"ТБ7","mode":"bus","color":"#149a3f","colorDark":"#0a5121","band":4,"off":[1.7,1.1]}},{"type":"Feature","geometry":{"type":"Point","coordinates":[23.299979,42.706757]},"properties":{"name":"БУЛ. К. ВЕЛИЧКОВ","band":4,"modes":"bus","arr":["ТБ6","ТБ7"],"off":[0,-0.8]}},{"type":"Feature","geometry":{"type":"Point","coordinates":[23.299979,42.706757]},"properties":{"line":"ТБ6","mode":"bus","color":"#149a3f","colorDark":"#0a5121","band":4,"off":[-1.7,1.1]}},{"type":"Feature","geometry":{"type":"Point","coordinates":[23.299979,42.706757]},"properties":{"line":"ТБ7","mode":"bus","color":"#149a3f","colorDark":"#0a5121","band":4,"off":[1.7,1.1]}},{"type":"Feature","geometry":{"type":"Point","coordinates":[23.314985,42.675569]},"properties":{"name":"ПК СПАРТАК","band":4,"modes":"bus","arr":["ТБ6"],"off":[0,-0.8]}},{"type":"Feature","geometry":{"type":"Point","coordinates":[23.314985,42.675569]},"properties":{"line":"ТБ6","mode":"bus","color":"#149a3f","colorDark":"#0a5121","band":4,"off":[0,1.1]}},{"type":"Feature","geometry":{"type":"Point","coordinates":[23.3331,42.704321]},"properties":{"name":"ПЛ. СТОЧНА ГАРА","band":4,"modes":"bus","arr":["ТБ8","ТБ11"],"off":[0,-0.8]}},{"type":"Feature","geometry":{"type":"Point","coordinates":[23.3331,42.704321]},"properties":{"line":"ТБ8","mode":"bus","color":"#149a3f","colorDark":"#0a5121","band":4,"off":[-1.7,1.1]}},{"type":"Feature","geometry":{"type":"Point","coordinates":[23.3331,42.704321]},"properties":{"line":"ТБ11","mode":"bus","color":"#149a3f","colorDark":"#0a5121","band":4,"off":[1.7,1.1]}},{"type":"Feature","geometry":{"type":"Point","coordinates":[23.307342,42.706341]},"properties":{"name":"Ж.К. БАНИШОРА","band":4,"modes":"bus","arr":["ТБ6","ТБ7"],"off":[0,-0.8]}},{"type":"Feature","geometry":{"type":"Point","coordinates":[23.307342,42.706341]},"properties":{"line":"ТБ6","mode":"bus","color":"#149a3f","colorDark":"#0a5121","band":4,"off":[-1.7,1.1]}},{"type":"Feature","geometry":{"type":"Point","coordinates":[23.307342,42.706341]},"properties":{"line":"ТБ7","mode":"bus","color":"#149a3f","colorDark":"#0a5121","band":4,"off":[1.7,1.1]}},{"type":"Feature","geometry":{"type":"Point","coordinates":[23.279785,42.669383]},"properties":{"name":"Ж.К. БОРОВО","band":4,"modes":"bus","arr":["ТБ9"],"off":[0,-0.8]}},{"type":"Feature","geometry":{"type":"Point","coordinates":[23.279785,42.669383]},"properties":{"line":"ТБ9","mode":"bus","color":"#149a3f","colorDark":"#0a5121","band":4,"off":[0,1.1]}},{"type":"Feature","geometry":{"type":"Point","coordinates":[23.27981,42.669075]},"properties":{"name":"ж.к. Борово","band":4,"modes":"bus","arr":["ТБ9"],"off":[0,-0.8]}},{"type":"Feature","geometry":{"type":"Point","coordinates":[23.27981,42.669075]},"properties":{"line":"ТБ9","mode":"bus","color":"#149a3f","colorDark":"#0a5121","band":4,"off":[0,1.1]}},{"type":"Feature","geometry":{"type":"Point","coordinates":[23.4113,42.654383]},"properties":{"name":"Ж.К. ДРУЖБА -1","band":4,"modes":"bus","arr":["ТБ11"],"off":[0,-0.8]}},{"type":"Feature","geometry":{"type":"Point","coordinates":[23.4113,42.654383]},"properties":{"name":"ДЕПО ИСКЪР","band":4,"modes":"bus","arr":["ТБ11"],"off":[0,-1.9]}},{"type":"Feature","geometry":{"type":"Point","coordinates":[23.4113,42.654383]},"properties":{"line":"ТБ11","mode":"bus","color":"#149a3f","colorDark":"#0a5121","band":4,"off":[0,1.1]}},{"type":"Feature","geometry":{"type":"Point","coordinates":[23.268338,42.677648]},"properties":{"name":"НЦ ПО РЕХАБИЛИТАЦИЯ","band":4,"modes":"bus","arr":["ТБ73"],"off":[0,-0.8]}},{"type":"Feature","geometry":{"type":"Point","coordinates":[23.268338,42.677648]},"properties":{"line":"ТБ73","mode":"bus","color":"#149a3f","colorDark":"#0a5121","band":4,"off":[0,1.1]}},{"type":"Feature","geometry":{"type":"Point","coordinates":[23.318423,42.711922]},"properties":{"name":"БУЛ. КН. МАРИЯ ЛУИЗА","band":4,"modes":"bus","arr":["ТБ60","ТБ74"],"off":[0,-0.8]}},{"type":"Feature","geometry":{"type":"Point","coordinates":[23.318423,42.711922]},"properties":{"line":"ТБ60","mode":"bus","color":"#149a3f","colorDark":"#0a5121","band":4,"off":[-1.7,1.1]}},{"type":"Feature","geometry":{"type":"Point","coordinates":[23.318423,42.711922]},"properties":{"line":"ТБ74","mode":"bus","color":"#149a3f","colorDark":"#0a5121","band":4,"off":[1.7,1.1]}},{"type":"Feature","geometry":{"type":"Point","coordinates":[23.376198,42.656627]},"properties":{"name":"БЛ. 41 Ж.К. МЛАДОСТ-1","band":4,"modes":"bus","arr":["ТБ73"],"off":[0,-0.8]}},{"type":"Feature","geometry":{"type":"Point","coordinates":[23.376198,42.656627]},"properties":{"line":"ТБ73","mode":"bus","color":"#149a3f","colorDark":"#0a5121","band":4,"off":[0,1.1]}},{"type":"Feature","geometry":{"type":"Point","coordinates":[23.376525,42.662713]},"properties":{"name":"УМБАЛ СВ. АННА","band":4,"modes":"bus","arr":["ТБ73"],"off":[0,-0.8]}},{"type":"Feature","geometry":{"type":"Point","coordinates":[23.376525,42.662713]},"properties":{"line":"ТБ73","mode":"bus","color":"#149a3f","colorDark":"#0a5121","band":4,"off":[0,1.1]}},{"type":"Feature","geometry":{"type":"Point","coordinates":[23.297201,42.660656]},"properties":{"name":"ж.к. Гоце Делчев","band":4,"modes":"bus","arr":["ТБ74","ТБ288"],"off":[0,-0.8]}},{"type":"Feature","geometry":{"type":"Point","coordinates":[23.297201,42.660656]},"properties":{"line":"ТБ74","mode":"bus","color":"#149a3f","colorDark":"#0a5121","band":4,"off":[-1.7,1.1]}},{"type":"Feature","geometry":{"type":"Point","coordinates":[23.297201,42.660656]},"properties":{"line":"ТБ288","mode":"bus","color":"#149a3f","colorDark":"#0a5121","band":4,"off":[1.7,1.1]}},{"type":"Feature","geometry":{"type":"Point","coordinates":[23.348959,42.617068]},"properties":{"name":"ЛИФТА СИМЕОНОВО","band":4,"modes":"bus","arr":["ТБ123"],"off":[0,-0.8]}},{"type":"Feature","geometry":{"type":"Point","coordinates":[23.348959,42.617068]},"properties":{"line":"ТБ123","mode":"bus","color":"#149a3f","colorDark":"#0a5121","band":4,"off":[0,1.1]}},{"type":"Feature","geometry":{"type":"Point","coordinates":[23.284186,42.678398]},"properties":{"name":"Ж.к. Красно село","band":4,"modes":"bus","arr":["ТБ801"],"off":[0,-0.8]}},{"type":"Feature","geometry":{"type":"Point","coordinates":[23.284186,42.678398]},"properties":{"line":"ТБ801","mode":"bus","color":"#149a3f","colorDark":"#0a5121","band":4,"off":[0,1.1]}},{"type":"Feature","geometry":{"type":"Point","coordinates":[23.304798,42.676712]},"properties":{"name":"Ж.К. ИВАН ВАЗОВ","band":4,"modes":"tram","arr":["ТМ1","ТМ6"],"off":[0,-0.8]}},{"type":"Feature","geometry":{"type":"Point","coordinates":[23.304798,42.676712]},"properties":{"line":"ТМ1","mode":"tram","color":"#d6212b","colorDark":"#7c1116","band":4,"off":[-1.7,1.1]}},{"type":"Feature","geometry":{"type":"Point","coordinates":[23.304798,42.676712]},"properties":{"line":"ТМ6","mode":"tram","color":"#d6212b","colorDark":"#7c1116","band":4,"off":[1.7,1.1]}},{"type":"Feature","geometry":{"type":"Point","coordinates":[23.315131,42.69409]},"properties":{"name":"ПЛ. МАКЕДОНИЯ","band":4,"modes":"tram","arr":["ТМ7","ТМ15","ТМ27"],"off":[0,-0.8]}},{"type":"Feature","geometry":{"type":"Point","coordinates":[23.315131,42.69409]},"properties":{"line":"ТМ7","mode":"tram","color":"#d6212b","colorDark":"#7c1116","band":4,"off":[-3.4,1.1]}},{"type":"Feature","geometry":{"type":"Point","coordinates":[23.315131,42.69409]},"properties":{"line":"ТМ15","mode":"tram","color":"#d6212b","colorDark":"#7c1116","band":4,"off":[0,1.1]}},{"type":"Feature","geometry":{"type":"Point","coordinates":[23.315131,42.69409]},"properties":{"line":"ТМ27","mode":"tram","color":"#d6212b","colorDark":"#7c1116","band":4,"off":[3.4,1.1]}},{"type":"Feature","geometry":{"type":"Point","coordinates":[23.30058,42.699976]},"properties":{"name":"УЛ. ДИМИТЪР ПЕТКОВ","band":4,"modes":"tram","arr":["ТМ1","ТМ3","ТМ6","ТМ8","ТМ10","ТМ22А"],"off":[0,-0.8]}},{"type":"Feature","geometry":{"type":"Point","coordinates":[23.30058,42.699976]},"properties":{"line":"ТМ1","mode":"tram","color":"#d6212b","colorDark":"#7c1116","band":4,"off":[-6.8,1.1]}},{"type":"Feature","geometry":{"type":"Point","coordinates":[23.30058,42.699976]},"properties":{"line":"ТМ3","mode":"tram","color":"#d6212b","colorDark":"#7c1116","band":4,"off":[-3.4,1.1]}},{"type":"Feature","geometry":{"type":"Point","coordinates":[23.30058,42.699976]},"properties":{"line":"ТМ6","mode":"tram","color":"#d6212b","colorDark":"#7c1116","band":4,"off":[0,1.1]}},{"type":"Feature","geometry":{"type":"Point","coordinates":[23.30058,42.699976]},"properties":{"line":"ТМ8","mode":"tram","color":"#d6212b","colorDark":"#7c1116","band":4,"off":[3.4,1.1]}},{"type":"Feature","geometry":{"type":"Point","coordinates":[23.30058,42.699976]},"properties":{"line":"ТМ10","mode":"tram","color":"#d6212b","colorDark":"#7c1116","band":4,"off":[6.8,1.1]}},{"type":"Feature","geometry":{"type":"Point","coordinates":[23.30058,42.699976]},"properties":{"line":"ТМ22А","mode":"tram","color":"#d6212b","colorDark":"#7c1116","band":4,"off":[0,3.1]}},{"type":"Feature","geometry":{"type":"Point","coordinates":[23.277754,42.701694]},"properties":{"name":"Ж.К. ЗАПАДЕН ПАРК","band":4,"modes":"tram","arr":["ТМ1","ТМ10"],"off":[0,-0.8]}},{"type":"Feature","geometry":{"type":"Point","coordinates":[23.277754,42.701694]},"properties":{"line":"ТМ1","mode":"tram","color":"#d6212b","colorDark":"#7c1116","band":4,"off":[-1.7,1.1]}},{"type":"Feature","geometry":{"type":"Point","coordinates":[23.277754,42.701694]},"properties":{"line":"ТМ10","mode":"tram","color":"#d6212b","colorDark":"#7c1116","band":4,"off":[1.7,1.1]}},{"type":"Feature","geometry":{"type":"Point","coordinates":[23.296842,42.700524]},"properties":{"name":"БУЛ. К. ВЕЛИЧКОВ","band":4,"modes":"tram","arr":["ТМ8","ТМ10"],"off":[0,-0.8]}},{"type":"Feature","geometry":{"type":"Point","coordinates":[23.296842,42.700524]},"properties":{"line":"ТМ8","mode":"tram","color":"#d6212b","colorDark":"#7c1116","band":4,"off":[-1.7,1.1]}},{"type":"Feature","geometry":{"type":"Point","coordinates":[23.296842,42.700524]},"properties":{"line":"ТМ10","mode":"tram","color":"#d6212b","colorDark":"#7c1116","band":4,"off":[1.7,1.1]}},{"type":"Feature","geometry":{"type":"Point","coordinates":[23.338805,42.717633]},"properties":{"name":"Кв. Орландовци","band":4,"modes":"tram","arr":["ТМ3","ТМ4","ТМ18"],"off":[0,-0.8]}},{"type":"Feature","geometry":{"type":"Point","coordinates":[23.338805,42.717633]},"properties":{"line":"ТМ3","mode":"tram","color":"#d6212b","colorDark":"#7c1116","band":4,"off":[-3.4,1.1]}},{"type":"Feature","geometry":{"type":"Point","coordinates":[23.338805,42.717633]},"properties":{"line":"ТМ4","mode":"tram","color":"#d6212b","colorDark":"#7c1116","band":4,"off":[0,1.1]}},{"type":"Feature","geometry":{"type":"Point","coordinates":[23.338805,42.717633]},"properties":{"line":"ТМ18","mode":"tram","color":"#d6212b","colorDark":"#7c1116","band":4,"off":[3.4,1.1]}},{"type":"Feature","geometry":{"type":"Point","coordinates":[23.319704,42.711241]},"properties":{"name":"ЦЕНТРАЛНА ГАРА","band":4,"modes":"tram","arr":["ТМ7","ТМ22А","ТМ27"],"off":[0,-0.8]}},{"type":"Feature","geometry":{"type":"Point","coordinates":[23.319704,42.711241]},"properties":{"line":"ТМ7","mode":"tram","color":"#d6212b","colorDark":"#7c1116","band":4,"off":[-3.4,1.1]}},{"type":"Feature","geometry":{"type":"Point","coordinates":[23.319704,42.711241]},"properties":{"line":"ТМ22А","mode":"tram","color":"#d6212b","colorDark":"#7c1116","band":4,"off":[0,1.1]}},{"type":"Feature","geometry":{"type":"Point","coordinates":[23.319704,42.711241]},"properties":{"line":"ТМ27","mode":"tram","color":"#d6212b","colorDark":"#7c1116","band":4,"off":[3.4,1.1]}},{"type":"Feature","geometry":{"type":"Point","coordinates":[23.316144,42.700486]},"properties":{"name":"УЛ. ПИРОТСКА","band":4,"modes":"tram","arr":["ТМ4"],"off":[0,-0.8]}},{"type":"Feature","geometry":{"type":"Point","coordinates":[23.316144,42.700486]},"properties":{"line":"ТМ4","mode":"tram","color":"#d6212b","colorDark":"#7c1116","band":4,"off":[0,1.1]}},{"type":"Feature","geometry":{"type":"Point","coordinates":[23.29799,42.701885]},"properties":{"name":"МЕТРОСТАНЦИЯ К. ВЕЛИЧКОВ","band":4,"modes":"metro,tram","arr":["M1","ТМ3","ТМ6","ТМ10","ТМ13"],"off":[0,-0.8]}},{"type":"Feature","geometry":{"type":"Point","coordinates":[23.29799,42.701885]},"properties":{"name":"КОНСТАНТИН ВЕЛИЧКОВ","band":4,"modes":"metro,tram","arr":["M1","ТМ3","ТМ6","ТМ10","ТМ13"],"off":[0,-3]}},{"type":"Feature","geometry":{"type":"Point","coordinates":[23.29799,42.701885]},"properties":{"line":"M1","mode":"tram","color":"#EB2227","colorDark":"#811315","band":4,"metro":1,"off":[-6.8,1.1]}},{"type":"Feature","geometry":{"type":"Point","coordinates":[23.29799,42.701885]},"properties":{"line":"ТМ3","mode":"tram","color":"#d6212b","colorDark":"#7c1116","band":4,"off":[-3.4,1.1]}},{"type":"Feature","geometry":{"type":"Point","coordinates":[23.29799,42.701885]},"properties":{"line":"ТМ6","mode":"tram","color":"#d6212b","colorDark":"#7c1116","band":4,"off":[0,1.1]}},{"type":"Feature","geometry":{"type":"Point","coordinates":[23.29799,42.701885]},"properties":{"line":"ТМ10","mode":"tram","color":"#d6212b","colorDark":"#7c1116","band":4,"off":[3.4,1.1]}},{"type":"Feature","geometry":{"type":"Point","coordinates":[23.29799,42.701885]},"properties":{"line":"ТМ13","mode":"tram","color":"#d6212b","colorDark":"#7c1116","band":4,"off":[6.8,1.1]}},{"type":"Feature","geometry":{"type":"Point","coordinates":[23.289026,42.711738]},"properties":{"name":"Гара Захарна фабрика","band":4,"modes":"tram","arr":["ТМ3","ТМ10","ТМ13"],"off":[0,-0.8]}},{"type":"Feature","geometry":{"type":"Point","coordinates":[23.289026,42.711738]},"properties":{"line":"ТМ3","mode":"tram","color":"#d6212b","colorDark":"#7c1116","band":4,"off":[-3.4,1.1]}},{"type":"Feature","geometry":{"type":"Point","coordinates":[23.289026,42.711738]},"properties":{"line":"ТМ10","mode":"tram","color":"#d6212b","colorDark":"#7c1116","band":4,"off":[0,1.1]}},{"type":"Feature","geometry":{"type":"Point","coordinates":[23.289026,42.711738]},"properties":{"line":"ТМ13","mode":"tram","color":"#d6212b","colorDark":"#7c1116","band":4,"off":[3.4,1.1]}},{"type":"Feature","geometry":{"type":"Point","coordinates":[23.289105,42.711251]},"properties":{"name":"ГАРА ЗАХАРНА ФАБРИКА","band":4,"modes":"tram","arr":["ТМ3","ТМ10","ТМ13"],"off":[0,-0.8]}},{"type":"Feature","geometry":{"type":"Point","coordinates":[23.289105,42.711251]},"properties":{"line":"ТМ3","mode":"tram","color":"#d6212b","colorDark":"#7c1116","band":4,"off":[-3.4,1.1]}},{"type":"Feature","geometry":{"type":"Point","coordinates":[23.289105,42.711251]},"properties":{"line":"ТМ10","mode":"tram","color":"#d6212b","colorDark":"#7c1116","band":4,"off":[0,1.1]}},{"type":"Feature","geometry":{"type":"Point","coordinates":[23.289105,42.711251]},"properties":{"line":"ТМ13","mode":"tram","color":"#d6212b","colorDark":"#7c1116","band":4,"off":[3.4,1.1]}},{"type":"Feature","geometry":{"type":"Point","coordinates":[23.298236,42.705179]},"properties":{"name":"УЛ. ЦАР СИМЕОН","band":4,"modes":"tram","arr":["ТМ10","ТМ13"],"off":[0,-0.8]}},{"type":"Feature","geometry":{"type":"Point","coordinates":[23.298236,42.705179]},"properties":{"line":"ТМ10","mode":"tram","color":"#d6212b","colorDark":"#7c1116","band":4,"off":[-1.7,1.1]}},{"type":"Feature","geometry":{"type":"Point","coordinates":[23.298236,42.705179]},"properties":{"line":"ТМ13","mode":"tram","color":"#d6212b","colorDark":"#7c1116","band":4,"off":[1.7,1.1]}},{"type":"Feature","geometry":{"type":"Point","coordinates":[23.278736,42.675184]},"properties":{"name":"Ж.к. Бъкстон","band":4,"modes":"tram","arr":["ТМ15"],"off":[0,-0.8]}},{"type":"Feature","geometry":{"type":"Point","coordinates":[23.278736,42.675184]},"properties":{"line":"ТМ15","mode":"tram","color":"#d6212b","colorDark":"#7c1116","band":4,"off":[0,1.1]}},{"type":"Feature","geometry":{"type":"Point","coordinates":[23.260111,42.665146]},"properties":{"name":"Бул. Никола Петков","band":4,"modes":"tram","arr":["ТМ4"],"off":[0,-0.8]}},{"type":"Feature","geometry":{"type":"Point","coordinates":[23.260111,42.665146]},"properties":{"line":"ТМ4","mode":"tram","color":"#d6212b","colorDark":"#7c1116","band":4,"off":[0,1.1]}},{"type":"Feature","geometry":{"type":"Point","coordinates":[23.272525,42.671609]},"properties":{"name":"Кв. Овча купел","band":4,"modes":"tram","arr":["ТМ4","ТМ5"],"off":[0,-0.8]}},{"type":"Feature","geometry":{"type":"Point","coordinates":[23.272525,42.671609]},"properties":{"line":"ТМ4","mode":"tram","color":"#d6212b","colorDark":"#7c1116","band":4,"off":[-1.7,1.1]}},{"type":"Feature","geometry":{"type":"Point","coordinates":[23.272525,42.671609]},"properties":{"line":"ТМ5","mode":"tram","color":"#d6212b","colorDark":"#7c1116","band":4,"off":[1.7,1.1]}},{"type":"Feature","geometry":{"type":"Point","coordinates":[23.314776,42.694463]},"properties":{"name":"Пл. Македония","band":4,"modes":"tram","arr":["ТМ15"],"off":[0,-0.8]}},{"type":"Feature","geometry":{"type":"Point","coordinates":[23.314776,42.694463]},"properties":{"line":"ТМ15","mode":"tram","color":"#d6212b","colorDark":"#7c1116","band":4,"off":[0,1.1]}},{"type":"Feature","geometry":{"type":"Point","coordinates":[23.318355,42.695225]},"properties":{"name":"СЪДЕБНА ПАЛАТА","band":4,"modes":"tram","arr":["ТМ5","ТМ8"],"off":[0,-0.8]}},{"type":"Feature","geometry":{"type":"Point","coordinates":[23.318355,42.695225]},"properties":{"line":"ТМ5","mode":"tram","color":"#d6212b","colorDark":"#7c1116","band":4,"off":[-1.7,1.1]}},{"type":"Feature","geometry":{"type":"Point","coordinates":[23.318355,42.695225]},"properties":{"line":"ТМ8","mode":"tram","color":"#d6212b","colorDark":"#7c1116","band":4,"off":[1.7,1.1]}},{"type":"Feature","geometry":{"type":"Point","coordinates":[23.241375,42.658607]},"properties":{"name":"КВ. КНЯЖЕВО","band":4,"modes":"tram","arr":["ТМ5","ТМ11"],"off":[0,-0.8]}},{"type":"Feature","geometry":{"type":"Point","coordinates":[23.241375,42.658607]},"properties":{"line":"ТМ5","mode":"tram","color":"#d6212b","colorDark":"#7c1116","band":4,"off":[-1.7,1.1]}},{"type":"Feature","geometry":{"type":"Point","coordinates":[23.241375,42.658607]},"properties":{"line":"ТМ11","mode":"tram","color":"#d6212b","colorDark":"#7c1116","band":4,"off":[1.7,1.1]}},{"type":"Feature","geometry":{"type":"Point","coordinates":[23.276565,42.748426]},"properties":{"name":"Ж.К. ОБЕЛЯ-2","band":4,"modes":"tram","arr":["ТМ6"],"off":[0,-0.8]}},{"type":"Feature","geometry":{"type":"Point","coordinates":[23.276565,42.748426]},"properties":{"line":"ТМ6","mode":"tram","color":"#d6212b","colorDark":"#7c1116","band":4,"off":[0,1.1]}},{"type":"Feature","geometry":{"type":"Point","coordinates":[23.309966,42.719498]},"properties":{"name":"ТРИЪГЪЛНИКА","band":4,"modes":"tram","arr":["ТМ6","ТМ11"],"off":[0,-0.8]}},{"type":"Feature","geometry":{"type":"Point","coordinates":[23.309966,42.719498]},"properties":{"line":"ТМ6","mode":"tram","color":"#d6212b","colorDark":"#7c1116","band":4,"off":[-1.7,1.1]}},{"type":"Feature","geometry":{"type":"Point","coordinates":[23.309966,42.719498]},"properties":{"line":"ТМ11","mode":"tram","color":"#d6212b","colorDark":"#7c1116","band":4,"off":[1.7,1.1]}},{"type":"Feature","geometry":{"type":"Point","coordinates":[23.314432,42.713673]},"properties":{"name":"ПЕТА ГРАДСКА БОЛНИЦА","band":4,"modes":"tram","arr":["ТМ6"],"off":[0,-0.8]}},{"type":"Feature","geometry":{"type":"Point","coordinates":[23.314432,42.713673]},"properties":{"line":"ТМ6","mode":"tram","color":"#d6212b","colorDark":"#7c1116","band":4,"off":[0,1.1]}},{"type":"Feature","geometry":{"type":"Point","coordinates":[23.30078,42.711551]},"properties":{"name":"УЛ. ЙОСИФ ЩРОСМАЙЕР","band":4,"modes":"tram","arr":["ТМ6","ТМ11"],"off":[0,-0.8]}},{"type":"Feature","geometry":{"type":"Point","coordinates":[23.30078,42.711551]},"properties":{"line":"ТМ6","mode":"tram","color":"#d6212b","colorDark":"#7c1116","band":4,"off":[-1.7,1.1]}},{"type":"Feature","geometry":{"type":"Point","coordinates":[23.30078,42.711551]},"properties":{"line":"ТМ11","mode":"tram","color":"#d6212b","colorDark":"#7c1116","band":4,"off":[1.7,1.1]}},{"type":"Feature","geometry":{"type":"Point","coordinates":[23.320966,42.697066]},"properties":{"name":"ПЛ. СВ. НЕДЕЛЯ","band":4,"modes":"tram","arr":["ТМ12","ТМ18"],"off":[0,-0.8]}},{"type":"Feature","geometry":{"type":"Point","coordinates":[23.320966,42.697066]},"properties":{"line":"ТМ12","mode":"tram","color":"#d6212b","colorDark":"#7c1116","band":4,"off":[-1.7,1.1]}},{"type":"Feature","geometry":{"type":"Point","coordinates":[23.320966,42.697066]},"properties":{"line":"ТМ18","mode":"tram","color":"#d6212b","colorDark":"#7c1116","band":4,"off":[1.7,1.1]}},{"type":"Feature","geometry":{"type":"Point","coordinates":[23.284041,42.661995]},"properties":{"name":"КВ. МАНАСТИРСКИ ЛИВАДИ - ЗАПАД","band":4,"modes":"tram","arr":["ТМ7","ТМ27"],"off":[0,-0.8]}},{"type":"Feature","geometry":{"type":"Point","coordinates":[23.284041,42.661995]},"properties":{"line":"ТМ7","mode":"tram","color":"#d6212b","colorDark":"#7c1116","band":4,"off":[-1.7,1.1]}},{"type":"Feature","geometry":{"type":"Point","coordinates":[23.284041,42.661995]},"properties":{"line":"ТМ27","mode":"tram","color":"#d6212b","colorDark":"#7c1116","band":4,"off":[1.7,1.1]}},{"type":"Feature","geometry":{"type":"Point","coordinates":[23.238701,42.712985]},"properties":{"name":"Ж.К. ЛЮЛИН-5","band":4,"modes":"tram","arr":["ТМ8"],"off":[0,-0.8]}},{"type":"Feature","geometry":{"type":"Point","coordinates":[23.238701,42.712985]},"properties":{"line":"ТМ8","mode":"tram","color":"#d6212b","colorDark":"#7c1116","band":4,"off":[0,1.1]}},{"type":"Feature","geometry":{"type":"Point","coordinates":[23.23797,42.713378]},"properties":{"name":"ж.к. Люлин-5","band":4,"modes":"tram","arr":["ТМ8"],"off":[0,-0.8]}},{"type":"Feature","geometry":{"type":"Point","coordinates":[23.23797,42.713378]},"properties":{"line":"ТМ8","mode":"tram","color":"#d6212b","colorDark":"#7c1116","band":4,"off":[0,1.1]}},{"type":"Feature","geometry":{"type":"Point","coordinates":[23.317077,42.660587]},"properties":{"name":"МЕТРОСТАНЦИЯ ВИТОША","band":4,"modes":"tram","arr":["ТМ10","ТМ13","ТМ15"],"off":[0,-0.8]}},{"type":"Feature","geometry":{"type":"Point","coordinates":[23.317077,42.660587]},"properties":{"line":"ТМ10","mode":"tram","color":"#d6212b","colorDark":"#7c1116","band":4,"off":[-3.4,1.1]}},{"type":"Feature","geometry":{"type":"Point","coordinates":[23.317077,42.660587]},"properties":{"line":"ТМ13","mode":"tram","color":"#d6212b","colorDark":"#7c1116","band":4,"off":[0,1.1]}},{"type":"Feature","geometry":{"type":"Point","coordinates":[23.317077,42.660587]},"properties":{"line":"ТМ15","mode":"tram","color":"#d6212b","colorDark":"#7c1116","band":4,"off":[3.4,1.1]}},{"type":"Feature","geometry":{"type":"Point","coordinates":[23.331763,42.6815]},"properties":{"name":"ПЛ. ЖУРНАЛИСТ","band":4,"modes":"tram","arr":["ТМ12","ТМ18"],"off":[0,-0.8]}},{"type":"Feature","geometry":{"type":"Point","coordinates":[23.331763,42.6815]},"properties":{"line":"ТМ12","mode":"tram","color":"#d6212b","colorDark":"#7c1116","band":4,"off":[-1.7,1.1]}},{"type":"Feature","geometry":{"type":"Point","coordinates":[23.331763,42.6815]},"properties":{"line":"ТМ18","mode":"tram","color":"#d6212b","colorDark":"#7c1116","band":4,"off":[1.7,1.1]}},{"type":"Feature","geometry":{"type":"Point","coordinates":[23.322439,42.694337]},"properties":{"name":"ПЛ. ГАРИБАЛДИ","band":4,"modes":"tram","arr":["ТМ12","ТМ18"],"off":[0,-0.8]}},{"type":"Feature","geometry":{"type":"Point","coordinates":[23.322439,42.694337]},"properties":{"line":"ТМ12","mode":"tram","color":"#d6212b","colorDark":"#7c1116","band":4,"off":[-1.7,1.1]}},{"type":"Feature","geometry":{"type":"Point","coordinates":[23.322439,42.694337]},"properties":{"line":"ТМ18","mode":"tram","color":"#d6212b","colorDark":"#7c1116","band":4,"off":[1.7,1.1]}},{"type":"Feature","geometry":{"type":"Point","coordinates":[23.282191,42.693358]},"properties":{"name":"УЛ. ДОБРОТИЧ","band":4,"modes":"tram","arr":["ТМ22А"],"off":[0,-0.8]}},{"type":"Feature","geometry":{"type":"Point","coordinates":[23.282191,42.693358]},"properties":{"line":"ТМ22А","mode":"tram","color":"#d6212b","colorDark":"#7c1116","band":4,"off":[0,1.1]}},{"type":"Feature","geometry":{"type":"Point","coordinates":[23.296245,42.696681]},"properties":{"name":"ПАРК СВ.СВ.ПЕТЪР И ПАВЕЛ","band":4,"modes":"tram","arr":["ТМ22А"],"off":[0,-0.8]}},{"type":"Feature","geometry":{"type":"Point","coordinates":[23.296245,42.696681]},"properties":{"line":"ТМ22А","mode":"tram","color":"#d6212b","colorDark":"#7c1116","band":4,"off":[0,1.1]}},{"type":"Feature","geometry":{"type":"Point","coordinates":[23.321324,42.753772]},"properties":{"name":"КВ. ИЛИЯНЦИ","band":4,"modes":"tram","arr":["ТМ11"],"off":[0,-0.8]}},{"type":"Feature","geometry":{"type":"Point","coordinates":[23.321324,42.753772]},"properties":{"line":"ТМ11","mode":"tram","color":"#d6212b","colorDark":"#7c1116","band":4,"off":[0,1.1]}},{"type":"Feature","geometry":{"type":"Point","coordinates":[23.2788,42.69105]},"properties":{"name":"Ж.К. КРАСНА ПОЛЯНА","band":4,"modes":"tram","arr":["ТМ22"],"off":[0,-0.8]}},{"type":"Feature","geometry":{"type":"Point","coordinates":[23.2788,42.69105]},"properties":{"line":"ТМ22","mode":"tram","color":"#d6212b","colorDark":"#7c1116","band":4,"off":[0,1.1]}},{"type":"Feature","geometry":{"type":"Point","coordinates":[23.322041,42.709479]},"properties":{"name":"ЦЕНТРАЛНА АВТОГАРА","band":4,"modes":"tram","arr":["ТМ12"],"off":[0,-0.8]}},{"type":"Feature","geometry":{"type":"Point","coordinates":[23.322041,42.709479]},"properties":{"line":"ТМ12","mode":"tram","color":"#d6212b","colorDark":"#7c1116","band":4,"off":[0,1.1]}},{"type":"Feature","geometry":{"type":"Point","coordinates":[23.312609,42.699661]},"properties":{"name":"МЕТРОСТАНЦИЯ ОПЪЛЧЕНСКА","band":4,"modes":"tram","arr":["ТМ20","ТМ21"],"off":[0,-0.8]}},{"type":"Feature","geometry":{"type":"Point","coordinates":[23.312609,42.699661]},"properties":{"line":"ТМ20","mode":"tram","color":"#d6212b","colorDark":"#7c1116","band":4,"off":[-1.7,1.1]}},{"type":"Feature","geometry":{"type":"Point","coordinates":[23.312609,42.699661]},"properties":{"line":"ТМ21","mode":"tram","color":"#d6212b","colorDark":"#7c1116","band":4,"off":[1.7,1.1]}},{"type":"Feature","geometry":{"type":"Point","coordinates":[23.411229,42.663788]},"properties":{"name":"28-ми пощенски клон","band":4,"modes":"tram","arr":["ТМ23"],"off":[0,-0.8]}},{"type":"Feature","geometry":{"type":"Point","coordinates":[23.411229,42.663788]},"properties":{"line":"ТМ23","mode":"tram","color":"#d6212b","colorDark":"#7c1116","band":4,"off":[0,1.1]}},{"type":"Feature","geometry":{"type":"Point","coordinates":[23.414408,42.656086]},"properties":{"name":"ДЕПО ИСКЪР","band":4,"modes":"tram","arr":["ТМ20","ТМ21","ТМ22"],"off":[0,-0.8]}},{"type":"Feature","geometry":{"type":"Point","coordinates":[23.414408,42.656086]},"properties":{"line":"ТМ20","mode":"tram","color":"#d6212b","colorDark":"#7c1116","band":4,"off":[-3.4,1.1]}},{"type":"Feature","geometry":{"type":"Point","coordinates":[23.414408,42.656086]},"properties":{"line":"ТМ21","mode":"tram","color":"#d6212b","colorDark":"#7c1116","band":4,"off":[0,1.1]}},{"type":"Feature","geometry":{"type":"Point","coordinates":[23.414408,42.656086]},"properties":{"line":"ТМ22","mode":"tram","color":"#d6212b","colorDark":"#7c1116","band":4,"off":[3.4,1.1]}},{"type":"Feature","geometry":{"type":"Point","coordinates":[23.370605,42.677105]},"properties":{"name":"Ж.К. ГЕО МИЛЕВ","band":4,"modes":"tram","arr":["ТМ21","ТМ23"],"off":[0,-0.8]}},{"type":"Feature","geometry":{"type":"Point","coordinates":[23.370605,42.677105]},"properties":{"line":"ТМ21","mode":"tram","color":"#d6212b","colorDark":"#7c1116","band":4,"off":[-1.7,1.1]}},{"type":"Feature","geometry":{"type":"Point","coordinates":[23.370605,42.677105]},"properties":{"line":"ТМ23","mode":"tram","color":"#d6212b","colorDark":"#7c1116","band":4,"off":[1.7,1.1]}},{"type":"Feature","geometry":{"type":"Point","coordinates":[23.387667,42.703246]},"properties":{"name":"АВТОСТАНЦИЯ ИЗТОК","band":4,"modes":"tram","arr":["ТМ22"],"off":[0,-0.8]}},{"type":"Feature","geometry":{"type":"Point","coordinates":[23.387667,42.703246]},"properties":{"line":"ТМ22","mode":"tram","color":"#d6212b","colorDark":"#7c1116","band":4,"off":[0,1.1]}},{"type":"Feature","geometry":{"type":"Point","coordinates":[23.386046,42.702995]},"properties":{"name":"Автостанция Изток","band":4,"modes":"tram","arr":["ТМ22"],"off":[0,-0.8]}},{"type":"Feature","geometry":{"type":"Point","coordinates":[23.386046,42.702995]},"properties":{"line":"ТМ22","mode":"tram","color":"#d6212b","colorDark":"#7c1116","band":4,"off":[0,1.1]}},{"type":"Feature","geometry":{"type":"Point","coordinates":[23.404155,42.648475]},"properties":{"name":"УЛ. ОБИКОЛНА","band":4,"modes":"tram","arr":["ТМ23"],"off":[0,-0.8]}},{"type":"Feature","geometry":{"type":"Point","coordinates":[23.404155,42.648475]},"properties":{"line":"ТМ23","mode":"tram","color":"#d6212b","colorDark":"#7c1116","band":4,"off":[0,1.1]}},{"type":"Feature","geometry":{"type":"Point","coordinates":[23.371947,42.653931]},"properties":{"name":"МЛАДОСТ 1","band":4,"modes":"metro","arr":["M1"],"off":[0,-0.8]}},{"type":"Feature","geometry":{"type":"Point","coordinates":[23.371947,42.653931]},"properties":{"line":"M1","mode":"tram","color":"#EB2227","colorDark":"#811315","band":4,"metro":1,"off":[0,1.1]}},{"type":"Feature","geometry":{"type":"Point","coordinates":[23.373125,42.629868]},"properties":{"name":"БИЗНЕС ПАРК СОФИЯ","band":4,"modes":"metro","arr":["M1"],"off":[0,-0.8]}},{"type":"Feature","geometry":{"type":"Point","coordinates":[23.373125,42.629868]},"properties":{"line":"M1","mode":"tram","color":"#EB2227","colorDark":"#811315","band":4,"metro":1,"off":[0,1.1]}},{"type":"Feature","geometry":{"type":"Point","coordinates":[23.276554,42.741067]},"properties":{"name":"ОБЕЛЯ","band":4,"modes":"metro","arr":["M2"],"off":[0,-0.8]}},{"type":"Feature","geometry":{"type":"Point","coordinates":[23.276554,42.741067]},"properties":{"line":"M2","mode":"tram","color":"#1C75BC","colorDark":"#0f4067","band":4,"metro":1,"off":[0,1.1]}},{"type":"Feature","geometry":{"type":"Point","coordinates":[23.316585,42.659291]},"properties":{"name":"ВИТОША","band":4,"modes":"metro","arr":["M2"],"off":[0,-0.8]}},{"type":"Feature","geometry":{"type":"Point","coordinates":[23.316585,42.659291]},"properties":{"line":"M2","mode":"tram","color":"#1C75BC","colorDark":"#0f4067","band":4,"metro":1,"off":[0,1.1]}},{"type":"Feature","geometry":{"type":"Point","coordinates":[23.352623,42.702732]},"properties":{"name":"ХАДЖИ ДИМИТЪР","band":4,"modes":"metro","arr":["M3"],"off":[0,-0.8]}},{"type":"Feature","geometry":{"type":"Point","coordinates":[23.352623,42.702732]},"properties":{"line":"M3","mode":"tram","color":"#39B54A","colorDark":"#1f6429","band":4,"metro":1,"off":[0,1.1]}},{"type":"Feature","geometry":{"type":"Point","coordinates":[23.284319,42.679041]},"properties":{"name":"КРАСНО СЕЛО","band":4,"modes":"metro","arr":["M3"],"off":[0,-0.8]}},{"type":"Feature","geometry":{"type":"Point","coordinates":[23.284319,42.679041]},"properties":{"line":"M3","mode":"tram","color":"#39B54A","colorDark":"#1f6429","band":4,"metro":1,"off":[0,1.1]}},{"type":"Feature","geometry":{"type":"Point","coordinates":[23.269781,42.683533]},"properties":{"name":"ОВЧА КУПЕЛ","band":4,"modes":"metro","arr":["M3"],"off":[0,-0.8]}},{"type":"Feature","geometry":{"type":"Point","coordinates":[23.269781,42.683533]},"properties":{"line":"M3","mode":"tram","color":"#39B54A","colorDark":"#1f6429","band":4,"metro":1,"off":[0,1.1]}},{"type":"Feature","geometry":{"type":"Point","coordinates":[23.241565,42.682906]},"properties":{"name":"ГОРНА БАНЯ","band":4,"modes":"metro","arr":["M3"],"off":[0,-0.8]}},{"type":"Feature","geometry":{"type":"Point","coordinates":[23.241565,42.682906]},"properties":{"line":"M3","mode":"tram","color":"#39B54A","colorDark":"#1f6429","band":4,"metro":1,"off":[0,1.1]}},{"type":"Feature","geometry":{"type":"Point","coordinates":[23.41614,42.68806]},"properties":{"name":"ЛЕТИЩЕ СОФИЯ","band":4,"modes":"metro","arr":["M4"],"off":[0,-0.8]}},{"type":"Feature","geometry":{"type":"Point","coordinates":[23.41614,42.68806]},"properties":{"line":"M4","mode":"tram","color":"#FFDE17","colorDark":"#8c7a0d","band":4,"metro":1,"off":[0,1.1]}}]}