{"type":"FeatureCollection","features":[{"type":"Feature","geometry":{"type":"Point","coordinates":[23.353801,42.703232]},"properties":{"lines":"N3, ТБ1, ТБ3","color":"#0059a9","mode":"bus","arr":["N3","ТБ1","ТБ3"],"angle":-27.2}},{"type":"Feature","geometry":{"type":"Point","coordinates":[23.356467,42.704175]},"properties":{"lines":"1Tb, N3, ТБ1, ТБ3","color":"#0059a9","mode":"bus","arr":["1Tb","N3","ТБ1","ТБ3"],"angle":-25.5}},{"type":"Feature","geometry":{"type":"Point","coordinates":[23.364969,42.708069]},"properties":{"lines":"1Tb, ТБ1, ТБ3","color":"#0059a9","mode":"bus","arr":["1Tb","ТБ1","ТБ3"],"angle":-39.8}},{"type":"Feature","geometry":{"type":"Point","coordinates":[23.361777,42.706143]},"properties":{"lines":"1Tb, ТБ1, ТБ3","color":"#0059a9","mode":"bus","arr":["1Tb","ТБ1","ТБ3"],"angle":-33.5,"extra":1}},{"type":"Feature","geometry":{"type":"Point","coordinates":[23.379123,42.710123]},"properties":{"lines":"1Tb","color":"#0059a9","mode":"bus","arr":["1Tb"],"angle":-14.9}},{"type":"Feature","geometry":{"type":"Point","coordinates":[23.373432,42.709061]},"properties":{"lines":"1Tb","color":"#0059a9","mode":"bus","arr":["1Tb"],"angle":-14.1,"extra":1}},{"type":"Feature","geometry":{"type":"Point","coordinates":[23.386584,42.710259]},"properties":{"lines":"1Tb","color":"#0059a9","mode":"bus","arr":["1Tb"],"angle":9.4,"extra":1}},{"type":"Feature","geometry":{"type":"Point","coordinates":[23.371859,42.709775]},"properties":{"lines":"ТБ1, ТБ3","color":"#149a3f","mode":"bus","arr":["ТБ1","ТБ3"],"angle":8.6}},{"type":"Feature","geometry":{"type":"Point","coordinates":[23.393717,42.709442]},"properties":{"lines":"119","color":"#0059a9","mode":"bus","arr":["119"],"angle":9}},{"type":"Feature","geometry":{"type":"Point","coordinates":[23.39827,42.708895]},"properties":{"lines":"119","color":"#0059a9","mode":"bus","arr":["119"],"angle":5.3,"extra":1}},{"type":"Feature","geometry":{"type":"Point","coordinates":[23.40456,42.705673]},"properties":{"lines":"119","color":"#0059a9","mode":"bus","arr":["119"],"angle":-1.6}},{"type":"Feature","geometry":{"type":"Point","coordinates":[23.41043,42.707129]},"properties":{"lines":"119","color":"#0059a9","mode":"bus","arr":["119"],"angle":-16.1}},{"type":"Feature","geometry":{"type":"Point","coordinates":[23.464184,42.731304]},"properties":{"lines":"119","color":"#0059a9","mode":"bus","arr":["119"],"angle":-52.7}},{"type":"Feature","geometry":{"type":"Point","coordinates":[23.432474,42.710955]},"properties":{"lines":"119","color":"#0059a9","mode":"bus","arr":["119"],"angle":-62.5,"extra":1}},{"type":"Feature","geometry":{"type":"Point","coordinates":[23.436506,42.714796]},"properties":{"lines":"119","color":"#0059a9","mode":"bus","arr":["119"],"angle":-37.5,"extra":1}},{"type":"Feature","geometry":{"type":"Point","coordinates":[23.441685,42.717953]},"properties":{"lines":"119","color":"#0059a9","mode":"bus","arr":["119"],"angle":-40.2,"extra":1}},{"type":"Feature","geometry":{"type":"Point","coordinates":[23.446814,42.721153]},"properties":{"lines":"119","color":"#0059a9","mode":"bus","arr":["119"],"angle":-40.9,"extra":1}},{"type":"Feature","geometry":{"type":"Point","coordinates":[23.451945,42.724352]},"properties":{"lines":"119","color":"#0059a9","mode":"bus","arr":["119"],"angle":-40.1,"extra":1}},{"type":"Feature","geometry":{"type":"Point","coordinates":[23.45709,42.727539]},"properties":{"lines":"119","color":"#0059a9","mode":"bus","arr":["119"],"angle":-40,"extra":1}},{"type":"Feature","geometry":{"type":"Point","coordinates":[23.467774,42.732634]},"properties":{"lines":"119","color":"#0059a9","mode":"bus","arr":["119"],"angle":7,"extra":1}},{"type":"Feature","geometry":{"type":"Point","coordinates":[23.474327,42.732189]},"properties":{"lines":"119","color":"#0059a9","mode":"bus","arr":["119"],"angle":21.2,"extra":1}},{"type":"Feature","geometry":{"type":"Point","coordinates":[23.480432,42.732267]},"properties":{"lines":"119","color":"#0059a9","mode":"bus","arr":["119"],"angle":-25.6,"extra":1}},{"type":"Feature","geometry":{"type":"Point","coordinates":[23.486403,42.734451]},"properties":{"lines":"119","color":"#0059a9","mode":"bus","arr":["119"],"angle":-73,"extra":1}},{"type":"Feature","geometry":{"type":"Point","coordinates":[23.490306,42.735784]},"properties":{"lines":"119","color":"#0059a9","mode":"bus","arr":["119"],"angle":6.4,"extra":1}},{"type":"Feature","geometry":{"type":"Point","coordinates":[23.496836,42.736663]},"properties":{"lines":"119","color":"#0059a9","mode":"bus","arr":["119"],"angle":-17.6,"extra":1}},{"type":"Feature","geometry":{"type":"Point","coordinates":[23.503237,42.738182]},"properties":{"lines":"119","color":"#0059a9","mode":"bus","arr":["119"],"angle":-26,"extra":1}},{"type":"Feature","geometry":{"type":"Point","coordinates":[23.512806,42.736967]},"properties":{"lines":"119","color":"#0059a9","mode":"bus","arr":["119"],"angle":58.3}},{"type":"Feature","geometry":{"type":"Point","coordinates":[23.388531,42.711211]},"properties":{"lines":"1Tb, 78, 120, N3","color":"#0059a9","mode":"bus","arr":["1Tb","78","120","N3"],"angle":-89.3}},{"type":"Feature","geometry":{"type":"Point","coordinates":[23.333062,42.691506]},"properties":{"lines":"9, N2, ТБ1, ТБ2, ТБ5, ТБ6, ТБ8","color":"#0059a9","mode":"bus","arr":["9","N2","ТБ1","ТБ2","ТБ5","ТБ6","ТБ8"],"angle":-48.1}},{"type":"Feature","geometry":{"type":"Point","coordinates":[23.334224,42.692834]},"properties":{"lines":"9, N2, ТБ1, ТБ2, ТБ6, ТБ8","color":"#0059a9","mode":"bus","arr":["9","N2","ТБ1","ТБ2","ТБ6","ТБ8"],"angle":-78.3}},{"type":"Feature","geometry":{"type":"Point","coordinates":[23.334489,42.693812]},"properties":{"lines":"9, ТБ1, ТБ2, ТБ3, ТБ4, ТБ6, ТБ8, ТБ11","color":"#0059a9","mode":"bus","arr":["9","ТБ1","ТБ2","ТБ3","ТБ4","ТБ6","ТБ8","ТБ11"],"angle":-78.8}},{"type":"Feature","geometry":{"type":"Point","coordinates":[23.344298,42.692563]},"properties":{"lines":"9","color":"#0059a9","mode":"bus","arr":["9"],"angle":16.4}},{"type":"Feature","geometry":{"type":"Point","coordinates":[23.384661,42.680055]},"properties":{"lines":"9","color":"#0059a9","mode":"bus","arr":["9"],"angle":-49.5}},{"type":"Feature","geometry":{"type":"Point","coordinates":[23.339624,42.693494]},"properties":{"lines":"9, 280","color":"#0059a9","mode":"bus","arr":["9","280"],"angle":15.7}},{"type":"Feature","geometry":{"type":"Point","coordinates":[23.345931,42.69318]},"properties":{"lines":"9, 72, 75","color":"#0059a9","mode":"bus","arr":["9","72","75"],"angle":-40}},{"type":"Feature","geometry":{"type":"Point","coordinates":[23.350898,42.693599]},"properties":{"lines":"9, 72","color":"#0059a9","mode":"bus","arr":["9","72"],"angle":9.4}},{"type":"Feature","geometry":{"type":"Point","coordinates":[23.36966,42.677365]},"properties":{"lines":"9, 181, 185, ТБ123, ТБ288, ТБE186","color":"#0059a9","mode":"bus","arr":["9","181","185","ТБ123","ТБ288","ТБE186"],"angle":-59.1}},{"type":"Feature","geometry":{"type":"Point","coordinates":[23.371194,42.679328]},"properties":{"lines":"9, 11, 75","color":"#0059a9","mode":"bus","arr":["9","11","75"],"angle":-63.1}},{"type":"Feature","geometry":{"type":"Point","coordinates":[23.373418,42.68037]},"properties":{"lines":"9, 75","color":"#0059a9","mode":"bus","arr":["9","75"],"angle":4.6}},{"type":"Feature","geometry":{"type":"Point","coordinates":[23.378547,42.678465]},"properties":{"lines":"9, 404","color":"#0059a9","mode":"bus","arr":["9","404"],"angle":74.5}},{"type":"Feature","geometry":{"type":"Point","coordinates":[23.380805,42.676064]},"properties":{"lines":"9, 404","color":"#0059a9","mode":"bus","arr":["9","404"],"angle":-3.1,"extra":1}},{"type":"Feature","geometry":{"type":"Point","coordinates":[23.423718,42.659762]},"properties":{"lines":"10","color":"#0059a9","mode":"bus","arr":["10"],"angle":29.6}},{"type":"Feature","geometry":{"type":"Point","coordinates":[23.405919,42.672987]},"properties":{"lines":"10","color":"#0059a9","mode":"bus","arr":["10"],"angle":17.7}},{"type":"Feature","geometry":{"type":"Point","coordinates":[23.40889,42.675278]},"properties":{"lines":"10","color":"#0059a9","mode":"bus","arr":["10"],"angle":-47.3,"extra":1}},{"type":"Feature","geometry":{"type":"Point","coordinates":[23.424668,42.664084]},"properties":{"lines":"10","color":"#0059a9","mode":"bus","arr":["10"],"angle":20.1}},{"type":"Feature","geometry":{"type":"Point","coordinates":[23.428056,42.663579]},"properties":{"lines":"10","color":"#0059a9","mode":"bus","arr":["10"],"angle":63.5}},{"type":"Feature","geometry":{"type":"Point","coordinates":[23.41882,42.662163]},"properties":{"lines":"10, 188","color":"#0059a9","mode":"bus","arr":["10","188"],"angle":19.2}},{"type":"Feature","geometry":{"type":"Point","coordinates":[23.417108,42.663243]},"properties":{"lines":"10, 188, 604","color":"#0059a9","mode":"bus","arr":["10","188","604"],"angle":27}},{"type":"Feature","geometry":{"type":"Point","coordinates":[23.411085,42.664083]},"properties":{"lines":"10, 14, 88, 604","color":"#0059a9","mode":"bus","arr":["10","14","88","604"],"angle":21.1}},{"type":"Feature","geometry":{"type":"Point","coordinates":[23.399529,42.669465]},"properties":{"lines":"10, 14, 88, 604","color":"#0059a9","mode":"bus","arr":["10","14","88","604"],"angle":34.1,"extra":1}},{"type":"Feature","geometry":{"type":"Point","coordinates":[23.404544,42.666932]},"properties":{"lines":"10, 14, 88","color":"#0059a9","mode":"bus","arr":["10","14","88"],"angle":34.5}},{"type":"Feature","geometry":{"type":"Point","coordinates":[23.396422,42.674702]},"properties":{"lines":"10, 14, 84, N4","color":"#0059a9","mode":"bus","arr":["10","14","84","N4"],"angle":-64.7}},{"type":"Feature","geometry":{"type":"Point","coordinates":[23.407473,42.671886]},"properties":{"lines":"10, 14","color":"#0059a9","mode":"bus","arr":["10","14"],"angle":42.2}},{"type":"Feature","geometry":{"type":"Point","coordinates":[23.401523,42.675909]},"properties":{"lines":"10, 14","color":"#0059a9","mode":"bus","arr":["10","14"],"angle":41.2,"extra":1}},{"type":"Feature","geometry":{"type":"Point","coordinates":[23.411462,42.669241]},"properties":{"lines":"10, 14","color":"#0059a9","mode":"bus","arr":["10","14"],"angle":42.7,"extra":1}},{"type":"Feature","geometry":{"type":"Point","coordinates":[23.417547,42.665469]},"properties":{"lines":"10, 14","color":"#0059a9","mode":"bus","arr":["10","14"],"angle":18.1}},{"type":"Feature","geometry":{"type":"Point","coordinates":[23.426683,42.670201]},"properties":{"lines":"10, 14, 188","color":"#0059a9","mode":"bus","arr":["10","14","188"],"angle":-53.4}},{"type":"Feature","geometry":{"type":"Point","coordinates":[23.42265,42.66586]},"properties":{"lines":"10, 14, 188","color":"#0059a9","mode":"bus","arr":["10","14","188"],"angle":-58.5,"extra":1}},{"type":"Feature","geometry":{"type":"Point","coordinates":[23.430575,42.673838]},"properties":{"lines":"10, 14, 188","color":"#0059a9","mode":"bus","arr":["10","14","188"],"angle":-49.2,"extra":1}},{"type":"Feature","geometry":{"type":"Point","coordinates":[23.371521,42.686715]},"properties":{"lines":"11","color":"#0059a9","mode":"bus","arr":["11"],"angle":83.5}},{"type":"Feature","geometry":{"type":"Point","coordinates":[23.372108,42.683063]},"properties":{"lines":"11","color":"#0059a9","mode":"bus","arr":["11"],"angle":82.6,"extra":1}},{"type":"Feature","geometry":{"type":"Point","coordinates":[23.362373,42.695978]},"properties":{"lines":"11","color":"#0059a9","mode":"bus","arr":["11"],"angle":30.9}},{"type":"Feature","geometry":{"type":"Point","coordinates":[23.365996,42.694398]},"properties":{"lines":"11, 75, 404","color":"#0059a9","mode":"bus","arr":["11","75","404"],"angle":42}},{"type":"Feature","geometry":{"type":"Point","coordinates":[23.352725,42.696955]},"properties":{"lines":"11, 404","color":"#0059a9","mode":"bus","arr":["11","404"],"angle":-11.5}},{"type":"Feature","geometry":{"type":"Point","coordinates":[23.358927,42.696889]},"properties":{"lines":"11, 404","color":"#0059a9","mode":"bus","arr":["11","404"],"angle":16.1,"extra":1}},{"type":"Feature","geometry":{"type":"Point","coordinates":[23.347186,42.697386]},"properties":{"lines":"11, 404","color":"#0059a9","mode":"bus","arr":["11","404"],"angle":-89.4,"extra":1}},{"type":"Feature","geometry":{"type":"Point","coordinates":[23.340011,42.701731]},"properties":{"lines":"11, 404","color":"#0059a9","mode":"bus","arr":["11","404"],"angle":29.2}},{"type":"Feature","geometry":{"type":"Point","coordinates":[23.344195,42.700059]},"properties":{"lines":"11, 404","color":"#0059a9","mode":"bus","arr":["11","404"],"angle":25.2,"extra":1}},{"type":"Feature","geometry":{"type":"Point","coordinates":[23.331764,42.705102]},"properties":{"lines":"11, 20, 22, 78, 285, 309, 404, X43","color":"#0059a9","mode":"bus","arr":["11","20","22","78","285","309","404","X43"],"angle":-12.8}},{"type":"Feature","geometry":{"type":"Point","coordinates":[23.328166,42.704768]},"properties":{"lines":"11, 20, 22, 78, 285, 309, 310, 404, X43","color":"#0059a9","mode":"bus","arr":["11","20","22","78","285","309","310","404","X43"],"angle":4.9}},{"type":"Feature","geometry":{"type":"Point","coordinates":[23.324898,42.705107]},"properties":{"lines":"11, 22, 78, 285, 309, 310, 404, X43","color":"#0059a9","mode":"bus","arr":["11","22","78","285","309","310","404","X43"],"angle":10.1}},{"type":"Feature","geometry":{"type":"Point","coordinates":[23.320584,42.705428]},"properties":{"lines":"11, 22, 309, 310, N2, X43","color":"#0059a9","mode":"bus","arr":["11","22","309","310","N2","X43"],"angle":4.9}},{"type":"Feature","geometry":{"type":"Point","coordinates":[23.308233,42.706298]},"properties":{"lines":"11, 309, 310, X43","color":"#0059a9","mode":"bus","arr":["11","309","310","X43"],"angle":5.8}},{"type":"Feature","geometry":{"type":"Point","coordinates":[23.314252,42.705862]},"properties":{"lines":"11, 309, 310, X43","color":"#0059a9","mode":"bus","arr":["11","309","310","X43"],"angle":5.8,"extra":1}},{"type":"Feature","geometry":{"type":"Point","coordinates":[23.300954,42.706523]},"properties":{"lines":"11, 309, 310, X43","color":"#0059a9","mode":"bus","arr":["11","309","310","X43"],"angle":19.2,"extra":1}},{"type":"Feature","geometry":{"type":"Point","coordinates":[23.239201,42.686234]},"properties":{"lines":"11, ТБ60","color":"#0059a9","mode":"bus","arr":["11","ТБ60"],"angle":-79.6}},{"type":"Feature","geometry":{"type":"Point","coordinates":[23.279502,42.696586]},"properties":{"lines":"72, 77","color":"#0059a9","mode":"bus","arr":["72","77"],"angle":20.2}},{"type":"Feature","geometry":{"type":"Point","coordinates":[23.276,42.698165]},"properties":{"lines":"72, 77","color":"#0059a9","mode":"bus","arr":["72","77"],"angle":73.7,"extra":1}},{"type":"Feature","geometry":{"type":"Point","coordinates":[23.267699,42.685256]},"properties":{"lines":"11, N3","color":"#0059a9","mode":"bus","arr":["11","N3"],"angle":51.7}},{"type":"Feature","geometry":{"type":"Point","coordinates":[23.259668,42.689816]},"properties":{"lines":"11, 102, N3","color":"#0059a9","mode":"bus","arr":["11","102","N3"],"angle":30.1}},{"type":"Feature","geometry":{"type":"Point","coordinates":[23.25516,42.690492]},"properties":{"lines":"11, 102, N3","color":"#0059a9","mode":"bus","arr":["11","102","N3"],"angle":-7.9,"extra":1}},{"type":"Feature","geometry":{"type":"Point","coordinates":[23.244305,42.689085]},"properties":{"lines":"11, 102, N3, ТБ60, ТБ73","color":"#0059a9","mode":"bus","arr":["11","102","N3","ТБ60","ТБ73"],"angle":-9.9}},{"type":"Feature","geometry":{"type":"Point","coordinates":[23.251008,42.689828]},"properties":{"lines":"102, N3, ТБ73","color":"#0059a9","mode":"bus","arr":["102","N3","ТБ73"],"angle":-10.3}},{"type":"Feature","geometry":{"type":"Point","coordinates":[23.479548,42.705914]},"properties":{"lines":"12","color":"#0059a9","mode":"bus","arr":["12"],"angle":4.7}},{"type":"Feature","geometry":{"type":"Point","coordinates":[23.493344,42.69824]},"properties":{"lines":"12","color":"#0059a9","mode":"bus","arr":["12"],"angle":44.7,"extra":1}},{"type":"Feature","geometry":{"type":"Point","coordinates":[23.492954,42.702745]},"properties":{"lines":"12","color":"#0059a9","mode":"bus","arr":["12"],"angle":87.7,"extra":1}},{"type":"Feature","geometry":{"type":"Point","coordinates":[23.488459,42.705219]},"properties":{"lines":"12","color":"#0059a9","mode":"bus","arr":["12"],"angle":5.5,"extra":1}},{"type":"Feature","geometry":{"type":"Point","coordinates":[23.475354,42.706169]},"properties":{"lines":"12","color":"#0059a9","mode":"bus","arr":["12"],"angle":4.7,"extra":1}},{"type":"Feature","geometry":{"type":"Point","coordinates":[23.468977,42.707259]},"properties":{"lines":"12","color":"#0059a9","mode":"bus","arr":["12"],"angle":49.7,"extra":1}},{"type":"Feature","geometry":{"type":"Point","coordinates":[23.463928,42.709686]},"properties":{"lines":"12","color":"#0059a9","mode":"bus","arr":["12"],"angle":-25.9,"extra":1}},{"type":"Feature","geometry":{"type":"Point","coordinates":[23.458217,42.707585]},"properties":{"lines":"12","color":"#0059a9","mode":"bus","arr":["12"],"angle":5.7,"extra":1}},{"type":"Feature","geometry":{"type":"Point","coordinates":[23.457004,42.708637]},"properties":{"lines":"12","color":"#0059a9","mode":"bus","arr":["12"],"angle":-0.2}},{"type":"Feature","geometry":{"type":"Point","coordinates":[23.453687,42.707575]},"properties":{"lines":"12","color":"#0059a9","mode":"bus","arr":["12"],"angle":5}},{"type":"Feature","geometry":{"type":"Point","coordinates":[23.440155,42.708434]},"properties":{"lines":"12, 14","color":"#0059a9","mode":"bus","arr":["12","14"],"angle":5.7}},{"type":"Feature","geometry":{"type":"Point","coordinates":[23.446745,42.708019]},"properties":{"lines":"12, 14","color":"#0059a9","mode":"bus","arr":["12","14"],"angle":5.2,"extra":1}},{"type":"Feature","geometry":{"type":"Point","coordinates":[23.433374,42.709006]},"properties":{"lines":"12, 14","color":"#0059a9","mode":"bus","arr":["12","14"],"angle":5.5,"extra":1}},{"type":"Feature","geometry":{"type":"Point","coordinates":[23.419115,42.710895]},"properties":{"lines":"12, 14","color":"#0059a9","mode":"bus","arr":["12","14"],"angle":-73}},{"type":"Feature","geometry":{"type":"Point","coordinates":[23.393676,42.709601]},"properties":{"lines":"12, 14","color":"#0059a9","mode":"bus","arr":["12","14"],"angle":8.8}},{"type":"Feature","geometry":{"type":"Point","coordinates":[23.389127,42.710119]},"properties":{"lines":"12, 14","color":"#0059a9","mode":"bus","arr":["12","14"],"angle":8.9,"extra":1}},{"type":"Feature","geometry":{"type":"Point","coordinates":[23.426077,42.709422]},"properties":{"lines":"12, 14, 117, 118","color":"#0059a9","mode":"bus","arr":["12","14","117","118"],"angle":5.5}},{"type":"Feature","geometry":{"type":"Point","coordinates":[23.405993,42.712359]},"properties":{"lines":"12, 14, 78","color":"#0059a9","mode":"bus","arr":["12","14","78"],"angle":32.5}},{"type":"Feature","geometry":{"type":"Point","coordinates":[23.414808,42.713384]},"properties":{"lines":"12, 14, 78","color":"#0059a9","mode":"bus","arr":["12","14","78"],"angle":-6.6,"extra":1}},{"type":"Feature","geometry":{"type":"Point","coordinates":[23.402314,42.713052]},"properties":{"lines":"12, 14, 78","color":"#0059a9","mode":"bus","arr":["12","14","78"],"angle":-8.5,"extra":1}},{"type":"Feature","geometry":{"type":"Point","coordinates":[23.400749,42.709514]},"properties":{"lines":"12, 14, 78","color":"#0059a9","mode":"bus","arr":["12","14","78"],"angle":-22.6,"extra":1}},{"type":"Feature","geometry":{"type":"Point","coordinates":[23.387094,42.707626]},"properties":{"lines":"12, 14, 78, 119, 120, N3","color":"#0059a9","mode":"bus","arr":["12","14","78","119","120","N3"],"angle":-60}},{"type":"Feature","geometry":{"type":"Point","coordinates":[23.385994,42.704902]},"properties":{"lines":"12, 14, 78, 119","color":"#0059a9","mode":"bus","arr":["12","14","78","119"],"angle":53.6}},{"type":"Feature","geometry":{"type":"Point","coordinates":[23.454911,42.664763]},"properties":{"lines":"14","color":"#0059a9","mode":"bus","arr":["14"],"angle":-5.8}},{"type":"Feature","geometry":{"type":"Point","coordinates":[23.446313,42.694304]},"properties":{"lines":"14","color":"#0059a9","mode":"bus","arr":["14"],"angle":71.2}},{"type":"Feature","geometry":{"type":"Point","coordinates":[23.459816,42.683249]},"properties":{"lines":"14","color":"#0059a9","mode":"bus","arr":["14"],"angle":21.4,"extra":1}},{"type":"Feature","geometry":{"type":"Point","coordinates":[23.45459,42.68625]},"properties":{"lines":"14","color":"#0059a9","mode":"bus","arr":["14"],"angle":32.1,"extra":1}},{"type":"Feature","geometry":{"type":"Point","coordinates":[23.450308,42.689568]},"properties":{"lines":"14","color":"#0059a9","mode":"bus","arr":["14"],"angle":45.5,"extra":1}},{"type":"Feature","geometry":{"type":"Point","coordinates":[23.443707,42.697904]},"properties":{"lines":"14","color":"#0059a9","mode":"bus","arr":["14"],"angle":61.7,"extra":1}},{"type":"Feature","geometry":{"type":"Point","coordinates":[23.439943,42.701909]},"properties":{"lines":"14","color":"#0059a9","mode":"bus","arr":["14"],"angle":38.2,"extra":1}},{"type":"Feature","geometry":{"type":"Point","coordinates":[23.434793,42.705087]},"properties":{"lines":"14","color":"#0059a9","mode":"bus","arr":["14"],"angle":45.3,"extra":1}},{"type":"Feature","geometry":{"type":"Point","coordinates":[23.449807,42.707725]},"properties":{"lines":"14","color":"#0059a9","mode":"bus","arr":["14"],"angle":83.5}},{"type":"Feature","geometry":{"type":"Point","coordinates":[23.457472,42.65865]},"properties":{"lines":"14","color":"#0059a9","mode":"bus","arr":["14"],"angle":59.9}},{"type":"Feature","geometry":{"type":"Point","coordinates":[23.441931,42.67072]},"properties":{"lines":"14, 188","color":"#0059a9","mode":"bus","arr":["14","188"],"angle":35.8}},{"type":"Feature","geometry":{"type":"Point","coordinates":[23.435712,42.674008]},"properties":{"lines":"14, 188","color":"#0059a9","mode":"bus","arr":["14","188"],"angle":37.5,"extra":1}},{"type":"Feature","geometry":{"type":"Point","coordinates":[23.446643,42.668241]},"properties":{"lines":"14, 188","color":"#0059a9","mode":"bus","arr":["14","188"],"angle":35.8,"extra":1}},{"type":"Feature","geometry":{"type":"Point","coordinates":[23.464775,42.660594]},"properties":{"lines":"14, 188","color":"#0059a9","mode":"bus","arr":["14","188"],"angle":85.4}},{"type":"Feature","geometry":{"type":"Point","coordinates":[23.462413,42.663881]},"properties":{"lines":"14, 188","color":"#0059a9","mode":"bus","arr":["14","188"],"angle":35.4,"extra":1}},{"type":"Feature","geometry":{"type":"Point","coordinates":[23.458852,42.658775]},"properties":{"lines":"14, 188","color":"#0059a9","mode":"bus","arr":["14","188"],"angle":-8.4,"extra":1}},{"type":"Feature","geometry":{"type":"Point","coordinates":[23.465903,42.673263]},"properties":{"lines":"14, 188","color":"#0059a9","mode":"bus","arr":["14","188"],"angle":85.6}},{"type":"Feature","geometry":{"type":"Point","coordinates":[23.462793,42.666737]},"properties":{"lines":"14, 188","color":"#0059a9","mode":"bus","arr":["14","188"],"angle":-58.8,"extra":1}},{"type":"Feature","geometry":{"type":"Point","coordinates":[23.464683,42.676009]},"properties":{"lines":"14, 188","color":"#0059a9","mode":"bus","arr":["14","188"],"angle":81.4,"extra":1}},{"type":"Feature","geometry":{"type":"Point","coordinates":[23.463903,42.680727]},"properties":{"lines":"14, 188","color":"#0059a9","mode":"bus","arr":["14","188"],"angle":49,"extra":1}},{"type":"Feature","geometry":{"type":"Point","coordinates":[23.441506,42.708206]},"properties":{"lines":"14, 90","color":"#0059a9","mode":"bus","arr":["14","90"],"angle":5.2}},{"type":"Feature","geometry":{"type":"Point","coordinates":[23.435845,42.708596]},"properties":{"lines":"14, 90","color":"#0059a9","mode":"bus","arr":["14","90"],"angle":5.6,"extra":1}},{"type":"Feature","geometry":{"type":"Point","coordinates":[23.449243,42.707682]},"properties":{"lines":"14, 90","color":"#0059a9","mode":"bus","arr":["14","90"],"angle":5.3,"extra":1}},{"type":"Feature","geometry":{"type":"Point","coordinates":[23.418909,42.751209]},"properties":{"lines":"18","color":"#0059a9","mode":"bus","arr":["18"],"angle":-44.1}},{"type":"Feature","geometry":{"type":"Point","coordinates":[23.435299,42.752807]},"properties":{"lines":"18","color":"#0059a9","mode":"bus","arr":["18"],"angle":64.4,"extra":1}},{"type":"Feature","geometry":{"type":"Point","coordinates":[23.430648,42.755824]},"properties":{"lines":"18","color":"#0059a9","mode":"bus","arr":["18"],"angle":24.8,"extra":1}},{"type":"Feature","geometry":{"type":"Point","coordinates":[23.425064,42.756787]},"properties":{"lines":"18","color":"#0059a9","mode":"bus","arr":["18"],"angle":-61.5,"extra":1}},{"type":"Feature","geometry":{"type":"Point","coordinates":[23.411472,42.745935]},"properties":{"lines":"18","color":"#0059a9","mode":"bus","arr":["18"],"angle":-44.5,"extra":1}},{"type":"Feature","geometry":{"type":"Point","coordinates":[23.40663,42.742502]},"properties":{"lines":"18","color":"#0059a9","mode":"bus","arr":["18"],"angle":-39.6,"extra":1}},{"type":"Feature","geometry":{"type":"Point","coordinates":[23.401128,42.739657]},"properties":{"lines":"18","color":"#0059a9","mode":"bus","arr":["18"],"angle":-34.8,"extra":1}},{"type":"Feature","geometry":{"type":"Point","coordinates":[23.342194,42.714998]},"properties":{"lines":"18","color":"#0059a9","mode":"bus","arr":["18"],"angle":-74.9}},{"type":"Feature","geometry":{"type":"Point","coordinates":[23.37181,42.724558]},"properties":{"lines":"18, 20","color":"#0059a9","mode":"bus","arr":["18","20"],"angle":-33}},{"type":"Feature","geometry":{"type":"Point","coordinates":[23.39602,42.737015]},"properties":{"lines":"18, 20","color":"#0059a9","mode":"bus","arr":["18","20"],"angle":-35.8,"extra":1}},{"type":"Feature","geometry":{"type":"Point","coordinates":[23.391189,42.733653]},"properties":{"lines":"18, 20","color":"#0059a9","mode":"bus","arr":["18","20"],"angle":-33.1,"extra":1}},{"type":"Feature","geometry":{"type":"Point","coordinates":[23.385517,42.730994]},"properties":{"lines":"18, 20","color":"#0059a9","mode":"bus","arr":["18","20"],"angle":-32.6,"extra":1}},{"type":"Feature","geometry":{"type":"Point","coordinates":[23.379843,42.728336]},"properties":{"lines":"18, 20","color":"#0059a9","mode":"bus","arr":["18","20"],"angle":-32.9,"extra":1}},{"type":"Feature","geometry":{"type":"Point","coordinates":[23.368524,42.722987]},"properties":{"lines":"18, 20","color":"#0059a9","mode":"bus","arr":["18","20"],"angle":-33,"extra":1}},{"type":"Feature","geometry":{"type":"Point","coordinates":[23.362873,42.720303]},"properties":{"lines":"18, 20","color":"#0059a9","mode":"bus","arr":["18","20"],"angle":-33.2,"extra":1}},{"type":"Feature","geometry":{"type":"Point","coordinates":[23.357025,42.717976]},"properties":{"lines":"18, 20","color":"#0059a9","mode":"bus","arr":["18","20"],"angle":-18.5,"extra":1}},{"type":"Feature","geometry":{"type":"Point","coordinates":[23.350683,42.716326]},"properties":{"lines":"18, 20","color":"#0059a9","mode":"bus","arr":["18","20"],"angle":-19.6,"extra":1}},{"type":"Feature","geometry":{"type":"Point","coordinates":[23.345367,42.713543]},"properties":{"lines":"18, 20","color":"#0059a9","mode":"bus","arr":["18","20"],"angle":-33.2,"extra":1}},{"type":"Feature","geometry":{"type":"Point","coordinates":[23.342734,42.713442]},"properties":{"lines":"18, 20, 100","color":"#0059a9","mode":"bus","arr":["18","20","100"],"angle":55.7}},{"type":"Feature","geometry":{"type":"Point","coordinates":[23.446679,42.794022]},"properties":{"lines":"20","color":"#0059a9","mode":"bus","arr":["20"],"angle":-29.7}},{"type":"Feature","geometry":{"type":"Point","coordinates":[23.445307,42.777712]},"properties":{"lines":"20","color":"#0059a9","mode":"bus","arr":["20"],"angle":-77.3}},{"type":"Feature","geometry":{"type":"Point","coordinates":[23.39939,42.754441]},"properties":{"lines":"20","color":"#0059a9","mode":"bus","arr":["20"],"angle":-89.3}},{"type":"Feature","geometry":{"type":"Point","coordinates":[23.402506,42.767349]},"properties":{"lines":"20","color":"#0059a9","mode":"bus","arr":["20"],"angle":-50.1,"extra":1}},{"type":"Feature","geometry":{"type":"Point","coordinates":[23.399574,42.7631]},"properties":{"lines":"20","color":"#0059a9","mode":"bus","arr":["20"],"angle":-88.1,"extra":1}},{"type":"Feature","geometry":{"type":"Point","coordinates":[23.399457,42.758154]},"properties":{"lines":"20","color":"#0059a9","mode":"bus","arr":["20"],"angle":-89.2,"extra":1}},{"type":"Feature","geometry":{"type":"Point","coordinates":[23.399382,42.74828]},"properties":{"lines":"20","color":"#0059a9","mode":"bus","arr":["20"],"angle":79.6,"extra":1}},{"type":"Feature","geometry":{"type":"Point","coordinates":[23.399421,42.743376]},"properties":{"lines":"20","color":"#0059a9","mode":"bus","arr":["20"],"angle":-84.4,"extra":1}},{"type":"Feature","geometry":{"type":"Point","coordinates":[23.398764,42.738453]},"properties":{"lines":"20","color":"#0059a9","mode":"bus","arr":["20"],"angle":-84.4,"extra":1}},{"type":"Feature","geometry":{"type":"Point","coordinates":[23.444868,42.786122]},"properties":{"lines":"20, 28","color":"#0059a9","mode":"bus","arr":["20","28"],"angle":86}},{"type":"Feature","geometry":{"type":"Point","coordinates":[23.445206,42.790967]},"properties":{"lines":"20, 28","color":"#0059a9","mode":"bus","arr":["20","28"],"angle":-79.5,"extra":1}},{"type":"Feature","geometry":{"type":"Point","coordinates":[23.445309,42.781128]},"properties":{"lines":"20, 28","color":"#0059a9","mode":"bus","arr":["20","28"],"angle":86.5,"extra":1}},{"type":"Feature","geometry":{"type":"Point","coordinates":[23.441792,42.773582]},"properties":{"lines":"20, 28","color":"#0059a9","mode":"bus","arr":["20","28"],"angle":-54.9}},{"type":"Feature","geometry":{"type":"Point","coordinates":[23.444613,42.776514]},"properties":{"lines":"20, 28","color":"#0059a9","mode":"bus","arr":["20","28"],"angle":-54.4,"extra":1}},{"type":"Feature","geometry":{"type":"Point","coordinates":[23.425064,42.758399]},"properties":{"lines":"20, 28","color":"#0059a9","mode":"bus","arr":["20","28"],"angle":41.1}},{"type":"Feature","geometry":{"type":"Point","coordinates":[23.439428,42.767579]},"properties":{"lines":"20, 28","color":"#0059a9","mode":"bus","arr":["20","28"],"angle":83,"extra":1}},{"type":"Feature","geometry":{"type":"Point","coordinates":[23.435236,42.766512]},"properties":{"lines":"20, 28","color":"#0059a9","mode":"bus","arr":["20","28"],"angle":-59.1,"extra":1}},{"type":"Feature","geometry":{"type":"Point","coordinates":[23.431401,42.762475]},"properties":{"lines":"20, 28","color":"#0059a9","mode":"bus","arr":["20","28"],"angle":-46.1,"extra":1}},{"type":"Feature","geometry":{"type":"Point","coordinates":[23.422896,42.760742]},"properties":{"lines":"20, 28","color":"#0059a9","mode":"bus","arr":["20","28"],"angle":72.2,"extra":1}},{"type":"Feature","geometry":{"type":"Point","coordinates":[23.418088,42.763773]},"properties":{"lines":"20, 28","color":"#0059a9","mode":"bus","arr":["20","28"],"angle":24.4,"extra":1}},{"type":"Feature","geometry":{"type":"Point","coordinates":[23.411958,42.765812]},"properties":{"lines":"20, 28","color":"#0059a9","mode":"bus","arr":["20","28"],"angle":24.3,"extra":1}},{"type":"Feature","geometry":{"type":"Point","coordinates":[23.406257,42.768348]},"properties":{"lines":"20, 28","color":"#0059a9","mode":"bus","arr":["20","28"],"angle":41.9,"extra":1}},{"type":"Feature","geometry":{"type":"Point","coordinates":[23.341772,42.714512]},"properties":{"lines":"20, 100","color":"#0059a9","mode":"bus","arr":["20","100"],"angle":59}},{"type":"Feature","geometry":{"type":"Point","coordinates":[23.341038,42.7154]},"properties":{"lines":"20, 23, 100","color":"#0059a9","mode":"bus","arr":["20","23","100"],"angle":58.2}},{"type":"Feature","geometry":{"type":"Point","coordinates":[23.332106,42.707522]},"properties":{"lines":"20, 22, 309","color":"#0059a9","mode":"bus","arr":["20","22","309"],"angle":-69.4}},{"type":"Feature","geometry":{"type":"Point","coordinates":[23.332611,42.705551]},"properties":{"lines":"20, 22, 309","color":"#0059a9","mode":"bus","arr":["20","22","309"],"angle":-88.9}},{"type":"Feature","geometry":{"type":"Point","coordinates":[23.332384,42.706379]},"properties":{"lines":"20, 22, 309, ТБ9","color":"#0059a9","mode":"bus","arr":["20","22","309","ТБ9"],"angle":77.8}},{"type":"Feature","geometry":{"type":"Point","coordinates":[23.328351,42.704309]},"properties":{"lines":"21, 85, 86, 213, 305, 413, ТБ6","color":"#0059a9","mode":"bus","arr":["21","85","86","213","305","413","ТБ6"],"angle":5.9}},{"type":"Feature","geometry":{"type":"Point","coordinates":[23.333011,42.707951]},"properties":{"lines":"21, 79","color":"#0059a9","mode":"bus","arr":["21","79"],"angle":-9.7}},{"type":"Feature","geometry":{"type":"Point","coordinates":[23.345247,42.741599]},"properties":{"lines":"21, 22, 23, 24, 100","color":"#0059a9","mode":"bus","arr":["21","22","23","24","100"],"angle":-65.8}},{"type":"Feature","geometry":{"type":"Point","coordinates":[23.347804,42.744519]},"properties":{"lines":"21, 22, 23, 24, 100","color":"#0059a9","mode":"bus","arr":["21","22","23","24","100"],"angle":-69.2,"extra":1}},{"type":"Feature","geometry":{"type":"Point","coordinates":[23.344526,42.727338]},"properties":{"lines":"21, 22, 23, 24","color":"#0059a9","mode":"bus","arr":["21","22","23","24"],"angle":82.3}},{"type":"Feature","geometry":{"type":"Point","coordinates":[23.340457,42.719914]},"properties":{"lines":"21, 22, 23, 24","color":"#0059a9","mode":"bus","arr":["21","22","23","24"],"angle":-62.8,"extra":1}},{"type":"Feature","geometry":{"type":"Point","coordinates":[23.343731,42.724219]},"properties":{"lines":"21, 22, 23, 24","color":"#0059a9","mode":"bus","arr":["21","22","23","24"],"angle":-70.1,"extra":1}},{"type":"Feature","geometry":{"type":"Point","coordinates":[23.343397,42.733929]},"properties":{"lines":"21, 22, 23, 24","color":"#0059a9","mode":"bus","arr":["21","22","23","24"],"angle":82.5,"extra":1}},{"type":"Feature","geometry":{"type":"Point","coordinates":[23.348157,42.745144]},"properties":{"lines":"21, 22, 23, 100","color":"#0059a9","mode":"bus","arr":["21","22","23","100"],"angle":-51.6}},{"type":"Feature","geometry":{"type":"Point","coordinates":[23.359493,42.76958]},"properties":{"lines":"21, 22, 23","color":"#0059a9","mode":"bus","arr":["21","22","23"],"angle":-50.4}},{"type":"Feature","geometry":{"type":"Point","coordinates":[23.350436,42.747178]},"properties":{"lines":"21, 22, 23","color":"#0059a9","mode":"bus","arr":["21","22","23"],"angle":-77,"extra":1}},{"type":"Feature","geometry":{"type":"Point","coordinates":[23.351962,42.751995]},"properties":{"lines":"21, 22, 23","color":"#0059a9","mode":"bus","arr":["21","22","23"],"angle":-76.9,"extra":1}},{"type":"Feature","geometry":{"type":"Point","coordinates":[23.353466,42.756816]},"properties":{"lines":"21, 22, 23","color":"#0059a9","mode":"bus","arr":["21","22","23"],"angle":-77.1,"extra":1}},{"type":"Feature","geometry":{"type":"Point","coordinates":[23.354968,42.761637]},"properties":{"lines":"21, 22, 23","color":"#0059a9","mode":"bus","arr":["21","22","23"],"angle":-76.6,"extra":1}},{"type":"Feature","geometry":{"type":"Point","coordinates":[23.356715,42.766404]},"properties":{"lines":"21, 22, 23","color":"#0059a9","mode":"bus","arr":["21","22","23"],"angle":-63.9,"extra":1}},{"type":"Feature","geometry":{"type":"Point","coordinates":[23.363796,42.774732]},"properties":{"lines":"21, 22, 23","color":"#0059a9","mode":"bus","arr":["21","22","23"],"angle":-62,"extra":1}},{"type":"Feature","geometry":{"type":"Point","coordinates":[23.368004,42.778528]},"properties":{"lines":"21, 22, 23","color":"#0059a9","mode":"bus","arr":["21","22","23"],"angle":-39.7,"extra":1}},{"type":"Feature","geometry":{"type":"Point","coordinates":[23.374318,42.780087]},"properties":{"lines":"21, 22, 23","color":"#0059a9","mode":"bus","arr":["21","22","23"],"angle":-14.2,"extra":1}},{"type":"Feature","geometry":{"type":"Point","coordinates":[23.38084,42.7813]},"properties":{"lines":"21, 22, 23","color":"#0059a9","mode":"bus","arr":["21","22","23"],"angle":-14.5,"extra":1}},{"type":"Feature","geometry":{"type":"Point","coordinates":[23.38735,42.782546]},"properties":{"lines":"21, 22, 23","color":"#0059a9","mode":"bus","arr":["21","22","23"],"angle":-16.4,"extra":1}},{"type":"Feature","geometry":{"type":"Point","coordinates":[23.39493,42.783852]},"properties":{"lines":"21, 22, 23, 28","color":"#0059a9","mode":"bus","arr":["21","22","23","28"],"angle":-50.3}},{"type":"Feature","geometry":{"type":"Point","coordinates":[23.390883,42.783028]},"properties":{"lines":"21, 22, 23, 28","color":"#0059a9","mode":"bus","arr":["21","22","23","28"],"angle":-1.9,"extra":1}},{"type":"Feature","geometry":{"type":"Point","coordinates":[23.414732,42.795132]},"properties":{"lines":"21, 28","color":"#0059a9","mode":"bus","arr":["21","28"],"angle":-23.8}},{"type":"Feature","geometry":{"type":"Point","coordinates":[23.404313,42.789283]},"properties":{"lines":"21, 28","color":"#0059a9","mode":"bus","arr":["21","28"],"angle":-42.1,"extra":1}},{"type":"Feature","geometry":{"type":"Point","coordinates":[23.409312,42.792594]},"properties":{"lines":"21, 28","color":"#0059a9","mode":"bus","arr":["21","28"],"angle":-41.9,"extra":1}},{"type":"Feature","geometry":{"type":"Point","coordinates":[23.420997,42.797334]},"properties":{"lines":"21, 28","color":"#0059a9","mode":"bus","arr":["21","28"],"angle":-37.9,"extra":1}},{"type":"Feature","geometry":{"type":"Point","coordinates":[23.422383,42.801959]},"properties":{"lines":"21, 28","color":"#0059a9","mode":"bus","arr":["21","28"],"angle":-72.7,"extra":1}},{"type":"Feature","geometry":{"type":"Point","coordinates":[23.266559,42.822237]},"properties":{"lines":"28","color":"#0059a9","mode":"bus","arr":["28"],"angle":-3.8}},{"type":"Feature","geometry":{"type":"Point","coordinates":[23.253957,42.819649]},"properties":{"lines":"28","color":"#0059a9","mode":"bus","arr":["28"],"angle":-27.7,"extra":1}},{"type":"Feature","geometry":{"type":"Point","coordinates":[23.260261,42.821365]},"properties":{"lines":"28","color":"#0059a9","mode":"bus","arr":["28"],"angle":-19.2,"extra":1}},{"type":"Feature","geometry":{"type":"Point","coordinates":[23.273518,42.822706]},"properties":{"lines":"28","color":"#0059a9","mode":"bus","arr":["28"],"angle":-3.8,"extra":1}},{"type":"Feature","geometry":{"type":"Point","coordinates":[23.280004,42.822036]},"properties":{"lines":"28","color":"#0059a9","mode":"bus","arr":["28"],"angle":2,"extra":1}},{"type":"Feature","geometry":{"type":"Point","coordinates":[23.404704,42.806886]},"properties":{"lines":"28","color":"#0059a9","mode":"bus","arr":["28"],"angle":40.6}},{"type":"Feature","geometry":{"type":"Point","coordinates":[23.396418,42.776394]},"properties":{"lines":"28","color":"#0059a9","mode":"bus","arr":["28"],"angle":60.1}},{"type":"Feature","geometry":{"type":"Point","coordinates":[23.39032,42.781455]},"properties":{"lines":"28","color":"#0059a9","mode":"bus","arr":["28"],"angle":21,"extra":1}},{"type":"Feature","geometry":{"type":"Point","coordinates":[23.39834,42.773949]},"properties":{"lines":"28","color":"#0059a9","mode":"bus","arr":["28"],"angle":59.8,"extra":1}},{"type":"Feature","geometry":{"type":"Point","coordinates":[23.403208,42.77064]},"properties":{"lines":"28","color":"#0059a9","mode":"bus","arr":["28"],"angle":47.2,"extra":1}},{"type":"Feature","geometry":{"type":"Point","coordinates":[23.445588,42.777656]},"properties":{"lines":"28","color":"#0059a9","mode":"bus","arr":["28"],"angle":-80.3}},{"type":"Feature","geometry":{"type":"Point","coordinates":[23.447507,42.794175]},"properties":{"lines":"28","color":"#0059a9","mode":"bus","arr":["28"],"angle":-18.3}},{"type":"Feature","geometry":{"type":"Point","coordinates":[23.399589,42.798807]},"properties":{"lines":"22, 28","color":"#0059a9","mode":"bus","arr":["22","28"],"angle":-45.7}},{"type":"Feature","geometry":{"type":"Point","coordinates":[23.404117,42.804574]},"properties":{"lines":"22, 28","color":"#0059a9","mode":"bus","arr":["22","28"],"angle":-75.7,"extra":1}},{"type":"Feature","geometry":{"type":"Point","coordinates":[23.39656,42.796617]},"properties":{"lines":"22, 28","color":"#0059a9","mode":"bus","arr":["22","28"],"angle":-45,"extra":1}},{"type":"Feature","geometry":{"type":"Point","coordinates":[23.391726,42.793176]},"properties":{"lines":"22, 28","color":"#0059a9","mode":"bus","arr":["22","28"],"angle":-44,"extra":1}},{"type":"Feature","geometry":{"type":"Point","coordinates":[23.395916,42.789958]},"properties":{"lines":"22, 23, 28","color":"#0059a9","mode":"bus","arr":["22","23","28"],"angle":31.2}},{"type":"Feature","geometry":{"type":"Point","coordinates":[23.399235,42.788479]},"properties":{"lines":"22, 23, 28","color":"#0059a9","mode":"bus","arr":["22","23","28"],"angle":31.2,"extra":1}},{"type":"Feature","geometry":{"type":"Point","coordinates":[23.359072,42.651381]},"properties":{"lines":"N2","color":"#0059a9","mode":"bus","arr":["N2"],"angle":-54.3}},{"type":"Feature","geometry":{"type":"Point","coordinates":[23.346556,42.649648]},"properties":{"lines":"N2","color":"#0059a9","mode":"bus","arr":["N2"],"angle":-72.4}},{"type":"Feature","geometry":{"type":"Point","coordinates":[23.356896,42.663942]},"properties":{"lines":"N2","color":"#0059a9","mode":"bus","arr":["N2"],"angle":50.4}},{"type":"Feature","geometry":{"type":"Point","coordinates":[23.33879,42.675071]},"properties":{"lines":"N2","color":"#0059a9","mode":"bus","arr":["N2"],"angle":-48.7}},{"type":"Feature","geometry":{"type":"Point","coordinates":[23.334072,42.675745]},"properties":{"lines":"N2","color":"#0059a9","mode":"bus","arr":["N2"],"angle":84.8}},{"type":"Feature","geometry":{"type":"Point","coordinates":[23.321432,42.680612]},"properties":{"lines":"N2","color":"#0059a9","mode":"bus","arr":["N2"],"angle":81.4}},{"type":"Feature","geometry":{"type":"Point","coordinates":[23.321142,42.685265]},"properties":{"lines":"N2","color":"#0059a9","mode":"bus","arr":["N2"],"angle":-82.1}},{"type":"Feature","geometry":{"type":"Point","coordinates":[23.315938,42.698876]},"properties":{"lines":"22ТМ","color":"#0059a9","mode":"bus","arr":["22ТМ"],"angle":14.2}},{"type":"Feature","geometry":{"type":"Point","coordinates":[23.312036,42.699609]},"properties":{"lines":"22ТМ","color":"#0059a9","mode":"bus","arr":["22ТМ"],"angle":14.4,"extra":1}},{"type":"Feature","geometry":{"type":"Point","coordinates":[23.300959,42.701495]},"properties":{"lines":"22ТМ","color":"#0059a9","mode":"bus","arr":["22ТМ"],"angle":12.8}},{"type":"Feature","geometry":{"type":"Point","coordinates":[23.335027,42.697742]},"properties":{"lines":"22ТМ, N3, X43, ТБ1, ТБ3, ТБ4, ТБ8","color":"#0059a9","mode":"bus","arr":["22ТМ","N3","X43","ТБ1","ТБ3","ТБ4","ТБ8"],"angle":77.8}},{"type":"Feature","geometry":{"type":"Point","coordinates":[23.333895,42.701626]},"properties":{"lines":"78, 79, X43, ТБ8","color":"#0059a9","mode":"bus","arr":["78","79","X43","ТБ8"],"angle":77.9}},{"type":"Feature","geometry":{"type":"Point","coordinates":[23.322551,42.697577]},"properties":{"lines":"22ТМ, N1, N2, N3, N4","color":"#0059a9","mode":"bus","arr":["22ТМ","N1","N2","N3","N4"],"angle":13.4}},{"type":"Feature","geometry":{"type":"Point","coordinates":[23.307298,42.700438]},"properties":{"lines":"22ТМ, ТБ60","color":"#0059a9","mode":"bus","arr":["22ТМ","ТБ60"],"angle":12.8}},{"type":"Feature","geometry":{"type":"Point","coordinates":[23.342098,42.716014]},"properties":{"lines":"24","color":"#0059a9","mode":"bus","arr":["24"],"angle":19}},{"type":"Feature","geometry":{"type":"Point","coordinates":[23.381834,42.797235]},"properties":{"lines":"23, 28","color":"#0059a9","mode":"bus","arr":["23","28"],"angle":66.1}},{"type":"Feature","geometry":{"type":"Point","coordinates":[23.387743,42.793625]},"properties":{"lines":"23, 28","color":"#0059a9","mode":"bus","arr":["23","28"],"angle":31.3,"extra":1}},{"type":"Feature","geometry":{"type":"Point","coordinates":[23.379628,42.800971]},"properties":{"lines":"23, 28","color":"#0059a9","mode":"bus","arr":["23","28"],"angle":67,"extra":1}},{"type":"Feature","geometry":{"type":"Point","coordinates":[23.359008,42.819511]},"properties":{"lines":"23, 28","color":"#0059a9","mode":"bus","arr":["23","28"],"angle":-31.1}},{"type":"Feature","geometry":{"type":"Point","coordinates":[23.37212,42.820428]},"properties":{"lines":"23, 26, 28","color":"#0059a9","mode":"bus","arr":["23","26","28"],"angle":25.5}},{"type":"Feature","geometry":{"type":"Point","coordinates":[23.377108,42.807158]},"properties":{"lines":"23, 26, 28","color":"#0059a9","mode":"bus","arr":["23","26","28"],"angle":62,"extra":1}},{"type":"Feature","geometry":{"type":"Point","coordinates":[23.377364,42.81174]},"properties":{"lines":"23, 26, 28","color":"#0059a9","mode":"bus","arr":["23","26","28"],"angle":-74.8,"extra":1}},{"type":"Feature","geometry":{"type":"Point","coordinates":[23.375161,42.81417]},"properties":{"lines":"23, 26, 28","color":"#0059a9","mode":"bus","arr":["23","26","28"],"angle":54.4,"extra":1}},{"type":"Feature","geometry":{"type":"Point","coordinates":[23.368269,42.820757]},"properties":{"lines":"23, 26, 28","color":"#0059a9","mode":"bus","arr":["23","26","28"],"angle":4.2,"extra":1}},{"type":"Feature","geometry":{"type":"Point","coordinates":[23.36326,42.82179]},"properties":{"lines":"23, 26, 28","color":"#0059a9","mode":"bus","arr":["23","26","28"],"angle":-42.9,"extra":1}},{"type":"Feature","geometry":{"type":"Point","coordinates":[23.354612,42.820482]},"properties":{"lines":"26, 27","color":"#0059a9","mode":"bus","arr":["26","27"],"angle":58.9}},{"type":"Feature","geometry":{"type":"Point","coordinates":[23.318952,42.756853]},"properties":{"lines":"26, 27","color":"#0059a9","mode":"bus","arr":["26","27"],"angle":-86.9}},{"type":"Feature","geometry":{"type":"Point","coordinates":[23.317307,42.733254]},"properties":{"lines":"26, 27","color":"#0059a9","mode":"bus","arr":["26","27"],"angle":-86.5}},{"type":"Feature","geometry":{"type":"Point","coordinates":[23.357521,42.82087]},"properties":{"lines":"26","color":"#0059a9","mode":"bus","arr":["26"],"angle":30.4}},{"type":"Feature","geometry":{"type":"Point","coordinates":[23.310967,42.722186]},"properties":{"lines":"26","color":"#0059a9","mode":"bus","arr":["26"],"angle":-74.2}},{"type":"Feature","geometry":{"type":"Point","coordinates":[23.287827,42.729133]},"properties":{"lines":"26","color":"#0059a9","mode":"bus","arr":["26"],"angle":64.4}},{"type":"Feature","geometry":{"type":"Point","coordinates":[23.350167,42.809167]},"properties":{"lines":"26, 27, 28","color":"#0059a9","mode":"bus","arr":["26","27","28"],"angle":-61.8}},{"type":"Feature","geometry":{"type":"Point","coordinates":[23.353519,42.817027]},"properties":{"lines":"26, 27, 28","color":"#0059a9","mode":"bus","arr":["26","27","28"],"angle":-36.9,"extra":1}},{"type":"Feature","geometry":{"type":"Point","coordinates":[23.351324,42.812591]},"properties":{"lines":"26, 27, 28","color":"#0059a9","mode":"bus","arr":["26","27","28"],"angle":-78.1,"extra":1}},{"type":"Feature","geometry":{"type":"Point","coordinates":[23.345276,42.80397]},"properties":{"lines":"26, 27, 28","color":"#0059a9","mode":"bus","arr":["26","27","28"],"angle":-44.5,"extra":1}},{"type":"Feature","geometry":{"type":"Point","coordinates":[23.33727,42.793788]},"properties":{"lines":"26, 27, 29","color":"#0059a9","mode":"bus","arr":["26","27","29"],"angle":-45.3}},{"type":"Feature","geometry":{"type":"Point","coordinates":[23.340281,42.798134]},"properties":{"lines":"26, 27, 29","color":"#0059a9","mode":"bus","arr":["26","27","29"],"angle":-75.7,"extra":1}},{"type":"Feature","geometry":{"type":"Point","coordinates":[23.332623,42.790313]},"properties":{"lines":"26, 27, 29","color":"#0059a9","mode":"bus","arr":["26","27","29"],"angle":-49.9,"extra":1}},{"type":"Feature","geometry":{"type":"Point","coordinates":[23.315204,42.768391]},"properties":{"lines":"26, 27, 29","color":"#0059a9","mode":"bus","arr":["26","27","29"],"angle":-81.8}},{"type":"Feature","geometry":{"type":"Point","coordinates":[23.31422,42.77815]},"properties":{"lines":"26, 27, 29","color":"#0059a9","mode":"bus","arr":["26","27","29"],"angle":59.4,"extra":1}},{"type":"Feature","geometry":{"type":"Point","coordinates":[23.315918,42.773443]},"properties":{"lines":"26, 27, 29","color":"#0059a9","mode":"bus","arr":["26","27","29"],"angle":74.8,"extra":1}},{"type":"Feature","geometry":{"type":"Point","coordinates":[23.314274,42.763646]},"properties":{"lines":"26, 27, 29","color":"#0059a9","mode":"bus","arr":["26","27","29"],"angle":-81.8,"extra":1}},{"type":"Feature","geometry":{"type":"Point","coordinates":[23.316223,42.759712]},"properties":{"lines":"26, 27, 29","color":"#0059a9","mode":"bus","arr":["26","27","29"],"angle":14.6,"extra":1}},{"type":"Feature","geometry":{"type":"Point","coordinates":[23.318357,42.748296]},"properties":{"lines":"26, 27, 29","color":"#0059a9","mode":"bus","arr":["26","27","29"],"angle":-87}},{"type":"Feature","geometry":{"type":"Point","coordinates":[23.318664,42.752689]},"properties":{"lines":"26, 27, 29","color":"#0059a9","mode":"bus","arr":["26","27","29"],"angle":-87,"extra":1}},{"type":"Feature","geometry":{"type":"Point","coordinates":[23.318022,42.742811]},"properties":{"lines":"26, 27, 29","color":"#0059a9","mode":"bus","arr":["26","27","29"],"angle":-87.5,"extra":1}},{"type":"Feature","geometry":{"type":"Point","coordinates":[23.310274,42.791519]},"properties":{"lines":"26, 29","color":"#0059a9","mode":"bus","arr":["26","29"],"angle":-80.5}},{"type":"Feature","geometry":{"type":"Point","coordinates":[23.329394,42.791935]},"properties":{"lines":"26, 29","color":"#0059a9","mode":"bus","arr":["26","29"],"angle":89.7,"extra":1}},{"type":"Feature","geometry":{"type":"Point","coordinates":[23.324559,42.793627]},"properties":{"lines":"26, 29","color":"#0059a9","mode":"bus","arr":["26","29"],"angle":22,"extra":1}},{"type":"Feature","geometry":{"type":"Point","coordinates":[23.318191,42.793559]},"properties":{"lines":"26, 29","color":"#0059a9","mode":"bus","arr":["26","29"],"angle":-29.7,"extra":1}},{"type":"Feature","geometry":{"type":"Point","coordinates":[23.30332,42.790861]},"properties":{"lines":"26, 29","color":"#0059a9","mode":"bus","arr":["26","29"],"angle":-86.9,"extra":1}},{"type":"Feature","geometry":{"type":"Point","coordinates":[23.306734,42.786808]},"properties":{"lines":"26, 29","color":"#0059a9","mode":"bus","arr":["26","29"],"angle":57.8,"extra":1}},{"type":"Feature","geometry":{"type":"Point","coordinates":[23.310354,42.782638]},"properties":{"lines":"26, 29","color":"#0059a9","mode":"bus","arr":["26","29"],"angle":57.2,"extra":1}},{"type":"Feature","geometry":{"type":"Point","coordinates":[23.312688,42.729174]},"properties":{"lines":"26, 27, 29, 85","color":"#0059a9","mode":"bus","arr":["26","27","29","85"],"angle":-80.5}},{"type":"Feature","geometry":{"type":"Point","coordinates":[23.311993,42.725387]},"properties":{"lines":"26, 27, 85, 413","color":"#0059a9","mode":"bus","arr":["26","27","85","413"],"angle":-81.6}},{"type":"Feature","geometry":{"type":"Point","coordinates":[23.307326,42.722358]},"properties":{"lines":"26, 285, N2","color":"#0059a9","mode":"bus","arr":["26","285","N2"],"angle":43}},{"type":"Feature","geometry":{"type":"Point","coordinates":[23.2966,42.723376]},"properties":{"lines":"26, 285","color":"#0059a9","mode":"bus","arr":["26","285"],"angle":0.4}},{"type":"Feature","geometry":{"type":"Point","coordinates":[23.302064,42.723497]},"properties":{"lines":"26, 285","color":"#0059a9","mode":"bus","arr":["26","285"],"angle":-4.1,"extra":1}},{"type":"Feature","geometry":{"type":"Point","coordinates":[23.290157,42.726448]},"properties":{"lines":"26, 285","color":"#0059a9","mode":"bus","arr":["26","285"],"angle":42.1,"extra":1}},{"type":"Feature","geometry":{"type":"Point","coordinates":[23.28957,42.733452]},"properties":{"lines":"26, 108","color":"#0059a9","mode":"bus","arr":["26","108"],"angle":-37.7}},{"type":"Feature","geometry":{"type":"Point","coordinates":[23.290336,42.737871]},"properties":{"lines":"26, N2","color":"#0059a9","mode":"bus","arr":["26","N2"],"angle":51.9}},{"type":"Feature","geometry":{"type":"Point","coordinates":[23.282365,42.745018]},"properties":{"lines":"26, 30, 31","color":"#0059a9","mode":"bus","arr":["26","30","31"],"angle":51.7}},{"type":"Feature","geometry":{"type":"Point","coordinates":[23.271213,42.748148]},"properties":{"lines":"26, 150","color":"#0059a9","mode":"bus","arr":["26","150"],"angle":-4.1}},{"type":"Feature","geometry":{"type":"Point","coordinates":[23.278032,42.748098]},"properties":{"lines":"26, 150","color":"#0059a9","mode":"bus","arr":["26","150"],"angle":26,"extra":1}},{"type":"Feature","geometry":{"type":"Point","coordinates":[23.26893,42.745376]},"properties":{"lines":"26, 150","color":"#0059a9","mode":"bus","arr":["26","150"],"angle":-58.1,"extra":1}},{"type":"Feature","geometry":{"type":"Point","coordinates":[23.270986,42.738089]},"properties":{"lines":"26, 150","color":"#0059a9","mode":"bus","arr":["26","150"],"angle":-10.5}},{"type":"Feature","geometry":{"type":"Point","coordinates":[23.273122,42.742927]},"properties":{"lines":"26, 81, 150, N2","color":"#0059a9","mode":"bus","arr":["26","81","150","N2"],"angle":0.2}},{"type":"Feature","geometry":{"type":"Point","coordinates":[23.277642,42.74232]},"properties":{"lines":"26, 81, 150, N2","color":"#0059a9","mode":"bus","arr":["26","81","150","N2"],"angle":44.7,"extra":1}},{"type":"Feature","geometry":{"type":"Point","coordinates":[23.275782,42.740174]},"properties":{"lines":"26, 30, 31, 81, 150","color":"#0059a9","mode":"bus","arr":["26","30","31","81","150"],"angle":-52.9}},{"type":"Feature","geometry":{"type":"Point","coordinates":[23.335852,42.83121]},"properties":{"lines":"27","color":"#0059a9","mode":"bus","arr":["27"],"angle":38.6}},{"type":"Feature","geometry":{"type":"Point","coordinates":[23.3218,42.843866]},"properties":{"lines":"27","color":"#0059a9","mode":"bus","arr":["27"],"angle":59.7,"extra":1}},{"type":"Feature","geometry":{"type":"Point","coordinates":[23.324857,42.83947]},"properties":{"lines":"27","color":"#0059a9","mode":"bus","arr":["27"],"angle":64.5,"extra":1}},{"type":"Feature","geometry":{"type":"Point","coordinates":[23.328632,42.835471]},"properties":{"lines":"27","color":"#0059a9","mode":"bus","arr":["27"],"angle":65.9,"extra":1}},{"type":"Feature","geometry":{"type":"Point","coordinates":[23.339054,42.8296]},"properties":{"lines":"27","color":"#0059a9","mode":"bus","arr":["27"],"angle":22.5,"extra":1}},{"type":"Feature","geometry":{"type":"Point","coordinates":[23.344599,42.826947]},"properties":{"lines":"27","color":"#0059a9","mode":"bus","arr":["27"],"angle":37,"extra":1}},{"type":"Feature","geometry":{"type":"Point","coordinates":[23.35103,42.826242]},"properties":{"lines":"27","color":"#0059a9","mode":"bus","arr":["27"],"angle":-3.1,"extra":1}},{"type":"Feature","geometry":{"type":"Point","coordinates":[23.353994,42.824204]},"properties":{"lines":"27","color":"#0059a9","mode":"bus","arr":["27"],"angle":89.1,"extra":1}},{"type":"Feature","geometry":{"type":"Point","coordinates":[23.321555,42.784358]},"properties":{"lines":"27","color":"#0059a9","mode":"bus","arr":["27"],"angle":-37.5}},{"type":"Feature","geometry":{"type":"Point","coordinates":[23.326886,42.788026]},"properties":{"lines":"27","color":"#0059a9","mode":"bus","arr":["27"],"angle":-50.7,"extra":1}},{"type":"Feature","geometry":{"type":"Point","coordinates":[23.31637,42.781969]},"properties":{"lines":"27","color":"#0059a9","mode":"bus","arr":["27"],"angle":-30.9,"extra":1}},{"type":"Feature","geometry":{"type":"Point","coordinates":[23.31075,42.720898]},"properties":{"lines":"27, 85, 413","color":"#0059a9","mode":"bus","arr":["27","85","413"],"angle":-75.8}},{"type":"Feature","geometry":{"type":"Point","coordinates":[23.30989,42.717056]},"properties":{"lines":"27, 85, 86, 101, 285, 413, N2","color":"#0059a9","mode":"bus","arr":["27","85","86","101","285","413","N2"],"angle":-86.2}},{"type":"Feature","geometry":{"type":"Point","coordinates":[23.309765,42.715864]},"properties":{"lines":"27, 85, 86, 101, 413","color":"#0059a9","mode":"bus","arr":["27","85","86","101","413"],"angle":88.7}},{"type":"Feature","geometry":{"type":"Point","coordinates":[23.31097,42.714471]},"properties":{"lines":"27, 77, 82, 85, 86, 101, 413, ТБ5","color":"#0059a9","mode":"bus","arr":["27","77","82","85","86","101","413","ТБ5"],"angle":28.8}},{"type":"Feature","geometry":{"type":"Point","coordinates":[23.31276,42.714008]},"properties":{"lines":"27, 77, 82, 85, 86, 101, 413, ТБ5","color":"#0059a9","mode":"bus","arr":["27","77","82","85","86","101","413","ТБ5"],"angle":21.1}},{"type":"Feature","geometry":{"type":"Point","coordinates":[23.273191,42.787379]},"properties":{"lines":"28, 30, 31","color":"#0059a9","mode":"bus","arr":["28","30","31"],"angle":79.4}},{"type":"Feature","geometry":{"type":"Point","coordinates":[23.26175,42.804247]},"properties":{"lines":"28, 31","color":"#0059a9","mode":"bus","arr":["28","31"],"angle":59.8}},{"type":"Feature","geometry":{"type":"Point","coordinates":[23.270682,42.792082]},"properties":{"lines":"28, 31","color":"#0059a9","mode":"bus","arr":["28","31"],"angle":54.1,"extra":1}},{"type":"Feature","geometry":{"type":"Point","coordinates":[23.26732,42.796292]},"properties":{"lines":"28, 31","color":"#0059a9","mode":"bus","arr":["28","31"],"angle":69,"extra":1}},{"type":"Feature","geometry":{"type":"Point","coordinates":[23.264537,42.800779]},"properties":{"lines":"28, 31","color":"#0059a9","mode":"bus","arr":["28","31"],"angle":59.4,"extra":1}},{"type":"Feature","geometry":{"type":"Point","coordinates":[23.257737,42.809315]},"properties":{"lines":"28, 31","color":"#0059a9","mode":"bus","arr":["28","31"],"angle":59.7,"extra":1}},{"type":"Feature","geometry":{"type":"Point","coordinates":[23.254366,42.813596]},"properties":{"lines":"28, 31","color":"#0059a9","mode":"bus","arr":["28","31"],"angle":59.9,"extra":1}},{"type":"Feature","geometry":{"type":"Point","coordinates":[23.251272,42.817984]},"properties":{"lines":"28, 31","color":"#0059a9","mode":"bus","arr":["28","31"],"angle":66,"extra":1}},{"type":"Feature","geometry":{"type":"Point","coordinates":[23.283165,42.821875]},"properties":{"lines":"28, 30","color":"#0059a9","mode":"bus","arr":["28","30"],"angle":5.7}},{"type":"Feature","geometry":{"type":"Point","coordinates":[23.284557,42.821939]},"properties":{"lines":"28, 30","color":"#0059a9","mode":"bus","arr":["28","30"],"angle":-5.6}},{"type":"Feature","geometry":{"type":"Point","coordinates":[23.317922,42.816808]},"properties":{"lines":"28, 29","color":"#0059a9","mode":"bus","arr":["28","29"],"angle":43.1}},{"type":"Feature","geometry":{"type":"Point","coordinates":[23.28963,42.821685]},"properties":{"lines":"28, 29","color":"#0059a9","mode":"bus","arr":["28","29"],"angle":12,"extra":1}},{"type":"Feature","geometry":{"type":"Point","coordinates":[23.296222,42.820696]},"properties":{"lines":"28, 29","color":"#0059a9","mode":"bus","arr":["28","29"],"angle":11.5,"extra":1}},{"type":"Feature","geometry":{"type":"Point","coordinates":[23.302817,42.819715]},"properties":{"lines":"28, 29","color":"#0059a9","mode":"bus","arr":["28","29"],"angle":10.6,"extra":1}},{"type":"Feature","geometry":{"type":"Point","coordinates":[23.309442,42.818856]},"properties":{"lines":"28, 29","color":"#0059a9","mode":"bus","arr":["28","29"],"angle":10,"extra":1}},{"type":"Feature","geometry":{"type":"Point","coordinates":[23.32104,42.814657]},"properties":{"lines":"28, 29","color":"#0059a9","mode":"bus","arr":["28","29"],"angle":43.2,"extra":1}},{"type":"Feature","geometry":{"type":"Point","coordinates":[23.325947,42.811272]},"properties":{"lines":"28, 29","color":"#0059a9","mode":"bus","arr":["28","29"],"angle":44.6,"extra":1}},{"type":"Feature","geometry":{"type":"Point","coordinates":[23.330097,42.807382]},"properties":{"lines":"28, 29","color":"#0059a9","mode":"bus","arr":["28","29"],"angle":52.7,"extra":1}},{"type":"Feature","geometry":{"type":"Point","coordinates":[23.334192,42.803457]},"properties":{"lines":"28, 29","color":"#0059a9","mode":"bus","arr":["28","29"],"angle":52.5,"extra":1}},{"type":"Feature","geometry":{"type":"Point","coordinates":[23.339935,42.801203]},"properties":{"lines":"28, 29","color":"#0059a9","mode":"bus","arr":["28","29"],"angle":37.3,"extra":1}},{"type":"Feature","geometry":{"type":"Point","coordinates":[23.264381,42.854472]},"properties":{"lines":"29, 30","color":"#0059a9","mode":"bus","arr":["29","30"],"angle":-7.5}},{"type":"Feature","geometry":{"type":"Point","coordinates":[23.278479,42.840882]},"properties":{"lines":"29, 30","color":"#0059a9","mode":"bus","arr":["29","30"],"angle":59.3}},{"type":"Feature","geometry":{"type":"Point","coordinates":[23.266608,42.851488]},"properties":{"lines":"29, 30","color":"#0059a9","mode":"bus","arr":["29","30"],"angle":71.2,"extra":1}},{"type":"Feature","geometry":{"type":"Point","coordinates":[23.268004,42.847267]},"properties":{"lines":"29, 30","color":"#0059a9","mode":"bus","arr":["29","30"],"angle":-47,"extra":1}},{"type":"Feature","geometry":{"type":"Point","coordinates":[23.27597,42.842992]},"properties":{"lines":"29, 30","color":"#0059a9","mode":"bus","arr":["29","30"],"angle":27,"extra":1}},{"type":"Feature","geometry":{"type":"Point","coordinates":[23.282515,42.834609]},"properties":{"lines":"29, 30","color":"#0059a9","mode":"bus","arr":["29","30"],"angle":65.6,"extra":1}},{"type":"Feature","geometry":{"type":"Point","coordinates":[23.284667,42.830009]},"properties":{"lines":"29, 30","color":"#0059a9","mode":"bus","arr":["29","30"],"angle":86.5,"extra":1}},{"type":"Feature","geometry":{"type":"Point","coordinates":[23.284598,42.825103]},"properties":{"lines":"29, 30","color":"#0059a9","mode":"bus","arr":["29","30"],"angle":84.2,"extra":1}},{"type":"Feature","geometry":{"type":"Point","coordinates":[23.264328,42.853633]},"properties":{"lines":"29","color":"#0059a9","mode":"bus","arr":["29"],"angle":62.3}},{"type":"Feature","geometry":{"type":"Point","coordinates":[23.314715,42.735306]},"properties":{"lines":"29","color":"#0059a9","mode":"bus","arr":["29"],"angle":-67.7}},{"type":"Feature","geometry":{"type":"Point","coordinates":[23.321073,42.757175]},"properties":{"lines":"29","color":"#0059a9","mode":"bus","arr":["29"],"angle":-80.1,"extra":1}},{"type":"Feature","geometry":{"type":"Point","coordinates":[23.312731,42.726993]},"properties":{"lines":"29","color":"#0059a9","mode":"bus","arr":["29"],"angle":12}},{"type":"Feature","geometry":{"type":"Point","coordinates":[23.315476,42.727059]},"properties":{"lines":"29","color":"#0059a9","mode":"bus","arr":["29"],"angle":3.8}},{"type":"Feature","geometry":{"type":"Point","coordinates":[23.316029,42.726506]},"properties":{"lines":"29","color":"#0059a9","mode":"bus","arr":["29"],"angle":-81.9}},{"type":"Feature","geometry":{"type":"Point","coordinates":[23.315881,42.725986]},"properties":{"lines":"29","color":"#0059a9","mode":"bus","arr":["29"],"angle":-36.4}},{"type":"Feature","geometry":{"type":"Point","coordinates":[23.314075,42.726897]},"properties":{"lines":"29, 413","color":"#0059a9","mode":"bus","arr":["29","413"],"angle":0.1}},{"type":"Feature","geometry":{"type":"Point","coordinates":[23.261378,42.726178]},"properties":{"lines":"30, 31, 47, 49, 54, 82, 108","color":"#0059a9","mode":"bus","arr":["30","31","47","49","54","82","108"],"angle":-51.8}},{"type":"Feature","geometry":{"type":"Point","coordinates":[23.262539,42.727289]},"properties":{"lines":"30, 31, 81","color":"#0059a9","mode":"bus","arr":["30","31","81"],"angle":-51.6}},{"type":"Feature","geometry":{"type":"Point","coordinates":[23.267836,42.732514]},"properties":{"lines":"30, 31, 81, 150","color":"#0059a9","mode":"bus","arr":["30","31","81","150"],"angle":-52}},{"type":"Feature","geometry":{"type":"Point","coordinates":[23.265093,42.729789]},"properties":{"lines":"30, 31, 81, 150","color":"#0059a9","mode":"bus","arr":["30","31","81","150"],"angle":-51.7,"extra":1}},{"type":"Feature","geometry":{"type":"Point","coordinates":[23.274855,42.767852]},"properties":{"lines":"30, 31","color":"#0059a9","mode":"bus","arr":["30","31"],"angle":86.9}},{"type":"Feature","geometry":{"type":"Point","coordinates":[23.275562,42.753463]},"properties":{"lines":"30, 31","color":"#0059a9","mode":"bus","arr":["30","31"],"angle":89.1,"extra":1}},{"type":"Feature","geometry":{"type":"Point","coordinates":[23.275419,42.758408]},"properties":{"lines":"30, 31","color":"#0059a9","mode":"bus","arr":["30","31"],"angle":88.6,"extra":1}},{"type":"Feature","geometry":{"type":"Point","coordinates":[23.27517,42.763351]},"properties":{"lines":"30, 31","color":"#0059a9","mode":"bus","arr":["30","31"],"angle":88,"extra":1}},{"type":"Feature","geometry":{"type":"Point","coordinates":[23.274473,42.77323]},"properties":{"lines":"30, 31","color":"#0059a9","mode":"bus","arr":["30","31"],"angle":86.9,"extra":1}},{"type":"Feature","geometry":{"type":"Point","coordinates":[23.274136,42.77817]},"properties":{"lines":"30, 31","color":"#0059a9","mode":"bus","arr":["30","31"],"angle":87.2,"extra":1}},{"type":"Feature","geometry":{"type":"Point","coordinates":[23.273807,42.783111]},"properties":{"lines":"30, 31","color":"#0059a9","mode":"bus","arr":["30","31"],"angle":87.3,"extra":1}},{"type":"Feature","geometry":{"type":"Point","coordinates":[23.281993,42.74281]},"properties":{"lines":"30, 31, N2","color":"#0059a9","mode":"bus","arr":["30","31","N2"],"angle":-18.3}},{"type":"Feature","geometry":{"type":"Point","coordinates":[23.27801,42.748919]},"properties":{"lines":"30, 31, 150","color":"#0059a9","mode":"bus","arr":["30","31","150"],"angle":51.1}},{"type":"Feature","geometry":{"type":"Point","coordinates":[23.277495,42.805998]},"properties":{"lines":"30","color":"#0059a9","mode":"bus","arr":["30"],"angle":-76.8}},{"type":"Feature","geometry":{"type":"Point","coordinates":[23.273173,42.792375]},"properties":{"lines":"30","color":"#0059a9","mode":"bus","arr":["30"],"angle":-76.9,"extra":1}},{"type":"Feature","geometry":{"type":"Point","coordinates":[23.2747,42.797192]},"properties":{"lines":"30","color":"#0059a9","mode":"bus","arr":["30"],"angle":-76.9,"extra":1}},{"type":"Feature","geometry":{"type":"Point","coordinates":[23.276228,42.802009]},"properties":{"lines":"30","color":"#0059a9","mode":"bus","arr":["30"],"angle":-76.9,"extra":1}},{"type":"Feature","geometry":{"type":"Point","coordinates":[23.278992,42.811688]},"properties":{"lines":"30","color":"#0059a9","mode":"bus","arr":["30"],"angle":-79.2,"extra":1}},{"type":"Feature","geometry":{"type":"Point","coordinates":[23.280256,42.816546]},"properties":{"lines":"30","color":"#0059a9","mode":"bus","arr":["30"],"angle":-79.2,"extra":1}},{"type":"Feature","geometry":{"type":"Point","coordinates":[23.282327,42.821214]},"properties":{"lines":"30","color":"#0059a9","mode":"bus","arr":["30"],"angle":-67.1,"extra":1}},{"type":"Feature","geometry":{"type":"Point","coordinates":[23.264987,42.854121]},"properties":{"lines":"30","color":"#0059a9","mode":"bus","arr":["30"],"angle":67.6}},{"type":"Feature","geometry":{"type":"Point","coordinates":[23.245372,42.823604]},"properties":{"lines":"31","color":"#0059a9","mode":"bus","arr":["31"],"angle":47.1}},{"type":"Feature","geometry":{"type":"Point","coordinates":[23.249136,42.820634]},"properties":{"lines":"31","color":"#0059a9","mode":"bus","arr":["31"],"angle":48.6,"extra":1}},{"type":"Feature","geometry":{"type":"Point","coordinates":[23.239954,42.827864]},"properties":{"lines":"31","color":"#0059a9","mode":"bus","arr":["31"],"angle":49,"extra":1}},{"type":"Feature","geometry":{"type":"Point","coordinates":[23.260311,42.723082]},"properties":{"lines":"N1, ТБ6","color":"#0059a9","mode":"bus","arr":["N1","ТБ6"],"angle":-0.5}},{"type":"Feature","geometry":{"type":"Point","coordinates":[23.263377,42.721819]},"properties":{"lines":"42, N1, ТБ6","color":"#0059a9","mode":"bus","arr":["42","N1","ТБ6"],"angle":35.3}},{"type":"Feature","geometry":{"type":"Point","coordinates":[23.262769,42.718871]},"properties":{"lines":"42, N1","color":"#0059a9","mode":"bus","arr":["42","N1"],"angle":-52.9}},{"type":"Feature","geometry":{"type":"Point","coordinates":[23.240665,42.721068]},"properties":{"lines":"42, N1","color":"#0059a9","mode":"bus","arr":["42","N1"],"angle":-63.7}},{"type":"Feature","geometry":{"type":"Point","coordinates":[23.257667,42.718273]},"properties":{"lines":"42","color":"#0059a9","mode":"bus","arr":["42"],"angle":35.6}},{"type":"Feature","geometry":{"type":"Point","coordinates":[23.200148,42.717425]},"properties":{"lines":"42","color":"#0059a9","mode":"bus","arr":["42"],"angle":21.9}},{"type":"Feature","geometry":{"type":"Point","coordinates":[23.222051,42.716747]},"properties":{"lines":"42","color":"#0059a9","mode":"bus","arr":["42"],"angle":-59.6,"extra":1}},{"type":"Feature","geometry":{"type":"Point","coordinates":[23.217129,42.714553]},"properties":{"lines":"42","color":"#0059a9","mode":"bus","arr":["42"],"angle":4.2,"extra":1}},{"type":"Feature","geometry":{"type":"Point","coordinates":[23.210467,42.715243]},"properties":{"lines":"42","color":"#0059a9","mode":"bus","arr":["42"],"angle":8,"extra":1}},{"type":"Feature","geometry":{"type":"Point","coordinates":[23.203898,42.716264]},"properties":{"lines":"42","color":"#0059a9","mode":"bus","arr":["42"],"angle":17.1,"extra":1}},{"type":"Feature","geometry":{"type":"Point","coordinates":[23.190899,42.718235]},"properties":{"lines":"42","color":"#0059a9","mode":"bus","arr":["42"],"angle":-6.1,"extra":1}},{"type":"Feature","geometry":{"type":"Point","coordinates":[23.184266,42.717489]},"properties":{"lines":"42","color":"#0059a9","mode":"bus","arr":["42"],"angle":-13.8,"extra":1}},{"type":"Feature","geometry":{"type":"Point","coordinates":[23.177753,42.716253]},"properties":{"lines":"42","color":"#0059a9","mode":"bus","arr":["42"],"angle":-14.9,"extra":1}},{"type":"Feature","geometry":{"type":"Point","coordinates":[23.160849,42.709796]},"properties":{"lines":"42","color":"#0059a9","mode":"bus","arr":["42"],"angle":-30.6}},{"type":"Feature","geometry":{"type":"Point","coordinates":[23.169893,42.714408]},"properties":{"lines":"42","color":"#0059a9","mode":"bus","arr":["42"],"angle":-13.5,"extra":1}},{"type":"Feature","geometry":{"type":"Point","coordinates":[23.164286,42.711801]},"properties":{"lines":"42","color":"#0059a9","mode":"bus","arr":["42"],"angle":-19.4,"extra":1}},{"type":"Feature","geometry":{"type":"Point","coordinates":[23.153331,42.706355]},"properties":{"lines":"42","color":"#0059a9","mode":"bus","arr":["42"],"angle":-24.6,"extra":1}},{"type":"Feature","geometry":{"type":"Point","coordinates":[23.127086,42.702079]},"properties":{"lines":"42","color":"#0059a9","mode":"bus","arr":["42"],"angle":-71.6}},{"type":"Feature","geometry":{"type":"Point","coordinates":[23.142756,42.709536]},"properties":{"lines":"42","color":"#0059a9","mode":"bus","arr":["42"],"angle":34.7,"extra":1}},{"type":"Feature","geometry":{"type":"Point","coordinates":[23.136157,42.709734]},"properties":{"lines":"42","color":"#0059a9","mode":"bus","arr":["42"],"angle":-5.8,"extra":1}},{"type":"Feature","geometry":{"type":"Point","coordinates":[23.130053,42.708134]},"properties":{"lines":"42","color":"#0059a9","mode":"bus","arr":["42"],"angle":-19.5,"extra":1}},{"type":"Feature","geometry":{"type":"Point","coordinates":[23.124942,42.69979]},"properties":{"lines":"42","color":"#0059a9","mode":"bus","arr":["42"],"angle":-47.2,"extra":1}},{"type":"Feature","geometry":{"type":"Point","coordinates":[23.12115,42.695807]},"properties":{"lines":"42","color":"#0059a9","mode":"bus","arr":["42"],"angle":-67.3,"extra":1}},{"type":"Feature","geometry":{"type":"Point","coordinates":[23.119477,42.691252]},"properties":{"lines":"42","color":"#0059a9","mode":"bus","arr":["42"],"angle":-75.7,"extra":1}},{"type":"Feature","geometry":{"type":"Point","coordinates":[23.118983,42.686388]},"properties":{"lines":"42","color":"#0059a9","mode":"bus","arr":["42"],"angle":83.7,"extra":1}},{"type":"Feature","geometry":{"type":"Point","coordinates":[23.246054,42.718703]},"properties":{"lines":"42, 111, ТБ7","color":"#0059a9","mode":"bus","arr":["42","111","ТБ7"],"angle":36.6}},{"type":"Feature","geometry":{"type":"Point","coordinates":[23.242942,42.7204]},"properties":{"lines":"42, 111, ТБ7","color":"#0059a9","mode":"bus","arr":["42","111","ТБ7"],"angle":36.5,"extra":1}},{"type":"Feature","geometry":{"type":"Point","coordinates":[23.239684,42.719746]},"properties":{"lines":"42, 81, 82, 108, N1","color":"#0059a9","mode":"bus","arr":["42","81","82","108","N1"],"angle":-60.4}},{"type":"Feature","geometry":{"type":"Point","coordinates":[23.231359,42.71832]},"properties":{"lines":"42, 81","color":"#0059a9","mode":"bus","arr":["42","81"],"angle":8.4}},{"type":"Feature","geometry":{"type":"Point","coordinates":[23.235848,42.718362]},"properties":{"lines":"42, 81","color":"#0059a9","mode":"bus","arr":["42","81"],"angle":-20.7,"extra":1}},{"type":"Feature","geometry":{"type":"Point","coordinates":[23.147695,42.706529]},"properties":{"lines":"42, 47","color":"#0059a9","mode":"bus","arr":["42","47"],"angle":50.3}},{"type":"Feature","geometry":{"type":"Point","coordinates":[23.146223,42.707539]},"properties":{"lines":"42, 44, 46, 49","color":"#0059a9","mode":"bus","arr":["42","44","46","49"],"angle":38.4}},{"type":"Feature","geometry":{"type":"Point","coordinates":[23.149884,42.707768]},"properties":{"lines":"44, 46, 47, 49, X43","color":"#0059a9","mode":"bus","arr":["44","46","47","49","X43"],"angle":-24.5}},{"type":"Feature","geometry":{"type":"Point","coordinates":[23.144703,42.710685]},"properties":{"lines":"44, 46, 49","color":"#0059a9","mode":"bus","arr":["44","46","49"],"angle":79.8}},{"type":"Feature","geometry":{"type":"Point","coordinates":[23.153632,42.712765]},"properties":{"lines":"44","color":"#0059a9","mode":"bus","arr":["44"],"angle":-11.5}},{"type":"Feature","geometry":{"type":"Point","coordinates":[23.160284,42.713306]},"properties":{"lines":"44","color":"#0059a9","mode":"bus","arr":["44"],"angle":3.2,"extra":1}},{"type":"Feature","geometry":{"type":"Point","coordinates":[23.14709,42.712155]},"properties":{"lines":"44","color":"#0059a9","mode":"bus","arr":["44"],"angle":25.1,"extra":1}},{"type":"Feature","geometry":{"type":"Point","coordinates":[23.171709,42.715963]},"properties":{"lines":"44","color":"#0059a9","mode":"bus","arr":["44"],"angle":52}},{"type":"Feature","geometry":{"type":"Point","coordinates":[23.177362,42.709808]},"properties":{"lines":"44","color":"#0059a9","mode":"bus","arr":["44"],"angle":-88.4}},{"type":"Feature","geometry":{"type":"Point","coordinates":[23.175348,42.712981]},"properties":{"lines":"44","color":"#0059a9","mode":"bus","arr":["44"],"angle":47.3,"extra":1}},{"type":"Feature","geometry":{"type":"Point","coordinates":[23.180813,42.706263]},"properties":{"lines":"44","color":"#0059a9","mode":"bus","arr":["44"],"angle":58.2}},{"type":"Feature","geometry":{"type":"Point","coordinates":[23.167053,42.715364]},"properties":{"lines":"44, 47, 49, X43","color":"#0059a9","mode":"bus","arr":["44","47","49","X43"],"angle":-57.1}},{"type":"Feature","geometry":{"type":"Point","coordinates":[23.181284,42.70676]},"properties":{"lines":"44, 81","color":"#0059a9","mode":"bus","arr":["44","81"],"angle":-37.9}},{"type":"Feature","geometry":{"type":"Point","coordinates":[23.202901,42.714024]},"properties":{"lines":"81","color":"#0059a9","mode":"bus","arr":["81"],"angle":-25.2}},{"type":"Feature","geometry":{"type":"Point","coordinates":[23.183867,42.708764]},"properties":{"lines":"81","color":"#0059a9","mode":"bus","arr":["81"],"angle":-51.3,"extra":1}},{"type":"Feature","geometry":{"type":"Point","coordinates":[23.189596,42.711177]},"properties":{"lines":"81","color":"#0059a9","mode":"bus","arr":["81"],"angle":-13.7,"extra":1}},{"type":"Feature","geometry":{"type":"Point","coordinates":[23.196113,42.712388]},"properties":{"lines":"81","color":"#0059a9","mode":"bus","arr":["81"],"angle":-12,"extra":1}},{"type":"Feature","geometry":{"type":"Point","coordinates":[23.2087,42.714916]},"properties":{"lines":"81","color":"#0059a9","mode":"bus","arr":["81"],"angle":3.1,"extra":1}},{"type":"Feature","geometry":{"type":"Point","coordinates":[23.214777,42.716038]},"properties":{"lines":"81","color":"#0059a9","mode":"bus","arr":["81"],"angle":-4.9,"extra":1}},{"type":"Feature","geometry":{"type":"Point","coordinates":[23.219988,42.719042]},"properties":{"lines":"81","color":"#0059a9","mode":"bus","arr":["81"],"angle":-36.9,"extra":1}},{"type":"Feature","geometry":{"type":"Point","coordinates":[23.247816,42.730046]},"properties":{"lines":"81","color":"#0059a9","mode":"bus","arr":["81"],"angle":-60.2}},{"type":"Feature","geometry":{"type":"Point","coordinates":[23.260915,42.737201]},"properties":{"lines":"81","color":"#0059a9","mode":"bus","arr":["81"],"angle":-52.9}},{"type":"Feature","geometry":{"type":"Point","coordinates":[23.264976,42.740324]},"properties":{"lines":"81","color":"#0059a9","mode":"bus","arr":["81"],"angle":-76,"extra":1}},{"type":"Feature","geometry":{"type":"Point","coordinates":[23.25687,42.737454]},"properties":{"lines":"81","color":"#0059a9","mode":"bus","arr":["81"],"angle":37.3,"extra":1}},{"type":"Feature","geometry":{"type":"Point","coordinates":[23.127529,42.724049]},"properties":{"lines":"46, 49","color":"#0059a9","mode":"bus","arr":["46","49"],"angle":-49.6}},{"type":"Feature","geometry":{"type":"Point","coordinates":[23.141148,42.714526]},"properties":{"lines":"46, 49","color":"#0059a9","mode":"bus","arr":["46","49"],"angle":28.6,"extra":1}},{"type":"Feature","geometry":{"type":"Point","coordinates":[23.135656,42.717361]},"properties":{"lines":"46, 49","color":"#0059a9","mode":"bus","arr":["46","49"],"angle":32.8,"extra":1}},{"type":"Feature","geometry":{"type":"Point","coordinates":[23.130597,42.720433]},"properties":{"lines":"46, 49","color":"#0059a9","mode":"bus","arr":["46","49"],"angle":60.1,"extra":1}},{"type":"Feature","geometry":{"type":"Point","coordinates":[23.12291,42.724758]},"properties":{"lines":"46, 49","color":"#0059a9","mode":"bus","arr":["46","49"],"angle":35.4,"extra":1}},{"type":"Feature","geometry":{"type":"Point","coordinates":[23.117398,42.727593]},"properties":{"lines":"46, 49","color":"#0059a9","mode":"bus","arr":["46","49"],"angle":34.3,"extra":1}},{"type":"Feature","geometry":{"type":"Point","coordinates":[23.110944,42.72732]},"properties":{"lines":"46, 49","color":"#0059a9","mode":"bus","arr":["46","49"],"angle":8.1,"extra":1}},{"type":"Feature","geometry":{"type":"Point","coordinates":[23.090718,42.732983]},"properties":{"lines":"46","color":"#0059a9","mode":"bus","arr":["46"],"angle":33.5}},{"type":"Feature","geometry":{"type":"Point","coordinates":[23.104027,42.728875]},"properties":{"lines":"46","color":"#0059a9","mode":"bus","arr":["46"],"angle":32,"extra":1}},{"type":"Feature","geometry":{"type":"Point","coordinates":[23.097964,42.729575]},"properties":{"lines":"46","color":"#0059a9","mode":"bus","arr":["46"],"angle":-11.6,"extra":1}},{"type":"Feature","geometry":{"type":"Point","coordinates":[23.081776,42.73215]},"properties":{"lines":"46","color":"#0059a9","mode":"bus","arr":["46"],"angle":-69.1,"extra":1}},{"type":"Feature","geometry":{"type":"Point","coordinates":[23.07952,42.727712]},"properties":{"lines":"46","color":"#0059a9","mode":"bus","arr":["46"],"angle":-44.7,"extra":1}},{"type":"Feature","geometry":{"type":"Point","coordinates":[23.256321,42.729947]},"properties":{"lines":"47, 49, 54, 81, 309, X43","color":"#0059a9","mode":"bus","arr":["47","49","54","81","309","X43"],"angle":37.8}},{"type":"Feature","geometry":{"type":"Point","coordinates":[23.259315,42.728266]},"properties":{"lines":"47, 49, 54, 81, 309, X43","color":"#0059a9","mode":"bus","arr":["47","49","54","81","309","X43"],"angle":37.1,"extra":1}},{"type":"Feature","geometry":{"type":"Point","coordinates":[23.246993,42.735229]},"properties":{"lines":"47, 49, 54, X43","color":"#0059a9","mode":"bus","arr":["47","49","54","X43"],"angle":35.7}},{"type":"Feature","geometry":{"type":"Point","coordinates":[23.208434,42.724308]},"properties":{"lines":"47, 49, X43","color":"#0059a9","mode":"bus","arr":["47","49","X43"],"angle":-25}},{"type":"Feature","geometry":{"type":"Point","coordinates":[23.240706,42.736014]},"properties":{"lines":"47, 49, X43","color":"#0059a9","mode":"bus","arr":["47","49","X43"],"angle":-27.5,"extra":1}},{"type":"Feature","geometry":{"type":"Point","coordinates":[23.234743,42.733722]},"properties":{"lines":"47, 49, X43","color":"#0059a9","mode":"bus","arr":["47","49","X43"],"angle":-27.6,"extra":1}},{"type":"Feature","geometry":{"type":"Point","coordinates":[23.228775,42.731439]},"properties":{"lines":"47, 49, X43","color":"#0059a9","mode":"bus","arr":["47","49","X43"],"angle":-26.9,"extra":1}},{"type":"Feature","geometry":{"type":"Point","coordinates":[23.222747,42.729244]},"properties":{"lines":"47, 49, X43","color":"#0059a9","mode":"bus","arr":["47","49","X43"],"angle":-25.2,"extra":1}},{"type":"Feature","geometry":{"type":"Point","coordinates":[23.216664,42.727131]},"properties":{"lines":"47, 49, X43","color":"#0059a9","mode":"bus","arr":["47","49","X43"],"angle":-25.3,"extra":1}},{"type":"Feature","geometry":{"type":"Point","coordinates":[23.204357,42.723154]},"properties":{"lines":"47, 49, X43","color":"#0059a9","mode":"bus","arr":["47","49","X43"],"angle":-18.2,"extra":1}},{"type":"Feature","geometry":{"type":"Point","coordinates":[23.197721,42.722591]},"properties":{"lines":"47, 49, X43","color":"#0059a9","mode":"bus","arr":["47","49","X43"],"angle":-1.2,"extra":1}},{"type":"Feature","geometry":{"type":"Point","coordinates":[23.191106,42.721866]},"properties":{"lines":"47, 49, X43","color":"#0059a9","mode":"bus","arr":["47","49","X43"],"angle":-15.2,"extra":1}},{"type":"Feature","geometry":{"type":"Point","coordinates":[23.184684,42.720399]},"properties":{"lines":"47, 49, X43","color":"#0059a9","mode":"bus","arr":["47","49","X43"],"angle":-18,"extra":1}},{"type":"Feature","geometry":{"type":"Point","coordinates":[23.178074,42.719541]},"properties":{"lines":"47, 49, X43","color":"#0059a9","mode":"bus","arr":["47","49","X43"],"angle":-16,"extra":1}},{"type":"Feature","geometry":{"type":"Point","coordinates":[23.1719,42.717675]},"properties":{"lines":"47, 49, X43","color":"#0059a9","mode":"bus","arr":["47","49","X43"],"angle":-23.7,"extra":1}},{"type":"Feature","geometry":{"type":"Point","coordinates":[23.157793,42.71142]},"properties":{"lines":"47, 49, X43","color":"#0059a9","mode":"bus","arr":["47","49","X43"],"angle":-36.8}},{"type":"Feature","geometry":{"type":"Point","coordinates":[23.148955,42.695755]},"properties":{"lines":"47","color":"#0059a9","mode":"bus","arr":["47"],"angle":-62.9}},{"type":"Feature","geometry":{"type":"Point","coordinates":[23.149617,42.704231]},"properties":{"lines":"47","color":"#0059a9","mode":"bus","arr":["47"],"angle":67.4,"extra":1}},{"type":"Feature","geometry":{"type":"Point","coordinates":[23.149509,42.701123]},"properties":{"lines":"47","color":"#0059a9","mode":"bus","arr":["47"],"angle":77.6,"extra":1}},{"type":"Feature","geometry":{"type":"Point","coordinates":[23.146206,42.691927]},"properties":{"lines":"47","color":"#0059a9","mode":"bus","arr":["47"],"angle":-61.9,"extra":1}},{"type":"Feature","geometry":{"type":"Point","coordinates":[23.141613,42.688473]},"properties":{"lines":"47","color":"#0059a9","mode":"bus","arr":["47"],"angle":-50.2,"extra":1}},{"type":"Feature","geometry":{"type":"Point","coordinates":[23.096694,42.720364]},"properties":{"lines":"49","color":"#0059a9","mode":"bus","arr":["49"],"angle":-0.8}},{"type":"Feature","geometry":{"type":"Point","coordinates":[23.105039,42.726594]},"properties":{"lines":"49","color":"#0059a9","mode":"bus","arr":["49"],"angle":-67.4,"extra":1}},{"type":"Feature","geometry":{"type":"Point","coordinates":[23.101306,42.722794]},"properties":{"lines":"49","color":"#0059a9","mode":"bus","arr":["49"],"angle":-68.3,"extra":1}},{"type":"Feature","geometry":{"type":"Point","coordinates":[23.091432,42.719301]},"properties":{"lines":"49","color":"#0059a9","mode":"bus","arr":["49"],"angle":10.1,"extra":1}},{"type":"Feature","geometry":{"type":"Point","coordinates":[23.085082,42.718685]},"properties":{"lines":"49","color":"#0059a9","mode":"bus","arr":["49"],"angle":-20.6,"extra":1}},{"type":"Feature","geometry":{"type":"Point","coordinates":[23.211732,42.755009]},"properties":{"lines":"54","color":"#0059a9","mode":"bus","arr":["54"],"angle":38.9}},{"type":"Feature","geometry":{"type":"Point","coordinates":[23.240986,42.738596]},"properties":{"lines":"54","color":"#0059a9","mode":"bus","arr":["54"],"angle":36.5,"extra":1}},{"type":"Feature","geometry":{"type":"Point","coordinates":[23.23558,42.74154]},"properties":{"lines":"54","color":"#0059a9","mode":"bus","arr":["54"],"angle":36.7,"extra":1}},{"type":"Feature","geometry":{"type":"Point","coordinates":[23.230328,42.744613]},"properties":{"lines":"54","color":"#0059a9","mode":"bus","arr":["54"],"angle":36.5,"extra":1}},{"type":"Feature","geometry":{"type":"Point","coordinates":[23.227491,42.748838]},"properties":{"lines":"54","color":"#0059a9","mode":"bus","arr":["54"],"angle":88.7,"extra":1}},{"type":"Feature","geometry":{"type":"Point","coordinates":[23.221881,42.749131]},"properties":{"lines":"54","color":"#0059a9","mode":"bus","arr":["54"],"angle":38.1,"extra":1}},{"type":"Feature","geometry":{"type":"Point","coordinates":[23.216577,42.752174]},"properties":{"lines":"54","color":"#0059a9","mode":"bus","arr":["54"],"angle":37.9,"extra":1}},{"type":"Feature","geometry":{"type":"Point","coordinates":[23.206113,42.758392]},"properties":{"lines":"54","color":"#0059a9","mode":"bus","arr":["54"],"angle":39.3,"extra":1}},{"type":"Feature","geometry":{"type":"Point","coordinates":[23.200905,42.761523]},"properties":{"lines":"54","color":"#0059a9","mode":"bus","arr":["54"],"angle":39.3,"extra":1}},{"type":"Feature","geometry":{"type":"Point","coordinates":[23.1967,42.765229]},"properties":{"lines":"54","color":"#0059a9","mode":"bus","arr":["54"],"angle":64.6,"extra":1}},{"type":"Feature","geometry":{"type":"Point","coordinates":[23.192248,42.768813]},"properties":{"lines":"54","color":"#0059a9","mode":"bus","arr":["54"],"angle":39.4,"extra":1}},{"type":"Feature","geometry":{"type":"Point","coordinates":[23.187067,42.771968]},"properties":{"lines":"54","color":"#0059a9","mode":"bus","arr":["54"],"angle":40.4,"extra":1}},{"type":"Feature","geometry":{"type":"Point","coordinates":[23.18186,42.7751]},"properties":{"lines":"54","color":"#0059a9","mode":"bus","arr":["54"],"angle":39.5,"extra":1}},{"type":"Feature","geometry":{"type":"Point","coordinates":[23.290748,42.712198]},"properties":{"lines":"56, 77","color":"#0059a9","mode":"bus","arr":["56","77"],"angle":-21.6}},{"type":"Feature","geometry":{"type":"Point","coordinates":[23.285079,42.705205]},"properties":{"lines":"56, 77","color":"#0059a9","mode":"bus","arr":["56","77"],"angle":76.7}},{"type":"Feature","geometry":{"type":"Point","coordinates":[23.294983,42.713383]},"properties":{"lines":"77","color":"#0059a9","mode":"bus","arr":["77"],"angle":-21.3}},{"type":"Feature","geometry":{"type":"Point","coordinates":[23.286623,42.698978]},"properties":{"lines":"77","color":"#0059a9","mode":"bus","arr":["77"],"angle":79.8}},{"type":"Feature","geometry":{"type":"Point","coordinates":[23.285875,42.708422]},"properties":{"lines":"77","color":"#0059a9","mode":"bus","arr":["77"],"angle":-26.7}},{"type":"Feature","geometry":{"type":"Point","coordinates":[23.28866,42.710417]},"properties":{"lines":"77","color":"#0059a9","mode":"bus","arr":["77"],"angle":-57.6}},{"type":"Feature","geometry":{"type":"Point","coordinates":[23.288562,42.710465]},"properties":{"lines":"56","color":"#0059a9","mode":"bus","arr":["56"],"angle":-57.3}},{"type":"Feature","geometry":{"type":"Point","coordinates":[23.285767,42.708493]},"properties":{"lines":"56","color":"#0059a9","mode":"bus","arr":["56"],"angle":-26.5}},{"type":"Feature","geometry":{"type":"Point","coordinates":[23.212701,42.697465]},"properties":{"lines":"56","color":"#0059a9","mode":"bus","arr":["56"],"angle":50.7}},{"type":"Feature","geometry":{"type":"Point","coordinates":[23.272377,42.698221]},"properties":{"lines":"56","color":"#0059a9","mode":"bus","arr":["56"],"angle":-13.6,"extra":1}},{"type":"Feature","geometry":{"type":"Point","coordinates":[23.265847,42.697035]},"properties":{"lines":"56","color":"#0059a9","mode":"bus","arr":["56"],"angle":-12.9,"extra":1}},{"type":"Feature","geometry":{"type":"Point","coordinates":[23.259555,42.695347]},"properties":{"lines":"56","color":"#0059a9","mode":"bus","arr":["56"],"angle":-24.3,"extra":1}},{"type":"Feature","geometry":{"type":"Point","coordinates":[23.252898,42.695474]},"properties":{"lines":"56","color":"#0059a9","mode":"bus","arr":["56"],"angle":-8.5,"extra":1}},{"type":"Feature","geometry":{"type":"Point","coordinates":[23.246246,42.695317]},"properties":{"lines":"56","color":"#0059a9","mode":"bus","arr":["56"],"angle":6.9,"extra":1}},{"type":"Feature","geometry":{"type":"Point","coordinates":[23.239565,42.695886]},"properties":{"lines":"56","color":"#0059a9","mode":"bus","arr":["56"],"angle":-0.7,"extra":1}},{"type":"Feature","geometry":{"type":"Point","coordinates":[23.232856,42.695777]},"properties":{"lines":"56","color":"#0059a9","mode":"bus","arr":["56"],"angle":2.6,"extra":1}},{"type":"Feature","geometry":{"type":"Point","coordinates":[23.226276,42.696437]},"properties":{"lines":"56","color":"#0059a9","mode":"bus","arr":["56"],"angle":30.7,"extra":1}},{"type":"Feature","geometry":{"type":"Point","coordinates":[23.220203,42.697498]},"properties":{"lines":"56","color":"#0059a9","mode":"bus","arr":["56"],"angle":-26,"extra":1}},{"type":"Feature","geometry":{"type":"Point","coordinates":[23.209185,42.69997]},"properties":{"lines":"56","color":"#0059a9","mode":"bus","arr":["56"],"angle":39.9,"extra":1}},{"type":"Feature","geometry":{"type":"Point","coordinates":[23.202845,42.701263]},"properties":{"lines":"56","color":"#0059a9","mode":"bus","arr":["56"],"angle":11.7,"extra":1}},{"type":"Feature","geometry":{"type":"Point","coordinates":[23.196826,42.699405]},"properties":{"lines":"56","color":"#0059a9","mode":"bus","arr":["56"],"angle":-29.9,"extra":1}},{"type":"Feature","geometry":{"type":"Point","coordinates":[23.190957,42.696987]},"properties":{"lines":"56","color":"#0059a9","mode":"bus","arr":["56"],"angle":-28.8,"extra":1}},{"type":"Feature","geometry":{"type":"Point","coordinates":[23.18506,42.694606]},"properties":{"lines":"56","color":"#0059a9","mode":"bus","arr":["56"],"angle":-28.8,"extra":1}},{"type":"Feature","geometry":{"type":"Point","coordinates":[23.181109,42.691475]},"properties":{"lines":"56","color":"#0059a9","mode":"bus","arr":["56"],"angle":10.8,"extra":1}},{"type":"Feature","geometry":{"type":"Point","coordinates":[23.175528,42.690289]},"properties":{"lines":"56","color":"#0059a9","mode":"bus","arr":["56"],"angle":-49.2,"extra":1}},{"type":"Feature","geometry":{"type":"Point","coordinates":[23.170569,42.687604]},"properties":{"lines":"56","color":"#0059a9","mode":"bus","arr":["56"],"angle":-4.4,"extra":1}},{"type":"Feature","geometry":{"type":"Point","coordinates":[23.164916,42.685328]},"properties":{"lines":"56","color":"#0059a9","mode":"bus","arr":["56"],"angle":-60.2,"extra":1}},{"type":"Feature","geometry":{"type":"Point","coordinates":[23.160179,42.682201]},"properties":{"lines":"56","color":"#0059a9","mode":"bus","arr":["56"],"angle":-13,"extra":1}},{"type":"Feature","geometry":{"type":"Point","coordinates":[23.276123,42.700232]},"properties":{"lines":"56, 72, 77","color":"#0059a9","mode":"bus","arr":["56","72","77"],"angle":82}},{"type":"Feature","geometry":{"type":"Point","coordinates":[23.240269,42.658072]},"properties":{"lines":"59","color":"#0059a9","mode":"bus","arr":["59"],"angle":-7.6}},{"type":"Feature","geometry":{"type":"Point","coordinates":[23.256614,42.683882]},"properties":{"lines":"59","color":"#0059a9","mode":"bus","arr":["59"],"angle":-9.9}},{"type":"Feature","geometry":{"type":"Point","coordinates":[23.175917,42.60511]},"properties":{"lines":"59","color":"#0059a9","mode":"bus","arr":["59"],"angle":70.8}},{"type":"Feature","geometry":{"type":"Point","coordinates":[23.186676,42.617679]},"properties":{"lines":"59","color":"#0059a9","mode":"bus","arr":["59"],"angle":-48.3,"extra":1}},{"type":"Feature","geometry":{"type":"Point","coordinates":[23.18339,42.616465]},"properties":{"lines":"59","color":"#0059a9","mode":"bus","arr":["59"],"angle":82.6,"extra":1}},{"type":"Feature","geometry":{"type":"Point","coordinates":[23.18195,42.613884]},"properties":{"lines":"59","color":"#0059a9","mode":"bus","arr":["59"],"angle":-77.7,"extra":1}},{"type":"Feature","geometry":{"type":"Point","coordinates":[23.178388,42.610095]},"properties":{"lines":"59","color":"#0059a9","mode":"bus","arr":["59"],"angle":-44.6,"extra":1}},{"type":"Feature","geometry":{"type":"Point","coordinates":[23.173974,42.60202]},"properties":{"lines":"59","color":"#0059a9","mode":"bus","arr":["59"],"angle":-10.1,"extra":1}},{"type":"Feature","geometry":{"type":"Point","coordinates":[23.169624,42.600652]},"properties":{"lines":"59","color":"#0059a9","mode":"bus","arr":["59"],"angle":41.8,"extra":1}},{"type":"Feature","geometry":{"type":"Point","coordinates":[23.163524,42.602252]},"properties":{"lines":"59","color":"#0059a9","mode":"bus","arr":["59"],"angle":-9.3,"extra":1}},{"type":"Feature","geometry":{"type":"Point","coordinates":[23.162182,42.597911]},"properties":{"lines":"59","color":"#0059a9","mode":"bus","arr":["59"],"angle":-80.6,"extra":1}},{"type":"Feature","geometry":{"type":"Point","coordinates":[23.204948,42.643954]},"properties":{"lines":"58, 59","color":"#0059a9","mode":"bus","arr":["58","59"],"angle":-66.2}},{"type":"Feature","geometry":{"type":"Point","coordinates":[23.237273,42.657675]},"properties":{"lines":"58, 59","color":"#0059a9","mode":"bus","arr":["58","59"],"angle":-30.3,"extra":1}},{"type":"Feature","geometry":{"type":"Point","coordinates":[23.231329,42.655395]},"properties":{"lines":"58, 59","color":"#0059a9","mode":"bus","arr":["58","59"],"angle":-26,"extra":1}},{"type":"Feature","geometry":{"type":"Point","coordinates":[23.225101,42.653581]},"properties":{"lines":"58, 59","color":"#0059a9","mode":"bus","arr":["58","59"],"angle":-37.8,"extra":1}},{"type":"Feature","geometry":{"type":"Point","coordinates":[23.219378,42.65115]},"properties":{"lines":"58, 59","color":"#0059a9","mode":"bus","arr":["58","59"],"angle":-22.8,"extra":1}},{"type":"Feature","geometry":{"type":"Point","coordinates":[23.213161,42.649261]},"properties":{"lines":"58, 59","color":"#0059a9","mode":"bus","arr":["58","59"],"angle":-20.1,"extra":1}},{"type":"Feature","geometry":{"type":"Point","coordinates":[23.207685,42.64662]},"properties":{"lines":"58, 59","color":"#0059a9","mode":"bus","arr":["58","59"],"angle":-42.4,"extra":1}},{"type":"Feature","geometry":{"type":"Point","coordinates":[23.199372,42.639078]},"properties":{"lines":"58, 59","color":"#0059a9","mode":"bus","arr":["58","59"],"angle":-20.3,"extra":1}},{"type":"Feature","geometry":{"type":"Point","coordinates":[23.195834,42.635155]},"properties":{"lines":"58, 59","color":"#0059a9","mode":"bus","arr":["58","59"],"angle":-75.9,"extra":1}},{"type":"Feature","geometry":{"type":"Point","coordinates":[23.19408,42.630619]},"properties":{"lines":"58, 59","color":"#0059a9","mode":"bus","arr":["58","59"],"angle":75.4,"extra":1}},{"type":"Feature","geometry":{"type":"Point","coordinates":[23.193572,42.627358]},"properties":{"lines":"58, 59","color":"#0059a9","mode":"bus","arr":["58","59"],"angle":-41.7,"extra":1}},{"type":"Feature","geometry":{"type":"Point","coordinates":[23.19119,42.623059]},"properties":{"lines":"58, 59","color":"#0059a9","mode":"bus","arr":["58","59"],"angle":-28.3,"extra":1}},{"type":"Feature","geometry":{"type":"Point","coordinates":[23.186268,42.620991]},"properties":{"lines":"58","color":"#0059a9","mode":"bus","arr":["58"],"angle":75.1}},{"type":"Feature","geometry":{"type":"Point","coordinates":[23.251845,42.672603]},"properties":{"lines":"59, ТБ60","color":"#0059a9","mode":"bus","arr":["59","ТБ60"],"angle":-74.4}},{"type":"Feature","geometry":{"type":"Point","coordinates":[23.254075,42.678559]},"properties":{"lines":"59, ТБ60, ТБ73","color":"#0059a9","mode":"bus","arr":["59","ТБ60","ТБ73"],"angle":-74.5}},{"type":"Feature","geometry":{"type":"Point","coordinates":[23.255153,42.681407]},"properties":{"lines":"59, ТБ60, ТБ73","color":"#0059a9","mode":"bus","arr":["59","ТБ60","ТБ73"],"angle":-75.9,"extra":1}},{"type":"Feature","geometry":{"type":"Point","coordinates":[23.253277,42.670302]},"properties":{"lines":"59, 111","color":"#0059a9","mode":"bus","arr":["59","111"],"angle":48}},{"type":"Feature","geometry":{"type":"Point","coordinates":[23.248204,42.665507]},"properties":{"lines":"59, 103, 107","color":"#0059a9","mode":"bus","arr":["59","103","107"],"angle":-61.8}},{"type":"Feature","geometry":{"type":"Point","coordinates":[23.252031,42.6677]},"properties":{"lines":"59, 103, 107","color":"#0059a9","mode":"bus","arr":["59","103","107"],"angle":-31.8,"extra":1}},{"type":"Feature","geometry":{"type":"Point","coordinates":[23.243328,42.660077]},"properties":{"lines":"59, 804","color":"#0059a9","mode":"bus","arr":["59","804"],"angle":75.1}},{"type":"Feature","geometry":{"type":"Point","coordinates":[23.24085,42.658899]},"properties":{"lines":"59, 804","color":"#0059a9","mode":"bus","arr":["59","804"],"angle":-17.1}},{"type":"Feature","geometry":{"type":"Point","coordinates":[23.236216,42.609777]},"properties":{"lines":"61, 63","color":"#0059a9","mode":"bus","arr":["61","63"],"angle":12.6}},{"type":"Feature","geometry":{"type":"Point","coordinates":[23.21767,42.638317]},"properties":{"lines":"61, 63","color":"#0059a9","mode":"bus","arr":["61","63"],"angle":18.4}},{"type":"Feature","geometry":{"type":"Point","coordinates":[23.236247,42.611509]},"properties":{"lines":"61, 63","color":"#0059a9","mode":"bus","arr":["61","63"],"angle":33.2,"extra":1}},{"type":"Feature","geometry":{"type":"Point","coordinates":[23.231696,42.615044]},"properties":{"lines":"61, 63","color":"#0059a9","mode":"bus","arr":["61","63"],"angle":50,"extra":1}},{"type":"Feature","geometry":{"type":"Point","coordinates":[23.225791,42.616195]},"properties":{"lines":"61, 63","color":"#0059a9","mode":"bus","arr":["61","63"],"angle":43.8,"extra":1}},{"type":"Feature","geometry":{"type":"Point","coordinates":[23.225582,42.620627]},"properties":{"lines":"61, 63","color":"#0059a9","mode":"bus","arr":["61","63"],"angle":73.5,"extra":1}},{"type":"Feature","geometry":{"type":"Point","coordinates":[23.230132,42.622027]},"properties":{"lines":"61, 63","color":"#0059a9","mode":"bus","arr":["61","63"],"angle":-38.4,"extra":1}},{"type":"Feature","geometry":{"type":"Point","coordinates":[23.231303,42.626645]},"properties":{"lines":"61, 63","color":"#0059a9","mode":"bus","arr":["61","63"],"angle":66.1,"extra":1}},{"type":"Feature","geometry":{"type":"Point","coordinates":[23.229943,42.631352]},"properties":{"lines":"61, 63","color":"#0059a9","mode":"bus","arr":["61","63"],"angle":63.6,"extra":1}},{"type":"Feature","geometry":{"type":"Point","coordinates":[23.225454,42.634778]},"properties":{"lines":"61, 63","color":"#0059a9","mode":"bus","arr":["61","63"],"angle":71.4,"extra":1}},{"type":"Feature","geometry":{"type":"Point","coordinates":[23.216392,42.641091]},"properties":{"lines":"61, 63","color":"#0059a9","mode":"bus","arr":["61","63"],"angle":84.7,"extra":1}},{"type":"Feature","geometry":{"type":"Point","coordinates":[23.221606,42.641159]},"properties":{"lines":"61, 63","color":"#0059a9","mode":"bus","arr":["61","63"],"angle":-43.7,"extra":1}},{"type":"Feature","geometry":{"type":"Point","coordinates":[23.226631,42.642703]},"properties":{"lines":"61, 63","color":"#0059a9","mode":"bus","arr":["61","63"],"angle":52.1,"extra":1}},{"type":"Feature","geometry":{"type":"Point","coordinates":[23.232648,42.643109]},"properties":{"lines":"61, 63","color":"#0059a9","mode":"bus","arr":["61","63"],"angle":-27.8,"extra":1}},{"type":"Feature","geometry":{"type":"Point","coordinates":[23.238939,42.644703]},"properties":{"lines":"61, 63","color":"#0059a9","mode":"bus","arr":["61","63"],"angle":-12.2,"extra":1}},{"type":"Feature","geometry":{"type":"Point","coordinates":[23.245087,42.645965]},"properties":{"lines":"61, 63","color":"#0059a9","mode":"bus","arr":["61","63"],"angle":-3.6,"extra":1}},{"type":"Feature","geometry":{"type":"Point","coordinates":[23.249032,42.646422]},"properties":{"lines":"61, 63","color":"#0059a9","mode":"bus","arr":["61","63"],"angle":-10.8,"extra":1}},{"type":"Feature","geometry":{"type":"Point","coordinates":[23.243302,42.648547]},"properties":{"lines":"61, 63","color":"#0059a9","mode":"bus","arr":["61","63"],"angle":23.3,"extra":1}},{"type":"Feature","geometry":{"type":"Point","coordinates":[23.252411,42.648917]},"properties":{"lines":"61, 63","color":"#0059a9","mode":"bus","arr":["61","63"],"angle":10.3,"extra":1}},{"type":"Feature","geometry":{"type":"Point","coordinates":[23.259072,42.649449]},"properties":{"lines":"61, 63","color":"#0059a9","mode":"bus","arr":["61","63"],"angle":-12.6,"extra":1}},{"type":"Feature","geometry":{"type":"Point","coordinates":[23.272873,42.648789]},"properties":{"lines":"61, 63","color":"#0059a9","mode":"bus","arr":["61","63"],"angle":-3.6}},{"type":"Feature","geometry":{"type":"Point","coordinates":[23.268883,42.648619]},"properties":{"lines":"61, 63","color":"#0059a9","mode":"bus","arr":["61","63"],"angle":2.6,"extra":1}},{"type":"Feature","geometry":{"type":"Point","coordinates":[23.262919,42.649474]},"properties":{"lines":"61, 63, 64, 65","color":"#0059a9","mode":"bus","arr":["61","63","64","65"],"angle":8.3}},{"type":"Feature","geometry":{"type":"Point","coordinates":[23.264347,42.648224]},"properties":{"lines":"64, 65","color":"#0059a9","mode":"bus","arr":["64","65"],"angle":31.9}},{"type":"Feature","geometry":{"type":"Point","coordinates":[23.28267,42.653424]},"properties":{"lines":"61","color":"#0059a9","mode":"bus","arr":["61"],"angle":-52.7}},{"type":"Feature","geometry":{"type":"Point","coordinates":[23.287708,42.664877]},"properties":{"lines":"61, 304","color":"#0059a9","mode":"bus","arr":["61","304"],"angle":-56.8}},{"type":"Feature","geometry":{"type":"Point","coordinates":[23.285429,42.658879]},"properties":{"lines":"61, 304","color":"#0059a9","mode":"bus","arr":["61","304"],"angle":-78.9,"extra":1}},{"type":"Feature","geometry":{"type":"Point","coordinates":[23.290486,42.667755]},"properties":{"lines":"61, 304","color":"#0059a9","mode":"bus","arr":["61","304"],"angle":-54.4,"extra":1}},{"type":"Feature","geometry":{"type":"Point","coordinates":[23.294379,42.671789]},"properties":{"lines":"61, 304","color":"#0059a9","mode":"bus","arr":["61","304"],"angle":-54.8,"extra":1}},{"type":"Feature","geometry":{"type":"Point","coordinates":[23.310051,42.681309]},"properties":{"lines":"61, 204, 304, 604","color":"#0059a9","mode":"bus","arr":["61","204","304","604"],"angle":-3.7}},{"type":"Feature","geometry":{"type":"Point","coordinates":[23.305759,42.680242]},"properties":{"lines":"61, 204, 304, 604","color":"#0059a9","mode":"bus","arr":["61","204","304","604"],"angle":-25.5,"extra":1}},{"type":"Feature","geometry":{"type":"Point","coordinates":[23.320204,42.682493]},"properties":{"lines":"61, 72, 204, 304, 604","color":"#0059a9","mode":"bus","arr":["61","72","204","304","604"],"angle":-24.6}},{"type":"Feature","geometry":{"type":"Point","coordinates":[23.320846,42.683038]},"properties":{"lines":"61, N2","color":"#0059a9","mode":"bus","arr":["61","N2"],"angle":81.6}},{"type":"Feature","geometry":{"type":"Point","coordinates":[23.281111,42.652039]},"properties":{"lines":"63","color":"#0059a9","mode":"bus","arr":["63"],"angle":-38.5}},{"type":"Feature","geometry":{"type":"Point","coordinates":[23.285442,42.653802]},"properties":{"lines":"63","color":"#0059a9","mode":"bus","arr":["63"],"angle":30.1}},{"type":"Feature","geometry":{"type":"Point","coordinates":[23.298417,42.683895]},"properties":{"lines":"63","color":"#0059a9","mode":"bus","arr":["63"],"angle":6.1}},{"type":"Feature","geometry":{"type":"Point","coordinates":[23.299441,42.686805]},"properties":{"lines":"63","color":"#0059a9","mode":"bus","arr":["63"],"angle":-19.3}},{"type":"Feature","geometry":{"type":"Point","coordinates":[23.283133,42.653554]},"properties":{"lines":"63, 304","color":"#0059a9","mode":"bus","arr":["63","304"],"angle":-53.3}},{"type":"Feature","geometry":{"type":"Point","coordinates":[23.278149,42.655566]},"properties":{"lines":"63, X10","color":"#0059a9","mode":"bus","arr":["63","X10"],"angle":25.9}},{"type":"Feature","geometry":{"type":"Point","coordinates":[23.282081,42.654159]},"properties":{"lines":"63, X10","color":"#0059a9","mode":"bus","arr":["63","X10"],"angle":26.3,"extra":1}},{"type":"Feature","geometry":{"type":"Point","coordinates":[23.272622,42.658959]},"properties":{"lines":"63, X10, ТБ2","color":"#0059a9","mode":"bus","arr":["63","X10","ТБ2"],"angle":-81}},{"type":"Feature","geometry":{"type":"Point","coordinates":[23.274821,42.664373]},"properties":{"lines":"63, ТБ2","color":"#0059a9","mode":"bus","arr":["63","ТБ2"],"angle":-71.2}},{"type":"Feature","geometry":{"type":"Point","coordinates":[23.273566,42.661605]},"properties":{"lines":"63, ТБ2","color":"#0059a9","mode":"bus","arr":["63","ТБ2"],"angle":-71.2,"extra":1}},{"type":"Feature","geometry":{"type":"Point","coordinates":[23.277924,42.672606]},"properties":{"lines":"63, ТБ801","color":"#0059a9","mode":"bus","arr":["63","ТБ801"],"angle":-70.5}},{"type":"Feature","geometry":{"type":"Point","coordinates":[23.300573,42.68657]},"properties":{"lines":"63, 260","color":"#0059a9","mode":"bus","arr":["63","260"],"angle":58.6}},{"type":"Feature","geometry":{"type":"Point","coordinates":[23.301143,42.685405]},"properties":{"lines":"63, 260, ТБ74","color":"#0059a9","mode":"bus","arr":["63","260","ТБ74"],"angle":80.4}},{"type":"Feature","geometry":{"type":"Point","coordinates":[23.301117,42.68324]},"properties":{"lines":"604, ТБ2","color":"#0059a9","mode":"bus","arr":["604","ТБ2"],"angle":79.7}},{"type":"Feature","geometry":{"type":"Point","coordinates":[23.301879,42.6808]},"properties":{"lines":"64, 604, ТБ2","color":"#0059a9","mode":"bus","arr":["64","604","ТБ2"],"angle":76.6}},{"type":"Feature","geometry":{"type":"Point","coordinates":[23.285877,42.661474]},"properties":{"lines":"64","color":"#0059a9","mode":"bus","arr":["64"],"angle":-78.7}},{"type":"Feature","geometry":{"type":"Point","coordinates":[23.299139,42.678612]},"properties":{"lines":"64","color":"#0059a9","mode":"bus","arr":["64"],"angle":-34.8,"extra":1}},{"type":"Feature","geometry":{"type":"Point","coordinates":[23.295895,42.674344]},"properties":{"lines":"64","color":"#0059a9","mode":"bus","arr":["64"],"angle":-65.7,"extra":1}},{"type":"Feature","geometry":{"type":"Point","coordinates":[23.292404,42.670137]},"properties":{"lines":"64","color":"#0059a9","mode":"bus","arr":["64"],"angle":-54.3,"extra":1}},{"type":"Feature","geometry":{"type":"Point","coordinates":[23.288503,42.666107]},"properties":{"lines":"64","color":"#0059a9","mode":"bus","arr":["64"],"angle":-54.3,"extra":1}},{"type":"Feature","geometry":{"type":"Point","coordinates":[23.284552,42.656837]},"properties":{"lines":"64","color":"#0059a9","mode":"bus","arr":["64"],"angle":-76.2,"extra":1}},{"type":"Feature","geometry":{"type":"Point","coordinates":[23.281323,42.652583]},"properties":{"lines":"64","color":"#0059a9","mode":"bus","arr":["64"],"angle":-41.5,"extra":1}},{"type":"Feature","geometry":{"type":"Point","coordinates":[23.276123,42.649469]},"properties":{"lines":"64","color":"#0059a9","mode":"bus","arr":["64"],"angle":-24.7,"extra":1}},{"type":"Feature","geometry":{"type":"Point","coordinates":[23.269506,42.648804]},"properties":{"lines":"64","color":"#0059a9","mode":"bus","arr":["64"],"angle":-3.6,"extra":1}},{"type":"Feature","geometry":{"type":"Point","coordinates":[23.292038,42.642106]},"properties":{"lines":"64","color":"#0059a9","mode":"bus","arr":["64"],"angle":29.6}},{"type":"Feature","geometry":{"type":"Point","coordinates":[23.26951,42.645174]},"properties":{"lines":"64","color":"#0059a9","mode":"bus","arr":["64"],"angle":-8.4,"extra":1}},{"type":"Feature","geometry":{"type":"Point","coordinates":[23.275924,42.645562]},"properties":{"lines":"64","color":"#0059a9","mode":"bus","arr":["64"],"angle":13,"extra":1}},{"type":"Feature","geometry":{"type":"Point","coordinates":[23.281578,42.643206]},"properties":{"lines":"64","color":"#0059a9","mode":"bus","arr":["64"],"angle":14.7,"extra":1}},{"type":"Feature","geometry":{"type":"Point","coordinates":[23.288184,42.642504]},"properties":{"lines":"64","color":"#0059a9","mode":"bus","arr":["64"],"angle":0.2,"extra":1}},{"type":"Feature","geometry":{"type":"Point","coordinates":[23.297948,42.636786]},"properties":{"lines":"64","color":"#0059a9","mode":"bus","arr":["64"],"angle":79.6,"extra":1}},{"type":"Feature","geometry":{"type":"Point","coordinates":[23.302918,42.634878]},"properties":{"lines":"64","color":"#0059a9","mode":"bus","arr":["64"],"angle":29.7,"extra":1}},{"type":"Feature","geometry":{"type":"Point","coordinates":[23.306138,42.630836]},"properties":{"lines":"64","color":"#0059a9","mode":"bus","arr":["64"],"angle":57.8,"extra":1}},{"type":"Feature","geometry":{"type":"Point","coordinates":[23.312198,42.640602]},"properties":{"lines":"64","color":"#0059a9","mode":"bus","arr":["64"],"angle":-77.8}},{"type":"Feature","geometry":{"type":"Point","coordinates":[23.3122,42.629239]},"properties":{"lines":"64, 66","color":"#0059a9","mode":"bus","arr":["64","66"],"angle":-16.6}},{"type":"Feature","geometry":{"type":"Point","coordinates":[23.323693,42.621968]},"properties":{"lines":"68, 98","color":"#0059a9","mode":"bus","arr":["68","98"],"angle":28.8}},{"type":"Feature","geometry":{"type":"Point","coordinates":[23.316148,42.629118]},"properties":{"lines":"68, 98","color":"#0059a9","mode":"bus","arr":["68","98"],"angle":76.8,"extra":1}},{"type":"Feature","geometry":{"type":"Point","coordinates":[23.319214,42.624736]},"properties":{"lines":"68, 98","color":"#0059a9","mode":"bus","arr":["68","98"],"angle":58,"extra":1}},{"type":"Feature","geometry":{"type":"Point","coordinates":[23.330127,42.619887]},"properties":{"lines":"68, 98","color":"#0059a9","mode":"bus","arr":["68","98"],"angle":8.3,"extra":1}},{"type":"Feature","geometry":{"type":"Point","coordinates":[23.335828,42.617534]},"properties":{"lines":"68, 98","color":"#0059a9","mode":"bus","arr":["68","98"],"angle":42.7,"extra":1}},{"type":"Feature","geometry":{"type":"Point","coordinates":[23.310492,42.635139]},"properties":{"lines":"64, 66, 68, 98","color":"#0059a9","mode":"bus","arr":["64","66","68","98"],"angle":-82.3}},{"type":"Feature","geometry":{"type":"Point","coordinates":[23.315516,42.649914]},"properties":{"lines":"64, 66, 68, 98, X9","color":"#0059a9","mode":"bus","arr":["64","66","68","98","X9"],"angle":-78.2}},{"type":"Feature","geometry":{"type":"Point","coordinates":[23.314275,42.645456]},"properties":{"lines":"64, 66, 68, 98, X9","color":"#0059a9","mode":"bus","arr":["64","66","68","98","X9"],"angle":-77.4,"extra":1}},{"type":"Feature","geometry":{"type":"Point","coordinates":[23.315765,42.655211]},"properties":{"lines":"64, 66, 68, 98, X9","color":"#0059a9","mode":"bus","arr":["64","66","68","98","X9"],"angle":-88.8,"extra":1}},{"type":"Feature","geometry":{"type":"Point","coordinates":[23.316216,42.65763]},"properties":{"lines":"64, 120","color":"#0059a9","mode":"bus","arr":["64","120"],"angle":-85.5}},{"type":"Feature","geometry":{"type":"Point","coordinates":[23.316411,42.658843]},"properties":{"lines":"64, 66, 68, 98, 120, X9","color":"#0059a9","mode":"bus","arr":["64","66","68","98","120","X9"],"angle":-81.5}},{"type":"Feature","geometry":{"type":"Point","coordinates":[23.318019,42.660016]},"properties":{"lines":"64, 88, ТБ73","color":"#0059a9","mode":"bus","arr":["64","88","ТБ73"],"angle":-32.5}},{"type":"Feature","geometry":{"type":"Point","coordinates":[23.328061,42.658319]},"properties":{"lines":"64, 88","color":"#0059a9","mode":"bus","arr":["64","88"],"angle":-88.8}},{"type":"Feature","geometry":{"type":"Point","coordinates":[23.323638,42.659502]},"properties":{"lines":"64, 66, 68, 83, 88, 98","color":"#0059a9","mode":"bus","arr":["64","66","68","83","88","98"],"angle":2.6}},{"type":"Feature","geometry":{"type":"Point","coordinates":[23.385545,42.657557]},"properties":{"lines":"88","color":"#0059a9","mode":"bus","arr":["88"],"angle":-34.1}},{"type":"Feature","geometry":{"type":"Point","coordinates":[23.367334,42.649755]},"properties":{"lines":"88","color":"#0059a9","mode":"bus","arr":["88"],"angle":6.2}},{"type":"Feature","geometry":{"type":"Point","coordinates":[23.373692,42.648893]},"properties":{"lines":"88","color":"#0059a9","mode":"bus","arr":["88"],"angle":17.5,"extra":1}},{"type":"Feature","geometry":{"type":"Point","coordinates":[23.360381,42.649953]},"properties":{"lines":"88","color":"#0059a9","mode":"bus","arr":["88"],"angle":-5.8,"extra":1}},{"type":"Feature","geometry":{"type":"Point","coordinates":[23.35857,42.650724]},"properties":{"lines":"88","color":"#0059a9","mode":"bus","arr":["88"],"angle":-53.7}},{"type":"Feature","geometry":{"type":"Point","coordinates":[23.327462,42.668089]},"properties":{"lines":"88","color":"#0059a9","mode":"bus","arr":["88"],"angle":-22.9}},{"type":"Feature","geometry":{"type":"Point","coordinates":[23.333796,42.670845]},"properties":{"lines":"88","color":"#0059a9","mode":"bus","arr":["88"],"angle":-50.9,"extra":1}},{"type":"Feature","geometry":{"type":"Point","coordinates":[23.321986,42.666395]},"properties":{"lines":"88","color":"#0059a9","mode":"bus","arr":["88"],"angle":-22.9,"extra":1}},{"type":"Feature","geometry":{"type":"Point","coordinates":[23.266654,42.645513]},"properties":{"lines":"65","color":"#0059a9","mode":"bus","arr":["65"],"angle":-84.8}},{"type":"Feature","geometry":{"type":"Point","coordinates":[23.26505,42.657083]},"properties":{"lines":"65","color":"#0059a9","mode":"bus","arr":["65"],"angle":78}},{"type":"Feature","geometry":{"type":"Point","coordinates":[23.266147,42.652068]},"properties":{"lines":"65","color":"#0059a9","mode":"bus","arr":["65"],"angle":85.3,"extra":1}},{"type":"Feature","geometry":{"type":"Point","coordinates":[23.265365,42.661819]},"properties":{"lines":"65","color":"#0059a9","mode":"bus","arr":["65"],"angle":-80.6,"extra":1}},{"type":"Feature","geometry":{"type":"Point","coordinates":[23.266042,42.665852]},"properties":{"lines":"65","color":"#0059a9","mode":"bus","arr":["65"],"angle":-86}},{"type":"Feature","geometry":{"type":"Point","coordinates":[23.282396,42.678011]},"properties":{"lines":"65","color":"#0059a9","mode":"bus","arr":["65"],"angle":-37.2}},{"type":"Feature","geometry":{"type":"Point","coordinates":[23.318485,42.66036]},"properties":{"lines":"66, 68, 83, 98","color":"#0059a9","mode":"bus","arr":["66","68","83","98"],"angle":-33.3}},{"type":"Feature","geometry":{"type":"Point","coordinates":[23.316066,42.657655]},"properties":{"lines":"66, 68, 98, X9","color":"#0059a9","mode":"bus","arr":["66","68","98","X9"],"angle":-88.4}},{"type":"Feature","geometry":{"type":"Point","coordinates":[23.230708,42.689085]},"properties":{"lines":"111","color":"#0059a9","mode":"bus","arr":["111"],"angle":68}},{"type":"Feature","geometry":{"type":"Point","coordinates":[23.308958,42.642935]},"properties":{"lines":"111","color":"#0059a9","mode":"bus","arr":["111"],"angle":29.5,"extra":1}},{"type":"Feature","geometry":{"type":"Point","coordinates":[23.30307,42.645327]},"properties":{"lines":"111","color":"#0059a9","mode":"bus","arr":["111"],"angle":29.2,"extra":1}},{"type":"Feature","geometry":{"type":"Point","coordinates":[23.297196,42.647738]},"properties":{"lines":"111","color":"#0059a9","mode":"bus","arr":["111"],"angle":29.2,"extra":1}},{"type":"Feature","geometry":{"type":"Point","coordinates":[23.29131,42.650135]},"properties":{"lines":"111","color":"#0059a9","mode":"bus","arr":["111"],"angle":28,"extra":1}},{"type":"Feature","geometry":{"type":"Point","coordinates":[23.285597,42.652537]},"properties":{"lines":"111","color":"#0059a9","mode":"bus","arr":["111"],"angle":28.7,"extra":1}},{"type":"Feature","geometry":{"type":"Point","coordinates":[23.239393,42.724408]},"properties":{"lines":"111","color":"#0059a9","mode":"bus","arr":["111"],"angle":-60.3,"extra":1}},{"type":"Feature","geometry":{"type":"Point","coordinates":[23.236038,42.720121]},"properties":{"lines":"111","color":"#0059a9","mode":"bus","arr":["111"],"angle":-60,"extra":1}},{"type":"Feature","geometry":{"type":"Point","coordinates":[23.232628,42.715859]},"properties":{"lines":"111","color":"#0059a9","mode":"bus","arr":["111"],"angle":-54.4,"extra":1}},{"type":"Feature","geometry":{"type":"Point","coordinates":[23.230361,42.709483]},"properties":{"lines":"111","color":"#0059a9","mode":"bus","arr":["111"],"angle":-89.4,"extra":1}},{"type":"Feature","geometry":{"type":"Point","coordinates":[23.230334,42.704537]},"properties":{"lines":"111","color":"#0059a9","mode":"bus","arr":["111"],"angle":-89.4,"extra":1}},{"type":"Feature","geometry":{"type":"Point","coordinates":[23.230307,42.69959]},"properties":{"lines":"111","color":"#0059a9","mode":"bus","arr":["111"],"angle":-89.8,"extra":1}},{"type":"Feature","geometry":{"type":"Point","coordinates":[23.230286,42.694644]},"properties":{"lines":"111","color":"#0059a9","mode":"bus","arr":["111"],"angle":-89.6,"extra":1}},{"type":"Feature","geometry":{"type":"Point","coordinates":[23.234763,42.686117]},"properties":{"lines":"111","color":"#0059a9","mode":"bus","arr":["111"],"angle":33.5,"extra":1}},{"type":"Feature","geometry":{"type":"Point","coordinates":[23.2403,42.683307]},"properties":{"lines":"111","color":"#0059a9","mode":"bus","arr":["111"],"angle":33,"extra":1}},{"type":"Feature","geometry":{"type":"Point","coordinates":[23.245826,42.680487]},"properties":{"lines":"111","color":"#0059a9","mode":"bus","arr":["111"],"angle":33.9,"extra":1}},{"type":"Feature","geometry":{"type":"Point","coordinates":[23.249594,42.676633]},"properties":{"lines":"111","color":"#0059a9","mode":"bus","arr":["111"],"angle":82.9,"extra":1}},{"type":"Feature","geometry":{"type":"Point","coordinates":[23.256693,42.721659]},"properties":{"lines":"111","color":"#0059a9","mode":"bus","arr":["111"],"angle":-52.5}},{"type":"Feature","geometry":{"type":"Point","coordinates":[23.243152,42.726033]},"properties":{"lines":"111","color":"#0059a9","mode":"bus","arr":["111"],"angle":31.9}},{"type":"Feature","geometry":{"type":"Point","coordinates":[23.26198,42.662819]},"properties":{"lines":"111","color":"#0059a9","mode":"bus","arr":["111"],"angle":68}},{"type":"Feature","geometry":{"type":"Point","coordinates":[23.263978,42.660547]},"properties":{"lines":"111","color":"#0059a9","mode":"bus","arr":["111"],"angle":36.7,"extra":1}},{"type":"Feature","geometry":{"type":"Point","coordinates":[23.26889,42.658718]},"properties":{"lines":"111","color":"#0059a9","mode":"bus","arr":["111"],"angle":25.6,"extra":1}},{"type":"Feature","geometry":{"type":"Point","coordinates":[23.342285,42.629312]},"properties":{"lines":"111","color":"#0059a9","mode":"bus","arr":["111"],"angle":29.1}},{"type":"Feature","geometry":{"type":"Point","coordinates":[23.312091,42.640627]},"properties":{"lines":"66, 68, 98","color":"#0059a9","mode":"bus","arr":["66","68","98"],"angle":-78.2}},{"type":"Feature","geometry":{"type":"Point","coordinates":[23.302043,42.608686]},"properties":{"lines":"66","color":"#0059a9","mode":"bus","arr":["66"],"angle":51.8}},{"type":"Feature","geometry":{"type":"Point","coordinates":[23.30811,42.627183]},"properties":{"lines":"66","color":"#0059a9","mode":"bus","arr":["66"],"angle":-65.7,"extra":1}},{"type":"Feature","geometry":{"type":"Point","coordinates":[23.30917,42.622549]},"properties":{"lines":"66","color":"#0059a9","mode":"bus","arr":["66"],"angle":-75,"extra":1}},{"type":"Feature","geometry":{"type":"Point","coordinates":[23.3052,42.622239]},"properties":{"lines":"66","color":"#0059a9","mode":"bus","arr":["66"],"angle":9.4,"extra":1}},{"type":"Feature","geometry":{"type":"Point","coordinates":[23.298572,42.622727]},"properties":{"lines":"66","color":"#0059a9","mode":"bus","arr":["66"],"angle":32.7,"extra":1}},{"type":"Feature","geometry":{"type":"Point","coordinates":[23.292895,42.625156]},"properties":{"lines":"66","color":"#0059a9","mode":"bus","arr":["66"],"angle":25.6,"extra":1}},{"type":"Feature","geometry":{"type":"Point","coordinates":[23.28849,42.628658]},"properties":{"lines":"66","color":"#0059a9","mode":"bus","arr":["66"],"angle":45,"extra":1}},{"type":"Feature","geometry":{"type":"Point","coordinates":[23.294505,42.621769]},"properties":{"lines":"66","color":"#0059a9","mode":"bus","arr":["66"],"angle":7.8,"extra":1}},{"type":"Feature","geometry":{"type":"Point","coordinates":[23.297441,42.619376]},"properties":{"lines":"66","color":"#0059a9","mode":"bus","arr":["66"],"angle":27.7,"extra":1}},{"type":"Feature","geometry":{"type":"Point","coordinates":[23.295384,42.616834]},"properties":{"lines":"66","color":"#0059a9","mode":"bus","arr":["66"],"angle":88.9,"extra":1}},{"type":"Feature","geometry":{"type":"Point","coordinates":[23.295899,42.612412]},"properties":{"lines":"66","color":"#0059a9","mode":"bus","arr":["66"],"angle":63.8,"extra":1}},{"type":"Feature","geometry":{"type":"Point","coordinates":[23.296228,42.608251]},"properties":{"lines":"66","color":"#0059a9","mode":"bus","arr":["66"],"angle":-15.5,"extra":1}},{"type":"Feature","geometry":{"type":"Point","coordinates":[23.307276,42.605717]},"properties":{"lines":"66","color":"#0059a9","mode":"bus","arr":["66"],"angle":66.6,"extra":1}},{"type":"Feature","geometry":{"type":"Point","coordinates":[23.301199,42.603959]},"properties":{"lines":"66","color":"#0059a9","mode":"bus","arr":["66"],"angle":40.1,"extra":1}},{"type":"Feature","geometry":{"type":"Point","coordinates":[23.303341,42.599512]},"properties":{"lines":"66","color":"#0059a9","mode":"bus","arr":["66"],"angle":44.6,"extra":1}},{"type":"Feature","geometry":{"type":"Point","coordinates":[23.308068,42.596029]},"properties":{"lines":"66","color":"#0059a9","mode":"bus","arr":["66"],"angle":41.8,"extra":1}},{"type":"Feature","geometry":{"type":"Point","coordinates":[23.312398,42.592678]},"properties":{"lines":"66","color":"#0059a9","mode":"bus","arr":["66"],"angle":-88.3,"extra":1}},{"type":"Feature","geometry":{"type":"Point","coordinates":[23.310179,42.588555]},"properties":{"lines":"66","color":"#0059a9","mode":"bus","arr":["66"],"angle":-15.6,"extra":1}},{"type":"Feature","geometry":{"type":"Point","coordinates":[23.303527,42.588663]},"properties":{"lines":"66","color":"#0059a9","mode":"bus","arr":["66"],"angle":11.5,"extra":1}},{"type":"Feature","geometry":{"type":"Point","coordinates":[23.297252,42.588092]},"properties":{"lines":"66","color":"#0059a9","mode":"bus","arr":["66"],"angle":-57,"extra":1}},{"type":"Feature","geometry":{"type":"Point","coordinates":[23.297351,42.592408]},"properties":{"lines":"66","color":"#0059a9","mode":"bus","arr":["66"],"angle":8.8,"extra":1}},{"type":"Feature","geometry":{"type":"Point","coordinates":[23.293603,42.590066]},"properties":{"lines":"66","color":"#0059a9","mode":"bus","arr":["66"],"angle":-37.2,"extra":1}},{"type":"Feature","geometry":{"type":"Point","coordinates":[23.291497,42.58573]},"properties":{"lines":"66","color":"#0059a9","mode":"bus","arr":["66"],"angle":-85.8,"extra":1}},{"type":"Feature","geometry":{"type":"Point","coordinates":[23.333777,42.675735]},"properties":{"lines":"94, 102","color":"#0059a9","mode":"bus","arr":["94","102"],"angle":84.7}},{"type":"Feature","geometry":{"type":"Point","coordinates":[23.331208,42.624451]},"properties":{"lines":"67","color":"#0059a9","mode":"bus","arr":["67"],"angle":82.9}},{"type":"Feature","geometry":{"type":"Point","coordinates":[23.333933,42.635478]},"properties":{"lines":"67","color":"#0059a9","mode":"bus","arr":["67"],"angle":-85.5,"extra":1}},{"type":"Feature","geometry":{"type":"Point","coordinates":[23.333414,42.629855]},"properties":{"lines":"67","color":"#0059a9","mode":"bus","arr":["67"],"angle":-85.6,"extra":1}},{"type":"Feature","geometry":{"type":"Point","coordinates":[23.333734,42.621729]},"properties":{"lines":"67","color":"#0059a9","mode":"bus","arr":["67"],"angle":62.2,"extra":1}},{"type":"Feature","geometry":{"type":"Point","coordinates":[23.336788,42.61733]},"properties":{"lines":"67","color":"#0059a9","mode":"bus","arr":["67"],"angle":64.5,"extra":1}},{"type":"Feature","geometry":{"type":"Point","coordinates":[23.33509,42.673672]},"properties":{"lines":"67, 94, 102, N2","color":"#0059a9","mode":"bus","arr":["67","94","102","N2"],"angle":55}},{"type":"Feature","geometry":{"type":"Point","coordinates":[23.337071,42.673267]},"properties":{"lines":"67, 120, ТБ73","color":"#0059a9","mode":"bus","arr":["67","120","ТБ73"],"angle":-49.2}},{"type":"Feature","geometry":{"type":"Point","coordinates":[23.339834,42.675673]},"properties":{"lines":"67, ТБ73","color":"#0059a9","mode":"bus","arr":["67","ТБ73"],"angle":-49.5}},{"type":"Feature","geometry":{"type":"Point","coordinates":[23.342435,42.676862]},"properties":{"lines":"67, 413","color":"#0059a9","mode":"bus","arr":["67","413"],"angle":44.4}},{"type":"Feature","geometry":{"type":"Point","coordinates":[23.347066,42.673262]},"properties":{"lines":"67, 413, N2","color":"#0059a9","mode":"bus","arr":["67","413","N2"],"angle":39.7}},{"type":"Feature","geometry":{"type":"Point","coordinates":[23.350631,42.671696]},"properties":{"lines":"67, 413, N2","color":"#0059a9","mode":"bus","arr":["67","413","N2"],"angle":37.5,"extra":1}},{"type":"Feature","geometry":{"type":"Point","coordinates":[23.353314,42.667297]},"properties":{"lines":"67, 97, 413, N2","color":"#0059a9","mode":"bus","arr":["67","97","413","N2"],"angle":66.4}},{"type":"Feature","geometry":{"type":"Point","coordinates":[23.35678,42.663886]},"properties":{"lines":"67, 97, 413","color":"#0059a9","mode":"bus","arr":["67","97","413"],"angle":51.2}},{"type":"Feature","geometry":{"type":"Point","coordinates":[23.356906,42.663195]},"properties":{"lines":"67, 88, 97, 413, ТБ288","color":"#0059a9","mode":"bus","arr":["67","88","97","413","ТБ288"],"angle":-27.8}},{"type":"Feature","geometry":{"type":"Point","coordinates":[23.352116,42.661337]},"properties":{"lines":"67, 69, 70, 88, 97, 413, ТБ288","color":"#0059a9","mode":"bus","arr":["67","69","70","88","97","413","ТБ288"],"angle":-27.8}},{"type":"Feature","geometry":{"type":"Point","coordinates":[23.342147,42.658232]},"properties":{"lines":"67, 97, 102, ТБ288","color":"#0059a9","mode":"bus","arr":["67","97","102","ТБ288"],"angle":-15.9}},{"type":"Feature","geometry":{"type":"Point","coordinates":[23.338109,42.657516]},"properties":{"lines":"67, 97, 102, ТБ288","color":"#0059a9","mode":"bus","arr":["67","97","102","ТБ288"],"angle":-0.6,"extra":1}},{"type":"Feature","geometry":{"type":"Point","coordinates":[23.335759,42.651513]},"properties":{"lines":"67, 97, 102","color":"#0059a9","mode":"bus","arr":["67","97","102"],"angle":-84.6}},{"type":"Feature","geometry":{"type":"Point","coordinates":[23.336192,42.65516]},"properties":{"lines":"67, 97, 102","color":"#0059a9","mode":"bus","arr":["67","97","102"],"angle":-85.1,"extra":1}},{"type":"Feature","geometry":{"type":"Point","coordinates":[23.333831,42.64407]},"properties":{"lines":"67, 95, 97, 102","color":"#0059a9","mode":"bus","arr":["67","95","97","102"],"angle":72.1}},{"type":"Feature","geometry":{"type":"Point","coordinates":[23.33446,42.640211]},"properties":{"lines":"67, 95","color":"#0059a9","mode":"bus","arr":["67","95"],"angle":-84.4}},{"type":"Feature","geometry":{"type":"Point","coordinates":[23.3389,42.614499]},"properties":{"lines":"67, 68, 98","color":"#0059a9","mode":"bus","arr":["67","68","98"],"angle":79.4}},{"type":"Feature","geometry":{"type":"Point","coordinates":[23.350725,42.601317]},"properties":{"lines":"98","color":"#0059a9","mode":"bus","arr":["98"],"angle":11.4}},{"type":"Feature","geometry":{"type":"Point","coordinates":[23.34123,42.610214]},"properties":{"lines":"98","color":"#0059a9","mode":"bus","arr":["98"],"angle":56.3,"extra":1}},{"type":"Feature","geometry":{"type":"Point","coordinates":[23.346116,42.607059]},"properties":{"lines":"98","color":"#0059a9","mode":"bus","arr":["98"],"angle":47.8,"extra":1}},{"type":"Feature","geometry":{"type":"Point","coordinates":[23.351272,42.604434]},"properties":{"lines":"98","color":"#0059a9","mode":"bus","arr":["98"],"angle":-72.1,"extra":1}},{"type":"Feature","geometry":{"type":"Point","coordinates":[23.354145,42.597856]},"properties":{"lines":"98","color":"#0059a9","mode":"bus","arr":["98"],"angle":47.4,"extra":1}},{"type":"Feature","geometry":{"type":"Point","coordinates":[23.359175,42.596061]},"properties":{"lines":"98","color":"#0059a9","mode":"bus","arr":["98"],"angle":38.7,"extra":1}},{"type":"Feature","geometry":{"type":"Point","coordinates":[23.363125,42.59227]},"properties":{"lines":"98","color":"#0059a9","mode":"bus","arr":["98"],"angle":41.3,"extra":1}},{"type":"Feature","geometry":{"type":"Point","coordinates":[23.365915,42.534552]},"properties":{"lines":"98","color":"#0059a9","mode":"bus","arr":["98"],"angle":69.3}},{"type":"Feature","geometry":{"type":"Point","coordinates":[23.349501,42.655945]},"properties":{"lines":"69, 70, 94, 294, 413","color":"#0059a9","mode":"bus","arr":["69","70","94","294","413"],"angle":-85.6}},{"type":"Feature","geometry":{"type":"Point","coordinates":[23.347427,42.652788]},"properties":{"lines":"69, 70, 280, 413","color":"#0059a9","mode":"bus","arr":["69","70","280","413"],"angle":-86.4}},{"type":"Feature","geometry":{"type":"Point","coordinates":[23.358201,42.618731]},"properties":{"lines":"69, 70","color":"#0059a9","mode":"bus","arr":["69","70"],"angle":-71.9}},{"type":"Feature","geometry":{"type":"Point","coordinates":[23.358517,42.621668]},"properties":{"lines":"69, 70","color":"#0059a9","mode":"bus","arr":["69","70"],"angle":75.2,"extra":1}},{"type":"Feature","geometry":{"type":"Point","coordinates":[23.364104,42.528361]},"properties":{"lines":"69, 70","color":"#0059a9","mode":"bus","arr":["69","70"],"angle":45}},{"type":"Feature","geometry":{"type":"Point","coordinates":[23.364355,42.533224]},"properties":{"lines":"69, 70","color":"#0059a9","mode":"bus","arr":["69","70"],"angle":54.8,"extra":1}},{"type":"Feature","geometry":{"type":"Point","coordinates":[23.367349,42.525441]},"properties":{"lines":"69, 70","color":"#0059a9","mode":"bus","arr":["69","70"],"angle":-15.7,"extra":1}},{"type":"Feature","geometry":{"type":"Point","coordinates":[23.350409,42.65179]},"properties":{"lines":"69, 70, 413, N2","color":"#0059a9","mode":"bus","arr":["69","70","413","N2"],"angle":4.6}},{"type":"Feature","geometry":{"type":"Point","coordinates":[23.354853,42.651604]},"properties":{"lines":"69, 70, 280, 413, N2","color":"#0059a9","mode":"bus","arr":["69","70","280","413","N2"],"angle":4.4}},{"type":"Feature","geometry":{"type":"Point","coordinates":[23.357896,42.650335]},"properties":{"lines":"69, 70, 413, ТБ123","color":"#0059a9","mode":"bus","arr":["69","70","413","ТБ123"],"angle":-54.2}},{"type":"Feature","geometry":{"type":"Point","coordinates":[23.353457,42.636925]},"properties":{"lines":"69, 70, ТБ123","color":"#0059a9","mode":"bus","arr":["69","70","ТБ123"],"angle":83.3}},{"type":"Feature","geometry":{"type":"Point","coordinates":[23.355238,42.647392]},"properties":{"lines":"69, 70, ТБ123","color":"#0059a9","mode":"bus","arr":["69","70","ТБ123"],"angle":-52.9,"extra":1}},{"type":"Feature","geometry":{"type":"Point","coordinates":[23.353074,42.642818]},"properties":{"lines":"69, 70, ТБ123","color":"#0059a9","mode":"bus","arr":["69","70","ТБ123"],"angle":-80.1,"extra":1}},{"type":"Feature","geometry":{"type":"Point","coordinates":[23.354421,42.633033]},"properties":{"lines":"69, 70, ТБ123","color":"#0059a9","mode":"bus","arr":["69","70","ТБ123"],"angle":73.1,"extra":1}},{"type":"Feature","geometry":{"type":"Point","coordinates":[23.357478,42.628645]},"properties":{"lines":"69, 70, ТБ123","color":"#0059a9","mode":"bus","arr":["69","70","ТБ123"],"angle":63.1,"extra":1}},{"type":"Feature","geometry":{"type":"Point","coordinates":[23.367633,42.603299]},"properties":{"lines":"69, 70, 314","color":"#0059a9","mode":"bus","arr":["69","70","314"],"angle":70.7}},{"type":"Feature","geometry":{"type":"Point","coordinates":[23.363894,42.613276]},"properties":{"lines":"69, 70, 314","color":"#0059a9","mode":"bus","arr":["69","70","314"],"angle":85.4,"extra":1}},{"type":"Feature","geometry":{"type":"Point","coordinates":[23.365902,42.610034]},"properties":{"lines":"69, 70, 314","color":"#0059a9","mode":"bus","arr":["69","70","314"],"angle":58.9,"extra":1}},{"type":"Feature","geometry":{"type":"Point","coordinates":[23.368606,42.59919]},"properties":{"lines":"69, 70, 314","color":"#0059a9","mode":"bus","arr":["69","70","314"],"angle":-84.2,"extra":1}},{"type":"Feature","geometry":{"type":"Point","coordinates":[23.364426,42.595936]},"properties":{"lines":"69, 70, 314","color":"#0059a9","mode":"bus","arr":["69","70","314"],"angle":-48.3,"extra":1}},{"type":"Feature","geometry":{"type":"Point","coordinates":[23.366394,42.592309]},"properties":{"lines":"69, 70, 314","color":"#0059a9","mode":"bus","arr":["69","70","314"],"angle":-42.9,"extra":1}},{"type":"Feature","geometry":{"type":"Point","coordinates":[23.362791,42.588636]},"properties":{"lines":"69, 70, 98, 314","color":"#0059a9","mode":"bus","arr":["69","70","98","314"],"angle":-46.6}},{"type":"Feature","geometry":{"type":"Point","coordinates":[23.367518,42.559878]},"properties":{"lines":"69, 70, 98","color":"#0059a9","mode":"bus","arr":["69","70","98"],"angle":63}},{"type":"Feature","geometry":{"type":"Point","coordinates":[23.35941,42.584638]},"properties":{"lines":"69, 70, 98","color":"#0059a9","mode":"bus","arr":["69","70","98"],"angle":-83.3,"extra":1}},{"type":"Feature","geometry":{"type":"Point","coordinates":[23.36053,42.58075]},"properties":{"lines":"69, 70, 98","color":"#0059a9","mode":"bus","arr":["69","70","98"],"angle":-42.8,"extra":1}},{"type":"Feature","geometry":{"type":"Point","coordinates":[23.359181,42.576185]},"properties":{"lines":"69, 70, 98","color":"#0059a9","mode":"bus","arr":["69","70","98"],"angle":79.3,"extra":1}},{"type":"Feature","geometry":{"type":"Point","coordinates":[23.359344,42.571506]},"properties":{"lines":"69, 70, 98","color":"#0059a9","mode":"bus","arr":["69","70","98"],"angle":-87.2,"extra":1}},{"type":"Feature","geometry":{"type":"Point","coordinates":[23.363343,42.567933]},"properties":{"lines":"69, 70, 98","color":"#0059a9","mode":"bus","arr":["69","70","98"],"angle":84,"extra":1}},{"type":"Feature","geometry":{"type":"Point","coordinates":[23.362454,42.563658]},"properties":{"lines":"69, 70, 98","color":"#0059a9","mode":"bus","arr":["69","70","98"],"angle":41.5,"extra":1}},{"type":"Feature","geometry":{"type":"Point","coordinates":[23.366231,42.556205]},"properties":{"lines":"69, 70, 98","color":"#0059a9","mode":"bus","arr":["69","70","98"],"angle":-20.9,"extra":1}},{"type":"Feature","geometry":{"type":"Point","coordinates":[23.365458,42.552887]},"properties":{"lines":"69, 70, 98","color":"#0059a9","mode":"bus","arr":["69","70","98"],"angle":88.2,"extra":1}},{"type":"Feature","geometry":{"type":"Point","coordinates":[23.365497,42.548959]},"properties":{"lines":"69, 70, 98","color":"#0059a9","mode":"bus","arr":["69","70","98"],"angle":-22.5,"extra":1}},{"type":"Feature","geometry":{"type":"Point","coordinates":[23.361848,42.54694]},"properties":{"lines":"69, 70, 98","color":"#0059a9","mode":"bus","arr":["69","70","98"],"angle":16,"extra":1}},{"type":"Feature","geometry":{"type":"Point","coordinates":[23.364716,42.543074]},"properties":{"lines":"69, 70, 98","color":"#0059a9","mode":"bus","arr":["69","70","98"],"angle":47.6,"extra":1}},{"type":"Feature","geometry":{"type":"Point","coordinates":[23.365607,42.538605]},"properties":{"lines":"69, 70, 98","color":"#0059a9","mode":"bus","arr":["69","70","98"],"angle":61.7,"extra":1}},{"type":"Feature","geometry":{"type":"Point","coordinates":[23.347346,42.517002]},"properties":{"lines":"69","color":"#0059a9","mode":"bus","arr":["69"],"angle":-37.5}},{"type":"Feature","geometry":{"type":"Point","coordinates":[23.361197,42.52457]},"properties":{"lines":"69","color":"#0059a9","mode":"bus","arr":["69"],"angle":-13.1,"extra":1}},{"type":"Feature","geometry":{"type":"Point","coordinates":[23.356023,42.521896]},"properties":{"lines":"69","color":"#0059a9","mode":"bus","arr":["69"],"angle":-36.5,"extra":1}},{"type":"Feature","geometry":{"type":"Point","coordinates":[23.356342,42.518619]},"properties":{"lines":"69","color":"#0059a9","mode":"bus","arr":["69"],"angle":23.5,"extra":1}},{"type":"Feature","geometry":{"type":"Point","coordinates":[23.35505,42.515645]},"properties":{"lines":"69","color":"#0059a9","mode":"bus","arr":["69"],"angle":-19.7,"extra":1}},{"type":"Feature","geometry":{"type":"Point","coordinates":[23.343526,42.514886]},"properties":{"lines":"69","color":"#0059a9","mode":"bus","arr":["69"],"angle":-40.2,"extra":1}},{"type":"Feature","geometry":{"type":"Point","coordinates":[23.33777,42.512537]},"properties":{"lines":"69","color":"#0059a9","mode":"bus","arr":["69"],"angle":-5.2,"extra":1}},{"type":"Feature","geometry":{"type":"Point","coordinates":[23.334333,42.508767]},"properties":{"lines":"69","color":"#0059a9","mode":"bus","arr":["69"],"angle":-66.8,"extra":1}},{"type":"Feature","geometry":{"type":"Point","coordinates":[23.332511,42.504991]},"properties":{"lines":"69","color":"#0059a9","mode":"bus","arr":["69"],"angle":80.1,"extra":1}},{"type":"Feature","geometry":{"type":"Point","coordinates":[23.333395,42.500091]},"properties":{"lines":"69","color":"#0059a9","mode":"bus","arr":["69"],"angle":-80.9,"extra":1}},{"type":"Feature","geometry":{"type":"Point","coordinates":[23.375974,42.494983]},"properties":{"lines":"70","color":"#0059a9","mode":"bus","arr":["70"],"angle":58.6}},{"type":"Feature","geometry":{"type":"Point","coordinates":[23.362798,42.522757]},"properties":{"lines":"70","color":"#0059a9","mode":"bus","arr":["70"],"angle":-27.5,"extra":1}},{"type":"Feature","geometry":{"type":"Point","coordinates":[23.363563,42.519838]},"properties":{"lines":"70","color":"#0059a9","mode":"bus","arr":["70"],"angle":70.9,"extra":1}},{"type":"Feature","geometry":{"type":"Point","coordinates":[23.367196,42.515756]},"properties":{"lines":"70","color":"#0059a9","mode":"bus","arr":["70"],"angle":88.5,"extra":1}},{"type":"Feature","geometry":{"type":"Point","coordinates":[23.364138,42.512282]},"properties":{"lines":"70","color":"#0059a9","mode":"bus","arr":["70"],"angle":-26.8,"extra":1}},{"type":"Feature","geometry":{"type":"Point","coordinates":[23.368137,42.510618]},"properties":{"lines":"70","color":"#0059a9","mode":"bus","arr":["70"],"angle":83.1,"extra":1}},{"type":"Feature","geometry":{"type":"Point","coordinates":[23.368446,42.505952]},"properties":{"lines":"70","color":"#0059a9","mode":"bus","arr":["70"],"angle":-75.5,"extra":1}},{"type":"Feature","geometry":{"type":"Point","coordinates":[23.371149,42.502207]},"properties":{"lines":"70","color":"#0059a9","mode":"bus","arr":["70"],"angle":52.4,"extra":1}},{"type":"Feature","geometry":{"type":"Point","coordinates":[23.373937,42.497843]},"properties":{"lines":"70","color":"#0059a9","mode":"bus","arr":["70"],"angle":73.1,"extra":1}},{"type":"Feature","geometry":{"type":"Point","coordinates":[23.381405,42.490545]},"properties":{"lines":"70","color":"#0059a9","mode":"bus","arr":["70"],"angle":44.9,"extra":1}},{"type":"Feature","geometry":{"type":"Point","coordinates":[23.384374,42.486351]},"properties":{"lines":"70","color":"#0059a9","mode":"bus","arr":["70"],"angle":55.1,"extra":1}},{"type":"Feature","geometry":{"type":"Point","coordinates":[23.389231,42.48297]},"properties":{"lines":"70","color":"#0059a9","mode":"bus","arr":["70"],"angle":30.6,"extra":1}},{"type":"Feature","geometry":{"type":"Point","coordinates":[23.395293,42.480868]},"properties":{"lines":"70","color":"#0059a9","mode":"bus","arr":["70"],"angle":22.6,"extra":1}},{"type":"Feature","geometry":{"type":"Point","coordinates":[23.401139,42.480835]},"properties":{"lines":"70","color":"#0059a9","mode":"bus","arr":["70"],"angle":-24.5,"extra":1}},{"type":"Feature","geometry":{"type":"Point","coordinates":[23.407128,42.482075]},"properties":{"lines":"70","color":"#0059a9","mode":"bus","arr":["70"],"angle":-10.1,"extra":1}},{"type":"Feature","geometry":{"type":"Point","coordinates":[23.408799,42.484313]},"properties":{"lines":"70","color":"#0059a9","mode":"bus","arr":["70"],"angle":83.9}},{"type":"Feature","geometry":{"type":"Point","coordinates":[23.296671,42.690284]},"properties":{"lines":"72","color":"#0059a9","mode":"bus","arr":["72"],"angle":60}},{"type":"Feature","geometry":{"type":"Point","coordinates":[23.294193,42.693944]},"properties":{"lines":"72","color":"#0059a9","mode":"bus","arr":["72"],"angle":20.5,"extra":1}},{"type":"Feature","geometry":{"type":"Point","coordinates":[23.300615,42.685503]},"properties":{"lines":"72","color":"#0059a9","mode":"bus","arr":["72"],"angle":81.4,"extra":1}},{"type":"Feature","geometry":{"type":"Point","coordinates":[23.315079,42.683058]},"properties":{"lines":"72","color":"#0059a9","mode":"bus","arr":["72"],"angle":47.2}},{"type":"Feature","geometry":{"type":"Point","coordinates":[23.355396,42.694917]},"properties":{"lines":"72","color":"#0059a9","mode":"bus","arr":["72"],"angle":-88.8}},{"type":"Feature","geometry":{"type":"Point","coordinates":[23.360298,42.677628]},"properties":{"lines":"72","color":"#0059a9","mode":"bus","arr":["72"],"angle":-69.9}},{"type":"Feature","geometry":{"type":"Point","coordinates":[23.305933,42.685691]},"properties":{"lines":"72, 260, 604, N4, ТБ2, ТБ8, ТБ9","color":"#0059a9","mode":"bus","arr":["72","260","604","N4","ТБ2","ТБ8","ТБ9"],"angle":-19.5}},{"type":"Feature","geometry":{"type":"Point","coordinates":[23.328059,42.68508]},"properties":{"lines":"72, 204, 304, 604","color":"#0059a9","mode":"bus","arr":["72","204","304","604"],"angle":-24}},{"type":"Feature","geometry":{"type":"Point","coordinates":[23.323998,42.683751]},"properties":{"lines":"72, 204, 304, 604","color":"#0059a9","mode":"bus","arr":["72","204","304","604"],"angle":-24,"extra":1}},{"type":"Feature","geometry":{"type":"Point","coordinates":[23.335911,42.689302]},"properties":{"lines":"72, 75, 204, 304, 604","color":"#0059a9","mode":"bus","arr":["72","75","204","304","604"],"angle":-41.4}},{"type":"Feature","geometry":{"type":"Point","coordinates":[23.341345,42.691421]},"properties":{"lines":"72, 75","color":"#0059a9","mode":"bus","arr":["72","75"],"angle":-17}},{"type":"Feature","geometry":{"type":"Point","coordinates":[23.358007,42.69648]},"properties":{"lines":"72, 75, N4","color":"#0059a9","mode":"bus","arr":["72","75","N4"],"angle":-7}},{"type":"Feature","geometry":{"type":"Point","coordinates":[23.364198,42.689675]},"properties":{"lines":"72, N4","color":"#0059a9","mode":"bus","arr":["72","N4"],"angle":60.1}},{"type":"Feature","geometry":{"type":"Point","coordinates":[23.360087,42.693994]},"properties":{"lines":"72, N4","color":"#0059a9","mode":"bus","arr":["72","N4"],"angle":-74.4,"extra":1}},{"type":"Feature","geometry":{"type":"Point","coordinates":[23.359752,42.689773]},"properties":{"lines":"72, N4","color":"#0059a9","mode":"bus","arr":["72","N4"],"angle":21.2,"extra":1}},{"type":"Feature","geometry":{"type":"Point","coordinates":[23.364589,42.684604]},"properties":{"lines":"72, N4","color":"#0059a9","mode":"bus","arr":["72","N4"],"angle":-39.8,"extra":1}},{"type":"Feature","geometry":{"type":"Point","coordinates":[23.361613,42.68029]},"properties":{"lines":"72, N4","color":"#0059a9","mode":"bus","arr":["72","N4"],"angle":-70.5,"extra":1}},{"type":"Feature","geometry":{"type":"Point","coordinates":[23.335194,42.689477]},"properties":{"lines":"75, 76, 84, 94, 183","color":"#0059a9","mode":"bus","arr":["75","76","84","94","183"],"angle":-40.8}},{"type":"Feature","geometry":{"type":"Point","coordinates":[23.34693,42.695115]},"properties":{"lines":"75","color":"#0059a9","mode":"bus","arr":["75"],"angle":-81}},{"type":"Feature","geometry":{"type":"Point","coordinates":[23.376299,42.686621]},"properties":{"lines":"75","color":"#0059a9","mode":"bus","arr":["75"],"angle":53.2}},{"type":"Feature","geometry":{"type":"Point","coordinates":[23.37252,42.69005]},"properties":{"lines":"75, 404","color":"#0059a9","mode":"bus","arr":["75","404"],"angle":41.7}},{"type":"Feature","geometry":{"type":"Point","coordinates":[23.376045,42.683089]},"properties":{"lines":"75, 404","color":"#0059a9","mode":"bus","arr":["75","404"],"angle":-71.4}},{"type":"Feature","geometry":{"type":"Point","coordinates":[23.384498,42.62633]},"properties":{"lines":"76, N1","color":"#0059a9","mode":"bus","arr":["76","N1"],"angle":66}},{"type":"Feature","geometry":{"type":"Point","coordinates":[23.385372,42.624838]},"properties":{"lines":"N1","color":"#0059a9","mode":"bus","arr":["N1"],"angle":70.9}},{"type":"Feature","geometry":{"type":"Point","coordinates":[23.383096,42.626369]},"properties":{"lines":"N1","color":"#0059a9","mode":"bus","arr":["N1"],"angle":-2.6}},{"type":"Feature","geometry":{"type":"Point","coordinates":[23.241458,42.722103]},"properties":{"lines":"N1","color":"#0059a9","mode":"bus","arr":["N1"],"angle":-58.9}},{"type":"Feature","geometry":{"type":"Point","coordinates":[23.28661,42.705407]},"properties":{"lines":"N1","color":"#0059a9","mode":"bus","arr":["N1"],"angle":20}},{"type":"Feature","geometry":{"type":"Point","coordinates":[23.263063,42.715245]},"properties":{"lines":"N1","color":"#0059a9","mode":"bus","arr":["N1"],"angle":36.9,"extra":1}},{"type":"Feature","geometry":{"type":"Point","coordinates":[23.268441,42.712273]},"properties":{"lines":"N1","color":"#0059a9","mode":"bus","arr":["N1"],"angle":36.8,"extra":1}},{"type":"Feature","geometry":{"type":"Point","coordinates":[23.273779,42.70933]},"properties":{"lines":"N1","color":"#0059a9","mode":"bus","arr":["N1"],"angle":34.7,"extra":1}},{"type":"Feature","geometry":{"type":"Point","coordinates":[23.279786,42.707181]},"properties":{"lines":"N1","color":"#0059a9","mode":"bus","arr":["N1"],"angle":20.3,"extra":1}},{"type":"Feature","geometry":{"type":"Point","coordinates":[23.292574,42.704131]},"properties":{"lines":"N1","color":"#0059a9","mode":"bus","arr":["N1"],"angle":15.8,"extra":1}},{"type":"Feature","geometry":{"type":"Point","coordinates":[23.298371,42.701818]},"properties":{"lines":"N1","color":"#0059a9","mode":"bus","arr":["N1"],"angle":13.2,"extra":1}},{"type":"Feature","geometry":{"type":"Point","coordinates":[23.304935,42.700731]},"properties":{"lines":"N1","color":"#0059a9","mode":"bus","arr":["N1"],"angle":12.5,"extra":1}},{"type":"Feature","geometry":{"type":"Point","coordinates":[23.311488,42.699613]},"properties":{"lines":"N1","color":"#0059a9","mode":"bus","arr":["N1"],"angle":14.3,"extra":1}},{"type":"Feature","geometry":{"type":"Point","coordinates":[23.382659,42.629308]},"properties":{"lines":"76","color":"#0059a9","mode":"bus","arr":["76"],"angle":64.7}},{"type":"Feature","geometry":{"type":"Point","coordinates":[23.377669,42.633269]},"properties":{"lines":"76","color":"#0059a9","mode":"bus","arr":["76"],"angle":-1}},{"type":"Feature","geometry":{"type":"Point","coordinates":[23.380479,42.653531]},"properties":{"lines":"76","color":"#0059a9","mode":"bus","arr":["76"],"angle":-64.4}},{"type":"Feature","geometry":{"type":"Point","coordinates":[23.382912,42.656194]},"properties":{"lines":"76","color":"#0059a9","mode":"bus","arr":["76"],"angle":-39.6,"extra":1}},{"type":"Feature","geometry":{"type":"Point","coordinates":[23.386405,42.657102]},"properties":{"lines":"76","color":"#0059a9","mode":"bus","arr":["76"],"angle":83.5}},{"type":"Feature","geometry":{"type":"Point","coordinates":[23.311051,42.681609]},"properties":{"lines":"76","color":"#0059a9","mode":"bus","arr":["76"],"angle":-2.7}},{"type":"Feature","geometry":{"type":"Point","coordinates":[23.316942,42.682025]},"properties":{"lines":"76","color":"#0059a9","mode":"bus","arr":["76"],"angle":-18,"extra":1}},{"type":"Feature","geometry":{"type":"Point","coordinates":[23.30403,42.679873]},"properties":{"lines":"76","color":"#0059a9","mode":"bus","arr":["76"],"angle":-26,"extra":1}},{"type":"Feature","geometry":{"type":"Point","coordinates":[23.380334,42.632519]},"properties":{"lines":"76, 213, 314, N1","color":"#0059a9","mode":"bus","arr":["76","213","314","N1"],"angle":89.5}},{"type":"Feature","geometry":{"type":"Point","coordinates":[23.375035,42.631697]},"properties":{"lines":"76, 413, X9","color":"#0059a9","mode":"bus","arr":["76","413","X9"],"angle":89.5}},{"type":"Feature","geometry":{"type":"Point","coordinates":[23.374264,42.630029]},"properties":{"lines":"76, 314, 413, X9","color":"#0059a9","mode":"bus","arr":["76","314","413","X9"],"angle":-11.7}},{"type":"Feature","geometry":{"type":"Point","coordinates":[23.372313,42.637202]},"properties":{"lines":"76, 111","color":"#0059a9","mode":"bus","arr":["76","111"],"angle":-0.9}},{"type":"Feature","geometry":{"type":"Point","coordinates":[23.373164,42.632343]},"properties":{"lines":"76, 111","color":"#0059a9","mode":"bus","arr":["76","111"],"angle":89.4,"extra":1}},{"type":"Feature","geometry":{"type":"Point","coordinates":[23.374023,42.643245]},"properties":{"lines":"76, 111","color":"#0059a9","mode":"bus","arr":["76","111"],"angle":-65.7,"extra":1}},{"type":"Feature","geometry":{"type":"Point","coordinates":[23.377128,42.648298]},"properties":{"lines":"76, 111, 314","color":"#0059a9","mode":"bus","arr":["76","111","314"],"angle":-66.7}},{"type":"Feature","geometry":{"type":"Point","coordinates":[23.384767,42.657067]},"properties":{"lines":"76, 204, 304, 604","color":"#0059a9","mode":"bus","arr":["76","204","304","604"],"angle":-30.6}},{"type":"Feature","geometry":{"type":"Point","coordinates":[23.384587,42.657225]},"properties":{"lines":"76, 181, 183, 185, ТБE186","color":"#0059a9","mode":"bus","arr":["76","181","183","185","ТБE186"],"angle":44.4}},{"type":"Feature","geometry":{"type":"Point","coordinates":[23.3788,42.661322]},"properties":{"lines":"76, 84, 181, 183, 185, ТБE186","color":"#0059a9","mode":"bus","arr":["76","84","181","183","185","ТБE186"],"angle":43.9}},{"type":"Feature","geometry":{"type":"Point","coordinates":[23.37593,42.66335]},"properties":{"lines":"76, 84, 181, 183, 185, ТБE186","color":"#0059a9","mode":"bus","arr":["76","84","181","183","185","ТБE186"],"angle":44,"extra":1}},{"type":"Feature","geometry":{"type":"Point","coordinates":[23.368041,42.668985]},"properties":{"lines":"76, 84, 183","color":"#0059a9","mode":"bus","arr":["76","84","183"],"angle":44.2}},{"type":"Feature","geometry":{"type":"Point","coordinates":[23.371976,42.666154]},"properties":{"lines":"76, 84, 183","color":"#0059a9","mode":"bus","arr":["76","84","183"],"angle":44.1,"extra":1}},{"type":"Feature","geometry":{"type":"Point","coordinates":[23.362297,42.673025]},"properties":{"lines":"76, 84, 183","color":"#0059a9","mode":"bus","arr":["76","84","183"],"angle":44.2,"extra":1}},{"type":"Feature","geometry":{"type":"Point","coordinates":[23.35036,42.681542]},"properties":{"lines":"76, 84, 183, ТБ3, ТБ4","color":"#0059a9","mode":"bus","arr":["76","84","183","ТБ3","ТБ4"],"angle":44.6}},{"type":"Feature","geometry":{"type":"Point","coordinates":[23.359228,42.675222]},"properties":{"lines":"76, 84, 183, ТБ3, ТБ4","color":"#0059a9","mode":"bus","arr":["76","84","183","ТБ3","ТБ4"],"angle":44.2,"extra":1}},{"type":"Feature","geometry":{"type":"Point","coordinates":[23.354402,42.678669]},"properties":{"lines":"76, 84, 183, ТБ3, ТБ4","color":"#0059a9","mode":"bus","arr":["76","84","183","ТБ3","ТБ4"],"angle":44.1,"extra":1}},{"type":"Feature","geometry":{"type":"Point","coordinates":[23.344702,42.685524]},"properties":{"lines":"76, 84, 183, ТБ3, ТБ4","color":"#0059a9","mode":"bus","arr":["76","84","183","ТБ3","ТБ4"],"angle":43.6,"extra":1}},{"type":"Feature","geometry":{"type":"Point","coordinates":[23.339829,42.688935]},"properties":{"lines":"76, 84, 183, ТБ3, ТБ4","color":"#0059a9","mode":"bus","arr":["76","84","183","ТБ3","ТБ4"],"angle":43.3,"extra":1}},{"type":"Feature","geometry":{"type":"Point","coordinates":[23.338503,42.689795]},"properties":{"lines":"76, 84, 183, 204, 213, 280, 304, 604, N1, ТБ3, ТБ4, ТБ5, ТБ11","color":"#0059a9","mode":"bus","arr":["76","84","183","204","213","280","304","604","N1","ТБ3","ТБ4","ТБ5","ТБ11"],"angle":45.2}},{"type":"Feature","geometry":{"type":"Point","coordinates":[23.327672,42.685586]},"properties":{"lines":"76, 94","color":"#0059a9","mode":"bus","arr":["76","94"],"angle":-24.2}},{"type":"Feature","geometry":{"type":"Point","coordinates":[23.33132,42.687]},"properties":{"lines":"76, 94","color":"#0059a9","mode":"bus","arr":["76","94"],"angle":-40.4,"extra":1}},{"type":"Feature","geometry":{"type":"Point","coordinates":[23.302788,42.677911]},"properties":{"lines":"76, 102","color":"#0059a9","mode":"bus","arr":["76","102"],"angle":77.6}},{"type":"Feature","geometry":{"type":"Point","coordinates":[23.303499,42.675647]},"properties":{"lines":"76, 102, ТБ8, ТБ74","color":"#0059a9","mode":"bus","arr":["76","102","ТБ8","ТБ74"],"angle":75.8}},{"type":"Feature","geometry":{"type":"Point","coordinates":[23.303869,42.670122]},"properties":{"lines":"76, ТБ7, ТБ8, ТБ74","color":"#0059a9","mode":"bus","arr":["76","ТБ7","ТБ8","ТБ74"],"angle":-81.5}},{"type":"Feature","geometry":{"type":"Point","coordinates":[23.30331,42.66736]},"properties":{"lines":"76, ТБ7, ТБ8, ТБ74","color":"#0059a9","mode":"bus","arr":["76","ТБ7","ТБ8","ТБ74"],"angle":-81.6,"extra":1}},{"type":"Feature","geometry":{"type":"Point","coordinates":[23.29627,42.66093]},"properties":{"lines":"76, ТБ7","color":"#0059a9","mode":"bus","arr":["76","ТБ7"],"angle":33.1}},{"type":"Feature","geometry":{"type":"Point","coordinates":[23.301749,42.665963]},"properties":{"lines":"76, 83, ТБ7, ТБ8, ТБ73, ТБ74, ТБ801","color":"#0059a9","mode":"bus","arr":["76","83","ТБ7","ТБ8","ТБ73","ТБ74","ТБ801"],"angle":44}},{"type":"Feature","geometry":{"type":"Point","coordinates":[23.297464,42.664208]},"properties":{"lines":"76, ТБ7, ТБ8, ТБ73, ТБ74, ТБ801","color":"#0059a9","mode":"bus","arr":["76","ТБ7","ТБ8","ТБ73","ТБ74","ТБ801"],"angle":-46.1}},{"type":"Feature","geometry":{"type":"Point","coordinates":[23.302501,42.713122]},"properties":{"lines":"77, 82","color":"#0059a9","mode":"bus","arr":["77","82"],"angle":-29.5}},{"type":"Feature","geometry":{"type":"Point","coordinates":[23.308791,42.714336]},"properties":{"lines":"77, 82, ТБ5","color":"#0059a9","mode":"bus","arr":["77","82","ТБ5"],"angle":-33.5}},{"type":"Feature","geometry":{"type":"Point","coordinates":[23.401568,42.706688]},"properties":{"lines":"78","color":"#0059a9","mode":"bus","arr":["78"],"angle":70.6}},{"type":"Feature","geometry":{"type":"Point","coordinates":[23.37575,42.709645]},"properties":{"lines":"78","color":"#0059a9","mode":"bus","arr":["78"],"angle":-14.1}},{"type":"Feature","geometry":{"type":"Point","coordinates":[23.379358,42.710308]},"properties":{"lines":"78","color":"#0059a9","mode":"bus","arr":["78"],"angle":-14.2,"extra":1}},{"type":"Feature","geometry":{"type":"Point","coordinates":[23.400054,42.708215]},"properties":{"lines":"78, 119","color":"#0059a9","mode":"bus","arr":["78","119"],"angle":36.7}},{"type":"Feature","geometry":{"type":"Point","coordinates":[23.393728,42.704576]},"properties":{"lines":"78, 117, 118","color":"#0059a9","mode":"bus","arr":["78","117","118"],"angle":-13.4}},{"type":"Feature","geometry":{"type":"Point","coordinates":[23.397786,42.705302]},"properties":{"lines":"78, 117, 118","color":"#0059a9","mode":"bus","arr":["78","117","118"],"angle":-13.7,"extra":1}},{"type":"Feature","geometry":{"type":"Point","coordinates":[23.38347,42.713411]},"properties":{"lines":"78, 120, N3","color":"#0059a9","mode":"bus","arr":["78","120","N3"],"angle":8.8}},{"type":"Feature","geometry":{"type":"Point","coordinates":[23.379762,42.712356]},"properties":{"lines":"78, 120, N3","color":"#0059a9","mode":"bus","arr":["78","120","N3"],"angle":76,"extra":1}},{"type":"Feature","geometry":{"type":"Point","coordinates":[23.363623,42.707631]},"properties":{"lines":"78, 100","color":"#0059a9","mode":"bus","arr":["78","100"],"angle":-40.4}},{"type":"Feature","geometry":{"type":"Point","coordinates":[23.360092,42.705805]},"properties":{"lines":"78, 100","color":"#0059a9","mode":"bus","arr":["78","100"],"angle":-25.7,"extra":1}},{"type":"Feature","geometry":{"type":"Point","coordinates":[23.355957,42.704342]},"properties":{"lines":"78, 79, 90, 100","color":"#0059a9","mode":"bus","arr":["78","79","90","100"],"angle":-25.8}},{"type":"Feature","geometry":{"type":"Point","coordinates":[23.352566,42.703068]},"properties":{"lines":"78, 79","color":"#0059a9","mode":"bus","arr":["78","79"],"angle":-32.2}},{"type":"Feature","geometry":{"type":"Point","coordinates":[23.347431,42.701402]},"properties":{"lines":"78, 79, ТБ2","color":"#0059a9","mode":"bus","arr":["78","79","ТБ2"],"angle":-25.7}},{"type":"Feature","geometry":{"type":"Point","coordinates":[23.340739,42.699279]},"properties":{"lines":"78, 79, N3, ТБ1, ТБ2, ТБ3, ТБ4","color":"#0059a9","mode":"bus","arr":["78","79","N3","ТБ1","ТБ2","ТБ3","ТБ4"],"angle":-7.7}},{"type":"Feature","geometry":{"type":"Point","coordinates":[23.320578,42.711112]},"properties":{"lines":"78, 213, 285, 305, 404","color":"#0059a9","mode":"bus","arr":["78","213","285","305","404"],"angle":25.7}},{"type":"Feature","geometry":{"type":"Point","coordinates":[23.372529,42.699148]},"properties":{"lines":"79","color":"#0059a9","mode":"bus","arr":["79"],"angle":-78.5}},{"type":"Feature","geometry":{"type":"Point","coordinates":[23.384417,42.691172]},"properties":{"lines":"79","color":"#0059a9","mode":"bus","arr":["79"],"angle":-67.1,"extra":1}},{"type":"Feature","geometry":{"type":"Point","coordinates":[23.379417,42.693362]},"properties":{"lines":"79","color":"#0059a9","mode":"bus","arr":["79"],"angle":24.9,"extra":1}},{"type":"Feature","geometry":{"type":"Point","coordinates":[23.3752,42.696298]},"properties":{"lines":"79","color":"#0059a9","mode":"bus","arr":["79"],"angle":-89,"extra":1}},{"type":"Feature","geometry":{"type":"Point","coordinates":[23.368223,42.69987]},"properties":{"lines":"79","color":"#0059a9","mode":"bus","arr":["79"],"angle":-13.8,"extra":1}},{"type":"Feature","geometry":{"type":"Point","coordinates":[23.361717,42.698811]},"properties":{"lines":"79","color":"#0059a9","mode":"bus","arr":["79"],"angle":26.2,"extra":1}},{"type":"Feature","geometry":{"type":"Point","coordinates":[23.359521,42.703298]},"properties":{"lines":"79","color":"#0059a9","mode":"bus","arr":["79"],"angle":76.3,"extra":1}},{"type":"Feature","geometry":{"type":"Point","coordinates":[23.32359,42.715814]},"properties":{"lines":"79","color":"#0059a9","mode":"bus","arr":["79"],"angle":27.2}},{"type":"Feature","geometry":{"type":"Point","coordinates":[23.332954,42.711292]},"properties":{"lines":"79","color":"#0059a9","mode":"bus","arr":["79"],"angle":39.7,"extra":1}},{"type":"Feature","geometry":{"type":"Point","coordinates":[23.327566,42.714248]},"properties":{"lines":"79","color":"#0059a9","mode":"bus","arr":["79"],"angle":31.3,"extra":1}},{"type":"Feature","geometry":{"type":"Point","coordinates":[23.315655,42.718847]},"properties":{"lines":"79","color":"#0059a9","mode":"bus","arr":["79"],"angle":27.3,"extra":1}},{"type":"Feature","geometry":{"type":"Point","coordinates":[23.328213,42.733635]},"properties":{"lines":"79","color":"#0059a9","mode":"bus","arr":["79"],"angle":-28.2}},{"type":"Feature","geometry":{"type":"Point","coordinates":[23.315543,42.72374]},"properties":{"lines":"79, 101","color":"#0059a9","mode":"bus","arr":["79","101"],"angle":-59.3}},{"type":"Feature","geometry":{"type":"Point","coordinates":[23.318051,42.7272]},"properties":{"lines":"79, 100, 101","color":"#0059a9","mode":"bus","arr":["79","100","101"],"angle":-65.3}},{"type":"Feature","geometry":{"type":"Point","coordinates":[23.324477,42.729052]},"properties":{"lines":"79, 100","color":"#0059a9","mode":"bus","arr":["79","100"],"angle":-63.3}},{"type":"Feature","geometry":{"type":"Point","coordinates":[23.240741,42.721028]},"properties":{"lines":"81, 82, 108","color":"#0059a9","mode":"bus","arr":["81","82","108"],"angle":-57}},{"type":"Feature","geometry":{"type":"Point","coordinates":[23.241551,42.722055]},"properties":{"lines":"81, 82, 108, 111, ТБ6","color":"#0059a9","mode":"bus","arr":["81","82","108","111","ТБ6"],"angle":-60.9}},{"type":"Feature","geometry":{"type":"Point","coordinates":[23.243081,42.724074]},"properties":{"lines":"81, 82, 108, 111, N1, ТБ6","color":"#0059a9","mode":"bus","arr":["81","82","108","111","N1","ТБ6"],"angle":-59.6}},{"type":"Feature","geometry":{"type":"Point","coordinates":[23.245343,42.726947]},"properties":{"lines":"81, 82, N1, ТБ6","color":"#0059a9","mode":"bus","arr":["81","82","N1","ТБ6"],"angle":-60.1}},{"type":"Feature","geometry":{"type":"Point","coordinates":[23.247005,42.728997]},"properties":{"lines":"81, 82, ТБ6","color":"#0059a9","mode":"bus","arr":["81","82","ТБ6"],"angle":-59.8}},{"type":"Feature","geometry":{"type":"Point","coordinates":[23.249647,42.73242]},"properties":{"lines":"81, 309","color":"#0059a9","mode":"bus","arr":["81","309"],"angle":-60}},{"type":"Feature","geometry":{"type":"Point","coordinates":[23.266595,42.742731]},"properties":{"lines":"81, N2","color":"#0059a9","mode":"bus","arr":["81","N2"],"angle":-25.1}},{"type":"Feature","geometry":{"type":"Point","coordinates":[23.237538,42.716089]},"properties":{"lines":"310","color":"#0059a9","mode":"bus","arr":["310"],"angle":21.6}},{"type":"Feature","geometry":{"type":"Point","coordinates":[23.254486,42.708797]},"properties":{"lines":"310","color":"#0059a9","mode":"bus","arr":["310"],"angle":-7.7}},{"type":"Feature","geometry":{"type":"Point","coordinates":[23.274453,42.712835]},"properties":{"lines":"310","color":"#0059a9","mode":"bus","arr":["310"],"angle":-46.5,"extra":1}},{"type":"Feature","geometry":{"type":"Point","coordinates":[23.265799,42.710022]},"properties":{"lines":"310","color":"#0059a9","mode":"bus","arr":["310"],"angle":-9.3,"extra":1}},{"type":"Feature","geometry":{"type":"Point","coordinates":[23.259122,42.709452]},"properties":{"lines":"310","color":"#0059a9","mode":"bus","arr":["310"],"angle":-7.3,"extra":1}},{"type":"Feature","geometry":{"type":"Point","coordinates":[23.245948,42.709212]},"properties":{"lines":"310","color":"#0059a9","mode":"bus","arr":["310"],"angle":31.3,"extra":1}},{"type":"Feature","geometry":{"type":"Point","coordinates":[23.259851,42.724666]},"properties":{"lines":"82, 108","color":"#0059a9","mode":"bus","arr":["82","108"],"angle":-54.2}},{"type":"Feature","geometry":{"type":"Point","coordinates":[23.278488,42.717767]},"properties":{"lines":"82, 108","color":"#0059a9","mode":"bus","arr":["82","108"],"angle":42.3}},{"type":"Feature","geometry":{"type":"Point","coordinates":[23.28535,42.720549]},"properties":{"lines":"82, 108","color":"#0059a9","mode":"bus","arr":["82","108"],"angle":85.5}},{"type":"Feature","geometry":{"type":"Point","coordinates":[23.286281,42.717348]},"properties":{"lines":"82, 108","color":"#0059a9","mode":"bus","arr":["82","108"],"angle":-88.9,"extra":1}},{"type":"Feature","geometry":{"type":"Point","coordinates":[23.238115,42.717746]},"properties":{"lines":"82, 108, 310","color":"#0059a9","mode":"bus","arr":["82","108","310"],"angle":-60}},{"type":"Feature","geometry":{"type":"Point","coordinates":[23.253026,42.726561]},"properties":{"lines":"82, 111, ТБ6","color":"#0059a9","mode":"bus","arr":["82","111","ТБ6"],"angle":36.3}},{"type":"Feature","geometry":{"type":"Point","coordinates":[23.27022,42.722251]},"properties":{"lines":"82, 108, 309, X43","color":"#0059a9","mode":"bus","arr":["82","108","309","X43"],"angle":36.3}},{"type":"Feature","geometry":{"type":"Point","coordinates":[23.265001,42.725117]},"properties":{"lines":"82, 108, 309, X43","color":"#0059a9","mode":"bus","arr":["82","108","309","X43"],"angle":37.3,"extra":1}},{"type":"Feature","geometry":{"type":"Point","coordinates":[23.275823,42.719239]},"properties":{"lines":"82, 108, 309, X43","color":"#0059a9","mode":"bus","arr":["82","108","309","X43"],"angle":36.5,"extra":1}},{"type":"Feature","geometry":{"type":"Point","coordinates":[23.292492,42.717363]},"properties":{"lines":"82","color":"#0059a9","mode":"bus","arr":["82"],"angle":32.8}},{"type":"Feature","geometry":{"type":"Point","coordinates":[23.279892,42.719865]},"properties":{"lines":"82, 83","color":"#0059a9","mode":"bus","arr":["82","83"],"angle":-75.6}},{"type":"Feature","geometry":{"type":"Point","coordinates":[23.314657,42.658539]},"properties":{"lines":"83","color":"#0059a9","mode":"bus","arr":["83"],"angle":-32.4}},{"type":"Feature","geometry":{"type":"Point","coordinates":[23.297637,42.66934]},"properties":{"lines":"83","color":"#0059a9","mode":"bus","arr":["83"],"angle":48.5}},{"type":"Feature","geometry":{"type":"Point","coordinates":[23.278216,42.683049]},"properties":{"lines":"83","color":"#0059a9","mode":"bus","arr":["83"],"angle":44.6}},{"type":"Feature","geometry":{"type":"Point","coordinates":[23.274423,42.68532]},"properties":{"lines":"83","color":"#0059a9","mode":"bus","arr":["83"],"angle":31.7,"extra":1}},{"type":"Feature","geometry":{"type":"Point","coordinates":[23.287724,42.729029]},"properties":{"lines":"83","color":"#0059a9","mode":"bus","arr":["83"],"angle":64.5}},{"type":"Feature","geometry":{"type":"Point","coordinates":[23.309442,42.733593]},"properties":{"lines":"83","color":"#0059a9","mode":"bus","arr":["83"],"angle":0.5}},{"type":"Feature","geometry":{"type":"Point","coordinates":[23.305595,42.659949]},"properties":{"lines":"83, ТБ73","color":"#0059a9","mode":"bus","arr":["83","ТБ73"],"angle":60.6}},{"type":"Feature","geometry":{"type":"Point","coordinates":[23.30323,42.662944]},"properties":{"lines":"83, ТБ73","color":"#0059a9","mode":"bus","arr":["83","ТБ73"],"angle":59.9,"extra":1}},{"type":"Feature","geometry":{"type":"Point","coordinates":[23.302716,42.664286]},"properties":{"lines":"83, ТБ73, ТБ801","color":"#0059a9","mode":"bus","arr":["83","ТБ73","ТБ801"],"angle":-88.1}},{"type":"Feature","geometry":{"type":"Point","coordinates":[23.291661,42.673956]},"properties":{"lines":"83, 102, 204, N4","color":"#0059a9","mode":"bus","arr":["83","102","204","N4"],"angle":43.6}},{"type":"Feature","geometry":{"type":"Point","coordinates":[23.287294,42.677013]},"properties":{"lines":"83, 102","color":"#0059a9","mode":"bus","arr":["83","102"],"angle":43.5}},{"type":"Feature","geometry":{"type":"Point","coordinates":[23.282376,42.680096]},"properties":{"lines":"83, 102","color":"#0059a9","mode":"bus","arr":["83","102"],"angle":33.6}},{"type":"Feature","geometry":{"type":"Point","coordinates":[23.28917,42.712336]},"properties":{"lines":"83, 309, 310, X43","color":"#0059a9","mode":"bus","arr":["83","309","310","X43"],"angle":34.4}},{"type":"Feature","geometry":{"type":"Point","coordinates":[23.296461,42.708671]},"properties":{"lines":"83, 309, 310, X43","color":"#0059a9","mode":"bus","arr":["83","309","310","X43"],"angle":34.1,"extra":1}},{"type":"Feature","geometry":{"type":"Point","coordinates":[23.285359,42.714261]},"properties":{"lines":"83, 309, 310, X43","color":"#0059a9","mode":"bus","arr":["83","309","310","X43"],"angle":34.9,"extra":1}},{"type":"Feature","geometry":{"type":"Point","coordinates":[23.279866,42.717116]},"properties":{"lines":"83, 309, 310, X43","color":"#0059a9","mode":"bus","arr":["83","309","310","X43"],"angle":35.8,"extra":1}},{"type":"Feature","geometry":{"type":"Point","coordinates":[23.282395,42.72807]},"properties":{"lines":"83, 108","color":"#0059a9","mode":"bus","arr":["83","108"],"angle":-76.6}},{"type":"Feature","geometry":{"type":"Point","coordinates":[23.281373,42.72432]},"properties":{"lines":"83, 108","color":"#0059a9","mode":"bus","arr":["83","108"],"angle":-76.7,"extra":1}},{"type":"Feature","geometry":{"type":"Point","coordinates":[23.285895,42.731706]},"properties":{"lines":"83, 108","color":"#0059a9","mode":"bus","arr":["83","108"],"angle":27.6,"extra":1}},{"type":"Feature","geometry":{"type":"Point","coordinates":[23.315008,42.735228]},"properties":{"lines":"83, 108","color":"#0059a9","mode":"bus","arr":["83","108"],"angle":-68.4}},{"type":"Feature","geometry":{"type":"Point","coordinates":[23.249504,42.722522]},"properties":{"lines":"108","color":"#0059a9","mode":"bus","arr":["108"],"angle":36.4}},{"type":"Feature","geometry":{"type":"Point","coordinates":[23.284544,42.71605]},"properties":{"lines":"108","color":"#0059a9","mode":"bus","arr":["108"],"angle":-28.1}},{"type":"Feature","geometry":{"type":"Point","coordinates":[23.292923,42.729589]},"properties":{"lines":"83, 285","color":"#0059a9","mode":"bus","arr":["83","285"],"angle":-47.4}},{"type":"Feature","geometry":{"type":"Point","coordinates":[23.302489,42.733363]},"properties":{"lines":"83, 86","color":"#0059a9","mode":"bus","arr":["83","86"],"angle":-3}},{"type":"Feature","geometry":{"type":"Point","coordinates":[23.409665,42.683996]},"properties":{"lines":"84, N4","color":"#0059a9","mode":"bus","arr":["84","N4"],"angle":19.4}},{"type":"Feature","geometry":{"type":"Point","coordinates":[23.401147,42.682124]},"properties":{"lines":"84, N4","color":"#0059a9","mode":"bus","arr":["84","N4"],"angle":-73.3}},{"type":"Feature","geometry":{"type":"Point","coordinates":[23.402356,42.688909]},"properties":{"lines":"84, N4","color":"#0059a9","mode":"bus","arr":["84","N4"],"angle":16.5}},{"type":"Feature","geometry":{"type":"Point","coordinates":[23.386151,42.658274]},"properties":{"lines":"84","color":"#0059a9","mode":"bus","arr":["84"],"angle":-21.5}},{"type":"Feature","geometry":{"type":"Point","coordinates":[23.392206,42.667964]},"properties":{"lines":"84, 88, 604, N4","color":"#0059a9","mode":"bus","arr":["84","88","604","N4"],"angle":-73.2}},{"type":"Feature","geometry":{"type":"Point","coordinates":[23.39076,42.664775]},"properties":{"lines":"84, 88, 604, N4","color":"#0059a9","mode":"bus","arr":["84","88","604","N4"],"angle":-68,"extra":1}},{"type":"Feature","geometry":{"type":"Point","coordinates":[23.389385,42.661726]},"properties":{"lines":"84, 88","color":"#0059a9","mode":"bus","arr":["84","88"],"angle":-78}},{"type":"Feature","geometry":{"type":"Point","coordinates":[23.33296,42.689152]},"properties":{"lines":"84, 183","color":"#0059a9","mode":"bus","arr":["84","183"],"angle":38.8}},{"type":"Feature","geometry":{"type":"Point","coordinates":[23.334403,42.692778]},"properties":{"lines":"ТБ5","color":"#149a3f","mode":"bus","arr":["ТБ5"],"angle":-22.1}},{"type":"Feature","geometry":{"type":"Point","coordinates":[23.368665,42.667847]},"properties":{"lines":"ТБ5","color":"#149a3f","mode":"bus","arr":["ТБ5"],"angle":40.6}},{"type":"Feature","geometry":{"type":"Point","coordinates":[23.293995,42.73969]},"properties":{"lines":"85, 285","color":"#0059a9","mode":"bus","arr":["85","285"],"angle":31.7}},{"type":"Feature","geometry":{"type":"Point","coordinates":[23.353929,42.707428]},"properties":{"lines":"85, 285","color":"#0059a9","mode":"bus","arr":["85","285"],"angle":8.5}},{"type":"Feature","geometry":{"type":"Point","coordinates":[23.361118,42.710209]},"properties":{"lines":"85, 285","color":"#0059a9","mode":"bus","arr":["85","285"],"angle":-83.3}},{"type":"Feature","geometry":{"type":"Point","coordinates":[23.345885,42.705872]},"properties":{"lines":"85","color":"#0059a9","mode":"bus","arr":["85"],"angle":6.3}},{"type":"Feature","geometry":{"type":"Point","coordinates":[23.35083,42.705567]},"properties":{"lines":"85","color":"#0059a9","mode":"bus","arr":["85"],"angle":-20.8,"extra":1}},{"type":"Feature","geometry":{"type":"Point","coordinates":[23.357084,42.709635]},"properties":{"lines":"85","color":"#0059a9","mode":"bus","arr":["85"],"angle":-25.2}},{"type":"Feature","geometry":{"type":"Point","coordinates":[23.320551,42.704959]},"properties":{"lines":"85, 86, 213, 305, 413, ТБ6","color":"#0059a9","mode":"bus","arr":["85","86","213","305","413","ТБ6"],"angle":9.2}},{"type":"Feature","geometry":{"type":"Point","coordinates":[23.333699,42.705039]},"properties":{"lines":"85, 86","color":"#0059a9","mode":"bus","arr":["85","86"],"angle":-41.5}},{"type":"Feature","geometry":{"type":"Point","coordinates":[23.337076,42.706792]},"properties":{"lines":"85, 86, 285","color":"#0059a9","mode":"bus","arr":["85","86","285"],"angle":19.5}},{"type":"Feature","geometry":{"type":"Point","coordinates":[23.35076,42.706022]},"properties":{"lines":"85, 100, ТБ4","color":"#0059a9","mode":"bus","arr":["85","100","ТБ4"],"angle":86.1}},{"type":"Feature","geometry":{"type":"Point","coordinates":[23.350607,42.707425]},"properties":{"lines":"85, 100, 285, ТБ4","color":"#0059a9","mode":"bus","arr":["85","100","285","ТБ4"],"angle":85.3}},{"type":"Feature","geometry":{"type":"Point","coordinates":[23.309655,42.73913]},"properties":{"lines":"86","color":"#0059a9","mode":"bus","arr":["86"],"angle":80.2}},{"type":"Feature","geometry":{"type":"Point","coordinates":[23.305707,42.739785]},"properties":{"lines":"86","color":"#0059a9","mode":"bus","arr":["86"],"angle":-9.8,"extra":1}},{"type":"Feature","geometry":{"type":"Point","coordinates":[23.307895,42.721845]},"properties":{"lines":"86","color":"#0059a9","mode":"bus","arr":["86"],"angle":37.8}},{"type":"Feature","geometry":{"type":"Point","coordinates":[23.349673,42.710763]},"properties":{"lines":"86","color":"#0059a9","mode":"bus","arr":["86"],"angle":-9.1}},{"type":"Feature","geometry":{"type":"Point","coordinates":[23.345641,42.709718]},"properties":{"lines":"86","color":"#0059a9","mode":"bus","arr":["86"],"angle":-36.1,"extra":1}},{"type":"Feature","geometry":{"type":"Point","coordinates":[23.360769,42.715203]},"properties":{"lines":"86","color":"#0059a9","mode":"bus","arr":["86"],"angle":-53}},{"type":"Feature","geometry":{"type":"Point","coordinates":[23.300848,42.728098]},"properties":{"lines":"86, N2","color":"#0059a9","mode":"bus","arr":["86","N2"],"angle":51.4}},{"type":"Feature","geometry":{"type":"Point","coordinates":[23.298425,42.730339]},"properties":{"lines":"86, N2","color":"#0059a9","mode":"bus","arr":["86","N2"],"angle":51.3,"extra":1}},{"type":"Feature","geometry":{"type":"Point","coordinates":[23.309893,42.718706]},"properties":{"lines":"86, 101","color":"#0059a9","mode":"bus","arr":["86","101"],"angle":-84.7}},{"type":"Feature","geometry":{"type":"Point","coordinates":[23.313513,42.709373]},"properties":{"lines":"86, ТБ1, ТБ5, ТБ60","color":"#0059a9","mode":"bus","arr":["86","ТБ1","ТБ5","ТБ60"],"angle":-72.5}},{"type":"Feature","geometry":{"type":"Point","coordinates":[23.312044,42.706141]},"properties":{"lines":"86, ТБ1, ТБ5, ТБ60","color":"#0059a9","mode":"bus","arr":["86","ТБ1","ТБ5","ТБ60"],"angle":-67.2,"extra":1}},{"type":"Feature","geometry":{"type":"Point","coordinates":[23.314618,42.705392]},"properties":{"lines":"86, ТБ6","color":"#0059a9","mode":"bus","arr":["86","ТБ6"],"angle":5.3}},{"type":"Feature","geometry":{"type":"Point","coordinates":[23.342209,42.707876]},"properties":{"lines":"86, 285","color":"#0059a9","mode":"bus","arr":["86","285"],"angle":-36.3}},{"type":"Feature","geometry":{"type":"Point","coordinates":[23.357983,42.714143]},"properties":{"lines":"86, 90","color":"#0059a9","mode":"bus","arr":["86","90"],"angle":-20.8}},{"type":"Feature","geometry":{"type":"Point","coordinates":[23.414277,42.640355]},"properties":{"lines":"88, 204, 304, N4, ТБ4","color":"#0059a9","mode":"bus","arr":["88","204","304","N4","ТБ4"],"angle":-0.4}},{"type":"Feature","geometry":{"type":"Point","coordinates":[23.412284,42.643548]},"properties":{"lines":"88, 187, 188, 204, 304, 404","color":"#0059a9","mode":"bus","arr":["88","187","188","204","304","404"],"angle":84.9}},{"type":"Feature","geometry":{"type":"Point","coordinates":[23.41329,42.648011]},"properties":{"lines":"88, 187, 188, 404","color":"#0059a9","mode":"bus","arr":["88","187","188","404"],"angle":-75.4}},{"type":"Feature","geometry":{"type":"Point","coordinates":[23.414636,42.656114]},"properties":{"lines":"88, 187, 188","color":"#0059a9","mode":"bus","arr":["88","187","188"],"angle":-83.4}},{"type":"Feature","geometry":{"type":"Point","coordinates":[23.413977,42.651857]},"properties":{"lines":"88, 187, 188","color":"#0059a9","mode":"bus","arr":["88","187","188"],"angle":-83.7,"extra":1}},{"type":"Feature","geometry":{"type":"Point","coordinates":[23.415511,42.661685]},"properties":{"lines":"88, 187, 188","color":"#0059a9","mode":"bus","arr":["88","187","188"],"angle":-83.4,"extra":1}},{"type":"Feature","geometry":{"type":"Point","coordinates":[23.379367,42.652014]},"properties":{"lines":"88, 213, 305, N1","color":"#0059a9","mode":"bus","arr":["88","213","305","N1"],"angle":-64.7}},{"type":"Feature","geometry":{"type":"Point","coordinates":[23.37752,42.649164]},"properties":{"lines":"88, 213, 305, N1","color":"#0059a9","mode":"bus","arr":["88","213","305","N1"],"angle":-64.3,"extra":1}},{"type":"Feature","geometry":{"type":"Point","coordinates":[23.358829,42.661916]},"properties":{"lines":"88, N2","color":"#0059a9","mode":"bus","arr":["88","N2"],"angle":75.9}},{"type":"Feature","geometry":{"type":"Point","coordinates":[23.359145,42.657045]},"properties":{"lines":"88, 280, N2, ТБ123","color":"#0059a9","mode":"bus","arr":["88","280","N2","ТБ123"],"angle":88.6}},{"type":"Feature","geometry":{"type":"Point","coordinates":[23.340846,42.666736]},"properties":{"lines":"88, 94, 102","color":"#0059a9","mode":"bus","arr":["88","94","102"],"angle":0.3}},{"type":"Feature","geometry":{"type":"Point","coordinates":[23.345787,42.662049]},"properties":{"lines":"88, 94, 102","color":"#0059a9","mode":"bus","arr":["88","94","102"],"angle":54.4,"extra":1}},{"type":"Feature","geometry":{"type":"Point","coordinates":[23.317041,42.662144]},"properties":{"lines":"88, 120, X9","color":"#0059a9","mode":"bus","arr":["88","120","X9"],"angle":-82.4}},{"type":"Feature","geometry":{"type":"Point","coordinates":[23.355966,42.709286]},"properties":{"lines":"90","color":"#0059a9","mode":"bus","arr":["90"],"angle":54.6}},{"type":"Feature","geometry":{"type":"Point","coordinates":[23.357999,42.706766]},"properties":{"lines":"90","color":"#0059a9","mode":"bus","arr":["90"],"angle":66.7,"extra":1}},{"type":"Feature","geometry":{"type":"Point","coordinates":[23.382487,42.702222]},"properties":{"lines":"90","color":"#0059a9","mode":"bus","arr":["90"],"angle":-14.3}},{"type":"Feature","geometry":{"type":"Point","coordinates":[23.360236,42.699998]},"properties":{"lines":"90","color":"#0059a9","mode":"bus","arr":["90"],"angle":78.3,"extra":1}},{"type":"Feature","geometry":{"type":"Point","coordinates":[23.365875,42.699227]},"properties":{"lines":"90","color":"#0059a9","mode":"bus","arr":["90"],"angle":-13.8,"extra":1}},{"type":"Feature","geometry":{"type":"Point","coordinates":[23.372411,42.700402]},"properties":{"lines":"90","color":"#0059a9","mode":"bus","arr":["90"],"angle":-13.5,"extra":1}},{"type":"Feature","geometry":{"type":"Point","coordinates":[23.392007,42.703956]},"properties":{"lines":"90","color":"#0059a9","mode":"bus","arr":["90"],"angle":-14.3,"extra":1}},{"type":"Feature","geometry":{"type":"Point","coordinates":[23.398535,42.705151]},"properties":{"lines":"90","color":"#0059a9","mode":"bus","arr":["90"],"angle":-13.9,"extra":1}},{"type":"Feature","geometry":{"type":"Point","coordinates":[23.404817,42.706283]},"properties":{"lines":"90","color":"#0059a9","mode":"bus","arr":["90"],"angle":-14.3,"extra":1}},{"type":"Feature","geometry":{"type":"Point","coordinates":[23.506756,42.70655]},"properties":{"lines":"90","color":"#0059a9","mode":"bus","arr":["90"],"angle":5.1}},{"type":"Feature","geometry":{"type":"Point","coordinates":[23.463257,42.706816]},"properties":{"lines":"90","color":"#0059a9","mode":"bus","arr":["90"],"angle":4.8,"extra":1}},{"type":"Feature","geometry":{"type":"Point","coordinates":[23.469797,42.706661]},"properties":{"lines":"90","color":"#0059a9","mode":"bus","arr":["90"],"angle":22.9,"extra":1}},{"type":"Feature","geometry":{"type":"Point","coordinates":[23.476422,42.705997]},"properties":{"lines":"90","color":"#0059a9","mode":"bus","arr":["90"],"angle":4.8,"extra":1}},{"type":"Feature","geometry":{"type":"Point","coordinates":[23.483127,42.705583]},"properties":{"lines":"90","color":"#0059a9","mode":"bus","arr":["90"],"angle":4.1,"extra":1}},{"type":"Feature","geometry":{"type":"Point","coordinates":[23.489766,42.705969]},"properties":{"lines":"90","color":"#0059a9","mode":"bus","arr":["90"],"angle":-16,"extra":1}},{"type":"Feature","geometry":{"type":"Point","coordinates":[23.496259,42.70721]},"properties":{"lines":"90","color":"#0059a9","mode":"bus","arr":["90"],"angle":-1.1,"extra":1}},{"type":"Feature","geometry":{"type":"Point","coordinates":[23.502962,42.706802]},"properties":{"lines":"90","color":"#0059a9","mode":"bus","arr":["90"],"angle":5.3,"extra":1}},{"type":"Feature","geometry":{"type":"Point","coordinates":[23.516368,42.705948]},"properties":{"lines":"90","color":"#0059a9","mode":"bus","arr":["90"],"angle":4.6,"extra":1}},{"type":"Feature","geometry":{"type":"Point","coordinates":[23.520685,42.708873]},"properties":{"lines":"90","color":"#0059a9","mode":"bus","arr":["90"],"angle":-68,"extra":1}},{"type":"Feature","geometry":{"type":"Point","coordinates":[23.523522,42.713334]},"properties":{"lines":"90","color":"#0059a9","mode":"bus","arr":["90"],"angle":-49.1,"extra":1}},{"type":"Feature","geometry":{"type":"Point","coordinates":[23.529041,42.716054]},"properties":{"lines":"90","color":"#0059a9","mode":"bus","arr":["90"],"angle":-26.1,"extra":1}},{"type":"Feature","geometry":{"type":"Point","coordinates":[23.534384,42.718894]},"properties":{"lines":"90","color":"#0059a9","mode":"bus","arr":["90"],"angle":-52.6,"extra":1}},{"type":"Feature","geometry":{"type":"Point","coordinates":[23.539575,42.721916]},"properties":{"lines":"90","color":"#0059a9","mode":"bus","arr":["90"],"angle":-23.5,"extra":1}},{"type":"Feature","geometry":{"type":"Point","coordinates":[23.454992,42.707179]},"properties":{"lines":"90","color":"#0059a9","mode":"bus","arr":["90"],"angle":7.5}},{"type":"Feature","geometry":{"type":"Point","coordinates":[23.544588,42.723252]},"properties":{"lines":"90","color":"#0059a9","mode":"bus","arr":["90"],"angle":27.9}},{"type":"Feature","geometry":{"type":"Point","coordinates":[23.556204,42.726738]},"properties":{"lines":"90","color":"#0059a9","mode":"bus","arr":["90"],"angle":-21.2}},{"type":"Feature","geometry":{"type":"Point","coordinates":[23.555768,42.743771]},"properties":{"lines":"90","color":"#0059a9","mode":"bus","arr":["90"],"angle":-79.9}},{"type":"Feature","geometry":{"type":"Point","coordinates":[23.553717,42.735297]},"properties":{"lines":"90","color":"#0059a9","mode":"bus","arr":["90"],"angle":-79.9,"extra":1}},{"type":"Feature","geometry":{"type":"Point","coordinates":[23.554894,42.740167]},"properties":{"lines":"90","color":"#0059a9","mode":"bus","arr":["90"],"angle":-79.9,"extra":1}},{"type":"Feature","geometry":{"type":"Point","coordinates":[23.557256,42.749906]},"properties":{"lines":"90","color":"#0059a9","mode":"bus","arr":["90"],"angle":-79.9,"extra":1}},{"type":"Feature","geometry":{"type":"Point","coordinates":[23.562637,42.760947]},"properties":{"lines":"90","color":"#0059a9","mode":"bus","arr":["90"],"angle":-54.1}},{"type":"Feature","geometry":{"type":"Point","coordinates":[23.560538,42.757293]},"properties":{"lines":"90","color":"#0059a9","mode":"bus","arr":["90"],"angle":-76.2,"extra":1}},{"type":"Feature","geometry":{"type":"Point","coordinates":[23.568349,42.76474]},"properties":{"lines":"90","color":"#0059a9","mode":"bus","arr":["90"],"angle":-17.5,"extra":1}},{"type":"Feature","geometry":{"type":"Point","coordinates":[23.356064,42.701911]},"properties":{"lines":"90, 120","color":"#0059a9","mode":"bus","arr":["90","120"],"angle":1.1}},{"type":"Feature","geometry":{"type":"Point","coordinates":[23.420833,42.70913]},"properties":{"lines":"90, 119","color":"#0059a9","mode":"bus","arr":["90","119"],"angle":-9.2}},{"type":"Feature","geometry":{"type":"Point","coordinates":[23.414444,42.708005]},"properties":{"lines":"90, 119","color":"#0059a9","mode":"bus","arr":["90","119"],"angle":-13.8,"extra":1}},{"type":"Feature","geometry":{"type":"Point","coordinates":[23.427657,42.70904]},"properties":{"lines":"90, 119","color":"#0059a9","mode":"bus","arr":["90","119"],"angle":18.4,"extra":1}},{"type":"Feature","geometry":{"type":"Point","coordinates":[23.549991,42.72466]},"properties":{"lines":"90, 118","color":"#0059a9","mode":"bus","arr":["90","118"],"angle":-41.5}},{"type":"Feature","geometry":{"type":"Point","coordinates":[23.553843,42.72608]},"properties":{"lines":"90, 118","color":"#0059a9","mode":"bus","arr":["90","118"],"angle":-20.6,"extra":1}},{"type":"Feature","geometry":{"type":"Point","coordinates":[23.558017,42.731483]},"properties":{"lines":"90, 118","color":"#0059a9","mode":"bus","arr":["90","118"],"angle":-79.6}},{"type":"Feature","geometry":{"type":"Point","coordinates":[23.558793,42.754917]},"properties":{"lines":"90, 117","color":"#0059a9","mode":"bus","arr":["90","117"],"angle":-41.3}},{"type":"Feature","geometry":{"type":"Point","coordinates":[23.336205,42.691522]},"properties":{"lines":"94, N1, ТБ3, ТБ4, ТБ5, ТБ11","color":"#0059a9","mode":"bus","arr":["94","N1","ТБ3","ТБ4","ТБ5","ТБ11"],"angle":48.6}},{"type":"Feature","geometry":{"type":"Point","coordinates":[23.321173,42.680844]},"properties":{"lines":"94","color":"#0059a9","mode":"bus","arr":["94"],"angle":81.2}},{"type":"Feature","geometry":{"type":"Point","coordinates":[23.327741,42.678082]},"properties":{"lines":"94, 102, N2","color":"#0059a9","mode":"bus","arr":["94","102","N2"],"angle":4.8}},{"type":"Feature","geometry":{"type":"Point","coordinates":[23.331638,42.677279]},"properties":{"lines":"94, 102, N2","color":"#0059a9","mode":"bus","arr":["94","102","N2"],"angle":24.6,"extra":1}},{"type":"Feature","geometry":{"type":"Point","coordinates":[23.331896,42.669349]},"properties":{"lines":"120, ТБ73","color":"#0059a9","mode":"bus","arr":["120","ТБ73"],"angle":-29.2}},{"type":"Feature","geometry":{"type":"Point","coordinates":[23.328006,42.668105]},"properties":{"lines":"120, ТБ73","color":"#0059a9","mode":"bus","arr":["120","ТБ73"],"angle":-22.8,"extra":1}},{"type":"Feature","geometry":{"type":"Point","coordinates":[23.341908,42.650075]},"properties":{"lines":"94, 280, 294","color":"#0059a9","mode":"bus","arr":["94","280","294"],"angle":-73.5}},{"type":"Feature","geometry":{"type":"Point","coordinates":[23.344139,42.653725]},"properties":{"lines":"94, 280, 294","color":"#0059a9","mode":"bus","arr":["94","280","294"],"angle":3.2,"extra":1}},{"type":"Feature","geometry":{"type":"Point","coordinates":[23.342028,42.644952]},"properties":{"lines":"94, 280, 294","color":"#0059a9","mode":"bus","arr":["94","280","294"],"angle":-85.5,"extra":1}},{"type":"Feature","geometry":{"type":"Point","coordinates":[23.343433,42.642892]},"properties":{"lines":"94, 97, 102, 280, 294","color":"#0059a9","mode":"bus","arr":["94","97","102","280","294"],"angle":5}},{"type":"Feature","geometry":{"type":"Point","coordinates":[23.345205,42.644992]},"properties":{"lines":"94, 95, 102, 280, 294","color":"#0059a9","mode":"bus","arr":["94","95","102","280","294"],"angle":-87.6}},{"type":"Feature","geometry":{"type":"Point","coordinates":[23.346018,42.646713]},"properties":{"lines":"94, 95, 102, 280","color":"#0059a9","mode":"bus","arr":["94","95","102","280"],"angle":37.7}},{"type":"Feature","geometry":{"type":"Point","coordinates":[23.346174,42.646962]},"properties":{"lines":"294","color":"#0059a9","mode":"bus","arr":["294"],"angle":5.3}},{"type":"Feature","geometry":{"type":"Point","coordinates":[23.35183,42.661114]},"properties":{"lines":"294","color":"#0059a9","mode":"bus","arr":["294"],"angle":-27.8}},{"type":"Feature","geometry":{"type":"Point","coordinates":[23.307263,42.656843]},"properties":{"lines":"95","color":"#0059a9","mode":"bus","arr":["95"],"angle":1}},{"type":"Feature","geometry":{"type":"Point","coordinates":[23.302431,42.657826]},"properties":{"lines":"95","color":"#0059a9","mode":"bus","arr":["95"],"angle":35.1,"extra":1}},{"type":"Feature","geometry":{"type":"Point","coordinates":[23.315621,42.65675]},"properties":{"lines":"95","color":"#0059a9","mode":"bus","arr":["95"],"angle":1.3,"extra":1}},{"type":"Feature","geometry":{"type":"Point","coordinates":[23.330831,42.654396]},"properties":{"lines":"95","color":"#0059a9","mode":"bus","arr":["95"],"angle":55.5}},{"type":"Feature","geometry":{"type":"Point","coordinates":[23.319344,42.656678]},"properties":{"lines":"95","color":"#0059a9","mode":"bus","arr":["95"],"angle":1.4,"extra":1}},{"type":"Feature","geometry":{"type":"Point","coordinates":[23.32607,42.656554]},"properties":{"lines":"95","color":"#0059a9","mode":"bus","arr":["95"],"angle":1.4,"extra":1}},{"type":"Feature","geometry":{"type":"Point","coordinates":[23.332174,42.650223]},"properties":{"lines":"95","color":"#0059a9","mode":"bus","arr":["95"],"angle":-61.1,"extra":1}},{"type":"Feature","geometry":{"type":"Point","coordinates":[23.332042,42.645997]},"properties":{"lines":"95","color":"#0059a9","mode":"bus","arr":["95"],"angle":-86.7,"extra":1}},{"type":"Feature","geometry":{"type":"Point","coordinates":[23.297698,42.65594]},"properties":{"lines":"95, ТБ801","color":"#0059a9","mode":"bus","arr":["95","ТБ801"],"angle":-78.5}},{"type":"Feature","geometry":{"type":"Point","coordinates":[23.29972,42.659276]},"properties":{"lines":"95, ТБ801","color":"#0059a9","mode":"bus","arr":["95","ТБ801"],"angle":-66,"extra":1}},{"type":"Feature","geometry":{"type":"Point","coordinates":[23.341442,42.637385]},"properties":{"lines":"95, 97","color":"#0059a9","mode":"bus","arr":["95","97"],"angle":-61.5}},{"type":"Feature","geometry":{"type":"Point","coordinates":[23.337437,42.637233]},"properties":{"lines":"95, 97","color":"#0059a9","mode":"bus","arr":["95","97"],"angle":4.3,"extra":1}},{"type":"Feature","geometry":{"type":"Point","coordinates":[23.338079,42.643194]},"properties":{"lines":"97, 102","color":"#0059a9","mode":"bus","arr":["97","102"],"angle":3.7}},{"type":"Feature","geometry":{"type":"Point","coordinates":[23.334316,42.638202]},"properties":{"lines":"97","color":"#0059a9","mode":"bus","arr":["97"],"angle":-84.8}},{"type":"Feature","geometry":{"type":"Point","coordinates":[23.36846,42.710633]},"properties":{"lines":"100","color":"#0059a9","mode":"bus","arr":["100"],"angle":75.2}},{"type":"Feature","geometry":{"type":"Point","coordinates":[23.34691,42.711142]},"properties":{"lines":"100","color":"#0059a9","mode":"bus","arr":["100"],"angle":17}},{"type":"Feature","geometry":{"type":"Point","coordinates":[23.328673,42.723094]},"properties":{"lines":"100","color":"#0059a9","mode":"bus","arr":["100"],"angle":34.3}},{"type":"Feature","geometry":{"type":"Point","coordinates":[23.336121,42.719156]},"properties":{"lines":"100","color":"#0059a9","mode":"bus","arr":["100"],"angle":35.3,"extra":1}},{"type":"Feature","geometry":{"type":"Point","coordinates":[23.324842,42.72438]},"properties":{"lines":"100","color":"#0059a9","mode":"bus","arr":["100"],"angle":12,"extra":1}},{"type":"Feature","geometry":{"type":"Point","coordinates":[23.318197,42.725081]},"properties":{"lines":"100","color":"#0059a9","mode":"bus","arr":["100"],"angle":4.6,"extra":1}},{"type":"Feature","geometry":{"type":"Point","coordinates":[23.329597,42.736436]},"properties":{"lines":"100","color":"#0059a9","mode":"bus","arr":["100"],"angle":-67.2}},{"type":"Feature","geometry":{"type":"Point","coordinates":[23.335873,42.737932]},"properties":{"lines":"100","color":"#0059a9","mode":"bus","arr":["100"],"angle":25.8}},{"type":"Feature","geometry":{"type":"Point","coordinates":[23.331198,42.740082]},"properties":{"lines":"100","color":"#0059a9","mode":"bus","arr":["100"],"angle":48.4,"extra":1}},{"type":"Feature","geometry":{"type":"Point","coordinates":[23.342534,42.738095]},"properties":{"lines":"100","color":"#0059a9","mode":"bus","arr":["100"],"angle":6.1,"extra":1}},{"type":"Feature","geometry":{"type":"Point","coordinates":[23.348081,42.74524]},"properties":{"lines":"100","color":"#0059a9","mode":"bus","arr":["100"],"angle":-52.8}},{"type":"Feature","geometry":{"type":"Point","coordinates":[23.352087,42.704506]},"properties":{"lines":"100, ТБ4","color":"#0059a9","mode":"bus","arr":["100","ТБ4"],"angle":49.2}},{"type":"Feature","geometry":{"type":"Point","coordinates":[23.350385,42.709393]},"properties":{"lines":"100, ТБ4","color":"#0059a9","mode":"bus","arr":["100","ТБ4"],"angle":85.2}},{"type":"Feature","geometry":{"type":"Point","coordinates":[23.327874,42.740302]},"properties":{"lines":"100, 101","color":"#0059a9","mode":"bus","arr":["100","101"],"angle":-60.7}},{"type":"Feature","geometry":{"type":"Point","coordinates":[23.327033,42.746839]},"properties":{"lines":"101","color":"#0059a9","mode":"bus","arr":["101"],"angle":25.9}},{"type":"Feature","geometry":{"type":"Point","coordinates":[23.328659,42.750833]},"properties":{"lines":"101","color":"#0059a9","mode":"bus","arr":["101"],"angle":-73.9,"extra":1}},{"type":"Feature","geometry":{"type":"Point","coordinates":[23.329399,42.743292]},"properties":{"lines":"101","color":"#0059a9","mode":"bus","arr":["101"],"angle":-74.2,"extra":1}},{"type":"Feature","geometry":{"type":"Point","coordinates":[23.322752,42.733644]},"properties":{"lines":"101","color":"#0059a9","mode":"bus","arr":["101"],"angle":-60.4}},{"type":"Feature","geometry":{"type":"Point","coordinates":[23.312941,42.720841]},"properties":{"lines":"101","color":"#0059a9","mode":"bus","arr":["101"],"angle":-59.1}},{"type":"Feature","geometry":{"type":"Point","coordinates":[23.310263,42.72021]},"properties":{"lines":"101","color":"#0059a9","mode":"bus","arr":["101"],"angle":-86.1}},{"type":"Feature","geometry":{"type":"Point","coordinates":[23.269755,42.687532]},"properties":{"lines":"102","color":"#0059a9","mode":"bus","arr":["102"],"angle":28.2}},{"type":"Feature","geometry":{"type":"Point","coordinates":[23.273648,42.686555]},"properties":{"lines":"102","color":"#0059a9","mode":"bus","arr":["102"],"angle":41.8,"extra":1}},{"type":"Feature","geometry":{"type":"Point","coordinates":[23.2782,42.682955]},"properties":{"lines":"102","color":"#0059a9","mode":"bus","arr":["102"],"angle":44.8}},{"type":"Feature","geometry":{"type":"Point","coordinates":[23.281727,42.680394]},"properties":{"lines":"102","color":"#0059a9","mode":"bus","arr":["102"],"angle":31.5,"extra":1}},{"type":"Feature","geometry":{"type":"Point","coordinates":[23.285308,42.678317]},"properties":{"lines":"102","color":"#0059a9","mode":"bus","arr":["102"],"angle":43.9}},{"type":"Feature","geometry":{"type":"Point","coordinates":[23.309385,42.674651]},"properties":{"lines":"102, ТБ7","color":"#0059a9","mode":"bus","arr":["102","ТБ7"],"angle":19.5}},{"type":"Feature","geometry":{"type":"Point","coordinates":[23.313585,42.67468]},"properties":{"lines":"102, ТБ7","color":"#0059a9","mode":"bus","arr":["102","ТБ7"],"angle":-35.6,"extra":1}},{"type":"Feature","geometry":{"type":"Point","coordinates":[23.318133,42.677054]},"properties":{"lines":"102, X9","color":"#0059a9","mode":"bus","arr":["102","X9"],"angle":-35.3}},{"type":"Feature","geometry":{"type":"Point","coordinates":[23.239681,42.676107]},"properties":{"lines":"103","color":"#0059a9","mode":"bus","arr":["103"],"angle":35.4}},{"type":"Feature","geometry":{"type":"Point","coordinates":[23.206125,42.659484]},"properties":{"lines":"103","color":"#0059a9","mode":"bus","arr":["103"],"angle":-24.6}},{"type":"Feature","geometry":{"type":"Point","coordinates":[23.219581,42.668562]},"properties":{"lines":"103","color":"#0059a9","mode":"bus","arr":["103"],"angle":-76,"extra":1}},{"type":"Feature","geometry":{"type":"Point","coordinates":[23.215063,42.665112]},"properties":{"lines":"103","color":"#0059a9","mode":"bus","arr":["103"],"angle":-28.5,"extra":1}},{"type":"Feature","geometry":{"type":"Point","coordinates":[23.210799,42.661467]},"properties":{"lines":"103","color":"#0059a9","mode":"bus","arr":["103"],"angle":-51.8,"extra":1}},{"type":"Feature","geometry":{"type":"Point","coordinates":[23.202908,42.65709]},"properties":{"lines":"103","color":"#0059a9","mode":"bus","arr":["103"],"angle":-48.5,"extra":1}},{"type":"Feature","geometry":{"type":"Point","coordinates":[23.199427,42.653032]},"properties":{"lines":"103","color":"#0059a9","mode":"bus","arr":["103"],"angle":-8.4,"extra":1}},{"type":"Feature","geometry":{"type":"Point","coordinates":[23.193077,42.652328]},"properties":{"lines":"103","color":"#0059a9","mode":"bus","arr":["103"],"angle":-13.9,"extra":1}},{"type":"Feature","geometry":{"type":"Point","coordinates":[23.268653,42.675526]},"properties":{"lines":"103, ТБ73","color":"#0059a9","mode":"bus","arr":["103","ТБ73"],"angle":77.5}},{"type":"Feature","geometry":{"type":"Point","coordinates":[23.266092,42.67639]},"properties":{"lines":"103, ТБ60, ТБ73","color":"#0059a9","mode":"bus","arr":["103","ТБ60","ТБ73"],"angle":-43.5}},{"type":"Feature","geometry":{"type":"Point","coordinates":[23.262737,42.673254]},"properties":{"lines":"103, ТБ60","color":"#0059a9","mode":"bus","arr":["103","ТБ60"],"angle":-52.6}},{"type":"Feature","geometry":{"type":"Point","coordinates":[23.257769,42.670382]},"properties":{"lines":"103, 107, ТБ60","color":"#0059a9","mode":"bus","arr":["103","107","ТБ60"],"angle":-33.3}},{"type":"Feature","geometry":{"type":"Point","coordinates":[23.244219,42.667326]},"properties":{"lines":"103, 107","color":"#0059a9","mode":"bus","arr":["103","107"],"angle":-80.7}},{"type":"Feature","geometry":{"type":"Point","coordinates":[23.24341,42.663096]},"properties":{"lines":"103, 107, 804","color":"#0059a9","mode":"bus","arr":["103","107","804"],"angle":89.7}},{"type":"Feature","geometry":{"type":"Point","coordinates":[23.242805,42.670147]},"properties":{"lines":"103, 804","color":"#0059a9","mode":"bus","arr":["103","804"],"angle":0.5}},{"type":"Feature","geometry":{"type":"Point","coordinates":[23.241329,42.671498]},"properties":{"lines":"103, 260, 804","color":"#0059a9","mode":"bus","arr":["103","260","804"],"angle":14.5}},{"type":"Feature","geometry":{"type":"Point","coordinates":[23.240385,42.672809]},"properties":{"lines":"103, 260, 804, 806","color":"#0059a9","mode":"bus","arr":["103","260","804","806"],"angle":86}},{"type":"Feature","geometry":{"type":"Point","coordinates":[23.240623,42.675849]},"properties":{"lines":"103, 260, 803, 804, 806","color":"#0059a9","mode":"bus","arr":["103","260","803","804","806"],"angle":-81.5}},{"type":"Feature","geometry":{"type":"Point","coordinates":[23.240825,42.67893]},"properties":{"lines":"103, 803, 804, 806","color":"#0059a9","mode":"bus","arr":["103","803","804","806"],"angle":86}},{"type":"Feature","geometry":{"type":"Point","coordinates":[23.239488,42.679875]},"properties":{"lines":"103, 802, 806","color":"#0059a9","mode":"bus","arr":["103","802","806"],"angle":-15.5}},{"type":"Feature","geometry":{"type":"Point","coordinates":[23.238411,42.67855]},"properties":{"lines":"103, 806","color":"#0059a9","mode":"bus","arr":["103","806"],"angle":-70.8}},{"type":"Feature","geometry":{"type":"Point","coordinates":[23.238202,42.676888]},"properties":{"lines":"103, 802","color":"#0059a9","mode":"bus","arr":["103","802"],"angle":36}},{"type":"Feature","geometry":{"type":"Point","coordinates":[23.235963,42.675068]},"properties":{"lines":"103, 803","color":"#0059a9","mode":"bus","arr":["103","803"],"angle":27}},{"type":"Feature","geometry":{"type":"Point","coordinates":[23.222856,42.674377]},"properties":{"lines":"103, 803","color":"#0059a9","mode":"bus","arr":["103","803"],"angle":1.4}},{"type":"Feature","geometry":{"type":"Point","coordinates":[23.230496,42.675792]},"properties":{"lines":"103, 260, 803, 806","color":"#0059a9","mode":"bus","arr":["103","260","803","806"],"angle":-6.3}},{"type":"Feature","geometry":{"type":"Point","coordinates":[23.229409,42.675849]},"properties":{"lines":"103, 260, 803","color":"#0059a9","mode":"bus","arr":["103","260","803"],"angle":6.9}},{"type":"Feature","geometry":{"type":"Point","coordinates":[23.265897,42.668214]},"properties":{"lines":"107","color":"#0059a9","mode":"bus","arr":["107"],"angle":-35.4}},{"type":"Feature","geometry":{"type":"Point","coordinates":[23.269152,42.670061]},"properties":{"lines":"107","color":"#0059a9","mode":"bus","arr":["107"],"angle":-38.1,"extra":1}},{"type":"Feature","geometry":{"type":"Point","coordinates":[23.242905,42.668653]},"properties":{"lines":"107, 804","color":"#0059a9","mode":"bus","arr":["107","804"],"angle":-23.4}},{"type":"Feature","geometry":{"type":"Point","coordinates":[23.256743,42.721559]},"properties":{"lines":"108, N1","color":"#0059a9","mode":"bus","arr":["108","N1"],"angle":-53.8}},{"type":"Feature","geometry":{"type":"Point","coordinates":[23.281031,42.716373]},"properties":{"lines":"108, ТБ6, ТБ7","color":"#0059a9","mode":"bus","arr":["108","ТБ6","ТБ7"],"angle":35.4}},{"type":"Feature","geometry":{"type":"Point","coordinates":[23.250998,42.67238]},"properties":{"lines":"111, 260","color":"#0059a9","mode":"bus","arr":["111","260"],"angle":54.3}},{"type":"Feature","geometry":{"type":"Point","coordinates":[23.278191,42.655351]},"properties":{"lines":"111, 304","color":"#0059a9","mode":"bus","arr":["111","304"],"angle":26}},{"type":"Feature","geometry":{"type":"Point","coordinates":[23.325495,42.636252]},"properties":{"lines":"111, X9","color":"#0059a9","mode":"bus","arr":["111","X9"],"angle":28.9}},{"type":"Feature","geometry":{"type":"Point","coordinates":[23.31565,42.640177]},"properties":{"lines":"111, X9","color":"#0059a9","mode":"bus","arr":["111","X9"],"angle":28.4,"extra":1}},{"type":"Feature","geometry":{"type":"Point","coordinates":[23.321574,42.637846]},"properties":{"lines":"111, X9","color":"#0059a9","mode":"bus","arr":["111","X9"],"angle":29,"extra":1}},{"type":"Feature","geometry":{"type":"Point","coordinates":[23.333281,42.63298]},"properties":{"lines":"111, X9","color":"#0059a9","mode":"bus","arr":["111","X9"],"angle":29.1,"extra":1}},{"type":"Feature","geometry":{"type":"Point","coordinates":[23.351814,42.625468]},"properties":{"lines":"111, X9","color":"#0059a9","mode":"bus","arr":["111","X9"],"angle":26.2}},{"type":"Feature","geometry":{"type":"Point","coordinates":[23.355495,42.624496]},"properties":{"lines":"111, X9","color":"#0059a9","mode":"bus","arr":["111","X9"],"angle":14.2,"extra":1}},{"type":"Feature","geometry":{"type":"Point","coordinates":[23.364099,42.623654]},"properties":{"lines":"111, X9","color":"#0059a9","mode":"bus","arr":["111","X9"],"angle":1.7}},{"type":"Feature","geometry":{"type":"Point","coordinates":[23.368015,42.623229]},"properties":{"lines":"111, X9","color":"#0059a9","mode":"bus","arr":["111","X9"],"angle":4.4,"extra":1}},{"type":"Feature","geometry":{"type":"Point","coordinates":[23.373091,42.623093]},"properties":{"lines":"111, 314, X9","color":"#0059a9","mode":"bus","arr":["111","314","X9"],"angle":3}},{"type":"Feature","geometry":{"type":"Point","coordinates":[23.375757,42.623479]},"properties":{"lines":"111, 314, X9","color":"#0059a9","mode":"bus","arr":["111","314","X9"],"angle":49.1}},{"type":"Feature","geometry":{"type":"Point","coordinates":[23.373692,42.626033]},"properties":{"lines":"111, 180, 182, 314, X9","color":"#0059a9","mode":"bus","arr":["111","180","182","314","X9"],"angle":74.9}},{"type":"Feature","geometry":{"type":"Point","coordinates":[23.375062,42.651881]},"properties":{"lines":"111, 314","color":"#0059a9","mode":"bus","arr":["111","314"],"angle":43.9}},{"type":"Feature","geometry":{"type":"Point","coordinates":[23.368685,42.654401]},"properties":{"lines":"111, 314, ТБ73","color":"#0059a9","mode":"bus","arr":["111","314","ТБ73"],"angle":-34.2}},{"type":"Feature","geometry":{"type":"Point","coordinates":[23.56292,42.761619]},"properties":{"lines":"117","color":"#0059a9","mode":"bus","arr":["117"],"angle":-52.9}},{"type":"Feature","geometry":{"type":"Point","coordinates":[23.567187,42.76492]},"properties":{"lines":"117","color":"#0059a9","mode":"bus","arr":["117"],"angle":-18.6,"extra":1}},{"type":"Feature","geometry":{"type":"Point","coordinates":[23.560028,42.756898]},"properties":{"lines":"117","color":"#0059a9","mode":"bus","arr":["117"],"angle":-71.6,"extra":1}},{"type":"Feature","geometry":{"type":"Point","coordinates":[23.50424,42.785063]},"properties":{"lines":"117","color":"#0059a9","mode":"bus","arr":["117"],"angle":25.4}},{"type":"Feature","geometry":{"type":"Point","coordinates":[23.556425,42.75667]},"properties":{"lines":"117","color":"#0059a9","mode":"bus","arr":["117"],"angle":52.9,"extra":1}},{"type":"Feature","geometry":{"type":"Point","coordinates":[23.552087,42.760448]},"properties":{"lines":"117","color":"#0059a9","mode":"bus","arr":["117"],"angle":48.8,"extra":1}},{"type":"Feature","geometry":{"type":"Point","coordinates":[23.547262,42.76388]},"properties":{"lines":"117","color":"#0059a9","mode":"bus","arr":["117"],"angle":46.4,"extra":1}},{"type":"Feature","geometry":{"type":"Point","coordinates":[23.542825,42.767584]},"properties":{"lines":"117","color":"#0059a9","mode":"bus","arr":["117"],"angle":43.7,"extra":1}},{"type":"Feature","geometry":{"type":"Point","coordinates":[23.537763,42.770833]},"properties":{"lines":"117","color":"#0059a9","mode":"bus","arr":["117"],"angle":34.7,"extra":1}},{"type":"Feature","geometry":{"type":"Point","coordinates":[23.532233,42.77365]},"properties":{"lines":"117","color":"#0059a9","mode":"bus","arr":["117"],"angle":34.6,"extra":1}},{"type":"Feature","geometry":{"type":"Point","coordinates":[23.526679,42.776441]},"properties":{"lines":"117","color":"#0059a9","mode":"bus","arr":["117"],"angle":32.9,"extra":1}},{"type":"Feature","geometry":{"type":"Point","coordinates":[23.520739,42.778759]},"properties":{"lines":"117","color":"#0059a9","mode":"bus","arr":["117"],"angle":26.9,"extra":1}},{"type":"Feature","geometry":{"type":"Point","coordinates":[23.518548,42.782613]},"properties":{"lines":"117","color":"#0059a9","mode":"bus","arr":["117"],"angle":-67.9,"extra":1}},{"type":"Feature","geometry":{"type":"Point","coordinates":[23.52169,42.786939]},"properties":{"lines":"117","color":"#0059a9","mode":"bus","arr":["117"],"angle":-54.8,"extra":1}},{"type":"Feature","geometry":{"type":"Point","coordinates":[23.515689,42.780607]},"properties":{"lines":"117","color":"#0059a9","mode":"bus","arr":["117"],"angle":-41.6,"extra":1}},{"type":"Feature","geometry":{"type":"Point","coordinates":[23.509268,42.7805]},"properties":{"lines":"117","color":"#0059a9","mode":"bus","arr":["117"],"angle":15.2,"extra":1}},{"type":"Feature","geometry":{"type":"Point","coordinates":[23.498359,42.781935]},"properties":{"lines":"117","color":"#0059a9","mode":"bus","arr":["117"],"angle":-66.7,"extra":1}},{"type":"Feature","geometry":{"type":"Point","coordinates":[23.495673,42.777465]},"properties":{"lines":"117","color":"#0059a9","mode":"bus","arr":["117"],"angle":-79.2,"extra":1}},{"type":"Feature","geometry":{"type":"Point","coordinates":[23.495958,42.772843]},"properties":{"lines":"117","color":"#0059a9","mode":"bus","arr":["117"],"angle":53.3,"extra":1}},{"type":"Feature","geometry":{"type":"Point","coordinates":[23.495316,42.769115]},"properties":{"lines":"117","color":"#0059a9","mode":"bus","arr":["117"],"angle":-37.5,"extra":1}},{"type":"Feature","geometry":{"type":"Point","coordinates":[23.491123,42.765376]},"properties":{"lines":"117","color":"#0059a9","mode":"bus","arr":["117"],"angle":-62.7,"extra":1}},{"type":"Feature","geometry":{"type":"Point","coordinates":[23.488019,42.760987]},"properties":{"lines":"117","color":"#0059a9","mode":"bus","arr":["117"],"angle":-61.5,"extra":1}},{"type":"Feature","geometry":{"type":"Point","coordinates":[23.488352,42.757139]},"properties":{"lines":"117","color":"#0059a9","mode":"bus","arr":["117"],"angle":40.2,"extra":1}},{"type":"Feature","geometry":{"type":"Point","coordinates":[23.493489,42.753945]},"properties":{"lines":"117","color":"#0059a9","mode":"bus","arr":["117"],"angle":40.3,"extra":1}},{"type":"Feature","geometry":{"type":"Point","coordinates":[23.498659,42.750786]},"properties":{"lines":"117","color":"#0059a9","mode":"bus","arr":["117"],"angle":19.8,"extra":1}},{"type":"Feature","geometry":{"type":"Point","coordinates":[23.503498,42.752458]},"properties":{"lines":"117","color":"#0059a9","mode":"bus","arr":["117"],"angle":40.3,"extra":1}},{"type":"Feature","geometry":{"type":"Point","coordinates":[23.508634,42.749262]},"properties":{"lines":"117","color":"#0059a9","mode":"bus","arr":["117"],"angle":40.3,"extra":1}},{"type":"Feature","geometry":{"type":"Point","coordinates":[23.506623,42.745491]},"properties":{"lines":"117","color":"#0059a9","mode":"bus","arr":["117"],"angle":-72.9,"extra":1}},{"type":"Feature","geometry":{"type":"Point","coordinates":[23.504968,42.740697]},"properties":{"lines":"117","color":"#0059a9","mode":"bus","arr":["117"],"angle":-75.7,"extra":1}},{"type":"Feature","geometry":{"type":"Point","coordinates":[23.463692,42.731033]},"properties":{"lines":"117, 118","color":"#0059a9","mode":"bus","arr":["117","118"],"angle":-41.5}},{"type":"Feature","geometry":{"type":"Point","coordinates":[23.500623,42.737644]},"properties":{"lines":"117, 118","color":"#0059a9","mode":"bus","arr":["117","118"],"angle":-17.6,"extra":1}},{"type":"Feature","geometry":{"type":"Point","coordinates":[23.494208,42.736152]},"properties":{"lines":"117, 118","color":"#0059a9","mode":"bus","arr":["117","118"],"angle":-17.6,"extra":1}},{"type":"Feature","geometry":{"type":"Point","coordinates":[23.487567,42.736128]},"properties":{"lines":"117, 118","color":"#0059a9","mode":"bus","arr":["117","118"],"angle":6.6,"extra":1}},{"type":"Feature","geometry":{"type":"Point","coordinates":[23.480882,42.736684]},"properties":{"lines":"117, 118","color":"#0059a9","mode":"bus","arr":["117","118"],"angle":6.4,"extra":1}},{"type":"Feature","geometry":{"type":"Point","coordinates":[23.474196,42.737237]},"properties":{"lines":"117, 118","color":"#0059a9","mode":"bus","arr":["117","118"],"angle":6.4,"extra":1}},{"type":"Feature","geometry":{"type":"Point","coordinates":[23.468161,42.736197]},"properties":{"lines":"117, 118","color":"#0059a9","mode":"bus","arr":["117","118"],"angle":-58,"extra":1}},{"type":"Feature","geometry":{"type":"Point","coordinates":[23.45937,42.729014]},"properties":{"lines":"117, 118","color":"#0059a9","mode":"bus","arr":["117","118"],"angle":-32.6,"extra":1}},{"type":"Feature","geometry":{"type":"Point","coordinates":[23.45417,42.72588]},"properties":{"lines":"117, 118","color":"#0059a9","mode":"bus","arr":["117","118"],"angle":-40.1,"extra":1}},{"type":"Feature","geometry":{"type":"Point","coordinates":[23.449023,42.722695]},"properties":{"lines":"117, 118","color":"#0059a9","mode":"bus","arr":["117","118"],"angle":-40.1,"extra":1}},{"type":"Feature","geometry":{"type":"Point","coordinates":[23.443896,42.719493]},"properties":{"lines":"117, 118","color":"#0059a9","mode":"bus","arr":["117","118"],"angle":-40.3,"extra":1}},{"type":"Feature","geometry":{"type":"Point","coordinates":[23.43878,42.716281]},"properties":{"lines":"117, 118","color":"#0059a9","mode":"bus","arr":["117","118"],"angle":-39.5,"extra":1}},{"type":"Feature","geometry":{"type":"Point","coordinates":[23.43376,42.713036]},"properties":{"lines":"117, 118","color":"#0059a9","mode":"bus","arr":["117","118"],"angle":-61.6,"extra":1}},{"type":"Feature","geometry":{"type":"Point","coordinates":[23.411382,42.707775]},"properties":{"lines":"117, 118","color":"#0059a9","mode":"bus","arr":["117","118"],"angle":-13.9}},{"type":"Feature","geometry":{"type":"Point","coordinates":[23.418449,42.709055]},"properties":{"lines":"117, 118","color":"#0059a9","mode":"bus","arr":["117","118"],"angle":-13.7,"extra":1}},{"type":"Feature","geometry":{"type":"Point","coordinates":[23.405385,42.706687]},"properties":{"lines":"117, 118","color":"#0059a9","mode":"bus","arr":["117","118"],"angle":-13.9,"extra":1}},{"type":"Feature","geometry":{"type":"Point","coordinates":[23.589235,42.730538]},"properties":{"lines":"118","color":"#0059a9","mode":"bus","arr":["118"],"angle":-4.3}},{"type":"Feature","geometry":{"type":"Point","coordinates":[23.606745,42.742203]},"properties":{"lines":"118","color":"#0059a9","mode":"bus","arr":["118"],"angle":85.3,"extra":1}},{"type":"Feature","geometry":{"type":"Point","coordinates":[23.607229,42.73727]},"properties":{"lines":"118","color":"#0059a9","mode":"bus","arr":["118"],"angle":85.4,"extra":1}},{"type":"Feature","geometry":{"type":"Point","coordinates":[23.604793,42.733248]},"properties":{"lines":"118","color":"#0059a9","mode":"bus","arr":["118"],"angle":-8.8,"extra":1}},{"type":"Feature","geometry":{"type":"Point","coordinates":[23.598974,42.73125]},"properties":{"lines":"118","color":"#0059a9","mode":"bus","arr":["118"],"angle":-7.9,"extra":1}},{"type":"Feature","geometry":{"type":"Point","coordinates":[23.578888,42.730404]},"properties":{"lines":"118","color":"#0059a9","mode":"bus","arr":["118"],"angle":10.1,"extra":1}},{"type":"Feature","geometry":{"type":"Point","coordinates":[23.572258,42.731209]},"properties":{"lines":"118","color":"#0059a9","mode":"bus","arr":["118"],"angle":-1.3,"extra":1}},{"type":"Feature","geometry":{"type":"Point","coordinates":[23.56588,42.729879]},"properties":{"lines":"118","color":"#0059a9","mode":"bus","arr":["118"],"angle":-22.5,"extra":1}},{"type":"Feature","geometry":{"type":"Point","coordinates":[23.559838,42.727796]},"properties":{"lines":"118","color":"#0059a9","mode":"bus","arr":["118"],"angle":-29.6,"extra":1}},{"type":"Feature","geometry":{"type":"Point","coordinates":[23.553672,42.729544]},"properties":{"lines":"118","color":"#0059a9","mode":"bus","arr":["118"],"angle":65}},{"type":"Feature","geometry":{"type":"Point","coordinates":[23.532329,42.718702]},"properties":{"lines":"118","color":"#0059a9","mode":"bus","arr":["118"],"angle":-15.8}},{"type":"Feature","geometry":{"type":"Point","coordinates":[23.54033,42.722271]},"properties":{"lines":"118","color":"#0059a9","mode":"bus","arr":["118"],"angle":-21.2,"extra":1}},{"type":"Feature","geometry":{"type":"Point","coordinates":[23.531159,42.722872]},"properties":{"lines":"118","color":"#0059a9","mode":"bus","arr":["118"],"angle":-71.3,"extra":1}},{"type":"Feature","geometry":{"type":"Point","coordinates":[23.520085,42.733077]},"properties":{"lines":"118","color":"#0059a9","mode":"bus","arr":["118"],"angle":47.6}},{"type":"Feature","geometry":{"type":"Point","coordinates":[23.529527,42.724741]},"properties":{"lines":"118","color":"#0059a9","mode":"bus","arr":["118"],"angle":-6,"extra":1}},{"type":"Feature","geometry":{"type":"Point","coordinates":[23.525984,42.728331]},"properties":{"lines":"118","color":"#0059a9","mode":"bus","arr":["118"],"angle":47.6,"extra":1}},{"type":"Feature","geometry":{"type":"Point","coordinates":[23.518113,42.735639]},"properties":{"lines":"118","color":"#0059a9","mode":"bus","arr":["118"],"angle":-51.9,"extra":1}},{"type":"Feature","geometry":{"type":"Point","coordinates":[23.515134,42.739086]},"properties":{"lines":"118","color":"#0059a9","mode":"bus","arr":["118"],"angle":37.7,"extra":1}},{"type":"Feature","geometry":{"type":"Point","coordinates":[23.509472,42.738759]},"properties":{"lines":"118","color":"#0059a9","mode":"bus","arr":["118"],"angle":-9.1,"extra":1}},{"type":"Feature","geometry":{"type":"Point","coordinates":[23.506302,42.738639]},"properties":{"lines":"118, 119","color":"#0059a9","mode":"bus","arr":["118","119"],"angle":-2.8}},{"type":"Feature","geometry":{"type":"Point","coordinates":[23.328017,42.657121]},"properties":{"lines":"120","color":"#0059a9","mode":"bus","arr":["120"],"angle":-89.8}},{"type":"Feature","geometry":{"type":"Point","coordinates":[23.322035,42.666257]},"properties":{"lines":"120","color":"#0059a9","mode":"bus","arr":["120"],"angle":-22.9}},{"type":"Feature","geometry":{"type":"Point","coordinates":[23.351369,42.691263]},"properties":{"lines":"120","color":"#0059a9","mode":"bus","arr":["120"],"angle":87.6}},{"type":"Feature","geometry":{"type":"Point","coordinates":[23.340062,42.675966]},"properties":{"lines":"120","color":"#0059a9","mode":"bus","arr":["120"],"angle":-49.5,"extra":1}},{"type":"Feature","geometry":{"type":"Point","coordinates":[23.348164,42.683838]},"properties":{"lines":"120","color":"#0059a9","mode":"bus","arr":["120"],"angle":-46.8,"extra":1}},{"type":"Feature","geometry":{"type":"Point","coordinates":[23.351807,42.687557]},"properties":{"lines":"120","color":"#0059a9","mode":"bus","arr":["120"],"angle":75.1,"extra":1}},{"type":"Feature","geometry":{"type":"Point","coordinates":[23.351901,42.697416]},"properties":{"lines":"120","color":"#0059a9","mode":"bus","arr":["120"],"angle":-85,"extra":1}},{"type":"Feature","geometry":{"type":"Point","coordinates":[23.350609,42.701922]},"properties":{"lines":"120","color":"#0059a9","mode":"bus","arr":["120"],"angle":-86,"extra":1}},{"type":"Feature","geometry":{"type":"Point","coordinates":[23.32201,42.656776]},"properties":{"lines":"120, ТБ288","color":"#0059a9","mode":"bus","arr":["120","ТБ288"],"angle":1.4}},{"type":"Feature","geometry":{"type":"Point","coordinates":[23.317923,42.656847]},"properties":{"lines":"120, ТБ288","color":"#0059a9","mode":"bus","arr":["120","ТБ288"],"angle":1.4,"extra":1}},{"type":"Feature","geometry":{"type":"Point","coordinates":[23.352096,42.702458]},"properties":{"lines":"120, N3, ТБ1, ТБ3, ТБ4","color":"#0059a9","mode":"bus","arr":["120","N3","ТБ1","ТБ3","ТБ4"],"angle":-31.8}},{"type":"Feature","geometry":{"type":"Point","coordinates":[23.372127,42.706536]},"properties":{"lines":"120, N3","color":"#0059a9","mode":"bus","arr":["120","N3"],"angle":-24.7}},{"type":"Feature","geometry":{"type":"Point","coordinates":[23.362998,42.702841]},"properties":{"lines":"120, N3","color":"#0059a9","mode":"bus","arr":["120","N3"],"angle":-13.9,"extra":1}},{"type":"Feature","geometry":{"type":"Point","coordinates":[23.368835,42.705224]},"properties":{"lines":"120, N3","color":"#0059a9","mode":"bus","arr":["120","N3"],"angle":-29.2,"extra":1}},{"type":"Feature","geometry":{"type":"Point","coordinates":[23.381747,42.706954]},"properties":{"lines":"120, N3","color":"#0059a9","mode":"bus","arr":["120","N3"],"angle":15.7,"extra":1}},{"type":"Feature","geometry":{"type":"Point","coordinates":[23.24523,42.774015]},"properties":{"lines":"150","color":"#0059a9","mode":"bus","arr":["150"],"angle":3}},{"type":"Feature","geometry":{"type":"Point","coordinates":[23.246001,42.755474]},"properties":{"lines":"150","color":"#0059a9","mode":"bus","arr":["150"],"angle":45,"extra":1}},{"type":"Feature","geometry":{"type":"Point","coordinates":[23.244208,42.75995]},"properties":{"lines":"150","color":"#0059a9","mode":"bus","arr":["150"],"angle":86.9,"extra":1}},{"type":"Feature","geometry":{"type":"Point","coordinates":[23.243786,42.764886]},"properties":{"lines":"150","color":"#0059a9","mode":"bus","arr":["150"],"angle":86.6,"extra":1}},{"type":"Feature","geometry":{"type":"Point","coordinates":[23.242509,42.769504]},"properties":{"lines":"150","color":"#0059a9","mode":"bus","arr":["150"],"angle":46.5,"extra":1}},{"type":"Feature","geometry":{"type":"Point","coordinates":[23.249626,42.77482]},"properties":{"lines":"150","color":"#0059a9","mode":"bus","arr":["150"],"angle":-23.8,"extra":1}},{"type":"Feature","geometry":{"type":"Point","coordinates":[23.253988,42.772374]},"properties":{"lines":"150","color":"#0059a9","mode":"bus","arr":["150"],"angle":55.3,"extra":1}},{"type":"Feature","geometry":{"type":"Point","coordinates":[23.257894,42.768347]},"properties":{"lines":"150","color":"#0059a9","mode":"bus","arr":["150"],"angle":54.2,"extra":1}},{"type":"Feature","geometry":{"type":"Point","coordinates":[23.261919,42.764384]},"properties":{"lines":"150","color":"#0059a9","mode":"bus","arr":["150"],"angle":53.2,"extra":1}},{"type":"Feature","geometry":{"type":"Point","coordinates":[23.265994,42.760448]},"properties":{"lines":"150","color":"#0059a9","mode":"bus","arr":["150"],"angle":55.3,"extra":1}},{"type":"Feature","geometry":{"type":"Point","coordinates":[23.271747,42.755165]},"properties":{"lines":"150","color":"#0059a9","mode":"bus","arr":["150"],"angle":56.2}},{"type":"Feature","geometry":{"type":"Point","coordinates":[23.268569,42.735984]},"properties":{"lines":"150","color":"#0059a9","mode":"bus","arr":["150"],"angle":0.7}},{"type":"Feature","geometry":{"type":"Point","coordinates":[23.262179,42.727141]},"properties":{"lines":"150","color":"#0059a9","mode":"bus","arr":["150"],"angle":-50.6}},{"type":"Feature","geometry":{"type":"Point","coordinates":[23.373037,42.626651]},"properties":{"lines":"180, 182, 413, X10","color":"#0059a9","mode":"bus","arr":["180","182","413","X10"],"angle":79.7}},{"type":"Feature","geometry":{"type":"Point","coordinates":[23.375595,42.623494]},"properties":{"lines":"180, 182","color":"#0059a9","mode":"bus","arr":["180","182"],"angle":49.6}},{"type":"Feature","geometry":{"type":"Point","coordinates":[23.380478,42.622831]},"properties":{"lines":"180, 182","color":"#0059a9","mode":"bus","arr":["180","182"],"angle":2.4}},{"type":"Feature","geometry":{"type":"Point","coordinates":[23.394827,42.622602]},"properties":{"lines":"180, 182","color":"#0059a9","mode":"bus","arr":["180","182"],"angle":2.9}},{"type":"Feature","geometry":{"type":"Point","coordinates":[23.388528,42.622851]},"properties":{"lines":"180, 182","color":"#0059a9","mode":"bus","arr":["180","182"],"angle":2,"extra":1}},{"type":"Feature","geometry":{"type":"Point","coordinates":[23.401965,42.622339]},"properties":{"lines":"180, 182","color":"#0059a9","mode":"bus","arr":["180","182"],"angle":2.8,"extra":1}},{"type":"Feature","geometry":{"type":"Point","coordinates":[23.382117,42.623653]},"properties":{"lines":"180, 182","color":"#0059a9","mode":"bus","arr":["180","182"],"angle":3.3}},{"type":"Feature","geometry":{"type":"Point","coordinates":[23.373379,42.628825]},"properties":{"lines":"180, 182","color":"#0059a9","mode":"bus","arr":["180","182"],"angle":77.6}},{"type":"Feature","geometry":{"type":"Point","coordinates":[23.395132,42.6132]},"properties":{"lines":"180","color":"#0059a9","mode":"bus","arr":["180"],"angle":-9.8}},{"type":"Feature","geometry":{"type":"Point","coordinates":[23.398977,42.61644]},"properties":{"lines":"180","color":"#0059a9","mode":"bus","arr":["180"],"angle":-81.6,"extra":1}},{"type":"Feature","geometry":{"type":"Point","coordinates":[23.389537,42.611385]},"properties":{"lines":"180","color":"#0059a9","mode":"bus","arr":["180"],"angle":-39.8,"extra":1}},{"type":"Feature","geometry":{"type":"Point","coordinates":[23.400657,42.6228]},"properties":{"lines":"180","color":"#0059a9","mode":"bus","arr":["180"],"angle":-11.7}},{"type":"Feature","geometry":{"type":"Point","coordinates":[23.389007,42.607468]},"properties":{"lines":"180","color":"#0059a9","mode":"bus","arr":["180"],"angle":-72.9}},{"type":"Feature","geometry":{"type":"Point","coordinates":[23.403143,42.619195]},"properties":{"lines":"180, 181, 183, 184","color":"#0059a9","mode":"bus","arr":["180","181","183","184"],"angle":-68.4}},{"type":"Feature","geometry":{"type":"Point","coordinates":[23.412824,42.622021]},"properties":{"lines":"182, 188","color":"#0059a9","mode":"bus","arr":["182","188"],"angle":3.5}},{"type":"Feature","geometry":{"type":"Point","coordinates":[23.408545,42.622099]},"properties":{"lines":"182, 188","color":"#0059a9","mode":"bus","arr":["182","188"],"angle":1.5,"extra":1}},{"type":"Feature","geometry":{"type":"Point","coordinates":[23.407248,42.597342]},"properties":{"lines":"181, 183, 184","color":"#0059a9","mode":"bus","arr":["181","183","184"],"angle":28.3}},{"type":"Feature","geometry":{"type":"Point","coordinates":[23.422275,42.584908]},"properties":{"lines":"181, 183, 184","color":"#0059a9","mode":"bus","arr":["181","183","184"],"angle":47.3,"extra":1}},{"type":"Feature","geometry":{"type":"Point","coordinates":[23.419144,42.589246]},"properties":{"lines":"181, 183, 184","color":"#0059a9","mode":"bus","arr":["181","183","184"],"angle":67.9,"extra":1}},{"type":"Feature","geometry":{"type":"Point","coordinates":[23.4161,42.593575]},"properties":{"lines":"181, 183, 184","color":"#0059a9","mode":"bus","arr":["181","183","184"],"angle":47.8,"extra":1}},{"type":"Feature","geometry":{"type":"Point","coordinates":[23.411566,42.596504]},"properties":{"lines":"181, 183, 184","color":"#0059a9","mode":"bus","arr":["181","183","184"],"angle":-4.6,"extra":1}},{"type":"Feature","geometry":{"type":"Point","coordinates":[23.402704,42.602761]},"properties":{"lines":"181, 183, 184","color":"#0059a9","mode":"bus","arr":["181","183","184"],"angle":69.3,"extra":1}},{"type":"Feature","geometry":{"type":"Point","coordinates":[23.400444,42.60742]},"properties":{"lines":"181, 183, 184","color":"#0059a9","mode":"bus","arr":["181","183","184"],"angle":70.8,"extra":1}},{"type":"Feature","geometry":{"type":"Point","coordinates":[23.399555,42.612249]},"properties":{"lines":"181, 183, 184","color":"#0059a9","mode":"bus","arr":["181","183","184"],"angle":-78.7,"extra":1}},{"type":"Feature","geometry":{"type":"Point","coordinates":[23.408555,42.62234]},"properties":{"lines":"182","color":"#0059a9","mode":"bus","arr":["182"],"angle":3.7}},{"type":"Feature","geometry":{"type":"Point","coordinates":[23.399988,42.622645]},"properties":{"lines":"182","color":"#0059a9","mode":"bus","arr":["182"],"angle":2.2,"extra":1}},{"type":"Feature","geometry":{"type":"Point","coordinates":[23.413426,42.622138]},"properties":{"lines":"182","color":"#0059a9","mode":"bus","arr":["182"],"angle":3,"extra":1}},{"type":"Feature","geometry":{"type":"Point","coordinates":[23.420148,42.621967]},"properties":{"lines":"182","color":"#0059a9","mode":"bus","arr":["182"],"angle":-1.2,"extra":1}},{"type":"Feature","geometry":{"type":"Point","coordinates":[23.431119,42.621275]},"properties":{"lines":"182","color":"#0059a9","mode":"bus","arr":["182"],"angle":2.6}},{"type":"Feature","geometry":{"type":"Point","coordinates":[23.424438,42.621503]},"properties":{"lines":"182","color":"#0059a9","mode":"bus","arr":["182"],"angle":2.6,"extra":1}},{"type":"Feature","geometry":{"type":"Point","coordinates":[23.437853,42.621422]},"properties":{"lines":"182","color":"#0059a9","mode":"bus","arr":["182"],"angle":19.4,"extra":1}},{"type":"Feature","geometry":{"type":"Point","coordinates":[23.431349,42.618295]},"properties":{"lines":"182","color":"#0059a9","mode":"bus","arr":["182"],"angle":-16.7}},{"type":"Feature","geometry":{"type":"Point","coordinates":[23.421371,42.618041]},"properties":{"lines":"182","color":"#0059a9","mode":"bus","arr":["182"],"angle":-6,"extra":1}},{"type":"Feature","geometry":{"type":"Point","coordinates":[23.440454,42.618048]},"properties":{"lines":"182","color":"#0059a9","mode":"bus","arr":["182"],"angle":66.8,"extra":1}},{"type":"Feature","geometry":{"type":"Point","coordinates":[23.37741,42.623791]},"properties":{"lines":"180, 182, 413","color":"#0059a9","mode":"bus","arr":["180","182","413"],"angle":2.3}},{"type":"Feature","geometry":{"type":"Point","coordinates":[23.419349,42.580588]},"properties":{"lines":"181","color":"#0059a9","mode":"bus","arr":["181"],"angle":-53.6}},{"type":"Feature","geometry":{"type":"Point","coordinates":[23.416047,42.57874]},"properties":{"lines":"181","color":"#0059a9","mode":"bus","arr":["181"],"angle":-22.3,"extra":1}},{"type":"Feature","geometry":{"type":"Point","coordinates":[23.402846,42.641845]},"properties":{"lines":"181, 183","color":"#0059a9","mode":"bus","arr":["181","183"],"angle":49.9}},{"type":"Feature","geometry":{"type":"Point","coordinates":[23.406477,42.638146]},"properties":{"lines":"181, 183","color":"#0059a9","mode":"bus","arr":["181","183"],"angle":63.5,"extra":1}},{"type":"Feature","geometry":{"type":"Point","coordinates":[23.399178,42.645132]},"properties":{"lines":"181, 183","color":"#0059a9","mode":"bus","arr":["181","183"],"angle":42.8,"extra":1}},{"type":"Feature","geometry":{"type":"Point","coordinates":[23.407567,42.627961]},"properties":{"lines":"181, 183, 184, 188","color":"#0059a9","mode":"bus","arr":["181","183","184","188"],"angle":-65.5}},{"type":"Feature","geometry":{"type":"Point","coordinates":[23.406325,42.625089]},"properties":{"lines":"181, 183, 184, 188","color":"#0059a9","mode":"bus","arr":["181","183","184","188"],"angle":-71.1,"extra":1}},{"type":"Feature","geometry":{"type":"Point","coordinates":[23.391842,42.651336]},"properties":{"lines":"181, 183, 185, ТБE186","color":"#0059a9","mode":"bus","arr":["181","183","185","ТБE186"],"angle":49.9}},{"type":"Feature","geometry":{"type":"Point","coordinates":[23.395659,42.648395]},"properties":{"lines":"181, 183, 185, ТБE186","color":"#0059a9","mode":"bus","arr":["181","183","185","ТБE186"],"angle":50.4,"extra":1}},{"type":"Feature","geometry":{"type":"Point","coordinates":[23.386746,42.655749]},"properties":{"lines":"181, 183, 185, ТБE186","color":"#0059a9","mode":"bus","arr":["181","183","185","ТБE186"],"angle":53.5,"extra":1}},{"type":"Feature","geometry":{"type":"Point","coordinates":[23.371582,42.666552]},"properties":{"lines":"181, 185, ТБE186","color":"#0059a9","mode":"bus","arr":["181","185","ТБE186"],"angle":39.3}},{"type":"Feature","geometry":{"type":"Point","coordinates":[23.371368,42.671443]},"properties":{"lines":"181, 185, ТБ11, ТБE186","color":"#0059a9","mode":"bus","arr":["181","185","ТБ11","ТБE186"],"angle":-45.1}},{"type":"Feature","geometry":{"type":"Point","coordinates":[23.37495,42.674089]},"properties":{"lines":"181, 185, ТБ4, ТБ11, ТБ123, ТБ288, ТБE186","color":"#0059a9","mode":"bus","arr":["181","185","ТБ4","ТБ11","ТБ123","ТБ288","ТБE186"],"angle":-45}},{"type":"Feature","geometry":{"type":"Point","coordinates":[23.41598,42.615387]},"properties":{"lines":"182, 188, ТБE186","color":"#0059a9","mode":"bus","arr":["182","188","ТБE186"],"angle":-62.4}},{"type":"Feature","geometry":{"type":"Point","coordinates":[23.413118,42.611472]},"properties":{"lines":"182, 188, ТБE186","color":"#0059a9","mode":"bus","arr":["182","188","ТБE186"],"angle":-51.3,"extra":1}},{"type":"Feature","geometry":{"type":"Point","coordinates":[23.419522,42.620151]},"properties":{"lines":"182, 188, ТБE186","color":"#0059a9","mode":"bus","arr":["182","188","ТБE186"],"angle":-60.6,"extra":1}},{"type":"Feature","geometry":{"type":"Point","coordinates":[23.449954,42.558336]},"properties":{"lines":"183","color":"#0059a9","mode":"bus","arr":["183"],"angle":24}},{"type":"Feature","geometry":{"type":"Point","coordinates":[23.499076,42.540112]},"properties":{"lines":"183","color":"#0059a9","mode":"bus","arr":["183"],"angle":66.5,"extra":1}},{"type":"Feature","geometry":{"type":"Point","coordinates":[23.491517,42.542057]},"properties":{"lines":"183","color":"#0059a9","mode":"bus","arr":["183"],"angle":25.5,"extra":1}},{"type":"Feature","geometry":{"type":"Point","coordinates":[23.485266,42.543695]},"properties":{"lines":"183","color":"#0059a9","mode":"bus","arr":["183"],"angle":4.4,"extra":1}},{"type":"Feature","geometry":{"type":"Point","coordinates":[23.479635,42.545346]},"properties":{"lines":"183","color":"#0059a9","mode":"bus","arr":["183"],"angle":70,"extra":1}},{"type":"Feature","geometry":{"type":"Point","coordinates":[23.480854,42.549959]},"properties":{"lines":"183","color":"#0059a9","mode":"bus","arr":["183"],"angle":-73.9,"extra":1}},{"type":"Feature","geometry":{"type":"Point","coordinates":[23.47593,42.552313]},"properties":{"lines":"183","color":"#0059a9","mode":"bus","arr":["183"],"angle":-13.8,"extra":1}},{"type":"Feature","geometry":{"type":"Point","coordinates":[23.470696,42.549505]},"properties":{"lines":"183","color":"#0059a9","mode":"bus","arr":["183"],"angle":7.6,"extra":1}},{"type":"Feature","geometry":{"type":"Point","coordinates":[23.465034,42.549861]},"properties":{"lines":"183","color":"#0059a9","mode":"bus","arr":["183"],"angle":0.2,"extra":1}},{"type":"Feature","geometry":{"type":"Point","coordinates":[23.462035,42.553824]},"properties":{"lines":"183","color":"#0059a9","mode":"bus","arr":["183"],"angle":63.4,"extra":1}},{"type":"Feature","geometry":{"type":"Point","coordinates":[23.457707,42.557392]},"properties":{"lines":"183","color":"#0059a9","mode":"bus","arr":["183"],"angle":28.3,"extra":1}},{"type":"Feature","geometry":{"type":"Point","coordinates":[23.452599,42.560567]},"properties":{"lines":"183","color":"#0059a9","mode":"bus","arr":["183"],"angle":44.6,"extra":1}},{"type":"Feature","geometry":{"type":"Point","coordinates":[23.445921,42.553513]},"properties":{"lines":"183","color":"#0059a9","mode":"bus","arr":["183"],"angle":-72.8,"extra":1}},{"type":"Feature","geometry":{"type":"Point","coordinates":[23.441141,42.553594]},"properties":{"lines":"183","color":"#0059a9","mode":"bus","arr":["183"],"angle":40.8,"extra":1}},{"type":"Feature","geometry":{"type":"Point","coordinates":[23.435027,42.552226]},"properties":{"lines":"183","color":"#0059a9","mode":"bus","arr":["183"],"angle":-23.7,"extra":1}},{"type":"Feature","geometry":{"type":"Point","coordinates":[23.429334,42.552263]},"properties":{"lines":"183","color":"#0059a9","mode":"bus","arr":["183"],"angle":66.7,"extra":1}},{"type":"Feature","geometry":{"type":"Point","coordinates":[23.425615,42.554964]},"properties":{"lines":"183","color":"#0059a9","mode":"bus","arr":["183"],"angle":50.8,"extra":1}},{"type":"Feature","geometry":{"type":"Point","coordinates":[23.422535,42.558061]},"properties":{"lines":"183","color":"#0059a9","mode":"bus","arr":["183"],"angle":87.6,"extra":1}},{"type":"Feature","geometry":{"type":"Point","coordinates":[23.424371,42.562539]},"properties":{"lines":"183","color":"#0059a9","mode":"bus","arr":["183"],"angle":-63,"extra":1}},{"type":"Feature","geometry":{"type":"Point","coordinates":[23.423592,42.567204]},"properties":{"lines":"183","color":"#0059a9","mode":"bus","arr":["183"],"angle":-72.2,"extra":1}},{"type":"Feature","geometry":{"type":"Point","coordinates":[23.42964,42.568236]},"properties":{"lines":"183","color":"#0059a9","mode":"bus","arr":["183"],"angle":-16.9,"extra":1}},{"type":"Feature","geometry":{"type":"Point","coordinates":[23.432273,42.572094]},"properties":{"lines":"183","color":"#0059a9","mode":"bus","arr":["183"],"angle":31.6,"extra":1}},{"type":"Feature","geometry":{"type":"Point","coordinates":[23.428067,42.575681]},"properties":{"lines":"183","color":"#0059a9","mode":"bus","arr":["183"],"angle":80.1,"extra":1}},{"type":"Feature","geometry":{"type":"Point","coordinates":[23.424995,42.579694]},"properties":{"lines":"183","color":"#0059a9","mode":"bus","arr":["183"],"angle":88.4,"extra":1}},{"type":"Feature","geometry":{"type":"Point","coordinates":[23.400065,42.634483]},"properties":{"lines":"184","color":"#0059a9","mode":"bus","arr":["184"],"angle":-50.4}},{"type":"Feature","geometry":{"type":"Point","coordinates":[23.405029,42.634738]},"properties":{"lines":"184","color":"#0059a9","mode":"bus","arr":["184"],"angle":-13,"extra":1}},{"type":"Feature","geometry":{"type":"Point","coordinates":[23.397958,42.636963]},"properties":{"lines":"184","color":"#0059a9","mode":"bus","arr":["184"],"angle":11.5,"extra":1}},{"type":"Feature","geometry":{"type":"Point","coordinates":[23.386325,42.641376]},"properties":{"lines":"184","color":"#0059a9","mode":"bus","arr":["184"],"angle":-6.7}},{"type":"Feature","geometry":{"type":"Point","coordinates":[23.382438,42.641011]},"properties":{"lines":"184","color":"#0059a9","mode":"bus","arr":["184"],"angle":-9.2}},{"type":"Feature","geometry":{"type":"Point","coordinates":[23.367911,42.649301]},"properties":{"lines":"184","color":"#0059a9","mode":"bus","arr":["184"],"angle":-84.8}},{"type":"Feature","geometry":{"type":"Point","coordinates":[23.392097,42.638833]},"properties":{"lines":"184, 305","color":"#0059a9","mode":"bus","arr":["184","305"],"angle":4.4}},{"type":"Feature","geometry":{"type":"Point","coordinates":[23.387631,42.639237]},"properties":{"lines":"184, 305","color":"#0059a9","mode":"bus","arr":["184","305"],"angle":9.4,"extra":1}},{"type":"Feature","geometry":{"type":"Point","coordinates":[23.37823,42.640477]},"properties":{"lines":"184, 305, N1","color":"#0059a9","mode":"bus","arr":["184","305","N1"],"angle":-9.8}},{"type":"Feature","geometry":{"type":"Point","coordinates":[23.374101,42.640839]},"properties":{"lines":"184, 305, 413, N1, X9","color":"#0059a9","mode":"bus","arr":["184","305","413","N1","X9"],"angle":42.1}},{"type":"Feature","geometry":{"type":"Point","coordinates":[23.3673,42.642417]},"properties":{"lines":"184, 413, X10","color":"#0059a9","mode":"bus","arr":["184","413","X10"],"angle":13.9}},{"type":"Feature","geometry":{"type":"Point","coordinates":[23.368008,42.646927]},"properties":{"lines":"184, 314, 413, X10","color":"#0059a9","mode":"bus","arr":["184","314","413","X10"],"angle":74.1}},{"type":"Feature","geometry":{"type":"Point","coordinates":[23.496104,42.600545]},"properties":{"lines":"185","color":"#0059a9","mode":"bus","arr":["185"],"angle":72.5}},{"type":"Feature","geometry":{"type":"Point","coordinates":[23.467132,42.609007]},"properties":{"lines":"185, 187","color":"#0059a9","mode":"bus","arr":["185","187"],"angle":51}},{"type":"Feature","geometry":{"type":"Point","coordinates":[23.491611,42.602502]},"properties":{"lines":"185, 187","color":"#0059a9","mode":"bus","arr":["185","187"],"angle":-32.7,"extra":1}},{"type":"Feature","geometry":{"type":"Point","coordinates":[23.485092,42.601586]},"properties":{"lines":"185, 187","color":"#0059a9","mode":"bus","arr":["185","187"],"angle":-2.1,"extra":1}},{"type":"Feature","geometry":{"type":"Point","coordinates":[23.478541,42.602258]},"properties":{"lines":"185, 187","color":"#0059a9","mode":"bus","arr":["185","187"],"angle":22.9,"extra":1}},{"type":"Feature","geometry":{"type":"Point","coordinates":[23.472729,42.604569]},"properties":{"lines":"185, 187","color":"#0059a9","mode":"bus","arr":["185","187"],"angle":42,"extra":1}},{"type":"Feature","geometry":{"type":"Point","coordinates":[23.463664,42.611844]},"properties":{"lines":"185, 187","color":"#0059a9","mode":"bus","arr":["185","187"],"angle":47.6,"extra":1}},{"type":"Feature","geometry":{"type":"Point","coordinates":[23.459115,42.615488]},"properties":{"lines":"185, 187","color":"#0059a9","mode":"bus","arr":["185","187"],"angle":47.5,"extra":1}},{"type":"Feature","geometry":{"type":"Point","coordinates":[23.454579,42.619141]},"properties":{"lines":"185, 187","color":"#0059a9","mode":"bus","arr":["185","187"],"angle":47.6,"extra":1}},{"type":"Feature","geometry":{"type":"Point","coordinates":[23.450109,42.622837]},"properties":{"lines":"185, 187","color":"#0059a9","mode":"bus","arr":["185","187"],"angle":49.2,"extra":1}},{"type":"Feature","geometry":{"type":"Point","coordinates":[23.444847,42.633697]},"properties":{"lines":"185, 187","color":"#0059a9","mode":"bus","arr":["185","187"],"angle":10.2}},{"type":"Feature","geometry":{"type":"Point","coordinates":[23.446901,42.628845]},"properties":{"lines":"185, 187","color":"#0059a9","mode":"bus","arr":["185","187"],"angle":-83.5,"extra":1}},{"type":"Feature","geometry":{"type":"Point","coordinates":[23.439263,42.634436]},"properties":{"lines":"185, 187","color":"#0059a9","mode":"bus","arr":["185","187"],"angle":10.2,"extra":1}},{"type":"Feature","geometry":{"type":"Point","coordinates":[23.432642,42.635314]},"properties":{"lines":"185, 187","color":"#0059a9","mode":"bus","arr":["185","187"],"angle":10.2,"extra":1}},{"type":"Feature","geometry":{"type":"Point","coordinates":[23.419217,42.636939]},"properties":{"lines":"185, 187, ТБE186","color":"#0059a9","mode":"bus","arr":["185","187","ТБE186"],"angle":8.8}},{"type":"Feature","geometry":{"type":"Point","coordinates":[23.423934,42.636416]},"properties":{"lines":"185, 187, ТБE186","color":"#0059a9","mode":"bus","arr":["185","187","ТБE186"],"angle":9,"extra":1}},{"type":"Feature","geometry":{"type":"Point","coordinates":[23.404525,42.642115]},"properties":{"lines":"185, ТБE186","color":"#0059a9","mode":"bus","arr":["185","ТБE186"],"angle":32}},{"type":"Feature","geometry":{"type":"Point","coordinates":[23.409049,42.640252]},"properties":{"lines":"185, ТБE186","color":"#0059a9","mode":"bus","arr":["185","ТБE186"],"angle":31.5,"extra":1}},{"type":"Feature","geometry":{"type":"Point","coordinates":[23.398446,42.645491]},"properties":{"lines":"185, ТБE186","color":"#0059a9","mode":"bus","arr":["185","ТБE186"],"angle":50.1,"extra":1}},{"type":"Feature","geometry":{"type":"Point","coordinates":[23.503633,42.62505]},"properties":{"lines":"187","color":"#0059a9","mode":"bus","arr":["187"],"angle":11.1}},{"type":"Feature","geometry":{"type":"Point","coordinates":[23.519892,42.639147]},"properties":{"lines":"187","color":"#0059a9","mode":"bus","arr":["187"],"angle":-64.9,"extra":1}},{"type":"Feature","geometry":{"type":"Point","coordinates":[23.517048,42.634664]},"properties":{"lines":"187","color":"#0059a9","mode":"bus","arr":["187"],"angle":-64.9,"extra":1}},{"type":"Feature","geometry":{"type":"Point","coordinates":[23.51435,42.630133]},"properties":{"lines":"187","color":"#0059a9","mode":"bus","arr":["187"],"angle":-66.6,"extra":1}},{"type":"Feature","geometry":{"type":"Point","coordinates":[23.511537,42.625785]},"properties":{"lines":"187","color":"#0059a9","mode":"bus","arr":["187"],"angle":-1,"extra":1}},{"type":"Feature","geometry":{"type":"Point","coordinates":[23.502116,42.618829]},"properties":{"lines":"187","color":"#0059a9","mode":"bus","arr":["187"],"angle":86.2,"extra":1}},{"type":"Feature","geometry":{"type":"Point","coordinates":[23.501157,42.613958]},"properties":{"lines":"187","color":"#0059a9","mode":"bus","arr":["187"],"angle":-76,"extra":1}},{"type":"Feature","geometry":{"type":"Point","coordinates":[23.498932,42.609317]},"properties":{"lines":"187","color":"#0059a9","mode":"bus","arr":["187"],"angle":-57.3,"extra":1}},{"type":"Feature","geometry":{"type":"Point","coordinates":[23.495524,42.605137]},"properties":{"lines":"187","color":"#0059a9","mode":"bus","arr":["187"],"angle":-64.1,"extra":1}},{"type":"Feature","geometry":{"type":"Point","coordinates":[23.412109,42.639604]},"properties":{"lines":"187, 188","color":"#0059a9","mode":"bus","arr":["187","188"],"angle":-74.7}},{"type":"Feature","geometry":{"type":"Point","coordinates":[23.46423,42.653809]},"properties":{"lines":"188","color":"#0059a9","mode":"bus","arr":["188"],"angle":15.8}},{"type":"Feature","geometry":{"type":"Point","coordinates":[23.465737,42.657395]},"properties":{"lines":"188","color":"#0059a9","mode":"bus","arr":["188"],"angle":-79.3,"extra":1}},{"type":"Feature","geometry":{"type":"Point","coordinates":[23.456646,42.655474]},"properties":{"lines":"188","color":"#0059a9","mode":"bus","arr":["188"],"angle":16.7,"extra":1}},{"type":"Feature","geometry":{"type":"Point","coordinates":[23.454843,42.656158]},"properties":{"lines":"188","color":"#0059a9","mode":"bus","arr":["188"],"angle":58.1}},{"type":"Feature","geometry":{"type":"Point","coordinates":[23.454914,42.664858]},"properties":{"lines":"188","color":"#0059a9","mode":"bus","arr":["188"],"angle":-6}},{"type":"Feature","geometry":{"type":"Point","coordinates":[23.419892,42.663541]},"properties":{"lines":"188","color":"#0059a9","mode":"bus","arr":["188"],"angle":-88}},{"type":"Feature","geometry":{"type":"Point","coordinates":[23.410533,42.636059]},"properties":{"lines":"188","color":"#0059a9","mode":"bus","arr":["188"],"angle":-71.9}},{"type":"Feature","geometry":{"type":"Point","coordinates":[23.297397,42.660566]},"properties":{"lines":"204, N4, ТБ8, ТБ288","color":"#0059a9","mode":"bus","arr":["204","N4","ТБ8","ТБ288"],"angle":32.1}},{"type":"Feature","geometry":{"type":"Point","coordinates":[23.296237,42.661119]},"properties":{"lines":"204, N4, ТБ8, ТБ74","color":"#0059a9","mode":"bus","arr":["204","N4","ТБ8","ТБ74"],"angle":33.5}},{"type":"Feature","geometry":{"type":"Point","coordinates":[23.29156,42.663464]},"properties":{"lines":"204, N4","color":"#0059a9","mode":"bus","arr":["204","N4"],"angle":33.8}},{"type":"Feature","geometry":{"type":"Point","coordinates":[23.283528,42.666818]},"properties":{"lines":"204, N4, ТБ73","color":"#0059a9","mode":"bus","arr":["204","N4","ТБ73"],"angle":25.3}},{"type":"Feature","geometry":{"type":"Point","coordinates":[23.279591,42.668617]},"properties":{"lines":"204, N4, ТБ2","color":"#0059a9","mode":"bus","arr":["204","N4","ТБ2"],"angle":-54.8}},{"type":"Feature","geometry":{"type":"Point","coordinates":[23.284506,42.672335]},"properties":{"lines":"204, N4, ТБ2, ТБ9","color":"#0059a9","mode":"bus","arr":["204","N4","ТБ2","ТБ9"],"angle":-43.5}},{"type":"Feature","geometry":{"type":"Point","coordinates":[23.342883,42.686647]},"properties":{"lines":"204, 213, 280, 304, 604, N1, ТБ5, ТБ11","color":"#0059a9","mode":"bus","arr":["204","213","280","304","604","N1","ТБ5","ТБ11"],"angle":43.5}},{"type":"Feature","geometry":{"type":"Point","coordinates":[23.346199,42.684322]},"properties":{"lines":"204, 213, 280, 304, 604, N1, ТБ5, ТБ11","color":"#0059a9","mode":"bus","arr":["204","213","280","304","604","N1","ТБ5","ТБ11"],"angle":43.4,"extra":1}},{"type":"Feature","geometry":{"type":"Point","coordinates":[23.34843,42.682755]},"properties":{"lines":"204, 213, 280, 304, 305, 604, N1, ТБ5, ТБ11","color":"#0059a9","mode":"bus","arr":["204","213","280","304","305","604","N1","ТБ5","ТБ11"],"angle":44.2}},{"type":"Feature","geometry":{"type":"Point","coordinates":[23.352231,42.680041]},"properties":{"lines":"204, 213, 280, 304, 305, 604, N1, ТБ5, ТБ11, ТБ73","color":"#0059a9","mode":"bus","arr":["204","213","280","304","305","604","N1","ТБ5","ТБ11","ТБ73"],"angle":44}},{"type":"Feature","geometry":{"type":"Point","coordinates":[23.357407,42.676342]},"properties":{"lines":"204, 213, 280, 604, ТБ5, ТБ11, ТБ73","color":"#0059a9","mode":"bus","arr":["204","213","280","604","ТБ5","ТБ11","ТБ73"],"angle":44.1}},{"type":"Feature","geometry":{"type":"Point","coordinates":[23.368254,42.668664]},"properties":{"lines":"204, 213, 304, 604, ТБ73","color":"#0059a9","mode":"bus","arr":["204","213","304","604","ТБ73"],"angle":44}},{"type":"Feature","geometry":{"type":"Point","coordinates":[23.37176,42.666139]},"properties":{"lines":"204, 213, 304, 604, ТБ73","color":"#0059a9","mode":"bus","arr":["204","213","304","604","ТБ73"],"angle":44.5,"extra":1}},{"type":"Feature","geometry":{"type":"Point","coordinates":[23.376171,42.662965]},"properties":{"lines":"204, 213, 304, 305, 604, N1, ТБ73","color":"#0059a9","mode":"bus","arr":["204","213","304","305","604","N1","ТБ73"],"angle":44.3}},{"type":"Feature","geometry":{"type":"Point","coordinates":[23.379186,42.66082]},"properties":{"lines":"204, 213, 304, 305, 604, N1, ТБ73","color":"#0059a9","mode":"bus","arr":["204","213","304","305","604","N1","ТБ73"],"angle":44,"extra":1}},{"type":"Feature","geometry":{"type":"Point","coordinates":[23.381924,42.658867]},"properties":{"lines":"204, 213, 304, 305, 604, N1","color":"#0059a9","mode":"bus","arr":["204","213","304","305","604","N1"],"angle":44.2}},{"type":"Feature","geometry":{"type":"Point","coordinates":[23.385285,42.65637]},"properties":{"lines":"204, 304, 604","color":"#0059a9","mode":"bus","arr":["204","304","604"],"angle":84.5}},{"type":"Feature","geometry":{"type":"Point","coordinates":[23.388243,42.659322]},"properties":{"lines":"204, 304, 604","color":"#0059a9","mode":"bus","arr":["204","304","604"],"angle":-48.2}},{"type":"Feature","geometry":{"type":"Point","coordinates":[23.409267,42.648984]},"properties":{"lines":"204, 304","color":"#0059a9","mode":"bus","arr":["204","304"],"angle":42.7}},{"type":"Feature","geometry":{"type":"Point","coordinates":[23.392242,42.659513]},"properties":{"lines":"204, 304","color":"#0059a9","mode":"bus","arr":["204","304"],"angle":70,"extra":1}},{"type":"Feature","geometry":{"type":"Point","coordinates":[23.398416,42.655739]},"properties":{"lines":"204, 304, ТБ4","color":"#0059a9","mode":"bus","arr":["204","304","ТБ4"],"angle":32.6}},{"type":"Feature","geometry":{"type":"Point","coordinates":[23.403312,42.653012]},"properties":{"lines":"204, 304, 404, N4, ТБ4","color":"#0059a9","mode":"bus","arr":["204","304","404","N4","ТБ4"],"angle":42.2}},{"type":"Feature","geometry":{"type":"Point","coordinates":[23.40447,42.649347]},"properties":{"lines":"N4","color":"#0059a9","mode":"bus","arr":["N4"],"angle":-67.3}},{"type":"Feature","geometry":{"type":"Point","coordinates":[23.390718,42.672408]},"properties":{"lines":"N4","color":"#0059a9","mode":"bus","arr":["N4"],"angle":13.7}},{"type":"Feature","geometry":{"type":"Point","coordinates":[23.414339,42.686701]},"properties":{"lines":"N4","color":"#0059a9","mode":"bus","arr":["N4"],"angle":-40.3}},{"type":"Feature","geometry":{"type":"Point","coordinates":[23.404781,42.649332]},"properties":{"lines":"404, ТБ4","color":"#0059a9","mode":"bus","arr":["404","ТБ4"],"angle":-67.4}},{"type":"Feature","geometry":{"type":"Point","coordinates":[23.386846,42.66634]},"properties":{"lines":"404, ТБ4","color":"#0059a9","mode":"bus","arr":["404","ТБ4"],"angle":53.7}},{"type":"Feature","geometry":{"type":"Point","coordinates":[23.382128,42.671612]},"properties":{"lines":"404, ТБ4","color":"#0059a9","mode":"bus","arr":["404","ТБ4"],"angle":76.4,"extra":1}},{"type":"Feature","geometry":{"type":"Point","coordinates":[23.33882,42.702102]},"properties":{"lines":"213, 305, 413","color":"#0059a9","mode":"bus","arr":["213","305","413"],"angle":32.5}},{"type":"Feature","geometry":{"type":"Point","coordinates":[23.346631,42.695947]},"properties":{"lines":"213","color":"#0059a9","mode":"bus","arr":["213"],"angle":-81.1}},{"type":"Feature","geometry":{"type":"Point","coordinates":[23.345366,42.693301]},"properties":{"lines":"213","color":"#0059a9","mode":"bus","arr":["213"],"angle":-40.1,"extra":1}},{"type":"Feature","geometry":{"type":"Point","coordinates":[23.378342,42.645042]},"properties":{"lines":"213","color":"#0059a9","mode":"bus","arr":["213"],"angle":58.9}},{"type":"Feature","geometry":{"type":"Point","coordinates":[23.340571,42.691555]},"properties":{"lines":"213, 280","color":"#0059a9","mode":"bus","arr":["213","280"],"angle":-18.6}},{"type":"Feature","geometry":{"type":"Point","coordinates":[23.383298,42.656624]},"properties":{"lines":"213, 305, N1","color":"#0059a9","mode":"bus","arr":["213","305","N1"],"angle":-36.2}},{"type":"Feature","geometry":{"type":"Point","coordinates":[23.376508,42.647511]},"properties":{"lines":"213, 305, N1","color":"#0059a9","mode":"bus","arr":["213","305","N1"],"angle":-65.8}},{"type":"Feature","geometry":{"type":"Point","coordinates":[23.380523,42.642422]},"properties":{"lines":"213, 314","color":"#0059a9","mode":"bus","arr":["213","314"],"angle":59.6}},{"type":"Feature","geometry":{"type":"Point","coordinates":[23.381584,42.639106]},"properties":{"lines":"213, 305, 314, N1","color":"#0059a9","mode":"bus","arr":["213","305","314","N1"],"angle":-80.4}},{"type":"Feature","geometry":{"type":"Point","coordinates":[23.380314,42.635386]},"properties":{"lines":"213, 314, N1","color":"#0059a9","mode":"bus","arr":["213","314","N1"],"angle":-89.5}},{"type":"Feature","geometry":{"type":"Point","coordinates":[23.378471,42.630608]},"properties":{"lines":"213, 314, N1","color":"#0059a9","mode":"bus","arr":["213","314","N1"],"angle":-4.4}},{"type":"Feature","geometry":{"type":"Point","coordinates":[23.376842,42.627257]},"properties":{"lines":"213, N1","color":"#0059a9","mode":"bus","arr":["213","N1"],"angle":3.8}},{"type":"Feature","geometry":{"type":"Point","coordinates":[23.381644,42.626537]},"properties":{"lines":"213, N1","color":"#0059a9","mode":"bus","arr":["213","N1"],"angle":21.4,"extra":1}},{"type":"Feature","geometry":{"type":"Point","coordinates":[23.311834,42.687967]},"properties":{"lines":"260, N4, ТБ2, ТБ8, ТБ9","color":"#0059a9","mode":"bus","arr":["260","N4","ТБ2","ТБ8","ТБ9"],"angle":-43.4}},{"type":"Feature","geometry":{"type":"Point","coordinates":[23.245898,42.672992]},"properties":{"lines":"260","color":"#0059a9","mode":"bus","arr":["260"],"angle":-3.7}},{"type":"Feature","geometry":{"type":"Point","coordinates":[23.239286,42.677396]},"properties":{"lines":"260","color":"#0059a9","mode":"bus","arr":["260"],"angle":-9}},{"type":"Feature","geometry":{"type":"Point","coordinates":[23.253486,42.670335]},"properties":{"lines":"260, ТБ60","color":"#0059a9","mode":"bus","arr":["260","ТБ60"],"angle":47.6}},{"type":"Feature","geometry":{"type":"Point","coordinates":[23.234833,42.676724]},"properties":{"lines":"260, 802, 806","color":"#0059a9","mode":"bus","arr":["260","802","806"],"angle":-32.7}},{"type":"Feature","geometry":{"type":"Point","coordinates":[23.350336,42.651861]},"properties":{"lines":"280","color":"#0059a9","mode":"bus","arr":["280"],"angle":4.5}},{"type":"Feature","geometry":{"type":"Point","coordinates":[23.365856,42.67018]},"properties":{"lines":"280, 305, N1, ТБ5, ТБ11","color":"#0059a9","mode":"bus","arr":["280","305","N1","ТБ5","ТБ11"],"angle":45.4}},{"type":"Feature","geometry":{"type":"Point","coordinates":[23.362829,42.665656]},"properties":{"lines":"280, ТБ123, ТБ288","color":"#0059a9","mode":"bus","arr":["280","ТБ123","ТБ288"],"angle":-36.9}},{"type":"Feature","geometry":{"type":"Point","coordinates":[23.359429,42.664179]},"properties":{"lines":"280, ТБ123, ТБ288","color":"#0059a9","mode":"bus","arr":["280","ТБ123","ТБ288"],"angle":-28.3,"extra":1}},{"type":"Feature","geometry":{"type":"Point","coordinates":[23.358718,42.661894]},"properties":{"lines":"280, ТБ123","color":"#0059a9","mode":"bus","arr":["280","ТБ123"],"angle":73.8}},{"type":"Feature","geometry":{"type":"Point","coordinates":[23.361123,42.707365]},"properties":{"lines":"285","color":"#0059a9","mode":"bus","arr":["285"],"angle":-44.9}},{"type":"Feature","geometry":{"type":"Point","coordinates":[23.346482,42.706711]},"properties":{"lines":"285","color":"#0059a9","mode":"bus","arr":["285"],"angle":6.2}},{"type":"Feature","geometry":{"type":"Point","coordinates":[23.315554,42.713469]},"properties":{"lines":"285","color":"#0059a9","mode":"bus","arr":["285"],"angle":33.6}},{"type":"Feature","geometry":{"type":"Point","coordinates":[23.310839,42.715129]},"properties":{"lines":"285, N2","color":"#0059a9","mode":"bus","arr":["285","N2"],"angle":21.3}},{"type":"Feature","geometry":{"type":"Point","coordinates":[23.310372,42.718993]},"properties":{"lines":"285, N2","color":"#0059a9","mode":"bus","arr":["285","N2"],"angle":-76.7}},{"type":"Feature","geometry":{"type":"Point","coordinates":[23.294642,42.733834]},"properties":{"lines":"285, N2","color":"#0059a9","mode":"bus","arr":["285","N2"],"angle":51.3}},{"type":"Feature","geometry":{"type":"Point","coordinates":[23.318388,42.711938]},"properties":{"lines":"285, N2, ТБ60","color":"#0059a9","mode":"bus","arr":["285","N2","ТБ60"],"angle":32}},{"type":"Feature","geometry":{"type":"Point","coordinates":[23.283539,42.652324]},"properties":{"lines":"304","color":"#0059a9","mode":"bus","arr":["304"],"angle":1.5}},{"type":"Feature","geometry":{"type":"Point","coordinates":[23.284346,42.655147]},"properties":{"lines":"304","color":"#0059a9","mode":"bus","arr":["304"],"angle":-73.8}},{"type":"Feature","geometry":{"type":"Point","coordinates":[23.357317,42.676276]},"properties":{"lines":"304, 305, N1","color":"#0059a9","mode":"bus","arr":["304","305","N1"],"angle":44.4}},{"type":"Feature","geometry":{"type":"Point","coordinates":[23.352409,42.698243]},"properties":{"lines":"305, 413","color":"#0059a9","mode":"bus","arr":["305","413"],"angle":24.2}},{"type":"Feature","geometry":{"type":"Point","coordinates":[23.347917,42.699086]},"properties":{"lines":"305, 413","color":"#0059a9","mode":"bus","arr":["305","413"],"angle":21.3,"extra":1}},{"type":"Feature","geometry":{"type":"Point","coordinates":[23.349121,42.684739]},"properties":{"lines":"305, 413","color":"#0059a9","mode":"bus","arr":["305","413"],"angle":-46.9}},{"type":"Feature","geometry":{"type":"Point","coordinates":[23.346505,42.683519]},"properties":{"lines":"305","color":"#0059a9","mode":"bus","arr":["305"],"angle":44}},{"type":"Feature","geometry":{"type":"Point","coordinates":[23.384349,42.636937]},"properties":{"lines":"305","color":"#0059a9","mode":"bus","arr":["305"],"angle":-54.9}},{"type":"Feature","geometry":{"type":"Point","coordinates":[23.370149,42.667131]},"properties":{"lines":"305, N1","color":"#0059a9","mode":"bus","arr":["305","N1"],"angle":43.4}},{"type":"Feature","geometry":{"type":"Point","coordinates":[23.374434,42.644141]},"properties":{"lines":"305, N1","color":"#0059a9","mode":"bus","arr":["305","N1"],"angle":-65.1}},{"type":"Feature","geometry":{"type":"Point","coordinates":[23.323582,42.71557]},"properties":{"lines":"309","color":"#0059a9","mode":"bus","arr":["309"],"angle":27.4}},{"type":"Feature","geometry":{"type":"Point","coordinates":[23.314222,42.71901]},"properties":{"lines":"309","color":"#0059a9","mode":"bus","arr":["309"],"angle":8,"extra":1}},{"type":"Feature","geometry":{"type":"Point","coordinates":[23.320213,42.716856]},"properties":{"lines":"309","color":"#0059a9","mode":"bus","arr":["309"],"angle":27.5,"extra":1}},{"type":"Feature","geometry":{"type":"Point","coordinates":[23.33176,42.711851]},"properties":{"lines":"309","color":"#0059a9","mode":"bus","arr":["309"],"angle":38.5,"extra":1}},{"type":"Feature","geometry":{"type":"Point","coordinates":[23.332091,42.708683]},"properties":{"lines":"309","color":"#0059a9","mode":"bus","arr":["309"],"angle":40.8}},{"type":"Feature","geometry":{"type":"Point","coordinates":[23.247661,42.729994]},"properties":{"lines":"309","color":"#0059a9","mode":"bus","arr":["309"],"angle":-57.3}},{"type":"Feature","geometry":{"type":"Point","coordinates":[23.278566,42.717797]},"properties":{"lines":"309, X43","color":"#0059a9","mode":"bus","arr":["309","X43"],"angle":32.4}},{"type":"Feature","geometry":{"type":"Point","coordinates":[23.242969,42.715448]},"properties":{"lines":"310, N1","color":"#0059a9","mode":"bus","arr":["310","N1"],"angle":46.9}},{"type":"Feature","geometry":{"type":"Point","coordinates":[23.360472,42.58659]},"properties":{"lines":"314","color":"#0059a9","mode":"bus","arr":["314"],"angle":89.2}},{"type":"Feature","geometry":{"type":"Point","coordinates":[23.368091,42.618351]},"properties":{"lines":"314","color":"#0059a9","mode":"bus","arr":["314"],"angle":-60.1}},{"type":"Feature","geometry":{"type":"Point","coordinates":[23.37841,42.645074]},"properties":{"lines":"314","color":"#0059a9","mode":"bus","arr":["314"],"angle":58.8}},{"type":"Feature","geometry":{"type":"Point","coordinates":[23.367598,42.646068]},"properties":{"lines":"314","color":"#0059a9","mode":"bus","arr":["314"],"angle":-52.5}},{"type":"Feature","geometry":{"type":"Point","coordinates":[23.36779,42.650145]},"properties":{"lines":"314, X10","color":"#0059a9","mode":"bus","arr":["314","X10"],"angle":-87.4}},{"type":"Feature","geometry":{"type":"Point","coordinates":[23.367635,42.648719]},"properties":{"lines":"314, 413, X10","color":"#0059a9","mode":"bus","arr":["314","413","X10"],"angle":-85.2}},{"type":"Feature","geometry":{"type":"Point","coordinates":[23.414988,42.649355]},"properties":{"lines":"404","color":"#0059a9","mode":"bus","arr":["404"],"angle":2.5}},{"type":"Feature","geometry":{"type":"Point","coordinates":[23.38188,42.674981]},"properties":{"lines":"404","color":"#0059a9","mode":"bus","arr":["404"],"angle":-78}},{"type":"Feature","geometry":{"type":"Point","coordinates":[23.376425,42.686651]},"properties":{"lines":"404","color":"#0059a9","mode":"bus","arr":["404"],"angle":53.5}},{"type":"Feature","geometry":{"type":"Point","coordinates":[23.406052,42.642943]},"properties":{"lines":"404, N4, ТБ4","color":"#0059a9","mode":"bus","arr":["404","N4","ТБ4"],"angle":31.3}},{"type":"Feature","geometry":{"type":"Point","coordinates":[23.4094,42.641451]},"properties":{"lines":"404, N4, ТБ4","color":"#0059a9","mode":"bus","arr":["404","N4","ТБ4"],"angle":31.3,"extra":1}},{"type":"Feature","geometry":{"type":"Point","coordinates":[23.401182,42.655647]},"properties":{"lines":"404, N4","color":"#0059a9","mode":"bus","arr":["404","N4"],"angle":-84.7}},{"type":"Feature","geometry":{"type":"Point","coordinates":[23.397718,42.65794]},"properties":{"lines":"404, 604, N4, ТБ11","color":"#0059a9","mode":"bus","arr":["404","604","N4","ТБ11"],"angle":35.2}},{"type":"Feature","geometry":{"type":"Point","coordinates":[23.393479,42.6612]},"properties":{"lines":"404, N4, ТБ11","color":"#0059a9","mode":"bus","arr":["404","N4","ТБ11"],"angle":51.4}},{"type":"Feature","geometry":{"type":"Point","coordinates":[23.39225,42.659922]},"properties":{"lines":"ТБ4","color":"#149a3f","mode":"bus","arr":["ТБ4"],"angle":70.6}},{"type":"Feature","geometry":{"type":"Point","coordinates":[23.390549,42.66291]},"properties":{"lines":"ТБ4","color":"#149a3f","mode":"bus","arr":["ТБ4"],"angle":55.3,"extra":1}},{"type":"Feature","geometry":{"type":"Point","coordinates":[23.379981,42.674379]},"properties":{"lines":"ТБ4","color":"#149a3f","mode":"bus","arr":["ТБ4"],"angle":14.3,"extra":1}},{"type":"Feature","geometry":{"type":"Point","coordinates":[23.384162,42.669473]},"properties":{"lines":"ТБ4","color":"#149a3f","mode":"bus","arr":["ТБ4"],"angle":57.4}},{"type":"Feature","geometry":{"type":"Point","coordinates":[23.315507,42.72729]},"properties":{"lines":"413","color":"#0059a9","mode":"bus","arr":["413"],"angle":0.5}},{"type":"Feature","geometry":{"type":"Point","coordinates":[23.345236,42.680552]},"properties":{"lines":"413","color":"#0059a9","mode":"bus","arr":["413"],"angle":-55}},{"type":"Feature","geometry":{"type":"Point","coordinates":[23.341981,42.677828]},"properties":{"lines":"413","color":"#0059a9","mode":"bus","arr":["413"],"angle":-41.2,"extra":1}},{"type":"Feature","geometry":{"type":"Point","coordinates":[23.362572,42.649866]},"properties":{"lines":"413","color":"#0059a9","mode":"bus","arr":["413"],"angle":0.4}},{"type":"Feature","geometry":{"type":"Point","coordinates":[23.367465,42.64965]},"properties":{"lines":"413","color":"#0059a9","mode":"bus","arr":["413"],"angle":5.5,"extra":1}},{"type":"Feature","geometry":{"type":"Point","coordinates":[23.374959,42.636576]},"properties":{"lines":"413, X9","color":"#0059a9","mode":"bus","arr":["413","X9"],"angle":89.6}},{"type":"Feature","geometry":{"type":"Point","coordinates":[23.308527,42.688464]},"properties":{"lines":"604","color":"#0059a9","mode":"bus","arr":["604"],"angle":47}},{"type":"Feature","geometry":{"type":"Point","coordinates":[23.391346,42.661979]},"properties":{"lines":"604","color":"#0059a9","mode":"bus","arr":["604"],"angle":-50.1}},{"type":"Feature","geometry":{"type":"Point","coordinates":[23.398454,42.66399]},"properties":{"lines":"604","color":"#0059a9","mode":"bus","arr":["604"],"angle":-55.6}},{"type":"Feature","geometry":{"type":"Point","coordinates":[23.40451,42.661724]},"properties":{"lines":"604","color":"#0059a9","mode":"bus","arr":["604"],"angle":-65.7}},{"type":"Feature","geometry":{"type":"Point","coordinates":[23.406025,42.664519]},"properties":{"lines":"604","color":"#0059a9","mode":"bus","arr":["604"],"angle":-69.3,"extra":1}},{"type":"Feature","geometry":{"type":"Point","coordinates":[23.416918,42.662491]},"properties":{"lines":"604","color":"#0059a9","mode":"bus","arr":["604"],"angle":20.2}},{"type":"Feature","geometry":{"type":"Point","coordinates":[23.303102,42.677893]},"properties":{"lines":"ТБ8, ТБ74","color":"#149a3f","mode":"bus","arr":["ТБ8","ТБ74"],"angle":76.3}},{"type":"Feature","geometry":{"type":"Point","coordinates":[23.401472,42.65718]},"properties":{"lines":"604, ТБ11","color":"#0059a9","mode":"bus","arr":["604","ТБ11"],"angle":-62.6}},{"type":"Feature","geometry":{"type":"Point","coordinates":[23.232565,42.681526]},"properties":{"lines":"802","color":"#0059a9","mode":"bus","arr":["802"],"angle":-45}},{"type":"Feature","geometry":{"type":"Point","coordinates":[23.236567,42.679677]},"properties":{"lines":"802","color":"#0059a9","mode":"bus","arr":["802"],"angle":68.5,"extra":1}},{"type":"Feature","geometry":{"type":"Point","coordinates":[23.22964,42.678812]},"properties":{"lines":"802","color":"#0059a9","mode":"bus","arr":["802"],"angle":61.2,"extra":1}},{"type":"Feature","geometry":{"type":"Point","coordinates":[23.239005,42.678258]},"properties":{"lines":"802","color":"#0059a9","mode":"bus","arr":["802"],"angle":75.3}},{"type":"Feature","geometry":{"type":"Point","coordinates":[23.242425,42.666725]},"properties":{"lines":"804","color":"#0059a9","mode":"bus","arr":["804"],"angle":57.8}},{"type":"Feature","geometry":{"type":"Point","coordinates":[23.230997,42.669094]},"properties":{"lines":"806","color":"#0059a9","mode":"bus","arr":["806"],"angle":-40.3}},{"type":"Feature","geometry":{"type":"Point","coordinates":[23.228398,42.673816]},"properties":{"lines":"806","color":"#0059a9","mode":"bus","arr":["806"],"angle":-47.7,"extra":1}},{"type":"Feature","geometry":{"type":"Point","coordinates":[23.234778,42.670191]},"properties":{"lines":"806","color":"#0059a9","mode":"bus","arr":["806"],"angle":-0.5,"extra":1}},{"type":"Feature","geometry":{"type":"Point","coordinates":[23.240217,42.670708]},"properties":{"lines":"806","color":"#0059a9","mode":"bus","arr":["806"],"angle":-61,"extra":1}},{"type":"Feature","geometry":{"type":"Point","coordinates":[23.318794,42.698264]},"properties":{"lines":"N1, N4","color":"#0059a9","mode":"bus","arr":["N1","N4"],"angle":14.1}},{"type":"Feature","geometry":{"type":"Point","coordinates":[23.323727,42.697345]},"properties":{"lines":"N1, N3, N4","color":"#0059a9","mode":"bus","arr":["N1","N3","N4"],"angle":17.5}},{"type":"Feature","geometry":{"type":"Point","coordinates":[23.328109,42.695654]},"properties":{"lines":"N1, N2, N3, N4","color":"#0059a9","mode":"bus","arr":["N1","N2","N3","N4"],"angle":28.3}},{"type":"Feature","geometry":{"type":"Point","coordinates":[23.329017,42.703037]},"properties":{"lines":"ТБ9","color":"#149a3f","mode":"bus","arr":["ТБ9"],"angle":82.4}},{"type":"Feature","geometry":{"type":"Point","coordinates":[23.327396,42.693085]},"properties":{"lines":"ТБ9","color":"#149a3f","mode":"bus","arr":["ТБ9"],"angle":-45.6,"extra":1}},{"type":"Feature","geometry":{"type":"Point","coordinates":[23.323287,42.689492]},"properties":{"lines":"ТБ9","color":"#149a3f","mode":"bus","arr":["ТБ9"],"angle":-82.5,"extra":1}},{"type":"Feature","geometry":{"type":"Point","coordinates":[23.33001,42.697489]},"properties":{"lines":"ТБ9","color":"#149a3f","mode":"bus","arr":["ТБ9"],"angle":81.7,"extra":1}},{"type":"Feature","geometry":{"type":"Point","coordinates":[23.328225,42.707293]},"properties":{"lines":"ТБ9","color":"#149a3f","mode":"bus","arr":["ТБ9"],"angle":82.3,"extra":1}},{"type":"Feature","geometry":{"type":"Point","coordinates":[23.293957,42.678284]},"properties":{"lines":"ТБ9","color":"#149a3f","mode":"bus","arr":["ТБ9"],"angle":18}},{"type":"Feature","geometry":{"type":"Point","coordinates":[23.297944,42.678101]},"properties":{"lines":"ТБ9","color":"#149a3f","mode":"bus","arr":["ТБ9"],"angle":-27.8}},{"type":"Feature","geometry":{"type":"Point","coordinates":[23.333195,42.693632]},"properties":{"lines":"N1, N2","color":"#0059a9","mode":"bus","arr":["N1","N2"],"angle":28.1}},{"type":"Feature","geometry":{"type":"Point","coordinates":[23.326204,42.687099]},"properties":{"lines":"N2, ТБ1, ТБ5, ТБ8","color":"#0059a9","mode":"bus","arr":["N2","ТБ1","ТБ5","ТБ8"],"angle":-18.6}},{"type":"Feature","geometry":{"type":"Point","coordinates":[23.330481,42.689398]},"properties":{"lines":"N2, ТБ1, ТБ2, ТБ5, ТБ6, ТБ8","color":"#0059a9","mode":"bus","arr":["N2","ТБ1","ТБ2","ТБ5","ТБ6","ТБ8"],"angle":-47.9}},{"type":"Feature","geometry":{"type":"Point","coordinates":[23.318777,42.697147]},"properties":{"lines":"N3","color":"#0059a9","mode":"bus","arr":["N3"],"angle":11.9}},{"type":"Feature","geometry":{"type":"Point","coordinates":[23.359272,42.703616]},"properties":{"lines":"N3","color":"#0059a9","mode":"bus","arr":["N3"],"angle":75.3}},{"type":"Feature","geometry":{"type":"Point","coordinates":[23.332816,42.695178]},"properties":{"lines":"N3, N4","color":"#0059a9","mode":"bus","arr":["N3","N4"],"angle":-46.7}},{"type":"Feature","geometry":{"type":"Point","coordinates":[23.334502,42.695591]},"properties":{"lines":"N3, N4, X43","color":"#0059a9","mode":"bus","arr":["N3","N4","X43"],"angle":9}},{"type":"Feature","geometry":{"type":"Point","coordinates":[23.337819,42.696209]},"properties":{"lines":"ТБ2","color":"#149a3f","mode":"bus","arr":["ТБ2"],"angle":-82.5}},{"type":"Feature","geometry":{"type":"Point","coordinates":[23.346777,42.705131]},"properties":{"lines":"ТБ2","color":"#149a3f","mode":"bus","arr":["ТБ2"],"angle":-81.4}},{"type":"Feature","geometry":{"type":"Point","coordinates":[23.347288,42.708092]},"properties":{"lines":"ТБ2","color":"#149a3f","mode":"bus","arr":["ТБ2"],"angle":-82.5,"extra":1}},{"type":"Feature","geometry":{"type":"Point","coordinates":[23.317863,42.689092]},"properties":{"lines":"ТБ2","color":"#149a3f","mode":"bus","arr":["ТБ2"],"angle":7.3}},{"type":"Feature","geometry":{"type":"Point","coordinates":[23.295255,42.678141]},"properties":{"lines":"ТБ2","color":"#149a3f","mode":"bus","arr":["ТБ2"],"angle":17}},{"type":"Feature","geometry":{"type":"Point","coordinates":[23.346842,42.700915]},"properties":{"lines":"N3, ТБ1, ТБ3, ТБ4","color":"#0059a9","mode":"bus","arr":["N3","ТБ1","ТБ3","ТБ4"],"angle":-29.3}},{"type":"Feature","geometry":{"type":"Point","coordinates":[23.301822,42.682096]},"properties":{"lines":"N4, ТБ8, ТБ9, ТБ74","color":"#0059a9","mode":"bus","arr":["N4","ТБ8","ТБ9","ТБ74"],"angle":78.2}},{"type":"Feature","geometry":{"type":"Point","coordinates":[23.313614,42.689214]},"properties":{"lines":"N4, ТБ2, ТБ8, ТБ9","color":"#0059a9","mode":"bus","arr":["N4","ТБ2","ТБ8","ТБ9"],"angle":-44.1}},{"type":"Feature","geometry":{"type":"Point","coordinates":[23.372177,42.675691]},"properties":{"lines":"N4, ТБ123, ТБ288","color":"#0059a9","mode":"bus","arr":["N4","ТБ123","ТБ288"],"angle":17.8}},{"type":"Feature","geometry":{"type":"Point","coordinates":[23.381725,42.673936]},"properties":{"lines":"N4, ТБ11","color":"#0059a9","mode":"bus","arr":["N4","ТБ11"],"angle":13.6}},{"type":"Feature","geometry":{"type":"Point","coordinates":[23.385924,42.673276]},"properties":{"lines":"N4, ТБ11","color":"#0059a9","mode":"bus","arr":["N4","ТБ11"],"angle":14.1,"extra":1}},{"type":"Feature","geometry":{"type":"Point","coordinates":[23.320862,42.671359]},"properties":{"lines":"X9","color":"#0059a9","mode":"bus","arr":["X9"],"angle":-69}},{"type":"Feature","geometry":{"type":"Point","coordinates":[23.322143,42.675684]},"properties":{"lines":"X9","color":"#0059a9","mode":"bus","arr":["X9"],"angle":86.5,"extra":1}},{"type":"Feature","geometry":{"type":"Point","coordinates":[23.318042,42.666363]},"properties":{"lines":"X9","color":"#0059a9","mode":"bus","arr":["X9"],"angle":-67.7,"extra":1}},{"type":"Feature","geometry":{"type":"Point","coordinates":[23.342353,42.629407]},"properties":{"lines":"X9","color":"#0059a9","mode":"bus","arr":["X9"],"angle":29.2}},{"type":"Feature","geometry":{"type":"Point","coordinates":[23.309168,42.65696]},"properties":{"lines":"ТБ288","color":"#149a3f","mode":"bus","arr":["ТБ288"],"angle":0.5}},{"type":"Feature","geometry":{"type":"Point","coordinates":[23.332521,42.655736]},"properties":{"lines":"ТБ288","color":"#149a3f","mode":"bus","arr":["ТБ288"],"angle":-6}},{"type":"Feature","geometry":{"type":"Point","coordinates":[23.300422,42.659117]},"properties":{"lines":"ТБ288","color":"#149a3f","mode":"bus","arr":["ТБ288"],"angle":38.1}},{"type":"Feature","geometry":{"type":"Point","coordinates":[23.372893,42.640457]},"properties":{"lines":"X9, X10","color":"#0059a9","mode":"bus","arr":["X9","X10"],"angle":89.2}},{"type":"Feature","geometry":{"type":"Point","coordinates":[23.366717,42.623802]},"properties":{"lines":"X10","color":"#0059a9","mode":"bus","arr":["X10"],"angle":3.2}},{"type":"Feature","geometry":{"type":"Point","coordinates":[23.37295,42.637074]},"properties":{"lines":"X10","color":"#0059a9","mode":"bus","arr":["X10"],"angle":89.1,"extra":1}},{"type":"Feature","geometry":{"type":"Point","coordinates":[23.37303,42.632128]},"properties":{"lines":"X10","color":"#0059a9","mode":"bus","arr":["X10"],"angle":89.3,"extra":1}},{"type":"Feature","geometry":{"type":"Point","coordinates":[23.371797,42.624027]},"properties":{"lines":"X10","color":"#0059a9","mode":"bus","arr":["X10"],"angle":16.9,"extra":1}},{"type":"Feature","geometry":{"type":"Point","coordinates":[23.358584,42.624303]},"properties":{"lines":"X10","color":"#0059a9","mode":"bus","arr":["X10"],"angle":10,"extra":1}},{"type":"Feature","geometry":{"type":"Point","coordinates":[23.319198,42.638977]},"properties":{"lines":"X10","color":"#0059a9","mode":"bus","arr":["X10"],"angle":29.5}},{"type":"Feature","geometry":{"type":"Point","coordinates":[23.350492,42.626228]},"properties":{"lines":"X10","color":"#0059a9","mode":"bus","arr":["X10"],"angle":28.6,"extra":1}},{"type":"Feature","geometry":{"type":"Point","coordinates":[23.344621,42.628621]},"properties":{"lines":"X10","color":"#0059a9","mode":"bus","arr":["X10"],"angle":29.1,"extra":1}},{"type":"Feature","geometry":{"type":"Point","coordinates":[23.338744,42.631028]},"properties":{"lines":"X10","color":"#0059a9","mode":"bus","arr":["X10"],"angle":28.7,"extra":1}},{"type":"Feature","geometry":{"type":"Point","coordinates":[23.332852,42.633416]},"properties":{"lines":"X10","color":"#0059a9","mode":"bus","arr":["X10"],"angle":28.8,"extra":1}},{"type":"Feature","geometry":{"type":"Point","coordinates":[23.326965,42.63581]},"properties":{"lines":"X10","color":"#0059a9","mode":"bus","arr":["X10"],"angle":28.7,"extra":1}},{"type":"Feature","geometry":{"type":"Point","coordinates":[23.315199,42.640609]},"properties":{"lines":"X10","color":"#0059a9","mode":"bus","arr":["X10"],"angle":28.5,"extra":1}},{"type":"Feature","geometry":{"type":"Point","coordinates":[23.309327,42.643023]},"properties":{"lines":"X10","color":"#0059a9","mode":"bus","arr":["X10"],"angle":29.5,"extra":1}},{"type":"Feature","geometry":{"type":"Point","coordinates":[23.303446,42.645425]},"properties":{"lines":"X10","color":"#0059a9","mode":"bus","arr":["X10"],"angle":32,"extra":1}},{"type":"Feature","geometry":{"type":"Point","coordinates":[23.297606,42.647838]},"properties":{"lines":"X10","color":"#0059a9","mode":"bus","arr":["X10"],"angle":29.8,"extra":1}},{"type":"Feature","geometry":{"type":"Point","coordinates":[23.291759,42.650262]},"properties":{"lines":"X10","color":"#0059a9","mode":"bus","arr":["X10"],"angle":24.8,"extra":1}},{"type":"Feature","geometry":{"type":"Point","coordinates":[23.285858,42.652636]},"properties":{"lines":"X10","color":"#0059a9","mode":"bus","arr":["X10"],"angle":28.9,"extra":1}},{"type":"Feature","geometry":{"type":"Point","coordinates":[23.355637,42.62481]},"properties":{"lines":"X10, ТБ123","color":"#0059a9","mode":"bus","arr":["X10","ТБ123"],"angle":10.9}},{"type":"Feature","geometry":{"type":"Point","coordinates":[23.334828,42.694949]},"properties":{"lines":"ТБ1, ТБ2, ТБ3, ТБ4, ТБ6, ТБ8, ТБ11","color":"#149a3f","mode":"bus","arr":["ТБ1","ТБ2","ТБ3","ТБ4","ТБ6","ТБ8","ТБ11"],"angle":-78.1}},{"type":"Feature","geometry":{"type":"Point","coordinates":[23.310853,42.702792]},"properties":{"lines":"ТБ1, ТБ5, ТБ7, ТБ60","color":"#149a3f","mode":"bus","arr":["ТБ1","ТБ5","ТБ7","ТБ60"],"angle":-79.8}},{"type":"Feature","geometry":{"type":"Point","coordinates":[23.308943,42.696136]},"properties":{"lines":"ТБ1, ТБ5, ТБ7","color":"#149a3f","mode":"bus","arr":["ТБ1","ТБ5","ТБ7"],"angle":-76.4}},{"type":"Feature","geometry":{"type":"Point","coordinates":[23.309972,42.692869]},"properties":{"lines":"ТБ1, ТБ5, ТБ7","color":"#149a3f","mode":"bus","arr":["ТБ1","ТБ5","ТБ7"],"angle":65.7,"extra":1}},{"type":"Feature","geometry":{"type":"Point","coordinates":[23.312355,42.69072]},"properties":{"lines":"ТБ1, ТБ5, ТБ7","color":"#149a3f","mode":"bus","arr":["ТБ1","ТБ5","ТБ7"],"angle":47.4}},{"type":"Feature","geometry":{"type":"Point","coordinates":[23.30061,42.686651]},"properties":{"lines":"ТБ74","color":"#149a3f","mode":"bus","arr":["ТБ74"],"angle":67.2}},{"type":"Feature","geometry":{"type":"Point","coordinates":[23.311009,42.702873]},"properties":{"lines":"ТБ74","color":"#149a3f","mode":"bus","arr":["ТБ74"],"angle":-80.5}},{"type":"Feature","geometry":{"type":"Point","coordinates":[23.308897,42.694746]},"properties":{"lines":"ТБ74","color":"#149a3f","mode":"bus","arr":["ТБ74"],"angle":79.6,"extra":1}},{"type":"Feature","geometry":{"type":"Point","coordinates":[23.310089,42.699596]},"properties":{"lines":"ТБ74","color":"#149a3f","mode":"bus","arr":["ТБ74"],"angle":-78.1,"extra":1}},{"type":"Feature","geometry":{"type":"Point","coordinates":[23.313555,42.709121]},"properties":{"lines":"ТБ74","color":"#149a3f","mode":"bus","arr":["ТБ74"],"angle":-72.6,"extra":1}},{"type":"Feature","geometry":{"type":"Point","coordinates":[23.321658,42.686003]},"properties":{"lines":"ТБ1, ТБ5, ТБ8, ТБ9","color":"#149a3f","mode":"bus","arr":["ТБ1","ТБ5","ТБ8","ТБ9"],"angle":-15.6}},{"type":"Feature","geometry":{"type":"Point","coordinates":[23.325449,42.688411]},"properties":{"lines":"ТБ2, ТБ6","color":"#149a3f","mode":"bus","arr":["ТБ2","ТБ6"],"angle":7.2}},{"type":"Feature","geometry":{"type":"Point","coordinates":[23.300665,42.679209]},"properties":{"lines":"ТБ2, ТБ9","color":"#149a3f","mode":"bus","arr":["ТБ2","ТБ9"],"angle":-13.6}},{"type":"Feature","geometry":{"type":"Point","coordinates":[23.290023,42.677467]},"properties":{"lines":"ТБ2, ТБ9","color":"#149a3f","mode":"bus","arr":["ТБ2","ТБ9"],"angle":-55.5}},{"type":"Feature","geometry":{"type":"Point","coordinates":[23.278047,42.668976]},"properties":{"lines":"ТБ2, ТБ73","color":"#149a3f","mode":"bus","arr":["ТБ2","ТБ73"],"angle":38.5}},{"type":"Feature","geometry":{"type":"Point","coordinates":[23.374275,42.663991]},"properties":{"lines":"ТБ3, ТБ5","color":"#149a3f","mode":"bus","arr":["ТБ3","ТБ5"],"angle":43.7}},{"type":"Feature","geometry":{"type":"Point","coordinates":[23.368796,42.667952]},"properties":{"lines":"ТБ3","color":"#149a3f","mode":"bus","arr":["ТБ3"],"angle":76.5}},{"type":"Feature","geometry":{"type":"Point","coordinates":[23.364716,42.671467]},"properties":{"lines":"ТБ3, ТБ4","color":"#149a3f","mode":"bus","arr":["ТБ3","ТБ4"],"angle":39.8}},{"type":"Feature","geometry":{"type":"Point","coordinates":[23.371146,42.671677]},"properties":{"lines":"ТБ4, ТБ123, ТБ288","color":"#149a3f","mode":"bus","arr":["ТБ4","ТБ123","ТБ288"],"angle":-43.9}},{"type":"Feature","geometry":{"type":"Point","coordinates":[23.240109,42.721624]},"properties":{"lines":"ТБ6, ТБ7","color":"#149a3f","mode":"bus","arr":["ТБ6","ТБ7"],"angle":-45.2}},{"type":"Feature","geometry":{"type":"Point","coordinates":[23.240369,42.721312]},"properties":{"lines":"ТБ6, ТБ7","color":"#149a3f","mode":"bus","arr":["ТБ6","ТБ7"],"angle":-47.1}},{"type":"Feature","geometry":{"type":"Point","coordinates":[23.274996,42.716888]},"properties":{"lines":"ТБ6, ТБ7","color":"#149a3f","mode":"bus","arr":["ТБ6","ТБ7"],"angle":36.4}},{"type":"Feature","geometry":{"type":"Point","coordinates":[23.29634,42.708548]},"properties":{"lines":"ТБ6, ТБ7","color":"#149a3f","mode":"bus","arr":["ТБ6","ТБ7"],"angle":34.1}},{"type":"Feature","geometry":{"type":"Point","coordinates":[23.28568,42.713975]},"properties":{"lines":"ТБ6, ТБ7","color":"#149a3f","mode":"bus","arr":["ТБ6","ТБ7"],"angle":34.2,"extra":1}},{"type":"Feature","geometry":{"type":"Point","coordinates":[23.291242,42.711193]},"properties":{"lines":"ТБ6, ТБ7","color":"#149a3f","mode":"bus","arr":["ТБ6","ТБ7"],"angle":35.7,"extra":1}},{"type":"Feature","geometry":{"type":"Point","coordinates":[23.302615,42.706141]},"properties":{"lines":"ТБ6, ТБ7","color":"#149a3f","mode":"bus","arr":["ТБ6","ТБ7"],"angle":9.1,"extra":1}},{"type":"Feature","geometry":{"type":"Point","coordinates":[23.3093,42.705768]},"properties":{"lines":"ТБ6, ТБ7","color":"#149a3f","mode":"bus","arr":["ТБ6","ТБ7"],"angle":5.5,"extra":1}},{"type":"Feature","geometry":{"type":"Point","coordinates":[23.321694,42.678783]},"properties":{"lines":"ТБ6, ТБ7","color":"#149a3f","mode":"bus","arr":["ТБ6","ТБ7"],"angle":-75.5}},{"type":"Feature","geometry":{"type":"Point","coordinates":[23.321026,42.681861]},"properties":{"lines":"ТБ6, ТБ7","color":"#149a3f","mode":"bus","arr":["ТБ6","ТБ7"],"angle":77,"extra":1}},{"type":"Feature","geometry":{"type":"Point","coordinates":[23.267541,42.719651]},"properties":{"lines":"ТБ6","color":"#149a3f","mode":"bus","arr":["ТБ6"],"angle":37.2}},{"type":"Feature","geometry":{"type":"Point","coordinates":[23.332953,42.704438]},"properties":{"lines":"ТБ6","color":"#149a3f","mode":"bus","arr":["ТБ6"],"angle":70.8}},{"type":"Feature","geometry":{"type":"Point","coordinates":[23.321162,42.686176]},"properties":{"lines":"ТБ6","color":"#149a3f","mode":"bus","arr":["ТБ6"],"angle":-76.8}},{"type":"Feature","geometry":{"type":"Point","coordinates":[23.33412,42.700437]},"properties":{"lines":"ТБ6, ТБ11","color":"#149a3f","mode":"bus","arr":["ТБ6","ТБ11"],"angle":77.8}},{"type":"Feature","geometry":{"type":"Point","coordinates":[23.262141,42.714932]},"properties":{"lines":"ТБ7","color":"#149a3f","mode":"bus","arr":["ТБ7"],"angle":37.2}},{"type":"Feature","geometry":{"type":"Point","coordinates":[23.253805,42.71457]},"properties":{"lines":"ТБ7","color":"#149a3f","mode":"bus","arr":["ТБ7"],"angle":24.5,"extra":1}},{"type":"Feature","geometry":{"type":"Point","coordinates":[23.265723,42.713707]},"properties":{"lines":"ТБ7","color":"#149a3f","mode":"bus","arr":["ТБ7"],"angle":-51.8,"extra":1}},{"type":"Feature","geometry":{"type":"Point","coordinates":[23.269657,42.717719]},"properties":{"lines":"ТБ7","color":"#149a3f","mode":"bus","arr":["ТБ7"],"angle":-55,"extra":1}},{"type":"Feature","geometry":{"type":"Point","coordinates":[23.320999,42.68515]},"properties":{"lines":"ТБ7","color":"#149a3f","mode":"bus","arr":["ТБ7"],"angle":-81.4}},{"type":"Feature","geometry":{"type":"Point","coordinates":[23.314894,42.675519]},"properties":{"lines":"ТБ7","color":"#149a3f","mode":"bus","arr":["ТБ7"],"angle":-38.4}},{"type":"Feature","geometry":{"type":"Point","coordinates":[23.385875,42.668086]},"properties":{"lines":"ТБ11","color":"#149a3f","mode":"bus","arr":["ТБ11"],"angle":50.7}},{"type":"Feature","geometry":{"type":"Point","coordinates":[23.407466,42.65576]},"properties":{"lines":"ТБ11","color":"#149a3f","mode":"bus","arr":["ТБ11"],"angle":26.2}},{"type":"Feature","geometry":{"type":"Point","coordinates":[23.41094,42.654511]},"properties":{"lines":"ТБ11","color":"#149a3f","mode":"bus","arr":["ТБ11"],"angle":26,"extra":1}},{"type":"Feature","geometry":{"type":"Point","coordinates":[23.300259,42.693948]},"properties":{"lines":"ТБ60","color":"#149a3f","mode":"bus","arr":["ТБ60"],"angle":-36.4}},{"type":"Feature","geometry":{"type":"Point","coordinates":[23.30384,42.698483]},"properties":{"lines":"ТБ60","color":"#149a3f","mode":"bus","arr":["ТБ60"],"angle":-78.1,"extra":1}},{"type":"Feature","geometry":{"type":"Point","coordinates":[23.296357,42.691845]},"properties":{"lines":"ТБ60","color":"#149a3f","mode":"bus","arr":["ТБ60"],"angle":-36.4,"extra":1}},{"type":"Feature","geometry":{"type":"Point","coordinates":[23.292608,42.694538]},"properties":{"lines":"ТБ60","color":"#149a3f","mode":"bus","arr":["ТБ60"],"angle":18.6,"extra":1}},{"type":"Feature","geometry":{"type":"Point","coordinates":[23.255287,42.687112]},"properties":{"lines":"ТБ60, ТБ73","color":"#149a3f","mode":"bus","arr":["ТБ60","ТБ73"],"angle":79.4}},{"type":"Feature","geometry":{"type":"Point","coordinates":[23.258388,42.674189]},"properties":{"lines":"ТБ73","color":"#149a3f","mode":"bus","arr":["ТБ73"],"angle":-10.8}},{"type":"Feature","geometry":{"type":"Point","coordinates":[23.262037,42.674695]},"properties":{"lines":"ТБ73","color":"#149a3f","mode":"bus","arr":["ТБ73"],"angle":-10.5,"extra":1}},{"type":"Feature","geometry":{"type":"Point","coordinates":[23.272191,42.671963]},"properties":{"lines":"ТБ73","color":"#149a3f","mode":"bus","arr":["ТБ73"],"angle":45.8}},{"type":"Feature","geometry":{"type":"Point","coordinates":[23.29115,42.66348]},"properties":{"lines":"ТБ73","color":"#149a3f","mode":"bus","arr":["ТБ73"],"angle":34.2}},{"type":"Feature","geometry":{"type":"Point","coordinates":[23.314674,42.658451]},"properties":{"lines":"ТБ73","color":"#149a3f","mode":"bus","arr":["ТБ73"],"angle":-32.3}},{"type":"Feature","geometry":{"type":"Point","coordinates":[23.32506,42.663599]},"properties":{"lines":"ТБ73","color":"#149a3f","mode":"bus","arr":["ТБ73"],"angle":-44.9}},{"type":"Feature","geometry":{"type":"Point","coordinates":[23.32707,42.666032]},"properties":{"lines":"ТБ73","color":"#149a3f","mode":"bus","arr":["ТБ73"],"angle":-83.2,"extra":1}},{"type":"Feature","geometry":{"type":"Point","coordinates":[23.343038,42.678389]},"properties":{"lines":"ТБ73","color":"#149a3f","mode":"bus","arr":["ТБ73"],"angle":-48.1}},{"type":"Feature","geometry":{"type":"Point","coordinates":[23.348138,42.682234]},"properties":{"lines":"ТБ73","color":"#149a3f","mode":"bus","arr":["ТБ73"],"angle":2}},{"type":"Feature","geometry":{"type":"Point","coordinates":[23.376316,42.656721]},"properties":{"lines":"ТБ73","color":"#149a3f","mode":"bus","arr":["ТБ73"],"angle":-47.4}},{"type":"Feature","geometry":{"type":"Point","coordinates":[23.372985,42.6547]},"properties":{"lines":"ТБ73","color":"#149a3f","mode":"bus","arr":["ТБ73"],"angle":-46.9,"extra":1}},{"type":"Feature","geometry":{"type":"Point","coordinates":[23.275983,42.66983]},"properties":{"lines":"ТБ73, ТБ801","color":"#149a3f","mode":"bus","arr":["ТБ73","ТБ801"],"angle":25.4}},{"type":"Feature","geometry":{"type":"Point","coordinates":[23.375747,42.674899]},"properties":{"lines":"ТБ123, ТБ288","color":"#149a3f","mode":"bus","arr":["ТБ123","ТБ288"],"angle":69.3}},{"type":"Feature","geometry":{"type":"Point","coordinates":[23.352292,42.627129]},"properties":{"lines":"ТБ123","color":"#149a3f","mode":"bus","arr":["ТБ123"],"angle":48.9}},{"type":"Feature","geometry":{"type":"Point","coordinates":[23.348185,42.62163]},"properties":{"lines":"ТБ123","color":"#149a3f","mode":"bus","arr":["ТБ123"],"angle":85.5}},{"type":"Feature","geometry":{"type":"Point","coordinates":[23.348456,42.617655]},"properties":{"lines":"ТБ123","color":"#149a3f","mode":"bus","arr":["ТБ123"],"angle":89.6}},{"type":"Feature","geometry":{"type":"Point","coordinates":[23.272768,42.663292]},"properties":{"lines":"ТБ801","color":"#149a3f","mode":"bus","arr":["ТБ801"],"angle":10.8}},{"type":"Feature","geometry":{"type":"Point","coordinates":[23.274099,42.667761]},"properties":{"lines":"ТБ801","color":"#149a3f","mode":"bus","arr":["ТБ801"],"angle":-70.3,"extra":1}},{"type":"Feature","geometry":{"type":"Point","coordinates":[23.278926,42.662124]},"properties":{"lines":"ТБ801","color":"#149a3f","mode":"bus","arr":["ТБ801"],"angle":22.5,"extra":1}},{"type":"Feature","geometry":{"type":"Point","coordinates":[23.288515,42.655434]},"properties":{"lines":"ТБ801","color":"#149a3f","mode":"bus","arr":["ТБ801"],"angle":27.5}},{"type":"Feature","geometry":{"type":"Point","coordinates":[23.293189,42.659531]},"properties":{"lines":"ТБ801","color":"#149a3f","mode":"bus","arr":["ТБ801"],"angle":-75.2,"extra":1}},{"type":"Feature","geometry":{"type":"Point","coordinates":[23.280697,42.659216]},"properties":{"lines":"ТБ801","color":"#149a3f","mode":"bus","arr":["ТБ801"],"angle":-55.6,"extra":1}},{"type":"Feature","geometry":{"type":"Point","coordinates":[23.301285,42.66136]},"properties":{"lines":"ТБ801","color":"#149a3f","mode":"bus","arr":["ТБ801"],"angle":-62.4}},{"type":"Feature","geometry":{"type":"Point","coordinates":[23.283056,42.661097]},"properties":{"lines":"ТБ801","color":"#149a3f","mode":"bus","arr":["ТБ801"],"angle":-81.9}},{"type":"Feature","geometry":{"type":"Point","coordinates":[23.424697,42.629199]},"properties":{"lines":"ТБE186","color":"#149a3f","mode":"bus","arr":["ТБE186"],"angle":-66.2}},{"type":"Feature","geometry":{"type":"Point","coordinates":[23.422047,42.624455]},"properties":{"lines":"ТБE186","color":"#149a3f","mode":"bus","arr":["ТБE186"],"angle":-68.2,"extra":1}},{"type":"Feature","geometry":{"type":"Point","coordinates":[23.427903,42.633335]},"properties":{"lines":"ТБE186","color":"#149a3f","mode":"bus","arr":["ТБE186"],"angle":-69.5,"extra":1}},{"type":"Feature","geometry":{"type":"Point","coordinates":[23.311608,42.67997]},"properties":{"lines":"ТМ1","color":"#d6212b","mode":"tram","arr":["ТМ1"],"angle":-51.9}},{"type":"Feature","geometry":{"type":"Point","coordinates":[23.306338,42.676686]},"properties":{"lines":"ТМ1","color":"#d6212b","mode":"tram","arr":["ТМ1"],"angle":15.7,"extra":1}},{"type":"Feature","geometry":{"type":"Point","coordinates":[23.314366,42.682636]},"properties":{"lines":"ТМ1","color":"#d6212b","mode":"tram","arr":["ТМ1"],"angle":-52.8,"extra":1}},{"type":"Feature","geometry":{"type":"Point","coordinates":[23.317653,42.686565]},"properties":{"lines":"ТМ1","color":"#d6212b","mode":"tram","arr":["ТМ1"],"angle":47.5,"extra":1}},{"type":"Feature","geometry":{"type":"Point","coordinates":[23.31449,42.691487]},"properties":{"lines":"ТМ1","color":"#d6212b","mode":"tram","arr":["ТМ1","N4"],"busLines":"N4","angle":-80}},{"type":"Feature","geometry":{"type":"Point","coordinates":[23.28156,42.701825]},"properties":{"lines":"ТМ1","color":"#d6212b","mode":"tram","arr":["ТМ1","56"],"busLines":"56","angle":-9.2}},{"type":"Feature","geometry":{"type":"Point","coordinates":[23.3159,42.687822]},"properties":{"lines":"ТМ1, ТМ6, ТМ7, ТМ27","color":"#d6212b","mode":"tram","arr":["ТМ1","ТМ6","ТМ7","ТМ27","ТБ1","ТБ5","ТБ7","ТБ8","ТБ9"],"busLines":"ТБ1, ТБ5, ТБ7, ТБ8, ТБ9","angle":47.1}},{"type":"Feature","geometry":{"type":"Point","coordinates":[23.315281,42.69691]},"properties":{"lines":"ТМ1, ТМ8","color":"#d6212b","mode":"tram","arr":["ТМ1","ТМ8","N4"],"busLines":"N4","angle":84}},{"type":"Feature","geometry":{"type":"Point","coordinates":[23.3054,42.699231]},"properties":{"lines":"ТМ1, ТМ8","color":"#d6212b","mode":"tram","arr":["ТМ1","ТМ8","N3"],"busLines":"N3","angle":11.9}},{"type":"Feature","geometry":{"type":"Point","coordinates":[23.309868,42.698541]},"properties":{"lines":"ТМ1, ТМ8","color":"#d6212b","mode":"tram","arr":["ТМ1","ТМ8","N3"],"busLines":"N3","angle":11.7,"extra":1}},{"type":"Feature","geometry":{"type":"Point","coordinates":[23.291358,42.7014]},"properties":{"lines":"ТМ1, ТМ8","color":"#d6212b","mode":"tram","arr":["ТМ1","ТМ8"],"angle":11.8}},{"type":"Feature","geometry":{"type":"Point","coordinates":[23.287406,42.702009]},"properties":{"lines":"ТМ1, ТМ8","color":"#d6212b","mode":"tram","arr":["ТМ1","ТМ8"],"angle":11.8,"extra":1}},{"type":"Feature","geometry":{"type":"Point","coordinates":[23.317334,42.70428]},"properties":{"lines":"ТМ3","color":"#d6212b","mode":"tram","arr":["ТМ3"],"angle":-77.6}},{"type":"Feature","geometry":{"type":"Point","coordinates":[23.315705,42.698857]},"properties":{"lines":"ТМ3","color":"#d6212b","mode":"tram","arr":["ТМ3"],"angle":-77.2,"extra":1}},{"type":"Feature","geometry":{"type":"Point","coordinates":[23.318221,42.708566]},"properties":{"lines":"ТМ3","color":"#d6212b","mode":"tram","arr":["ТМ3"],"angle":-82.3,"extra":1}},{"type":"Feature","geometry":{"type":"Point","coordinates":[23.314113,42.697411]},"properties":{"lines":"ТМ10, ТМ13","color":"#d6212b","mode":"tram","arr":["ТМ10","ТМ13"],"angle":11.8}},{"type":"Feature","geometry":{"type":"Point","coordinates":[23.315495,42.694717]},"properties":{"lines":"ТМ10, ТМ13","color":"#d6212b","mode":"tram","arr":["ТМ10","ТМ13"],"angle":15.7}},{"type":"Feature","geometry":{"type":"Point","coordinates":[23.291262,42.70716]},"properties":{"lines":"ТМ3, ТМ10, ТМ13","color":"#d6212b","mode":"tram","arr":["ТМ3","ТМ10","ТМ13"],"angle":32.4}},{"type":"Feature","geometry":{"type":"Point","coordinates":[23.2875,42.709123]},"properties":{"lines":"ТМ3, ТМ10, ТМ13","color":"#d6212b","mode":"tram","arr":["ТМ3","ТМ10","ТМ13"],"angle":-87.1,"extra":1}},{"type":"Feature","geometry":{"type":"Point","coordinates":[23.297961,42.702875]},"properties":{"lines":"ТМ3, ТМ10, ТМ11, ТМ13","color":"#d6212b","mode":"tram","arr":["ТМ3","ТМ10","ТМ11","ТМ13","11","83"],"busLines":"11, 83","angle":-78.6}},{"type":"Feature","geometry":{"type":"Point","coordinates":[23.290267,42.695102]},"properties":{"lines":"ТМ22","color":"#d6212b","mode":"tram","arr":["ТМ22","11","72","77","83","N3","ТБ60"],"busLines":"11, 72, 77, 83, N3, ТБ60","angle":21.4}},{"type":"Feature","geometry":{"type":"Point","coordinates":[23.296648,42.698026]},"properties":{"lines":"ТМ22","color":"#d6212b","mode":"tram","arr":["ТМ22","11","72","77","83","N3","ТБ60"],"busLines":"11, 72, 77, 83, N3, ТБ60","angle":-78.4,"extra":1}},{"type":"Feature","geometry":{"type":"Point","coordinates":[23.293705,42.694148]},"properties":{"lines":"ТМ22","color":"#d6212b","mode":"tram","arr":["ТМ22","11","72","77","83","N3","ТБ60"],"busLines":"11, 72, 77, 83, N3, ТБ60","angle":17.5,"extra":1}},{"type":"Feature","geometry":{"type":"Point","coordinates":[23.28195,42.693187]},"properties":{"lines":"ТМ22","color":"#d6212b","mode":"tram","arr":["ТМ22","11","72","77","83","N3","ТБ60"],"busLines":"11, 72, 77, 83, N3, ТБ60","angle":-44.2,"extra":1}},{"type":"Feature","geometry":{"type":"Point","coordinates":[23.304066,42.70225]},"properties":{"lines":"ТМ22","color":"#d6212b","mode":"tram","arr":["ТМ22"],"angle":13}},{"type":"Feature","geometry":{"type":"Point","coordinates":[23.298058,42.703063]},"properties":{"lines":"ТМ22","color":"#d6212b","mode":"tram","arr":["ТМ22"],"angle":-58.4,"extra":1}},{"type":"Feature","geometry":{"type":"Point","coordinates":[23.311087,42.701061]},"properties":{"lines":"ТМ22","color":"#d6212b","mode":"tram","arr":["ТМ22"],"angle":12.9,"extra":1}},{"type":"Feature","geometry":{"type":"Point","coordinates":[23.370693,42.700193]},"properties":{"lines":"ТМ22","color":"#d6212b","mode":"tram","arr":["ТМ22","90"],"busLines":"90","angle":-13.7}},{"type":"Feature","geometry":{"type":"Point","coordinates":[23.357734,42.696734]},"properties":{"lines":"ТМ22","color":"#d6212b","mode":"tram","arr":["ТМ22","90"],"busLines":"90","angle":-3.5,"extra":1}},{"type":"Feature","geometry":{"type":"Point","coordinates":[23.363618,42.69892]},"properties":{"lines":"ТМ22","color":"#d6212b","mode":"tram","arr":["ТМ22","90"],"busLines":"90","angle":-13.8,"extra":1}},{"type":"Feature","geometry":{"type":"Point","coordinates":[23.376688,42.701273]},"properties":{"lines":"ТМ22","color":"#d6212b","mode":"tram","arr":["ТМ22","90"],"busLines":"90","angle":-13.7,"extra":1}},{"type":"Feature","geometry":{"type":"Point","coordinates":[23.383224,42.702446]},"properties":{"lines":"ТМ22","color":"#d6212b","mode":"tram","arr":["ТМ22","90"],"busLines":"90","angle":-13.7,"extra":1}},{"type":"Feature","geometry":{"type":"Point","coordinates":[23.305449,42.699194]},"properties":{"lines":"ТМ3, ТМ10, ТМ13, ТМ22А","color":"#d6212b","mode":"tram","arr":["ТМ3","ТМ10","ТМ13","ТМ22А","N3"],"busLines":"N3","angle":11.9}},{"type":"Feature","geometry":{"type":"Point","coordinates":[23.301045,42.699875]},"properties":{"lines":"ТМ3, ТМ10, ТМ13, ТМ22А","color":"#d6212b","mode":"tram","arr":["ТМ3","ТМ10","ТМ13","ТМ22А","N3"],"busLines":"N3","angle":11.9,"extra":1}},{"type":"Feature","geometry":{"type":"Point","coordinates":[23.321813,42.71045]},"properties":{"lines":"ТМ3, ТМ7","color":"#d6212b","mode":"tram","arr":["ТМ3","ТМ7","21"],"busLines":"21","angle":31.3}},{"type":"Feature","geometry":{"type":"Point","coordinates":[23.322947,42.708197]},"properties":{"lines":"ТМ3, ТМ7, ТМ12","color":"#d6212b","mode":"tram","arr":["ТМ3","ТМ7","ТМ12","21","78","285","404"],"busLines":"21, 78, 285, 404","angle":77.5}},{"type":"Feature","geometry":{"type":"Point","coordinates":[23.335345,42.70958]},"properties":{"lines":"ТМ3, ТМ18","color":"#d6212b","mode":"tram","arr":["ТМ3","ТМ18","20","21","22","23","24","79","100","309"],"busLines":"20, 21, 22, 23, 24, 79, 100, 309","angle":-56.7}},{"type":"Feature","geometry":{"type":"Point","coordinates":[23.326866,42.707376]},"properties":{"lines":"ТМ3, ТМ18","color":"#d6212b","mode":"tram","arr":["ТМ3","ТМ18","20","21","22","23","24","79","100","309"],"busLines":"20, 21, 22, 23, 24, 79, 100, 309","angle":-12.8,"extra":1}},{"type":"Feature","geometry":{"type":"Point","coordinates":[23.3401,42.716092]},"properties":{"lines":"ТМ3, ТМ18","color":"#d6212b","mode":"tram","arr":["ТМ3","ТМ18","20","21","22","23","24","79","100","309"],"busLines":"20, 21, 22, 23, 24, 79, 100, 309","angle":-75.3,"extra":1}},{"type":"Feature","geometry":{"type":"Point","coordinates":[23.332352,42.707635]},"properties":{"lines":"ТМ4","color":"#d6212b","mode":"tram","arr":["ТМ4","20","21","22","23","24","78","79","100","285","309","404"],"busLines":"20, 21, 22, 23, 24, 78, 79, 100, 285, 309, 404","angle":-33.5}},{"type":"Feature","geometry":{"type":"Point","coordinates":[23.339694,42.715515]},"properties":{"lines":"ТМ4","color":"#d6212b","mode":"tram","arr":["ТМ4","20","21","22","23","24","78","79","100","285","309","404"],"busLines":"20, 21, 22, 23, 24, 78, 79, 100, 285, 309, 404","angle":-64.5,"extra":1}},{"type":"Feature","geometry":{"type":"Point","coordinates":[23.336745,42.71107]},"properties":{"lines":"ТМ4","color":"#d6212b","mode":"tram","arr":["ТМ4","20","21","22","23","24","78","79","100","285","309","404"],"busLines":"20, 21, 22, 23, 24, 78, 79, 100, 285, 309, 404","angle":-56.1,"extra":1}},{"type":"Feature","geometry":{"type":"Point","coordinates":[23.325964,42.707249]},"properties":{"lines":"ТМ4","color":"#d6212b","mode":"tram","arr":["ТМ4","20","21","22","23","24","78","79","100","285","309","404"],"busLines":"20, 21, 22, 23, 24, 78, 79, 100, 285, 309, 404","angle":-12.7,"extra":1}},{"type":"Feature","geometry":{"type":"Point","coordinates":[23.322482,42.709846]},"properties":{"lines":"ТМ4","color":"#d6212b","mode":"tram","arr":["ТМ4","20","21","22","23","24","78","79","100","285","309","404"],"busLines":"20, 21, 22, 23, 24, 78, 79, 100, 285, 309, 404","angle":70.5,"extra":1}},{"type":"Feature","geometry":{"type":"Point","coordinates":[23.293767,42.683515]},"properties":{"lines":"ТМ4","color":"#d6212b","mode":"tram","arr":["ТМ4","63","65","260","604","ТБ74","ТБ801"],"busLines":"63, 65, 260, 604, ТБ74, ТБ801","angle":-35.6}},{"type":"Feature","geometry":{"type":"Point","coordinates":[23.312548,42.69336]},"properties":{"lines":"ТМ4","color":"#d6212b","mode":"tram","arr":["ТМ4","63","65","260","604","ТБ74","ТБ801"],"busLines":"63, 65, 260, 604, ТБ74, ТБ801","angle":-34.9,"extra":1}},{"type":"Feature","geometry":{"type":"Point","coordinates":[23.307421,42.690599]},"properties":{"lines":"ТМ4","color":"#d6212b","mode":"tram","arr":["ТМ4","63","65","260","604","ТБ74","ТБ801"],"busLines":"63, 65, 260, 604, ТБ74, ТБ801","angle":-35,"extra":1}},{"type":"Feature","geometry":{"type":"Point","coordinates":[23.301911,42.687761]},"properties":{"lines":"ТМ4","color":"#d6212b","mode":"tram","arr":["ТМ4","63","65","260","604","ТБ74","ТБ801"],"busLines":"63, 65, 260, 604, ТБ74, ТБ801","angle":-35,"extra":1}},{"type":"Feature","geometry":{"type":"Point","coordinates":[23.285587,42.679037]},"properties":{"lines":"ТМ4","color":"#d6212b","mode":"tram","arr":["ТМ4","63","65","260","604","ТБ74","ТБ801"],"busLines":"63, 65, 260, 604, ТБ74, ТБ801","angle":-37.2,"extra":1}},{"type":"Feature","geometry":{"type":"Point","coordinates":[23.280238,42.676037]},"properties":{"lines":"ТМ4","color":"#d6212b","mode":"tram","arr":["ТМ4","63","65","260","604","ТБ74","ТБ801"],"busLines":"63, 65, 260, 604, ТБ74, ТБ801","angle":-37.6,"extra":1}},{"type":"Feature","geometry":{"type":"Point","coordinates":[23.274917,42.67301]},"properties":{"lines":"ТМ4","color":"#d6212b","mode":"tram","arr":["ТМ4","63","65","260","604","ТБ74","ТБ801"],"busLines":"63, 65, 260, 604, ТБ74, ТБ801","angle":-37.8,"extra":1}},{"type":"Feature","geometry":{"type":"Point","coordinates":[23.317422,42.704692]},"properties":{"lines":"ТМ4, ТМ6, ТМ22А, ТМ27","color":"#d6212b","mode":"tram","arr":["ТМ4","ТМ6","ТМ22А","ТМ27","22","77","82","85","101","213","305","413","N2"],"busLines":"22, 77, 82, 85, 101, 213, 305, 413, N2","angle":-77.6}},{"type":"Feature","geometry":{"type":"Point","coordinates":[23.318215,42.708734]},"properties":{"lines":"ТМ4, ТМ6, ТМ22А, ТМ27","color":"#d6212b","mode":"tram","arr":["ТМ4","ТМ6","ТМ22А","ТМ27","22","77","82","85","101","213","305","413","N2"],"busLines":"22, 77, 82, 85, 101, 213, 305, 413, N2","angle":-82.4,"extra":1}},{"type":"Feature","geometry":{"type":"Point","coordinates":[23.315719,42.699022]},"properties":{"lines":"ТМ4, ТМ6, ТМ22А, ТМ27","color":"#d6212b","mode":"tram","arr":["ТМ4","ТМ6","ТМ22А","ТМ27","22","77","82","85","101","213","305","413","N2"],"busLines":"22, 77, 82, 85, 101, 213, 305, 413, N2","angle":-77.8,"extra":1}},{"type":"Feature","geometry":{"type":"Point","coordinates":[23.31528,42.697662]},"properties":{"lines":"ТМ4, ТМ6, ТМ27","color":"#d6212b","mode":"tram","arr":["ТМ4","ТМ6","ТМ27","N4"],"busLines":"N4","angle":-80.6}},{"type":"Feature","geometry":{"type":"Point","coordinates":[23.315248,42.69595]},"properties":{"lines":"ТМ4, ТМ6, ТМ10, ТМ13, ТМ27","color":"#d6212b","mode":"tram","arr":["ТМ4","ТМ6","ТМ10","ТМ13","ТМ27","N4"],"busLines":"N4","angle":89.4}},{"type":"Feature","geometry":{"type":"Point","coordinates":[23.266436,42.668185]},"properties":{"lines":"ТМ4, ТМ11","color":"#d6212b","mode":"tram","arr":["ТМ4","ТМ11","65","260"],"busLines":"65, 260","angle":-37.9}},{"type":"Feature","geometry":{"type":"Point","coordinates":[23.269763,42.670083]},"properties":{"lines":"ТМ4, ТМ11","color":"#d6212b","mode":"tram","arr":["ТМ4","ТМ11","65","260"],"busLines":"65, 260","angle":-37.8,"extra":1}},{"type":"Feature","geometry":{"type":"Point","coordinates":[23.250729,42.661612]},"properties":{"lines":"ТМ11","color":"#d6212b","mode":"tram","arr":["ТМ11"],"angle":-26.4}},{"type":"Feature","geometry":{"type":"Point","coordinates":[23.257126,42.664023]},"properties":{"lines":"ТМ11","color":"#d6212b","mode":"tram","arr":["ТМ11"],"angle":-27.3,"extra":1}},{"type":"Feature","geometry":{"type":"Point","coordinates":[23.245002,42.659758]},"properties":{"lines":"ТМ11","color":"#d6212b","mode":"tram","arr":["ТМ11"],"angle":-24,"extra":1}},{"type":"Feature","geometry":{"type":"Point","coordinates":[23.271265,42.682674]},"properties":{"lines":"ТМ11","color":"#d6212b","mode":"tram","arr":["ТМ11","11","83","102","103","N3","ТБ60","ТБ73"],"busLines":"11, 83, 102, 103, N3, ТБ60, ТБ73","angle":-28}},{"type":"Feature","geometry":{"type":"Point","coordinates":[23.279202,42.691318]},"properties":{"lines":"ТМ11","color":"#d6212b","mode":"tram","arr":["ТМ11","11","83","102","103","N3","ТБ60","ТБ73"],"busLines":"11, 83, 102, 103, N3, ТБ60, ТБ73","angle":-42.7,"extra":1}},{"type":"Feature","geometry":{"type":"Point","coordinates":[23.275628,42.687169]},"properties":{"lines":"ТМ11","color":"#d6212b","mode":"tram","arr":["ТМ11","11","83","102","103","N3","ТБ60","ТБ73"],"busLines":"11, 83, 102, 103, N3, ТБ60, ТБ73","angle":-62.4,"extra":1}},{"type":"Feature","geometry":{"type":"Point","coordinates":[23.268603,42.679009]},"properties":{"lines":"ТМ11","color":"#d6212b","mode":"tram","arr":["ТМ11","11","83","102","103","N3","ТБ60","ТБ73"],"busLines":"11, 83, 102, 103, N3, ТБ60, ТБ73","angle":-75.6,"extra":1}},{"type":"Feature","geometry":{"type":"Point","coordinates":[23.268971,42.674242]},"properties":{"lines":"ТМ11","color":"#d6212b","mode":"tram","arr":["ТМ11","11","83","102","103","N3","ТБ60","ТБ73"],"busLines":"11, 83, 102, 103, N3, ТБ60, ТБ73","angle":51.1,"extra":1}},{"type":"Feature","geometry":{"type":"Point","coordinates":[23.318105,42.74115]},"properties":{"lines":"ТМ11","color":"#d6212b","mode":"tram","arr":["ТМ11"],"angle":-85.6}},{"type":"Feature","geometry":{"type":"Point","coordinates":[23.320552,42.751133]},"properties":{"lines":"ТМ11","color":"#d6212b","mode":"tram","arr":["ТМ11"],"angle":-86.8,"extra":1}},{"type":"Feature","geometry":{"type":"Point","coordinates":[23.318523,42.746582]},"properties":{"lines":"ТМ11","color":"#d6212b","mode":"tram","arr":["ТМ11"],"angle":-85.6,"extra":1}},{"type":"Feature","geometry":{"type":"Point","coordinates":[23.317565,42.736717]},"properties":{"lines":"ТМ11","color":"#d6212b","mode":"tram","arr":["ТМ11"],"angle":-86.5,"extra":1}},{"type":"Feature","geometry":{"type":"Point","coordinates":[23.317155,42.73178]},"properties":{"lines":"ТМ11","color":"#d6212b","mode":"tram","arr":["ТМ11"],"angle":-85.8,"extra":1}},{"type":"Feature","geometry":{"type":"Point","coordinates":[23.301188,42.711779]},"properties":{"lines":"ТМ11","color":"#d6212b","mode":"tram","arr":["ТМ11"],"angle":-29.9}},{"type":"Feature","geometry":{"type":"Point","coordinates":[23.306774,42.714092]},"properties":{"lines":"ТМ11","color":"#d6212b","mode":"tram","arr":["ТМ11"],"angle":-25.5,"extra":1}},{"type":"Feature","geometry":{"type":"Point","coordinates":[23.299125,42.706944]},"properties":{"lines":"ТМ11","color":"#d6212b","mode":"tram","arr":["ТМ11"],"angle":-77.8,"extra":1}},{"type":"Feature","geometry":{"type":"Point","coordinates":[23.261629,42.665681]},"properties":{"lines":"ТМ5","color":"#d6212b","mode":"tram","arr":["ТМ5","59","65","260","804"],"busLines":"59, 65, 260, 804","angle":-27.2}},{"type":"Feature","geometry":{"type":"Point","coordinates":[23.24505,42.659751]},"properties":{"lines":"ТМ5","color":"#d6212b","mode":"tram","arr":["ТМ5","59","65","260","804"],"busLines":"59, 65, 260, 804","angle":-24.1,"extra":1}},{"type":"Feature","geometry":{"type":"Point","coordinates":[23.251189,42.661753]},"properties":{"lines":"ТМ5","color":"#d6212b","mode":"tram","arr":["ТМ5","59","65","260","804"],"busLines":"59, 65, 260, 804","angle":-26.9,"extra":1}},{"type":"Feature","geometry":{"type":"Point","coordinates":[23.257179,42.664004]},"properties":{"lines":"ТМ5","color":"#d6212b","mode":"tram","arr":["ТМ5","59","65","260","804"],"busLines":"59, 65, 260, 804","angle":-27.2,"extra":1}},{"type":"Feature","geometry":{"type":"Point","coordinates":[23.268467,42.669312]},"properties":{"lines":"ТМ5","color":"#d6212b","mode":"tram","arr":["ТМ5","59","65","260","804"],"busLines":"59, 65, 260, 804","angle":-37.8,"extra":1}},{"type":"Feature","geometry":{"type":"Point","coordinates":[23.273798,42.67233]},"properties":{"lines":"ТМ5","color":"#d6212b","mode":"tram","arr":["ТМ5","59","65","260","804"],"busLines":"59, 65, 260, 804","angle":-37.8,"extra":1}},{"type":"Feature","geometry":{"type":"Point","coordinates":[23.319139,42.695594]},"properties":{"lines":"ТМ5","color":"#d6212b","mode":"tram","arr":["ТМ5"],"angle":-81}},{"type":"Feature","geometry":{"type":"Point","coordinates":[23.29738,42.685376]},"properties":{"lines":"ТМ5, ТМ15","color":"#d6212b","mode":"tram","arr":["ТМ5","ТМ15","63","65","260","604","ТБ74","ТБ801"],"busLines":"63, 65, 260, 604, ТБ74, ТБ801","angle":-35.3}},{"type":"Feature","geometry":{"type":"Point","coordinates":[23.281705,42.676832]},"properties":{"lines":"ТМ5, ТМ15","color":"#d6212b","mode":"tram","arr":["ТМ5","ТМ15","63","65","260","604","ТБ74","ТБ801"],"busLines":"63, 65, 260, 604, ТБ74, ТБ801","angle":-36.6,"extra":1}},{"type":"Feature","geometry":{"type":"Point","coordinates":[23.287066,42.67982]},"properties":{"lines":"ТМ5, ТМ15","color":"#d6212b","mode":"tram","arr":["ТМ5","ТМ15","63","65","260","604","ТБ74","ТБ801"],"busLines":"63, 65, 260, 604, ТБ74, ТБ801","angle":-37.2,"extra":1}},{"type":"Feature","geometry":{"type":"Point","coordinates":[23.292461,42.682775]},"properties":{"lines":"ТМ5, ТМ15","color":"#d6212b","mode":"tram","arr":["ТМ5","ТМ15","63","65","260","604","ТБ74","ТБ801"],"busLines":"63, 65, 260, 604, ТБ74, ТБ801","angle":-36.2,"extra":1}},{"type":"Feature","geometry":{"type":"Point","coordinates":[23.303436,42.688499]},"properties":{"lines":"ТМ5, ТМ15","color":"#d6212b","mode":"tram","arr":["ТМ5","ТМ15","63","65","260","604","ТБ74","ТБ801"],"busLines":"63, 65, 260, 604, ТБ74, ТБ801","angle":-35,"extra":1}},{"type":"Feature","geometry":{"type":"Point","coordinates":[23.308941,42.691342]},"properties":{"lines":"ТМ5, ТМ15","color":"#d6212b","mode":"tram","arr":["ТМ5","ТМ15","63","65","260","604","ТБ74","ТБ801"],"busLines":"63, 65, 260, 604, ТБ74, ТБ801","angle":-35.2,"extra":1}},{"type":"Feature","geometry":{"type":"Point","coordinates":[23.314066,42.694108]},"properties":{"lines":"ТМ5, ТМ15","color":"#d6212b","mode":"tram","arr":["ТМ5","ТМ15","63","65","260","604","ТБ74","ТБ801"],"busLines":"63, 65, 260, 604, ТБ74, ТБ801","angle":-35,"extra":1}},{"type":"Feature","geometry":{"type":"Point","coordinates":[23.317298,42.694883]},"properties":{"lines":"ТМ5, ТМ10, ТМ13, ТМ15","color":"#d6212b","mode":"tram","arr":["ТМ5","ТМ10","ТМ13","ТМ15"],"angle":-7.3}},{"type":"Feature","geometry":{"type":"Point","coordinates":[23.288471,42.733135]},"properties":{"lines":"ТМ6","color":"#d6212b","mode":"tram","arr":["ТМ6","26","29","30","31","81","83","85","108","150","285","N2"],"busLines":"26, 29, 30, 31, 81, 83, 85, 108, 150, 285, N2","angle":44}},{"type":"Feature","geometry":{"type":"Point","coordinates":[23.274808,42.747049]},"properties":{"lines":"ТМ6","color":"#d6212b","mode":"tram","arr":["ТМ6","26","29","30","31","81","83","85","108","150","285","N2"],"busLines":"26, 29, 30, 31, 81, 83, 85, 108, 150, 285, N2","angle":-89.5,"extra":1}},{"type":"Feature","geometry":{"type":"Point","coordinates":[23.275827,42.742692]},"properties":{"lines":"ТМ6","color":"#d6212b","mode":"tram","arr":["ТМ6","26","29","30","31","81","83","85","108","150","285","N2"],"busLines":"26, 29, 30, 31, 81, 83, 85, 108, 150, 285, N2","angle":-0.1,"extra":1}},{"type":"Feature","geometry":{"type":"Point","coordinates":[23.281507,42.741676]},"properties":{"lines":"ТМ6","color":"#d6212b","mode":"tram","arr":["ТМ6","26","29","30","31","81","83","85","108","150","285","N2"],"busLines":"26, 29, 30, 31, 81, 83, 85, 108, 150, 285, N2","angle":72.1,"extra":1}},{"type":"Feature","geometry":{"type":"Point","coordinates":[23.283646,42.736987]},"properties":{"lines":"ТМ6","color":"#d6212b","mode":"tram","arr":["ТМ6","26","29","30","31","81","83","85","108","150","285","N2"],"busLines":"26, 29, 30, 31, 81, 83, 85, 108, 150, 285, N2","angle":71.5,"extra":1}},{"type":"Feature","geometry":{"type":"Point","coordinates":[23.293357,42.735566]},"properties":{"lines":"ТМ6","color":"#d6212b","mode":"tram","arr":["ТМ6","26","29","30","31","81","83","85","108","150","285","N2"],"busLines":"26, 29, 30, 31, 81, 83, 85, 108, 150, 285, N2","angle":-38.4,"extra":1}},{"type":"Feature","geometry":{"type":"Point","coordinates":[23.298713,42.73743]},"properties":{"lines":"ТМ6","color":"#d6212b","mode":"tram","arr":["ТМ6","26","29","30","31","81","83","85","108","150","285","N2"],"busLines":"26, 29, 30, 31, 81, 83, 85, 108, 150, 285, N2","angle":29.1,"extra":1}},{"type":"Feature","geometry":{"type":"Point","coordinates":[23.305051,42.73583]},"properties":{"lines":"ТМ6","color":"#d6212b","mode":"tram","arr":["ТМ6","26","29","30","31","81","83","85","108","150","285","N2"],"busLines":"26, 29, 30, 31, 81, 83, 85, 108, 150, 285, N2","angle":31.5,"extra":1}},{"type":"Feature","geometry":{"type":"Point","coordinates":[23.31069,42.733132]},"properties":{"lines":"ТМ6","color":"#d6212b","mode":"tram","arr":["ТМ6","26","29","30","31","81","83","85","108","150","285","N2"],"busLines":"26, 29, 30, 31, 81, 83, 85, 108, 150, 285, N2","angle":34,"extra":1}},{"type":"Feature","geometry":{"type":"Point","coordinates":[23.314532,42.713584]},"properties":{"lines":"ТМ6","color":"#d6212b","mode":"tram","arr":["ТМ6","77","82","85","86","101","413","N2","ТБ1","ТБ5","ТБ60","ТБ74"],"busLines":"77, 82, 85, 86, 101, 413, N2, ТБ1, ТБ5, ТБ60, ТБ74","angle":27.8}},{"type":"Feature","geometry":{"type":"Point","coordinates":[23.318122,42.711842]},"properties":{"lines":"ТМ6","color":"#d6212b","mode":"tram","arr":["ТМ6","77","82","85","86","101","413","N2","ТБ1","ТБ5","ТБ60","ТБ74"],"busLines":"77, 82, 85, 86, 101, 413, N2, ТБ1, ТБ5, ТБ60, ТБ74","angle":36.6,"extra":1}},{"type":"Feature","geometry":{"type":"Point","coordinates":[23.310171,42.677925]},"properties":{"lines":"ТМ6","color":"#d6212b","mode":"tram","arr":["ТМ6"],"angle":-72.7}},{"type":"Feature","geometry":{"type":"Point","coordinates":[23.311591,42.722482]},"properties":{"lines":"ТМ6, ТМ11","color":"#d6212b","mode":"tram","arr":["ТМ6","ТМ11"],"angle":-84.3}},{"type":"Feature","geometry":{"type":"Point","coordinates":[23.312822,42.72848]},"properties":{"lines":"ТМ6, ТМ11","color":"#d6212b","mode":"tram","arr":["ТМ6","ТМ11"],"angle":-80.7,"extra":1}},{"type":"Feature","geometry":{"type":"Point","coordinates":[23.310031,42.719503]},"properties":{"lines":"ТМ6, ТМ11","color":"#d6212b","mode":"tram","arr":["ТМ6","ТМ11"],"angle":-4.9,"extra":1}},{"type":"Feature","geometry":{"type":"Point","coordinates":[23.314444,42.691432]},"properties":{"lines":"ТМ6, ТМ7, ТМ27","color":"#d6212b","mode":"tram","arr":["ТМ6","ТМ7","ТМ27","N4"],"busLines":"N4","angle":-80}},{"type":"Feature","geometry":{"type":"Point","coordinates":[23.316094,42.684526]},"properties":{"lines":"ТМ6, ТМ7, ТМ27","color":"#d6212b","mode":"tram","arr":["ТМ6","ТМ7","ТМ27"],"angle":-61.9}},{"type":"Feature","geometry":{"type":"Point","coordinates":[23.322651,42.700907]},"properties":{"lines":"ТМ7, ТМ12","color":"#d6212b","mode":"tram","arr":["ТМ7","ТМ12","N2"],"busLines":"N2","angle":-78.2}},{"type":"Feature","geometry":{"type":"Point","coordinates":[23.323747,42.704567]},"properties":{"lines":"ТМ7, ТМ12","color":"#d6212b","mode":"tram","arr":["ТМ7","ТМ12","N2"],"busLines":"N2","angle":-78.4,"extra":1}},{"type":"Feature","geometry":{"type":"Point","coordinates":[23.320872,42.695144]},"properties":{"lines":"ТМ7, ТМ12","color":"#d6212b","mode":"tram","arr":["ТМ7","ТМ12","N2"],"busLines":"N2","angle":-77.1,"extra":1}},{"type":"Feature","geometry":{"type":"Point","coordinates":[23.319491,42.695065]},"properties":{"lines":"ТМ7","color":"#d6212b","mode":"tram","arr":["ТМ7"],"angle":5.7}},{"type":"Feature","geometry":{"type":"Point","coordinates":[23.316967,42.694881]},"properties":{"lines":"ТМ7, ТМ8","color":"#d6212b","mode":"tram","arr":["ТМ7","ТМ8"],"angle":-6.9}},{"type":"Feature","geometry":{"type":"Point","coordinates":[23.295741,42.673885]},"properties":{"lines":"ТМ7, ТМ27","color":"#d6212b","mode":"tram","arr":["ТМ7","ТМ27","61","64","76","102","204","304","604","N4"],"busLines":"61, 64, 76, 102, 204, 304, 604, N4","angle":-65.1}},{"type":"Feature","geometry":{"type":"Point","coordinates":[23.310225,42.681501]},"properties":{"lines":"ТМ7, ТМ27","color":"#d6212b","mode":"tram","arr":["ТМ7","ТМ27","61","64","76","102","204","304","604","N4"],"busLines":"61, 64, 76, 102, 204, 304, 604, N4","angle":-5.7,"extra":1}},{"type":"Feature","geometry":{"type":"Point","coordinates":[23.303958,42.679782]},"properties":{"lines":"ТМ7, ТМ27","color":"#d6212b","mode":"tram","arr":["ТМ7","ТМ27","61","64","76","102","204","304","604","N4"],"busLines":"61, 64, 76, 102, 204, 304, 604, N4","angle":-24.2,"extra":1}},{"type":"Feature","geometry":{"type":"Point","coordinates":[23.298099,42.67766]},"properties":{"lines":"ТМ7, ТМ27","color":"#d6212b","mode":"tram","arr":["ТМ7","ТМ27","61","64","76","102","204","304","604","N4"],"busLines":"61, 64, 76, 102, 204, 304, 604, N4","angle":-60.5,"extra":1}},{"type":"Feature","geometry":{"type":"Point","coordinates":[23.291531,42.66907]},"properties":{"lines":"ТМ7, ТМ27","color":"#d6212b","mode":"tram","arr":["ТМ7","ТМ27","61","64","76","102","204","304","604","N4"],"busLines":"61, 64, 76, 102, 204, 304, 604, N4","angle":-53.7,"extra":1}},{"type":"Feature","geometry":{"type":"Point","coordinates":[23.287633,42.66504]},"properties":{"lines":"ТМ7, ТМ27","color":"#d6212b","mode":"tram","arr":["ТМ7","ТМ27","61","64","76","102","204","304","604","N4"],"busLines":"61, 64, 76, 102, 204, 304, 604, N4","angle":-54.8,"extra":1}},{"type":"Feature","geometry":{"type":"Point","coordinates":[23.284713,42.661317]},"properties":{"lines":"ТМ7, ТМ27","color":"#d6212b","mode":"tram","arr":["ТМ7","ТМ27","61","64","76","102","204","304","604","N4"],"busLines":"61, 64, 76, 102, 204, 304, 604, N4","angle":34.6,"extra":1}},{"type":"Feature","geometry":{"type":"Point","coordinates":[23.261049,42.715719]},"properties":{"lines":"ТМ8","color":"#d6212b","mode":"tram","arr":["ТМ8","42","111","310","N1"],"busLines":"42, 111, 310, N1","angle":36.6}},{"type":"Feature","geometry":{"type":"Point","coordinates":[23.284864,42.70461]},"properties":{"lines":"ТМ8","color":"#d6212b","mode":"tram","arr":["ТМ8","42","111","310","N1"],"busLines":"42, 111, 310, N1","angle":65.6,"extra":1}},{"type":"Feature","geometry":{"type":"Point","coordinates":[23.279686,42.7073]},"properties":{"lines":"ТМ8","color":"#d6212b","mode":"tram","arr":["ТМ8","42","111","310","N1"],"busLines":"42, 111, 310, N1","angle":19.3,"extra":1}},{"type":"Feature","geometry":{"type":"Point","coordinates":[23.273699,42.709475]},"properties":{"lines":"ТМ8","color":"#d6212b","mode":"tram","arr":["ТМ8","42","111","310","N1"],"busLines":"42, 111, 310, N1","angle":35.6,"extra":1}},{"type":"Feature","geometry":{"type":"Point","coordinates":[23.268124,42.71183]},"properties":{"lines":"ТМ8","color":"#d6212b","mode":"tram","arr":["ТМ8","42","111","310","N1"],"busLines":"42, 111, 310, N1","angle":36.7,"extra":1}},{"type":"Feature","geometry":{"type":"Point","coordinates":[23.257181,42.717543]},"properties":{"lines":"ТМ8","color":"#d6212b","mode":"tram","arr":["ТМ8","42","111","310","N1"],"busLines":"42, 111, 310, N1","angle":36.7,"extra":1}},{"type":"Feature","geometry":{"type":"Point","coordinates":[23.252352,42.717228]},"properties":{"lines":"ТМ8","color":"#d6212b","mode":"tram","arr":["ТМ8","42","111","310","N1"],"busLines":"42, 111, 310, N1","angle":-54.1,"extra":1}},{"type":"Feature","geometry":{"type":"Point","coordinates":[23.248416,42.713216]},"properties":{"lines":"ТМ8","color":"#d6212b","mode":"tram","arr":["ТМ8","42","111","310","N1"],"busLines":"42, 111, 310, N1","angle":-53.8,"extra":1}},{"type":"Feature","geometry":{"type":"Point","coordinates":[23.244142,42.710196]},"properties":{"lines":"ТМ8","color":"#d6212b","mode":"tram","arr":["ТМ8","42","111","310","N1"],"busLines":"42, 111, 310, N1","angle":36.5,"extra":1}},{"type":"Feature","geometry":{"type":"Point","coordinates":[23.238676,42.713041]},"properties":{"lines":"ТМ8","color":"#d6212b","mode":"tram","arr":["ТМ8","42","111","310","N1"],"busLines":"42, 111, 310, N1","angle":21.7,"extra":1}},{"type":"Feature","geometry":{"type":"Point","coordinates":[23.291805,42.694682]},"properties":{"lines":"ТМ11, ТМ22А","color":"#d6212b","mode":"tram","arr":["ТМ11","ТМ22А","11","72","77","83","N3","ТБ60"],"busLines":"11, 72, 77, 83, N3, ТБ60","angle":21.4}},{"type":"Feature","geometry":{"type":"Point","coordinates":[23.296571,42.697887]},"properties":{"lines":"ТМ11, ТМ22А","color":"#d6212b","mode":"tram","arr":["ТМ11","ТМ22А","11","72","77","83","N3","ТБ60"],"busLines":"11, 72, 77, 83, N3, ТБ60","angle":-78.1,"extra":1}},{"type":"Feature","geometry":{"type":"Point","coordinates":[23.287078,42.695737]},"properties":{"lines":"ТМ11, ТМ22А","color":"#d6212b","mode":"tram","arr":["ТМ11","ТМ22А","11","72","77","83","N3","ТБ60"],"busLines":"11, 72, 77, 83, N3, ТБ60","angle":4.7,"extra":1}},{"type":"Feature","geometry":{"type":"Point","coordinates":[23.281761,42.693094]},"properties":{"lines":"ТМ11, ТМ22А","color":"#d6212b","mode":"tram","arr":["ТМ11","ТМ22А","11","72","77","83","N3","ТБ60"],"busLines":"11, 72, 77, 83, N3, ТБ60","angle":-43.4,"extra":1}},{"type":"Feature","geometry":{"type":"Point","coordinates":[23.319877,42.694999]},"properties":{"lines":"ТМ10, ТМ13, ТМ15","color":"#d6212b","mode":"tram","arr":["ТМ10","ТМ13","ТМ15"],"angle":7.5}},{"type":"Feature","geometry":{"type":"Point","coordinates":[23.324899,42.673398]},"properties":{"lines":"ТМ10, ТМ13, ТМ15","color":"#d6212b","mode":"tram","arr":["ТМ10","ТМ13","ТМ15"],"angle":-21.1}},{"type":"Feature","geometry":{"type":"Point","coordinates":[23.334644,42.679934]},"properties":{"lines":"ТМ10, ТМ13, ТМ15","color":"#d6212b","mode":"tram","arr":["ТМ10","ТМ13","ТМ15"],"angle":9.7,"extra":1}},{"type":"Feature","geometry":{"type":"Point","coordinates":[23.334885,42.677033]},"properties":{"lines":"ТМ10, ТМ13, ТМ15","color":"#d6212b","mode":"tram","arr":["ТМ10","ТМ13","ТМ15"],"angle":-52,"extra":1}},{"type":"Feature","geometry":{"type":"Point","coordinates":[23.329061,42.674636]},"properties":{"lines":"ТМ10, ТМ13, ТМ15","color":"#d6212b","mode":"tram","arr":["ТМ10","ТМ13","ТМ15"],"angle":-26.3,"extra":1}},{"type":"Feature","geometry":{"type":"Point","coordinates":[23.319381,42.668766]},"properties":{"lines":"ТМ10, ТМ13, ТМ15","color":"#d6212b","mode":"tram","arr":["ТМ10","ТМ13","ТМ15"],"angle":-67.6,"extra":1}},{"type":"Feature","geometry":{"type":"Point","coordinates":[23.31738,42.66408]},"properties":{"lines":"ТМ10, ТМ13, ТМ15","color":"#d6212b","mode":"tram","arr":["ТМ10","ТМ13","ТМ15"],"angle":-82.4,"extra":1}},{"type":"Feature","geometry":{"type":"Point","coordinates":[23.328565,42.688404]},"properties":{"lines":"ТМ10, ТМ12, ТМ13, ТМ15","color":"#d6212b","mode":"tram","arr":["ТМ10","ТМ12","ТМ13","ТМ15"],"angle":47.8}},{"type":"Feature","geometry":{"type":"Point","coordinates":[23.323213,42.693274]},"properties":{"lines":"ТМ10, ТМ12, ТМ13, ТМ15","color":"#d6212b","mode":"tram","arr":["ТМ10","ТМ12","ТМ13","ТМ15"],"angle":56,"extra":1}},{"type":"Feature","geometry":{"type":"Point","coordinates":[23.33072,42.685697]},"properties":{"lines":"ТМ10, ТМ12, ТМ13, ТМ15","color":"#d6212b","mode":"tram","arr":["ТМ10","ТМ12","ТМ13","ТМ15"],"angle":-36.2,"extra":1}},{"type":"Feature","geometry":{"type":"Point","coordinates":[23.331785,42.681001]},"properties":{"lines":"ТМ10, ТМ12, ТМ13, ТМ15","color":"#d6212b","mode":"tram","arr":["ТМ10","ТМ12","ТМ13","ТМ15"],"angle":23.9,"extra":1}},{"type":"Feature","geometry":{"type":"Point","coordinates":[23.322986,42.693565]},"properties":{"lines":"ТМ18","color":"#d6212b","mode":"tram","arr":["ТМ18"],"angle":58.7}},{"type":"Feature","geometry":{"type":"Point","coordinates":[23.330914,42.683808]},"properties":{"lines":"ТМ18","color":"#d6212b","mode":"tram","arr":["ТМ18"],"angle":79.3,"extra":1}},{"type":"Feature","geometry":{"type":"Point","coordinates":[23.329222,42.6879]},"properties":{"lines":"ТМ18","color":"#d6212b","mode":"tram","arr":["ТМ18"],"angle":50.2,"extra":1}},{"type":"Feature","geometry":{"type":"Point","coordinates":[23.322395,42.699869]},"properties":{"lines":"ТМ18","color":"#d6212b","mode":"tram","arr":["ТМ18"],"angle":-78.4,"extra":1}},{"type":"Feature","geometry":{"type":"Point","coordinates":[23.323826,42.704702]},"properties":{"lines":"ТМ18","color":"#d6212b","mode":"tram","arr":["ТМ18"],"angle":-78.7,"extra":1}},{"type":"Feature","geometry":{"type":"Point","coordinates":[23.313013,42.700182]},"properties":{"lines":"ТМ20, ТМ21","color":"#d6212b","mode":"tram","arr":["ТМ20","ТМ21"],"angle":-78.4}},{"type":"Feature","geometry":{"type":"Point","coordinates":[23.353528,42.683832]},"properties":{"lines":"ТМ20, ТМ21","color":"#d6212b","mode":"tram","arr":["ТМ20","ТМ21","9","72","305","413","N4"],"busLines":"9, 72, 305, 413, N4","angle":39.2}},{"type":"Feature","geometry":{"type":"Point","coordinates":[23.355167,42.694634]},"properties":{"lines":"ТМ20, ТМ21","color":"#d6212b","mode":"tram","arr":["ТМ20","ТМ21","9","72","305","413","N4"],"busLines":"9, 72, 305, 413, N4","angle":89.9,"extra":1}},{"type":"Feature","geometry":{"type":"Point","coordinates":[23.35372,42.689904]},"properties":{"lines":"ТМ20, ТМ21","color":"#d6212b","mode":"tram","arr":["ТМ20","ТМ21","9","72","305","413","N4"],"busLines":"9, 72, 305, 413, N4","angle":-66.8,"extra":1}},{"type":"Feature","geometry":{"type":"Point","coordinates":[23.350586,42.685601]},"properties":{"lines":"ТМ20, ТМ21","color":"#d6212b","mode":"tram","arr":["ТМ20","ТМ21","9","72","305","413","N4"],"busLines":"9, 72, 305, 413, N4","angle":76.1,"extra":1}},{"type":"Feature","geometry":{"type":"Point","coordinates":[23.360383,42.679361]},"properties":{"lines":"ТМ20, ТМ21","color":"#d6212b","mode":"tram","arr":["ТМ20","ТМ21","9","72","305","413","N4"],"busLines":"9, 72, 305, 413, N4","angle":8.7,"extra":1}},{"type":"Feature","geometry":{"type":"Point","coordinates":[23.366716,42.677908]},"properties":{"lines":"ТМ20, ТМ21","color":"#d6212b","mode":"tram","arr":["ТМ20","ТМ21","9","72","305","413","N4"],"busLines":"9, 72, 305, 413, N4","angle":30.2,"extra":1}},{"type":"Feature","geometry":{"type":"Point","coordinates":[23.334256,42.698626]},"properties":{"lines":"ТМ20, ТМ21, ТМ22","color":"#d6212b","mode":"tram","arr":["ТМ20","ТМ21","ТМ22","11","22ТМ","75","78","79","404","N3","N4","ТБ1","ТБ2","ТБ3","ТБ4"],"busLines":"11, 22ТМ, 75, 78, 79, 404, N3, N4, ТБ1, ТБ2, ТБ3, ТБ4","angle":-7.7}},{"type":"Feature","geometry":{"type":"Point","coordinates":[23.316702,42.700078]},"properties":{"lines":"ТМ20, ТМ21, ТМ22","color":"#d6212b","mode":"tram","arr":["ТМ20","ТМ21","ТМ22","11","22ТМ","75","78","79","404","N3","N4","ТБ1","ТБ2","ТБ3","ТБ4"],"busLines":"11, 22ТМ, 75, 78, 79, 404, N3, N4, ТБ1, ТБ2, ТБ3, ТБ4","angle":13.1,"extra":1}},{"type":"Feature","geometry":{"type":"Point","coordinates":[23.322825,42.700085]},"properties":{"lines":"ТМ20, ТМ21, ТМ22","color":"#d6212b","mode":"tram","arr":["ТМ20","ТМ21","ТМ22","11","22ТМ","75","78","79","404","N3","N4","ТБ1","ТБ2","ТБ3","ТБ4"],"busLines":"11, 22ТМ, 75, 78, 79, 404, N3, N4, ТБ1, ТБ2, ТБ3, ТБ4","angle":13.9,"extra":1}},{"type":"Feature","geometry":{"type":"Point","coordinates":[23.327757,42.697983]},"properties":{"lines":"ТМ20, ТМ21, ТМ22","color":"#d6212b","mode":"tram","arr":["ТМ20","ТМ21","ТМ22","11","22ТМ","75","78","79","404","N3","N4","ТБ1","ТБ2","ТБ3","ТБ4"],"busLines":"11, 22ТМ, 75, 78, 79, 404, N3, N4, ТБ1, ТБ2, ТБ3, ТБ4","angle":-7.7,"extra":1}},{"type":"Feature","geometry":{"type":"Point","coordinates":[23.33804,42.696614]},"properties":{"lines":"ТМ20, ТМ21, ТМ22","color":"#d6212b","mode":"tram","arr":["ТМ20","ТМ21","ТМ22","11","22ТМ","75","78","79","404","N3","N4","ТБ1","ТБ2","ТБ3","ТБ4"],"busLines":"11, 22ТМ, 75, 78, 79, 404, N3, N4, ТБ1, ТБ2, ТБ3, ТБ4","angle":39.6,"extra":1}},{"type":"Feature","geometry":{"type":"Point","coordinates":[23.344745,42.696288]},"properties":{"lines":"ТМ20, ТМ21, ТМ22","color":"#d6212b","mode":"tram","arr":["ТМ20","ТМ21","ТМ22","11","22ТМ","75","78","79","404","N3","N4","ТБ1","ТБ2","ТБ3","ТБ4"],"busLines":"11, 22ТМ, 75, 78, 79, 404, N3, N4, ТБ1, ТБ2, ТБ3, ТБ4","angle":3.5,"extra":1}},{"type":"Feature","geometry":{"type":"Point","coordinates":[23.351391,42.696672]},"properties":{"lines":"ТМ20, ТМ21, ТМ22","color":"#d6212b","mode":"tram","arr":["ТМ20","ТМ21","ТМ22","11","22ТМ","75","78","79","404","N3","N4","ТБ1","ТБ2","ТБ3","ТБ4"],"busLines":"11, 22ТМ, 75, 78, 79, 404, N3, N4, ТБ1, ТБ2, ТБ3, ТБ4","angle":-11.9,"extra":1}},{"type":"Feature","geometry":{"type":"Point","coordinates":[23.397747,42.670131]},"properties":{"lines":"ТМ20","color":"#d6212b","mode":"tram","arr":["ТМ20"],"angle":33.8}},{"type":"Feature","geometry":{"type":"Point","coordinates":[23.373555,42.675469]},"properties":{"lines":"ТМ20","color":"#d6212b","mode":"tram","arr":["ТМ20"],"angle":14,"extra":1}},{"type":"Feature","geometry":{"type":"Point","coordinates":[23.380086,42.674282]},"properties":{"lines":"ТМ20","color":"#d6212b","mode":"tram","arr":["ТМ20"],"angle":13.8,"extra":1}},{"type":"Feature","geometry":{"type":"Point","coordinates":[23.386492,42.672909]},"properties":{"lines":"ТМ20","color":"#d6212b","mode":"tram","arr":["ТМ20"],"angle":12.2,"extra":1}},{"type":"Feature","geometry":{"type":"Point","coordinates":[23.393034,42.671754]},"properties":{"lines":"ТМ20","color":"#d6212b","mode":"tram","arr":["ТМ20"],"angle":13.7,"extra":1}},{"type":"Feature","geometry":{"type":"Point","coordinates":[23.404465,42.666691]},"properties":{"lines":"ТМ20","color":"#d6212b","mode":"tram","arr":["ТМ20"],"angle":36.4,"extra":1}},{"type":"Feature","geometry":{"type":"Point","coordinates":[23.410188,42.664112]},"properties":{"lines":"ТМ20","color":"#d6212b","mode":"tram","arr":["ТМ20"],"angle":23.1,"extra":1}},{"type":"Feature","geometry":{"type":"Point","coordinates":[23.415273,42.661465]},"properties":{"lines":"ТМ20","color":"#d6212b","mode":"tram","arr":["ТМ20"],"angle":-89.5,"extra":1}},{"type":"Feature","geometry":{"type":"Point","coordinates":[23.414485,42.656553]},"properties":{"lines":"ТМ20","color":"#d6212b","mode":"tram","arr":["ТМ20"],"angle":-83.4,"extra":1}},{"type":"Feature","geometry":{"type":"Point","coordinates":[23.370046,42.67669]},"properties":{"lines":"ТМ21","color":"#d6212b","mode":"tram","arr":["ТМ21","181","185","ТБE186"],"busLines":"181, 185, ТБE186","angle":74.7}},{"type":"Feature","geometry":{"type":"Point","coordinates":[23.314261,42.698305]},"properties":{"lines":"ТМ22А","color":"#d6212b","mode":"tram","arr":["ТМ22А"],"angle":10.3}},{"type":"Feature","geometry":{"type":"Point","coordinates":[23.401673,42.668214]},"properties":{"lines":"ТМ23","color":"#d6212b","mode":"tram","arr":["ТМ23"],"angle":33.4}},{"type":"Feature","geometry":{"type":"Point","coordinates":[23.405472,42.650789]},"properties":{"lines":"ТМ23","color":"#d6212b","mode":"tram","arr":["ТМ23"],"angle":-67.3,"extra":1}},{"type":"Feature","geometry":{"type":"Point","coordinates":[23.408034,42.655363]},"properties":{"lines":"ТМ23","color":"#d6212b","mode":"tram","arr":["ТМ23"],"angle":-69,"extra":1}},{"type":"Feature","geometry":{"type":"Point","coordinates":[23.410388,42.659996]},"properties":{"lines":"ТМ23","color":"#d6212b","mode":"tram","arr":["ТМ23"],"angle":-69.5,"extra":1}},{"type":"Feature","geometry":{"type":"Point","coordinates":[23.410634,42.664008]},"properties":{"lines":"ТМ23","color":"#d6212b","mode":"tram","arr":["ТМ23"],"angle":23.2,"extra":1}},{"type":"Feature","geometry":{"type":"Point","coordinates":[23.404859,42.666519]},"properties":{"lines":"ТМ23","color":"#d6212b","mode":"tram","arr":["ТМ23"],"angle":35.6,"extra":1}},{"type":"Feature","geometry":{"type":"Point","coordinates":[23.393501,42.671699]},"properties":{"lines":"ТМ23","color":"#d6212b","mode":"tram","arr":["ТМ23"],"angle":13.1,"extra":1}},{"type":"Feature","geometry":{"type":"Point","coordinates":[23.386962,42.672861]},"properties":{"lines":"ТМ23","color":"#d6212b","mode":"tram","arr":["ТМ23"],"angle":13,"extra":1}},{"type":"Feature","geometry":{"type":"Point","coordinates":[23.380549,42.674227]},"properties":{"lines":"ТМ23","color":"#d6212b","mode":"tram","arr":["ТМ23"],"angle":13.7,"extra":1}},{"type":"Feature","geometry":{"type":"Point","coordinates":[23.374016,42.67541]},"properties":{"lines":"ТМ23","color":"#d6212b","mode":"tram","arr":["ТМ23"],"angle":13.7,"extra":1}},{"type":"Feature","geometry":{"type":"Point","coordinates":[23.352945,42.667653]},"properties":{"lines":"M1","color":"#EB2227","mode":"tram","arr":["M1"],"metro":1,"angle":70.3}},{"type":"Feature","geometry":{"type":"Point","coordinates":[23.373091,42.632351]},"properties":{"lines":"M1","color":"#EB2227","mode":"tram","arr":["M1"],"metro":1,"angle":88.9,"extra":1}},{"type":"Feature","geometry":{"type":"Point","coordinates":[23.372982,42.637296]},"properties":{"lines":"M1","color":"#EB2227","mode":"tram","arr":["M1"],"metro":1,"angle":89.1,"extra":1}},{"type":"Feature","geometry":{"type":"Point","coordinates":[23.373362,42.642199]},"properties":{"lines":"M1","color":"#EB2227","mode":"tram","arr":["M1"],"metro":1,"angle":-70.4,"extra":1}},{"type":"Feature","geometry":{"type":"Point","coordinates":[23.376106,42.646714]},"properties":{"lines":"M1","color":"#EB2227","mode":"tram","arr":["M1"],"metro":1,"angle":-65.9,"extra":1}},{"type":"Feature","geometry":{"type":"Point","coordinates":[23.375788,42.651234]},"properties":{"lines":"M1","color":"#EB2227","mode":"tram","arr":["M1"],"metro":1,"angle":43.3,"extra":1}},{"type":"Feature","geometry":{"type":"Point","coordinates":[23.370921,42.654649]},"properties":{"lines":"M1","color":"#EB2227","mode":"tram","arr":["M1"],"metro":1,"angle":43.8,"extra":1}},{"type":"Feature","geometry":{"type":"Point","coordinates":[23.365716,42.657772]},"properties":{"lines":"M1","color":"#EB2227","mode":"tram","arr":["M1"],"metro":1,"angle":38.8,"extra":1}},{"type":"Feature","geometry":{"type":"Point","coordinates":[23.360791,42.661118]},"properties":{"lines":"M1","color":"#EB2227","mode":"tram","arr":["M1"],"metro":1,"angle":40.8,"extra":1}},{"type":"Feature","geometry":{"type":"Point","coordinates":[23.355966,42.664447]},"properties":{"lines":"M1","color":"#EB2227","mode":"tram","arr":["M1"],"metro":1,"angle":52.7,"extra":1}},{"type":"Feature","geometry":{"type":"Point","coordinates":[23.348672,42.672381]},"properties":{"lines":"M1","color":"#EB2227","mode":"tram","arr":["M1"],"metro":1,"angle":25.8,"extra":1}},{"type":"Feature","geometry":{"type":"Point","coordinates":[23.343824,42.675756]},"properties":{"lines":"M1","color":"#EB2227","mode":"tram","arr":["M1"],"metro":1,"angle":48.1,"extra":1}},{"type":"Feature","geometry":{"type":"Point","coordinates":[23.339346,42.679447]},"properties":{"lines":"M1","color":"#EB2227","mode":"tram","arr":["M1"],"metro":1,"angle":48.4,"extra":1}},{"type":"Feature","geometry":{"type":"Point","coordinates":[23.334876,42.683144]},"properties":{"lines":"M1","color":"#EB2227","mode":"tram","arr":["M1"],"metro":1,"angle":48,"extra":1}},{"type":"Feature","geometry":{"type":"Point","coordinates":[23.332532,42.687462]},"properties":{"lines":"M1","color":"#EB2227","mode":"tram","arr":["M1"],"metro":1,"angle":-66.4,"extra":1}},{"type":"Feature","geometry":{"type":"Point","coordinates":[23.335046,42.691699]},"properties":{"lines":"M1","color":"#EB2227","mode":"tram","arr":["M1"],"metro":1,"angle":65.2,"extra":1}},{"type":"Feature","geometry":{"type":"Point","coordinates":[23.330134,42.694826]},"properties":{"lines":"M1","color":"#EB2227","mode":"tram","arr":["M1"],"metro":1,"angle":28.5,"extra":1}},{"type":"Feature","geometry":{"type":"Point","coordinates":[23.324219,42.697183]},"properties":{"lines":"M1","color":"#EB2227","mode":"tram","arr":["M1"],"metro":1,"angle":25,"extra":1}},{"type":"Feature","geometry":{"type":"Point","coordinates":[23.317741,42.698501]},"properties":{"lines":"M1","color":"#EB2227","mode":"tram","arr":["M1"],"metro":1,"angle":17,"extra":1}},{"type":"Feature","geometry":{"type":"Point","coordinates":[23.37126,42.654472]},"properties":{"lines":"M4","color":"#FFDE17","mode":"tram","arr":["M4"],"metro":1,"angle":43.5}},{"type":"Feature","geometry":{"type":"Point","coordinates":[23.320453,42.69808]},"properties":{"lines":"M4","color":"#FFDE17","mode":"tram","arr":["M4"],"metro":1,"angle":14.5,"extra":1}},{"type":"Feature","geometry":{"type":"Point","coordinates":[23.326667,42.696262]},"properties":{"lines":"M4","color":"#FFDE17","mode":"tram","arr":["M4"],"metro":1,"angle":28.7,"extra":1}},{"type":"Feature","geometry":{"type":"Point","coordinates":[23.332581,42.693905]},"properties":{"lines":"M4","color":"#FFDE17","mode":"tram","arr":["M4"],"metro":1,"angle":28.4,"extra":1}},{"type":"Feature","geometry":{"type":"Point","coordinates":[23.33513,42.689839]},"properties":{"lines":"M4","color":"#FFDE17","mode":"tram","arr":["M4"],"metro":1,"angle":-68.5,"extra":1}},{"type":"Feature","geometry":{"type":"Point","coordinates":[23.332536,42.685582]},"properties":{"lines":"M4","color":"#FFDE17","mode":"tram","arr":["M4"],"metro":1,"angle":73.8,"extra":1}},{"type":"Feature","geometry":{"type":"Point","coordinates":[23.336678,42.681725]},"properties":{"lines":"M4","color":"#FFDE17","mode":"tram","arr":["M4"],"metro":1,"angle":48.2,"extra":1}},{"type":"Feature","geometry":{"type":"Point","coordinates":[23.341163,42.678037]},"properties":{"lines":"M4","color":"#FFDE17","mode":"tram","arr":["M4"],"metro":1,"angle":48.2,"extra":1}},{"type":"Feature","geometry":{"type":"Point","coordinates":[23.345647,42.67435]},"properties":{"lines":"M4","color":"#FFDE17","mode":"tram","arr":["M4"],"metro":1,"angle":48.2,"extra":1}},{"type":"Feature","geometry":{"type":"Point","coordinates":[23.350918,42.67135]},"properties":{"lines":"M4","color":"#FFDE17","mode":"tram","arr":["M4"],"metro":1,"angle":42.9,"extra":1}},{"type":"Feature","geometry":{"type":"Point","coordinates":[23.353491,42.666828]},"properties":{"lines":"M4","color":"#FFDE17","mode":"tram","arr":["M4"],"metro":1,"angle":61.8,"extra":1}},{"type":"Feature","geometry":{"type":"Point","coordinates":[23.357596,42.662922]},"properties":{"lines":"M4","color":"#FFDE17","mode":"tram","arr":["M4"],"metro":1,"angle":47.8,"extra":1}},{"type":"Feature","geometry":{"type":"Point","coordinates":[23.362626,42.659717]},"properties":{"lines":"M4","color":"#FFDE17","mode":"tram","arr":["M4"],"metro":1,"angle":45.5,"extra":1}},{"type":"Feature","geometry":{"type":"Point","coordinates":[23.367876,42.656629]},"properties":{"lines":"M4","color":"#FFDE17","mode":"tram","arr":["M4"],"metro":1,"angle":36.9,"extra":1}},{"type":"Feature","geometry":{"type":"Point","coordinates":[23.377715,42.649911]},"properties":{"lines":"M4","color":"#FFDE17","mode":"tram","arr":["M4"],"metro":1,"angle":44.9,"extra":1}},{"type":"Feature","geometry":{"type":"Point","coordinates":[23.382824,42.646762]},"properties":{"lines":"M4","color":"#FFDE17","mode":"tram","arr":["M4"],"metro":1,"angle":18.3,"extra":1}},{"type":"Feature","geometry":{"type":"Point","coordinates":[23.389308,42.645741]},"properties":{"lines":"M4","color":"#FFDE17","mode":"tram","arr":["M4"],"metro":1,"angle":-16.4,"extra":1}},{"type":"Feature","geometry":{"type":"Point","coordinates":[23.393532,42.649399]},"properties":{"lines":"M4","color":"#FFDE17","mode":"tram","arr":["M4"],"metro":1,"angle":-61.7,"extra":1}},{"type":"Feature","geometry":{"type":"Point","coordinates":[23.394584,42.654022]},"properties":{"lines":"M4","color":"#FFDE17","mode":"tram","arr":["M4"],"metro":1,"angle":64.8,"extra":1}},{"type":"Feature","geometry":{"type":"Point","coordinates":[23.394552,42.65885]},"properties":{"lines":"M4","color":"#FFDE17","mode":"tram","arr":["M4"],"metro":1,"angle":-81.1,"extra":1}},{"type":"Feature","geometry":{"type":"Point","coordinates":[23.397848,42.663114]},"properties":{"lines":"M4","color":"#FFDE17","mode":"tram","arr":["M4"],"metro":1,"angle":-61.2,"extra":1}},{"type":"Feature","geometry":{"type":"Point","coordinates":[23.401513,42.667254]},"properties":{"lines":"M4","color":"#FFDE17","mode":"tram","arr":["M4"],"metro":1,"angle":-62.2,"extra":1}},{"type":"Feature","geometry":{"type":"Point","coordinates":[23.404658,42.671604]},"properties":{"lines":"M4","color":"#FFDE17","mode":"tram","arr":["M4"],"metro":1,"angle":-55.1,"extra":1}},{"type":"Feature","geometry":{"type":"Point","coordinates":[23.408965,42.675391]},"properties":{"lines":"M4","color":"#FFDE17","mode":"tram","arr":["M4"],"metro":1,"angle":-47.3,"extra":1}},{"type":"Feature","geometry":{"type":"Point","coordinates":[23.412717,42.679441]},"properties":{"lines":"M4","color":"#FFDE17","mode":"tram","arr":["M4"],"metro":1,"angle":-64.2,"extra":1}},{"type":"Feature","geometry":{"type":"Point","coordinates":[23.414939,42.684088]},"properties":{"lines":"M4","color":"#FFDE17","mode":"tram","arr":["M4"],"metro":1,"angle":-67.7,"extra":1}},{"type":"Feature","geometry":{"type":"Point","coordinates":[23.278776,42.707553]},"properties":{"lines":"M1, M4","color":"#7d2b8b","mode":"tram","arr":["M1","M4"],"metro":1,"angle":19.7}},{"type":"Feature","geometry":{"type":"Point","coordinates":[23.31391,42.699226]},"properties":{"lines":"M1, M4","color":"#7d2b8b","mode":"tram","arr":["M1","M4"],"metro":1,"angle":14.3,"extra":1}},{"type":"Feature","geometry":{"type":"Point","coordinates":[23.307392,42.700438]},"properties":{"lines":"M1, M4","color":"#7d2b8b","mode":"tram","arr":["M1","M4"],"metro":1,"angle":13.3,"extra":1}},{"type":"Feature","geometry":{"type":"Point","coordinates":[23.300835,42.701547]},"properties":{"lines":"M1, M4","color":"#7d2b8b","mode":"tram","arr":["M1","M4"],"metro":1,"angle":12.7,"extra":1}},{"type":"Feature","geometry":{"type":"Point","coordinates":[23.294694,42.703265]},"properties":{"lines":"M1, M4","color":"#7d2b8b","mode":"tram","arr":["M1","M4"],"metro":1,"angle":40.2,"extra":1}},{"type":"Feature","geometry":{"type":"Point","coordinates":[23.288493,42.705014]},"properties":{"lines":"M1, M4","color":"#7d2b8b","mode":"tram","arr":["M1","M4"],"metro":1,"angle":16.8,"extra":1}},{"type":"Feature","geometry":{"type":"Point","coordinates":[23.270426,42.711302]},"properties":{"lines":"M1, M4","color":"#7d2b8b","mode":"tram","arr":["M1","M4"],"metro":1,"angle":40.6,"extra":1}},{"type":"Feature","geometry":{"type":"Point","coordinates":[23.265031,42.714241]},"properties":{"lines":"M1, M4","color":"#7d2b8b","mode":"tram","arr":["M1","M4"],"metro":1,"angle":37.4,"extra":1}},{"type":"Feature","geometry":{"type":"Point","coordinates":[23.259687,42.717246]},"properties":{"lines":"M1, M4","color":"#7d2b8b","mode":"tram","arr":["M1","M4"],"metro":1,"angle":37.4,"extra":1}},{"type":"Feature","geometry":{"type":"Point","coordinates":[23.255264,42.720751]},"properties":{"lines":"M1, M4","color":"#7d2b8b","mode":"tram","arr":["M1","M4"],"metro":1,"angle":84.5,"extra":1}},{"type":"Feature","geometry":{"type":"Point","coordinates":[23.259191,42.724375]},"properties":{"lines":"M1, M4","color":"#7d2b8b","mode":"tram","arr":["M1","M4"],"metro":1,"angle":-46.3,"extra":1}},{"type":"Feature","geometry":{"type":"Point","coordinates":[23.322814,42.709172]},"properties":{"lines":"M2","color":"#1C75BC","mode":"tram","arr":["M2"],"metro":1,"angle":74.7}},{"type":"Feature","geometry":{"type":"Point","coordinates":[23.279704,42.742172]},"properties":{"lines":"M2","color":"#1C75BC","mode":"tram","arr":["M2"],"metro":1,"angle":-17.8,"extra":1}},{"type":"Feature","geometry":{"type":"Point","coordinates":[23.285978,42.741661]},"properties":{"lines":"M2","color":"#1C75BC","mode":"tram","arr":["M2"],"metro":1,"angle":43.4,"extra":1}},{"type":"Feature","geometry":{"type":"Point","coordinates":[23.290224,42.737826]},"properties":{"lines":"M2","color":"#1C75BC","mode":"tram","arr":["M2"],"metro":1,"angle":50.4,"extra":1}},{"type":"Feature","geometry":{"type":"Point","coordinates":[23.294504,42.734011]},"properties":{"lines":"M2","color":"#1C75BC","mode":"tram","arr":["M2"],"metro":1,"angle":51.1,"extra":1}},{"type":"Feature","geometry":{"type":"Point","coordinates":[23.298688,42.730137]},"properties":{"lines":"M2","color":"#1C75BC","mode":"tram","arr":["M2"],"metro":1,"angle":51.5,"extra":1}},{"type":"Feature","geometry":{"type":"Point","coordinates":[23.302862,42.726258]},"properties":{"lines":"M2","color":"#1C75BC","mode":"tram","arr":["M2"],"metro":1,"angle":51.8,"extra":1}},{"type":"Feature","geometry":{"type":"Point","coordinates":[23.307113,42.72243]},"properties":{"lines":"M2","color":"#1C75BC","mode":"tram","arr":["M2"],"metro":1,"angle":47.6,"extra":1}},{"type":"Feature","geometry":{"type":"Point","coordinates":[23.30959,42.718131]},"properties":{"lines":"M2","color":"#1C75BC","mode":"tram","arr":["M2"],"metro":1,"angle":-89.2,"extra":1}},{"type":"Feature","geometry":{"type":"Point","coordinates":[23.312781,42.714318]},"properties":{"lines":"M2","color":"#1C75BC","mode":"tram","arr":["M2"],"metro":1,"angle":27.2,"extra":1}},{"type":"Feature","geometry":{"type":"Point","coordinates":[23.318447,42.711666]},"properties":{"lines":"M2","color":"#1C75BC","mode":"tram","arr":["M2"],"metro":1,"angle":34.7,"extra":1}},{"type":"Feature","geometry":{"type":"Point","coordinates":[23.323487,42.703603]},"properties":{"lines":"M2","color":"#1C75BC","mode":"tram","arr":["M2"],"metro":1,"angle":-77.6,"extra":1}},{"type":"Feature","geometry":{"type":"Point","coordinates":[23.322052,42.69877]},"properties":{"lines":"M2","color":"#1C75BC","mode":"tram","arr":["M2"],"metro":1,"angle":-78.1,"extra":1}},{"type":"Feature","geometry":{"type":"Point","coordinates":[23.320573,42.693946]},"properties":{"lines":"M2","color":"#1C75BC","mode":"tram","arr":["M2"],"metro":1,"angle":-77.4,"extra":1}},{"type":"Feature","geometry":{"type":"Point","coordinates":[23.319102,42.689119]},"properties":{"lines":"M2","color":"#1C75BC","mode":"tram","arr":["M2"],"metro":1,"angle":-81.1,"extra":1}},{"type":"Feature","geometry":{"type":"Point","coordinates":[23.320019,42.684258]},"properties":{"lines":"M2","color":"#1C75BC","mode":"tram","arr":["M2"],"metro":1,"angle":71,"extra":1}},{"type":"Feature","geometry":{"type":"Point","coordinates":[23.321624,42.679471]},"properties":{"lines":"M2","color":"#1C75BC","mode":"tram","arr":["M2"],"metro":1,"angle":83,"extra":1}},{"type":"Feature","geometry":{"type":"Point","coordinates":[23.322233,42.674552]},"properties":{"lines":"M2","color":"#1C75BC","mode":"tram","arr":["M2"],"metro":1,"angle":-83.8,"extra":1}},{"type":"Feature","geometry":{"type":"Point","coordinates":[23.320078,42.669874]},"properties":{"lines":"M2","color":"#1C75BC","mode":"tram","arr":["M2"],"metro":1,"angle":-67.1,"extra":1}},{"type":"Feature","geometry":{"type":"Point","coordinates":[23.317667,42.665268]},"properties":{"lines":"M2","color":"#1C75BC","mode":"tram","arr":["M2"],"metro":1,"angle":-81.2,"extra":1}},{"type":"Feature","geometry":{"type":"Point","coordinates":[23.316781,42.660364]},"properties":{"lines":"M2","color":"#1C75BC","mode":"tram","arr":["M2"],"metro":1,"angle":-82.4,"extra":1}},{"type":"Feature","geometry":{"type":"Point","coordinates":[23.30262,42.679571]},"properties":{"lines":"M3","color":"#39B54A","mode":"tram","arr":["M3"],"metro":1,"angle":-18.8}},{"type":"Feature","geometry":{"type":"Point","coordinates":[23.243581,42.68487]},"properties":{"lines":"M3","color":"#39B54A","mode":"tram","arr":["M3"],"metro":1,"angle":-34.6,"extra":1}},{"type":"Feature","geometry":{"type":"Point","coordinates":[23.249597,42.683815]},"properties":{"lines":"M3","color":"#39B54A","mode":"tram","arr":["M3"],"metro":1,"angle":35,"extra":1}},{"type":"Feature","geometry":{"type":"Point","coordinates":[23.256046,42.683715]},"properties":{"lines":"M3","color":"#39B54A","mode":"tram","arr":["M3"],"metro":1,"angle":-11.3,"extra":1}},{"type":"Feature","geometry":{"type":"Point","coordinates":[23.261722,42.686022]},"properties":{"lines":"M3","color":"#39B54A","mode":"tram","arr":["M3"],"metro":1,"angle":-43.4,"extra":1}},{"type":"Feature","geometry":{"type":"Point","coordinates":[23.267408,42.685486]},"properties":{"lines":"M3","color":"#39B54A","mode":"tram","arr":["M3"],"metro":1,"angle":47.2,"extra":1}},{"type":"Feature","geometry":{"type":"Point","coordinates":[23.272138,42.682014]},"properties":{"lines":"M3","color":"#39B54A","mode":"tram","arr":["M3"],"metro":1,"angle":27.1,"extra":1}},{"type":"Feature","geometry":{"type":"Point","coordinates":[23.278695,42.681981]},"properties":{"lines":"M3","color":"#39B54A","mode":"tram","arr":["M3"],"metro":1,"angle":21.9,"extra":1}},{"type":"Feature","geometry":{"type":"Point","coordinates":[23.284169,42.679119]},"properties":{"lines":"M3","color":"#39B54A","mode":"tram","arr":["M3"],"metro":1,"angle":34.4,"extra":1}},{"type":"Feature","geometry":{"type":"Point","coordinates":[23.290544,42.679166]},"properties":{"lines":"M3","color":"#39B54A","mode":"tram","arr":["M3"],"metro":1,"angle":10.4,"extra":1}},{"type":"Feature","geometry":{"type":"Point","coordinates":[23.297005,42.678041]},"properties":{"lines":"M3","color":"#39B54A","mode":"tram","arr":["M3"],"metro":1,"angle":-19.3,"extra":1}},{"type":"Feature","geometry":{"type":"Point","coordinates":[23.305472,42.68288]},"properties":{"lines":"M3","color":"#39B54A","mode":"tram","arr":["M3"],"metro":1,"angle":-81,"extra":1}},{"type":"Feature","geometry":{"type":"Point","coordinates":[23.30927,42.686555]},"properties":{"lines":"M3","color":"#39B54A","mode":"tram","arr":["M3"],"metro":1,"angle":-25.2,"extra":1}},{"type":"Feature","geometry":{"type":"Point","coordinates":[23.314632,42.689407]},"properties":{"lines":"M3","color":"#39B54A","mode":"tram","arr":["M3"],"metro":1,"angle":-3.4,"extra":1}},{"type":"Feature","geometry":{"type":"Point","coordinates":[23.32131,42.688805]},"properties":{"lines":"M3","color":"#39B54A","mode":"tram","arr":["M3"],"metro":1,"angle":7.3,"extra":1}},{"type":"Feature","geometry":{"type":"Point","coordinates":[23.327977,42.688171]},"properties":{"lines":"M3","color":"#39B54A","mode":"tram","arr":["M3"],"metro":1,"angle":-4.9,"extra":1}},{"type":"Feature","geometry":{"type":"Point","coordinates":[23.333697,42.690434]},"properties":{"lines":"M3","color":"#39B54A","mode":"tram","arr":["M3"],"metro":1,"angle":-0.6,"extra":1}},{"type":"Feature","geometry":{"type":"Point","coordinates":[23.340285,42.691264]},"properties":{"lines":"M3","color":"#39B54A","mode":"tram","arr":["M3"],"metro":1,"angle":-20.4,"extra":1}},{"type":"Feature","geometry":{"type":"Point","coordinates":[23.346135,42.69344]},"properties":{"lines":"M3","color":"#39B54A","mode":"tram","arr":["M3"],"metro":1,"angle":-60.4,"extra":1}},{"type":"Feature","geometry":{"type":"Point","coordinates":[23.347071,42.698303]},"properties":{"lines":"M3","color":"#39B54A","mode":"tram","arr":["M3"],"metro":1,"angle":-80.6,"extra":1}},{"type":"Feature","geometry":{"type":"Point","coordinates":[23.35093,42.702022]},"properties":{"lines":"M3","color":"#39B54A","mode":"tram","arr":["M3"],"metro":1,"angle":-24.5,"extra":1}}]}