{"type":"FeatureCollection","features":[{"type":"Feature","geometry":{"type":"Point","coordinates":[23.354512,42.703489]},"properties":{"name":"Метростанция Хаджи Димитър","lines":"1Tb, 78, 90, 100, N3","arr":["1Tb","78","90","100","N3"],"terminus":1,"mode":"bus","color":"#0059a9","colorDark":"#00294f","angle":154.5,"snapDist":8,"label":1}},{"type":"Feature","geometry":{"type":"Point","coordinates":[23.359784,42.705359]},"properties":{"name":"ул. Васил Кънчев","lines":"1Tb, 78, 100","arr":["1Tb","78","100"],"terminus":0,"mode":"bus","color":"#0059a9","colorDark":"#00294f","angle":152.8,"snapDist":10,"label":1}},{"type":"Feature","geometry":{"type":"Point","coordinates":[23.364362,42.707689]},"properties":{"name":"Стадион Г. Аспарухов","lines":"1Tb, 78, 100","arr":["1Tb","78","100"],"terminus":0,"mode":"bus","color":"#0059a9","colorDark":"#00294f","angle":139.5,"snapDist":9,"label":1}},{"type":"Feature","geometry":{"type":"Point","coordinates":[23.369679,42.708482]},"properties":{"name":"ул. Витиня","lines":"1Tb, 78, 100","arr":["1Tb","78","100"],"terminus":0,"mode":"bus","color":"#0059a9","colorDark":"#00294f","angle":184.7,"snapDist":7,"label":1}},{"type":"Feature","geometry":{"type":"Point","coordinates":[23.377848,42.709873]},"properties":{"name":"ж.к. Левски-В","lines":"1Tb, 78","arr":["1Tb","78"],"terminus":0,"mode":"bus","color":"#0059a9","colorDark":"#00294f","angle":165.1,"snapDist":5,"label":1}},{"type":"Feature","geometry":{"type":"Point","coordinates":[23.382967,42.710647]},"properties":{"name":"ул. Поп Груйо","lines":"1Tb","arr":["1Tb"],"terminus":0,"mode":"bus","color":"#0059a9","colorDark":"#00294f","angle":3.8,"snapDist":10,"label":1}},{"type":"Feature","geometry":{"type":"Point","coordinates":[23.388024,42.712099]},"properties":{"name":"ж.к. Левски Г","lines":"1Tb, 78, 120, N3","arr":["1Tb","78","120","N3"],"terminus":1,"mode":"bus","color":"#0059a9","colorDark":"#00294f","angle":62.8,"snapDist":3,"label":1}},{"type":"Feature","geometry":{"type":"Point","coordinates":[23.384954,42.713243]},"properties":{"name":"бл. 28 ж.к. Левски-Г","lines":"1Tb, 78, 120, N3","arr":["1Tb","78","120","N3"],"terminus":0,"mode":"bus","color":"#0059a9","colorDark":"#00294f","angle":8.7,"snapDist":3,"label":1}},{"type":"Feature","geometry":{"type":"Point","coordinates":[23.379812,42.71305]},"properties":{"name":"бл. 10 ж.к. Левски-Г","lines":"1Tb, 78, 120, N3","arr":["1Tb","78","120","N3"],"terminus":0,"mode":"bus","color":"#0059a9","colorDark":"#00294f","angle":347.1,"snapDist":4,"label":1}},{"type":"Feature","geometry":{"type":"Point","coordinates":[23.379528,42.710339]},"properties":{"name":"ул. Поп Груйо","lines":"1Tb, 78","arr":["1Tb","78"],"terminus":0,"mode":"bus","color":"#0059a9","colorDark":"#00294f","angle":345.9,"snapDist":8,"label":1}},{"type":"Feature","geometry":{"type":"Point","coordinates":[23.369169,42.708722]},"properties":{"name":"ул. Витиня","lines":"1Tb, 78","arr":["1Tb","78"],"terminus":0,"mode":"bus","color":"#0059a9","colorDark":"#00294f","angle":11.2,"snapDist":4,"label":0}},{"type":"Feature","geometry":{"type":"Point","coordinates":[23.362159,42.706731]},"properties":{"name":"Стадион Г. Аспарухов","lines":"1Tb, 78, 100","arr":["1Tb","78","100"],"terminus":0,"mode":"bus","color":"#0059a9","colorDark":"#00294f","angle":320.3,"snapDist":7,"label":0}},{"type":"Feature","geometry":{"type":"Point","coordinates":[23.35765,42.70494]},"properties":{"name":"ул. Васил Кънчев","lines":"1Tb, 78, 79, 90, 100, N3","arr":["1Tb","78","79","90","100","N3"],"terminus":0,"mode":"bus","color":"#0059a9","colorDark":"#00294f","angle":334.3,"snapDist":8,"label":0}},{"type":"Feature","geometry":{"type":"Point","coordinates":[23.332014,42.690647]},"properties":{"name":"ул. ген. Гурко","lines":"9, 84, 94, 183, N2","arr":["9","84","94","183","N2"],"terminus":1,"mode":"bus","color":"#0059a9","colorDark":"#00294f","angle":131.8,"snapDist":8,"label":1}},{"type":"Feature","geometry":{"type":"Point","coordinates":[23.335423,42.694336]},"properties":{"name":"СУ Св.Климент Охридски","lines":"9, 280","arr":["9","280"],"terminus":1,"mode":"bus","color":"#0059a9","colorDark":"#00294f","angle":194.8,"snapDist":4,"label":1}},{"type":"Feature","geometry":{"type":"Point","coordinates":[23.34367,42.692692]},"properties":{"name":"Военна академия","lines":"9, 280","arr":["9","280"],"terminus":0,"mode":"bus","color":"#0059a9","colorDark":"#00294f","angle":195.1,"snapDist":6,"label":1}},{"type":"Feature","geometry":{"type":"Point","coordinates":[23.347541,42.694004]},"properties":{"name":"129-то ОУ","lines":"9, 72","arr":["9","72"],"terminus":0,"mode":"bus","color":"#0059a9","colorDark":"#00294f","angle":189.3,"snapDist":3,"label":1}},{"type":"Feature","geometry":{"type":"Point","coordinates":[23.352118,42.693451]},"properties":{"name":"ул. Черковна","lines":"9, 72","arr":["9","72"],"terminus":0,"mode":"bus","color":"#0059a9","colorDark":"#00294f","angle":189.3,"snapDist":4,"label":1}},{"type":"Feature","geometry":{"type":"Point","coordinates":[23.355062,42.692653]},"properties":{"name":"ул. Оборище","lines":"9, 305, 413","arr":["9","305","413"],"terminus":0,"mode":"bus","color":"#0059a9","colorDark":"#00294f","angle":273.6,"snapDist":8,"label":1}},{"type":"Feature","geometry":{"type":"Point","coordinates":[23.353653,42.689962]},"properties":{"name":"ул. Калиманци","lines":"9, 305, 413","arr":["9","305","413"],"terminus":0,"mode":"bus","color":"#0059a9","colorDark":"#00294f","angle":293.6,"snapDist":6,"label":1}},{"type":"Feature","geometry":{"type":"Point","coordinates":[23.351264,42.685086]},"properties":{"name":"Румънско посолство","lines":"9","arr":["9"],"terminus":0,"mode":"bus","color":"#0059a9","colorDark":"#00294f","angle":211.3,"snapDist":3,"label":1}},{"type":"Feature","geometry":{"type":"Point","coordinates":[23.353929,42.683545]},"properties":{"name":"ул. Хемус","lines":"9","arr":["9"],"terminus":0,"mode":"bus","color":"#0059a9","colorDark":"#00294f","angle":219.3,"snapDist":4,"label":1}},{"type":"Feature","geometry":{"type":"Point","coordinates":[23.356742,42.680978]},"properties":{"name":"ул. Александър Жендов","lines":"9","arr":["9"],"terminus":0,"mode":"bus","color":"#0059a9","colorDark":"#00294f","angle":236.5,"snapDist":4,"label":1}},{"type":"Feature","geometry":{"type":"Point","coordinates":[23.360777,42.679285]},"properties":{"name":"ул. Н. Коперник","lines":"9","arr":["9"],"terminus":0,"mode":"bus","color":"#0059a9","colorDark":"#00294f","angle":188.5,"snapDist":2,"label":1}},{"type":"Feature","geometry":{"type":"Point","coordinates":[23.365296,42.678486]},"properties":{"name":"Ну за танцово изкуство","lines":"9, N4","arr":["9","N4"],"terminus":0,"mode":"bus","color":"#0059a9","colorDark":"#00294f","angle":209.9,"snapDist":5,"label":1}},{"type":"Feature","geometry":{"type":"Point","coordinates":[23.370455,42.67834]},"properties":{"name":"Автостанция Гео Милев","lines":"9","arr":["9"],"terminus":0,"mode":"bus","color":"#0059a9","colorDark":"#00294f","angle":120.6,"snapDist":6,"label":0}},{"type":"Feature","geometry":{"type":"Point","coordinates":[23.372997,42.680402]},"properties":{"name":"ж.к. Слатина","lines":"9, 75","arr":["9","75"],"terminus":0,"mode":"bus","color":"#0059a9","colorDark":"#00294f","angle":186,"snapDist":10,"label":1}},{"type":"Feature","geometry":{"type":"Point","coordinates":[23.378583,42.67898]},"properties":{"name":"Вту Т. Каблешков","lines":"9, 404","arr":["9","404"],"terminus":0,"mode":"bus","color":"#0059a9","colorDark":"#00294f","angle":281.9,"snapDist":9,"label":1}},{"type":"Feature","geometry":{"type":"Point","coordinates":[23.38334,42.678914]},"properties":{"name":"Слатина Булгарплод","lines":"9","arr":["9"],"terminus":0,"mode":"bus","color":"#0059a9","colorDark":"#00294f","angle":130.5,"snapDist":7,"label":1}},{"type":"Feature","geometry":{"type":"Point","coordinates":[23.387513,42.679358]},"properties":{"name":"БКС Средец","lines":"9","arr":["9"],"terminus":0,"mode":"bus","color":"#0059a9","colorDark":"#00294f","angle":220.6,"snapDist":5,"label":1}},{"type":"Feature","geometry":{"type":"Point","coordinates":[23.38962,42.67787]},"properties":{"name":"Автобаза Искър","lines":"9","arr":["9"],"terminus":1,"mode":"bus","color":"#0059a9","colorDark":"#00294f","angle":220.5,"snapDist":7,"label":1}},{"type":"Feature","geometry":{"type":"Point","coordinates":[23.38972,42.677969]},"properties":{"name":"Автобаза Искър","lines":"9","arr":["9"],"terminus":1,"mode":"bus","color":"#0059a9","colorDark":"#00294f","angle":40.5,"snapDist":10,"label":0}},{"type":"Feature","geometry":{"type":"Point","coordinates":[23.387306,42.679488]},"properties":{"name":"БКС Средец","lines":"9","arr":["9"],"terminus":0,"mode":"bus","color":"#0059a9","colorDark":"#00294f","angle":40.6,"snapDist":8,"label":0}},{"type":"Feature","geometry":{"type":"Point","coordinates":[23.383296,42.678877]},"properties":{"name":"Слатина Булгарплод","lines":"9","arr":["9"],"terminus":0,"mode":"bus","color":"#0059a9","colorDark":"#00294f","angle":310.5,"snapDist":8,"label":0}},{"type":"Feature","geometry":{"type":"Point","coordinates":[23.378702,42.679389]},"properties":{"name":"Вту Т. Каблешков","lines":"9, 404","arr":["9","404"],"terminus":0,"mode":"bus","color":"#0059a9","colorDark":"#00294f","angle":102.4,"snapDist":1,"label":0}},{"type":"Feature","geometry":{"type":"Point","coordinates":[23.371553,42.679852]},"properties":{"name":"ж.к. Слатина","lines":"9, 11, 75","arr":["9","11","75"],"terminus":0,"mode":"bus","color":"#0059a9","colorDark":"#00294f","angle":296.9,"snapDist":10,"label":0}},{"type":"Feature","geometry":{"type":"Point","coordinates":[23.370115,42.677922]},"properties":{"name":"Автостанция Гео Милев","lines":"9","arr":["9"],"terminus":0,"mode":"bus","color":"#0059a9","colorDark":"#00294f","angle":301.3,"snapDist":8,"label":0}},{"type":"Feature","geometry":{"type":"Point","coordinates":[23.365843,42.678379]},"properties":{"name":"Ну за танцово изкуство","lines":"9, N4","arr":["9","N4"],"terminus":0,"mode":"bus","color":"#0059a9","colorDark":"#00294f","angle":30.1,"snapDist":2,"label":0}},{"type":"Feature","geometry":{"type":"Point","coordinates":[23.361537,42.679277]},"properties":{"name":"ул. Н. Коперник","lines":"9","arr":["9"],"terminus":0,"mode":"bus","color":"#0059a9","colorDark":"#00294f","angle":8.9,"snapDist":3,"label":0}},{"type":"Feature","geometry":{"type":"Point","coordinates":[23.357187,42.680679]},"properties":{"name":"ул. Александър Жендов","lines":"9","arr":["9"],"terminus":0,"mode":"bus","color":"#0059a9","colorDark":"#00294f","angle":55.1,"snapDist":3,"label":0}},{"type":"Feature","geometry":{"type":"Point","coordinates":[23.35416,42.683544]},"properties":{"name":"ул. Хемус","lines":"9","arr":["9"],"terminus":0,"mode":"bus","color":"#0059a9","colorDark":"#00294f","angle":38.9,"snapDist":2,"label":0}},{"type":"Feature","geometry":{"type":"Point","coordinates":[23.351204,42.686125]},"properties":{"name":"Румънско посолство","lines":"9, 120, 305, 413","arr":["9","120","305","413"],"terminus":0,"mode":"bus","color":"#0059a9","colorDark":"#00294f","angle":133.4,"snapDist":8,"label":0}},{"type":"Feature","geometry":{"type":"Point","coordinates":[23.352407,42.687391]},"properties":{"name":"31-Во СУЧЕМ","lines":"9","arr":["9"],"terminus":0,"mode":"bus","color":"#0059a9","colorDark":"#00294f","angle":114.4,"snapDist":5,"label":1}},{"type":"Feature","geometry":{"type":"Point","coordinates":[23.354424,42.690863]},"properties":{"name":"ул. Калиманци","lines":"9, 305, 413","arr":["9","305","413"],"terminus":0,"mode":"bus","color":"#0059a9","colorDark":"#00294f","angle":113.6,"snapDist":7,"label":0}},{"type":"Feature","geometry":{"type":"Point","coordinates":[23.354612,42.693149]},"properties":{"name":"ул. Оборище","lines":"9, 72","arr":["9","72"],"terminus":0,"mode":"bus","color":"#0059a9","colorDark":"#00294f","angle":9.3,"snapDist":5,"label":0}},{"type":"Feature","geometry":{"type":"Point","coordinates":[23.35106,42.693579]},"properties":{"name":"ул. Черковна","lines":"9, 72","arr":["9","72"],"terminus":0,"mode":"bus","color":"#0059a9","colorDark":"#00294f","angle":9.3,"snapDist":4,"label":0}},{"type":"Feature","geometry":{"type":"Point","coordinates":[23.347989,42.69395]},"properties":{"name":"129-то ОУ","lines":"9, 72","arr":["9","72"],"terminus":0,"mode":"bus","color":"#0059a9","colorDark":"#00294f","angle":9.3,"snapDist":4,"label":0}},{"type":"Feature","geometry":{"type":"Point","coordinates":[23.343903,42.692389]},"properties":{"name":"Военна академия","lines":"9, 72, 75, 213","arr":["9","72","75","213"],"terminus":0,"mode":"bus","color":"#0059a9","colorDark":"#00294f","angle":321.3,"snapDist":6,"label":0}},{"type":"Feature","geometry":{"type":"Point","coordinates":[23.33644,42.690265]},"properties":{"name":"пл. Орлов мост","lines":"9, 72, 75, 76, 84, 94, 183, 204, 304, 604","arr":["9","72","75","76","84","94","183","204","304","604"],"terminus":1,"mode":"bus","color":"#0059a9","colorDark":"#00294f","angle":319.3,"snapDist":6,"label":1}},{"type":"Feature","geometry":{"type":"Point","coordinates":[23.427892,42.656731]},"properties":{"name":"кв. Д. Миленков","lines":"10","arr":["10"],"terminus":1,"mode":"bus","color":"#0059a9","colorDark":"#00294f","angle":37,"snapDist":2,"label":1}},{"type":"Feature","geometry":{"type":"Point","coordinates":[23.425732,42.657903]},"properties":{"name":"Промишлена зона","lines":"10","arr":["10"],"terminus":0,"mode":"bus","color":"#0059a9","colorDark":"#00294f","angle":38.2,"snapDist":0,"label":1}},{"type":"Feature","geometry":{"type":"Point","coordinates":[23.423306,42.659898]},"properties":{"name":"Начало КВ Д. Миленков","lines":"10","arr":["10"],"terminus":0,"mode":"bus","color":"#0059a9","colorDark":"#00294f","angle":17.7,"snapDist":3,"label":1}},{"type":"Feature","geometry":{"type":"Point","coordinates":[23.415742,42.663107]},"properties":{"name":"Гара Искър","lines":"10, 14, 188, 604","arr":["10","14","188","604"],"terminus":1,"mode":"bus","color":"#0059a9","colorDark":"#00294f","angle":277.5,"snapDist":8,"label":1}},{"type":"Feature","geometry":{"type":"Point","coordinates":[23.411673,42.663919]},"properties":{"name":"28-Ми пощенски клон","lines":"10, 14, 88, 604","arr":["10","14","88","604"],"terminus":0,"mode":"bus","color":"#0059a9","colorDark":"#00294f","angle":20.3,"snapDist":4,"label":1}},{"type":"Feature","geometry":{"type":"Point","coordinates":[23.40606,42.666166]},"properties":{"name":"28-Ми ДКЦ","lines":"10, 14, 88","arr":["10","14","88"],"terminus":0,"mode":"bus","color":"#0059a9","colorDark":"#00294f","angle":34.5,"snapDist":5,"label":1}},{"type":"Feature","geometry":{"type":"Point","coordinates":[23.401679,42.668375]},"properties":{"name":"бул. Кръстьо Пастухов","lines":"10, 14, 88, 604","arr":["10","14","88","604"],"terminus":0,"mode":"bus","color":"#0059a9","colorDark":"#00294f","angle":34.7,"snapDist":6,"label":1}},{"type":"Feature","geometry":{"type":"Point","coordinates":[23.397159,42.670675]},"properties":{"name":"ж.к. Дружба-1","lines":"10, 14, 88, 604","arr":["10","14","88","604"],"terminus":0,"mode":"bus","color":"#0059a9","colorDark":"#00294f","angle":34.1,"snapDist":6,"label":1}},{"type":"Feature","geometry":{"type":"Point","coordinates":[23.39444,42.672244]},"properties":{"name":"Разклона за летището","lines":"10, 14, 84, N4","arr":["10","14","84","N4"],"terminus":0,"mode":"bus","color":"#0059a9","colorDark":"#00294f","angle":122.8,"snapDist":9,"label":0}},{"type":"Feature","geometry":{"type":"Point","coordinates":[23.399237,42.677271]},"properties":{"name":"Технотест","lines":"10, 14","arr":["10","14"],"terminus":0,"mode":"bus","color":"#0059a9","colorDark":"#00294f","angle":217.7,"snapDist":10,"label":1}},{"type":"Feature","geometry":{"type":"Point","coordinates":[23.401235,42.676093]},"properties":{"name":"Тюф","lines":"10, 14","arr":["10","14"],"terminus":0,"mode":"bus","color":"#0059a9","colorDark":"#00294f","angle":220.5,"snapDist":3,"label":1}},{"type":"Feature","geometry":{"type":"Point","coordinates":[23.410466,42.676534]},"properties":{"name":"Метростанция Софийска Света гора","lines":"10","arr":["10"],"terminus":0,"mode":"bus","color":"#0059a9","colorDark":"#00294f","angle":132.7,"snapDist":3,"label":1}},{"type":"Feature","geometry":{"type":"Point","coordinates":[23.406287,42.6727]},"properties":{"name":"ул. Подпор.Йордан Тодоров","lines":"10, 14","arr":["10","14"],"terminus":0,"mode":"bus","color":"#0059a9","colorDark":"#00294f","angle":223.8,"snapDist":2,"label":1}},{"type":"Feature","geometry":{"type":"Point","coordinates":[23.409135,42.670797]},"properties":{"name":"ул. 5007","lines":"10, 14","arr":["10","14"],"terminus":0,"mode":"bus","color":"#0059a9","colorDark":"#00294f","angle":221.6,"snapDist":4,"label":1}},{"type":"Feature","geometry":{"type":"Point","coordinates":[23.413113,42.668136]},"properties":{"name":"ул. Поручик Хр.Топракчиев","lines":"10, 14","arr":["10","14"],"terminus":0,"mode":"bus","color":"#0059a9","colorDark":"#00294f","angle":222.1,"snapDist":7,"label":1}},{"type":"Feature","geometry":{"type":"Point","coordinates":[23.416812,42.665646]},"properties":{"name":"ул. 5010","lines":"10, 14","arr":["10","14"],"terminus":0,"mode":"bus","color":"#0059a9","colorDark":"#00294f","angle":198.2,"snapDist":3,"label":1}},{"type":"Feature","geometry":{"type":"Point","coordinates":[23.422117,42.665287]},"properties":{"name":"Моста на Р. Искър кв. Абдовица","lines":"10, 14, 188","arr":["10","14","188"],"terminus":0,"mode":"bus","color":"#0059a9","colorDark":"#00294f","angle":-141.6,"snapDist":10,"label":1}},{"type":"Feature","geometry":{"type":"Point","coordinates":[23.423544,42.664489]},"properties":{"name":"Център кв. Абдовица","lines":"10","arr":["10"],"terminus":0,"mode":"bus","color":"#0059a9","colorDark":"#00294f","angle":33.5,"snapDist":3,"label":1}},{"type":"Feature","geometry":{"type":"Point","coordinates":[23.428017,42.663609]},"properties":{"name":"кв. Абдовица","lines":"10","arr":["10"],"terminus":0,"mode":"bus","color":"#0059a9","colorDark":"#00294f","angle":38.2,"snapDist":6,"label":1}},{"type":"Feature","geometry":{"type":"Point","coordinates":[23.423005,42.664774]},"properties":{"name":"Център кв. Абдовица","lines":"10","arr":["10"],"terminus":0,"mode":"bus","color":"#0059a9","colorDark":"#00294f","angle":217.2,"snapDist":2,"label":0}},{"type":"Feature","geometry":{"type":"Point","coordinates":[23.42531,42.668824]},"properties":{"name":"Трънска махала","lines":"10, 14, 188","arr":["10","14","188"],"terminus":0,"mode":"bus","color":"#0059a9","colorDark":"#00294f","angle":125.9,"snapDist":2,"label":1}},{"type":"Feature","geometry":{"type":"Point","coordinates":[23.430819,42.674043]},"properties":{"name":"Детски дом","lines":"10, 14, 188","arr":["10","14","188"],"terminus":0,"mode":"bus","color":"#0059a9","colorDark":"#00294f","angle":131.3,"snapDist":6,"label":1}},{"type":"Feature","geometry":{"type":"Point","coordinates":[23.433358,42.675959]},"properties":{"name":"кв. Бусманци","lines":"10","arr":["10"],"terminus":1,"mode":"bus","color":"#0059a9","colorDark":"#00294f","angle":96,"snapDist":11,"label":1}},{"type":"Feature","geometry":{"type":"Point","coordinates":[23.430362,42.673654]},"properties":{"name":"Детски дом","lines":"10, 14, 188","arr":["10","14","188"],"terminus":0,"mode":"bus","color":"#0059a9","colorDark":"#00294f","angle":310.3,"snapDist":6,"label":0}},{"type":"Feature","geometry":{"type":"Point","coordinates":[23.424719,42.668236]},"properties":{"name":"Трънска махала","lines":"10, 14, 188","arr":["10","14","188"],"terminus":0,"mode":"bus","color":"#0059a9","colorDark":"#00294f","angle":306.6,"snapDist":5,"label":0}},{"type":"Feature","geometry":{"type":"Point","coordinates":[23.422152,42.665386]},"properties":{"name":"Моста на Р. Искър кв. Абдовица","lines":"10, 14, 188","arr":["10","14","188"],"terminus":0,"mode":"bus","color":"#0059a9","colorDark":"#00294f","angle":322.3,"snapDist":5,"label":0}},{"type":"Feature","geometry":{"type":"Point","coordinates":[23.416501,42.665721]},"properties":{"name":"ул. 5010","lines":"10","arr":["10"],"terminus":0,"mode":"bus","color":"#0059a9","colorDark":"#00294f","angle":18.2,"snapDist":2,"label":0}},{"type":"Feature","geometry":{"type":"Point","coordinates":[23.412427,42.668592]},"properties":{"name":"ул. Поручик Хр.Топракчиев","lines":"10","arr":["10"],"terminus":0,"mode":"bus","color":"#0059a9","colorDark":"#00294f","angle":42.1,"snapDist":5,"label":0}},{"type":"Feature","geometry":{"type":"Point","coordinates":[23.408857,42.670979]},"properties":{"name":"ул. 5007","lines":"10","arr":["10"],"terminus":0,"mode":"bus","color":"#0059a9","colorDark":"#00294f","angle":41.6,"snapDist":6,"label":0}},{"type":"Feature","geometry":{"type":"Point","coordinates":[23.409835,42.676224]},"properties":{"name":"Метростанция Софийска Света гора","lines":"10","arr":["10"],"terminus":0,"mode":"bus","color":"#0059a9","colorDark":"#00294f","angle":312.3,"snapDist":1,"label":0}},{"type":"Feature","geometry":{"type":"Point","coordinates":[23.405158,42.673478]},"properties":{"name":"ул. Подпор.Йордан Тодоров","lines":"10","arr":["10"],"terminus":0,"mode":"bus","color":"#0059a9","colorDark":"#00294f","angle":42.8,"snapDist":2,"label":0}},{"type":"Feature","geometry":{"type":"Point","coordinates":[23.400942,42.676277]},"properties":{"name":"Тюф","lines":"10","arr":["10"],"terminus":0,"mode":"bus","color":"#0059a9","colorDark":"#00294f","angle":40.5,"snapDist":6,"label":0}},{"type":"Feature","geometry":{"type":"Point","coordinates":[23.39805,42.677162]},"properties":{"name":"Технотест","lines":"10, 84, N4","arr":["10","84","N4"],"terminus":0,"mode":"bus","color":"#0059a9","colorDark":"#00294f","angle":-31.3,"snapDist":12,"label":0}},{"type":"Feature","geometry":{"type":"Point","coordinates":[23.395028,42.67157]},"properties":{"name":"Разклона за летището","lines":"10, 84, 88, 604","arr":["10","84","88","604"],"terminus":1,"mode":"bus","color":"#0059a9","colorDark":"#00294f","angle":198.3,"snapDist":8,"label":1}},{"type":"Feature","geometry":{"type":"Point","coordinates":[23.398261,42.670113]},"properties":{"name":"ж.к. Дружба-1","lines":"10, 88, 604","arr":["10","88","604"],"terminus":0,"mode":"bus","color":"#0059a9","colorDark":"#00294f","angle":215.7,"snapDist":6,"label":0}},{"type":"Feature","geometry":{"type":"Point","coordinates":[23.402836,42.667794]},"properties":{"name":"бул. Кръстьо Пастухов","lines":"10, 88","arr":["10","88"],"terminus":0,"mode":"bus","color":"#0059a9","colorDark":"#00294f","angle":214.5,"snapDist":5,"label":0}},{"type":"Feature","geometry":{"type":"Point","coordinates":[23.407416,42.665481]},"properties":{"name":"28-Ми ДКЦ","lines":"10, 88, 604","arr":["10","88","604"],"terminus":0,"mode":"bus","color":"#0059a9","colorDark":"#00294f","angle":214.5,"snapDist":6,"label":0}},{"type":"Feature","geometry":{"type":"Point","coordinates":[23.412553,42.663679]},"properties":{"name":"28-Ми пощенски клон","lines":"10, 88, 604","arr":["10","88","604"],"terminus":0,"mode":"bus","color":"#0059a9","colorDark":"#00294f","angle":200.3,"snapDist":7,"label":0}},{"type":"Feature","geometry":{"type":"Point","coordinates":[23.415786,42.663352]},"properties":{"name":"Гара Искър","lines":"10, 187, 188","arr":["10","187","188"],"terminus":1,"mode":"bus","color":"#0059a9","colorDark":"#00294f","angle":97.5,"snapDist":5,"label":0}},{"type":"Feature","geometry":{"type":"Point","coordinates":[23.42349,42.659852]},"properties":{"name":"Начало КВ Д. Миленков","lines":"10","arr":["10"],"terminus":0,"mode":"bus","color":"#0059a9","colorDark":"#00294f","angle":201.5,"snapDist":3,"label":0}},{"type":"Feature","geometry":{"type":"Point","coordinates":[23.425944,42.657776]},"properties":{"name":"Промишлена зона","lines":"10","arr":["10"],"terminus":0,"mode":"bus","color":"#0059a9","colorDark":"#00294f","angle":219.1,"snapDist":6,"label":0}},{"type":"Feature","geometry":{"type":"Point","coordinates":[23.243626,42.682974]},"properties":{"name":"ж.к. Овча купел-2","lines":"11, 102, N3","arr":["11","102","N3"],"terminus":1,"mode":"bus","color":"#0059a9","colorDark":"#00294f","angle":34.8,"snapDist":6,"label":1}},{"type":"Feature","geometry":{"type":"Point","coordinates":[23.241161,42.684218]},"properties":{"name":"Пазара Овча купел","lines":"11, 102, N3","arr":["11","102","N3"],"terminus":0,"mode":"bus","color":"#0059a9","colorDark":"#00294f","angle":33.6,"snapDist":7,"label":1}},{"type":"Feature","geometry":{"type":"Point","coordinates":[23.242845,42.688897]},"properties":{"name":"бл. 25 ж.к. Овча купел-2","lines":"11, 102, N3","arr":["11","102","N3"],"terminus":0,"mode":"bus","color":"#0059a9","colorDark":"#00294f","angle":170.1,"snapDist":7,"label":1}},{"type":"Feature","geometry":{"type":"Point","coordinates":[23.246632,42.689385]},"properties":{"name":"бл. 32 ж.к. Овча купел-2","lines":"11, 102, N3","arr":["11","102","N3"],"terminus":0,"mode":"bus","color":"#0059a9","colorDark":"#00294f","angle":170.1,"snapDist":8,"label":1}},{"type":"Feature","geometry":{"type":"Point","coordinates":[23.250805,42.689802]},"properties":{"name":"ул. Промишлена","lines":"11, 102, N3","arr":["11","102","N3"],"terminus":0,"mode":"bus","color":"#0059a9","colorDark":"#00294f","angle":-9.8,"snapDist":6,"label":1}},{"type":"Feature","geometry":{"type":"Point","coordinates":[23.255165,42.690492]},"properties":{"name":"Търговски Ц-Р Овча купел","lines":"11, 102, N3","arr":["11","102","N3"],"terminus":0,"mode":"bus","color":"#0059a9","colorDark":"#00294f","angle":171.6,"snapDist":7,"label":1}},{"type":"Feature","geometry":{"type":"Point","coordinates":[23.2599,42.689714]},"properties":{"name":"бл. 519 ж.к. Овча купел-1","lines":"11, 102, N3","arr":["11","102","N3"],"terminus":0,"mode":"bus","color":"#0059a9","colorDark":"#00294f","angle":212.9,"snapDist":7,"label":1}},{"type":"Feature","geometry":{"type":"Point","coordinates":[23.263246,42.688142]},"properties":{"name":"Оц Овча купел","lines":"11, 102, N3","arr":["11","102","N3"],"terminus":0,"mode":"bus","color":"#0059a9","colorDark":"#00294f","angle":213.3,"snapDist":7,"label":1}},{"type":"Feature","geometry":{"type":"Point","coordinates":[23.267032,42.685785]},"properties":{"name":"ул. Лиляче","lines":"11, N3","arr":["11","N3"],"terminus":0,"mode":"bus","color":"#0059a9","colorDark":"#00294f","angle":223.6,"snapDist":8,"label":1}},{"type":"Feature","geometry":{"type":"Point","coordinates":[23.270327,42.68317]},"properties":{"name":"Метростанция Овча купел","lines":"11, N3","arr":["11","N3"],"terminus":0,"mode":"bus","color":"#0059a9","colorDark":"#00294f","angle":217.4,"snapDist":9,"label":1}},{"type":"Feature","geometry":{"type":"Point","coordinates":[23.274781,42.686155]},"properties":{"name":"Балканкар АД","lines":"11, N3","arr":["11","N3"],"terminus":0,"mode":"bus","color":"#0059a9","colorDark":"#00294f","angle":119.8,"snapDist":3,"label":0}},{"type":"Feature","geometry":{"type":"Point","coordinates":[23.278829,42.691163]},"properties":{"name":"ж.к. Красна поляна","lines":"11, 83, N3","arr":["11","83","N3"],"terminus":0,"mode":"bus","color":"#0059a9","colorDark":"#00294f","angle":136.6,"snapDist":4,"label":1}},{"type":"Feature","geometry":{"type":"Point","coordinates":[23.282184,42.693526]},"properties":{"name":"ул. Добротич","lines":"11, 83, N3","arr":["11","83","N3"],"terminus":0,"mode":"bus","color":"#0059a9","colorDark":"#00294f","angle":135.9,"snapDist":6,"label":1}},{"type":"Feature","geometry":{"type":"Point","coordinates":[23.288073,42.695575]},"properties":{"name":"бул. Вардар","lines":"11, 72, 83, N3","arr":["11","72","83","N3"],"terminus":0,"mode":"bus","color":"#0059a9","colorDark":"#00294f","angle":188.5,"snapDist":6,"label":1}},{"type":"Feature","geometry":{"type":"Point","coordinates":[23.292286,42.69453]},"properties":{"name":"ул. Освобождение","lines":"11, 83, N3","arr":["11","83","N3"],"terminus":0,"mode":"bus","color":"#0059a9","colorDark":"#00294f","angle":201.2,"snapDist":2,"label":1}},{"type":"Feature","geometry":{"type":"Point","coordinates":[23.296226,42.696684]},"properties":{"name":"Парк Св.Св.Петър и Павел","lines":"11, 83, N3","arr":["11","83","N3"],"terminus":0,"mode":"bus","color":"#0059a9","colorDark":"#00294f","angle":104.8,"snapDist":1,"label":1}},{"type":"Feature","geometry":{"type":"Point","coordinates":[23.297674,42.701793]},"properties":{"name":"Метростанция К. Величков","lines":"11, 83","arr":["11","83"],"terminus":0,"mode":"bus","color":"#0059a9","colorDark":"#00294f","angle":102,"snapDist":4,"label":1}},{"type":"Feature","geometry":{"type":"Point","coordinates":[23.298773,42.705625]},"properties":{"name":"ул. Цар Симеон","lines":"11, 83","arr":["11","83"],"terminus":0,"mode":"bus","color":"#0059a9","colorDark":"#00294f","angle":101.8,"snapDist":3,"label":1}},{"type":"Feature","geometry":{"type":"Point","coordinates":[23.307361,42.705908]},"properties":{"name":"ж.к. Банишора","lines":"11, 309, 310","arr":["11","309","310"],"terminus":0,"mode":"bus","color":"#0059a9","colorDark":"#00294f","angle":185.3,"snapDist":8,"label":0}},{"type":"Feature","geometry":{"type":"Point","coordinates":[23.313497,42.705469]},"properties":{"name":"ул. Опълченска","lines":"11, 86, 309, 310, X43","arr":["11","86","309","310","X43"],"terminus":0,"mode":"bus","color":"#0059a9","colorDark":"#00294f","angle":185.3,"snapDist":10,"label":1}},{"type":"Feature","geometry":{"type":"Point","coordinates":[23.31866,42.705106]},"properties":{"name":"бул. Христо Ботев","lines":"11, 85, 86, 285, 309, 310, 404, N2, X43","arr":["11","85","86","285","309","310","404","N2","X43"],"terminus":0,"mode":"bus","color":"#0059a9","colorDark":"#00294f","angle":185.3,"snapDist":9,"label":1}},{"type":"Feature","geometry":{"type":"Point","coordinates":[23.324997,42.704559]},"properties":{"name":"пл. Лъвов мост","lines":"11, 20, 21, 22, 86, 213, 305, 404, 413, X43","arr":["11","20","21","22","86","213","305","404","413","X43"],"terminus":0,"mode":"bus","color":"#0059a9","colorDark":"#00294f","angle":186.9,"snapDist":7,"label":0}},{"type":"Feature","geometry":{"type":"Point","coordinates":[23.334527,42.70432]},"properties":{"name":"пл. Сточна гара","lines":"11, 78, 79, 213, 305, 404, 413","arr":["11","78","79","213","305","404","413"],"terminus":0,"mode":"bus","color":"#0059a9","colorDark":"#00294f","angle":215.2,"snapDist":5,"label":0}},{"type":"Feature","geometry":{"type":"Point","coordinates":[23.339294,42.701898]},"properties":{"name":"ул. Бяло море","lines":"11, 78, 79, 213, 305, 404, 413","arr":["11","78","79","213","305","404","413"],"terminus":0,"mode":"bus","color":"#0059a9","colorDark":"#00294f","angle":209.4,"snapDist":5,"label":1}},{"type":"Feature","geometry":{"type":"Point","coordinates":[23.347553,42.696095]},"properties":{"name":"Театър София","lines":"11, 75, 404","arr":["11","75","404"],"terminus":0,"mode":"bus","color":"#0059a9","colorDark":"#00294f","angle":184.7,"snapDist":4,"label":1}},{"type":"Feature","geometry":{"type":"Point","coordinates":[23.355965,42.696697]},"properties":{"name":"Гара Подуяне","lines":"11, 72, 75, 404, N4","arr":["11","72","75","404","N4"],"terminus":1,"mode":"bus","color":"#0059a9","colorDark":"#00294f","angle":193,"snapDist":5,"label":1}},{"type":"Feature","geometry":{"type":"Point","coordinates":[23.361591,42.696105]},"properties":{"name":"ул. Велчо Атанасов","lines":"11, 75, 404","arr":["11","75","404"],"terminus":0,"mode":"bus","color":"#0059a9","colorDark":"#00294f","angle":198.7,"snapDist":4,"label":1}},{"type":"Feature","geometry":{"type":"Point","coordinates":[23.366355,42.69415]},"properties":{"name":"ул. Боян Магесник","lines":"11, 75, 404","arr":["11","75","404"],"terminus":0,"mode":"bus","color":"#0059a9","colorDark":"#00294f","angle":223.3,"snapDist":7,"label":1}},{"type":"Feature","geometry":{"type":"Point","coordinates":[23.370773,42.688972]},"properties":{"name":"109-то ОУ","lines":"11","arr":["11"],"terminus":0,"mode":"bus","color":"#0059a9","colorDark":"#00294f","angle":249.3,"snapDist":6,"label":1}},{"type":"Feature","geometry":{"type":"Point","coordinates":[23.371853,42.684546]},"properties":{"name":"148-Мо СОУ","lines":"11","arr":["11"],"terminus":0,"mode":"bus","color":"#0059a9","colorDark":"#00294f","angle":263,"snapDist":5,"label":1}},{"type":"Feature","geometry":{"type":"Point","coordinates":[23.370672,42.677568]},"properties":{"name":"Автостанция Гео Милев","lines":"11, 75, 181, 185","arr":["11","75","181","185"],"terminus":1,"mode":"bus","color":"#0059a9","colorDark":"#00294f","angle":210.7,"snapDist":4,"label":1}},{"type":"Feature","geometry":{"type":"Point","coordinates":[23.370401,42.678007]},"properties":{"name":"Автостанция Гео Милев","lines":"11, 75, 181, 185","arr":["11","75","181","185"],"terminus":1,"mode":"bus","color":"#0059a9","colorDark":"#00294f","angle":30.7,"snapDist":7,"label":0}},{"type":"Feature","geometry":{"type":"Point","coordinates":[23.372271,42.681339]},"properties":{"name":"ж.к. Слатина","lines":"11","arr":["11"],"terminus":0,"mode":"bus","color":"#0059a9","colorDark":"#00294f","angle":92.8,"snapDist":8,"label":0}},{"type":"Feature","geometry":{"type":"Point","coordinates":[23.371754,42.685176]},"properties":{"name":"148-Мо СОУ","lines":"11","arr":["11"],"terminus":0,"mode":"bus","color":"#0059a9","colorDark":"#00294f","angle":83.5,"snapDist":9,"label":0}},{"type":"Feature","geometry":{"type":"Point","coordinates":[23.370103,42.690146]},"properties":{"name":"109-то ОУ","lines":"11","arr":["11"],"terminus":0,"mode":"bus","color":"#0059a9","colorDark":"#00294f","angle":65.2,"snapDist":7,"label":0}},{"type":"Feature","geometry":{"type":"Point","coordinates":[23.366515,42.694037]},"properties":{"name":"ул. Боян Магесник","lines":"11, 75, 404","arr":["11","75","404"],"terminus":0,"mode":"bus","color":"#0059a9","colorDark":"#00294f","angle":44.3,"snapDist":3,"label":0}},{"type":"Feature","geometry":{"type":"Point","coordinates":[23.359659,42.696727]},"properties":{"name":"ул. Велчо Атанасов","lines":"11, 72, 75, 404, N4","arr":["11","72","75","404","N4"],"terminus":0,"mode":"bus","color":"#0059a9","colorDark":"#00294f","angle":17.4,"snapDist":4,"label":0}},{"type":"Feature","geometry":{"type":"Point","coordinates":[23.353577,42.697044]},"properties":{"name":"Гара Подуяне","lines":"11, 75, 404, N4","arr":["11","75","404","N4"],"terminus":0,"mode":"bus","color":"#0059a9","colorDark":"#00294f","angle":354.8,"snapDist":5,"label":0}},{"type":"Feature","geometry":{"type":"Point","coordinates":[23.347172,42.696801]},"properties":{"name":"Театър София","lines":"11, 213, 404","arr":["11","213","404"],"terminus":0,"mode":"bus","color":"#0059a9","colorDark":"#00294f","angle":91.1,"snapDist":5,"label":0}},{"type":"Feature","geometry":{"type":"Point","coordinates":[23.3388,42.702252]},"properties":{"name":"ул. Бяло море","lines":"11, 213, 305, 404, 413","arr":["11","213","305","404","413"],"terminus":0,"mode":"bus","color":"#0059a9","colorDark":"#00294f","angle":34.6,"snapDist":4,"label":0}},{"type":"Feature","geometry":{"type":"Point","coordinates":[23.334069,42.704728]},"properties":{"name":"пл. Сточна гара","lines":"11, 213, 305, 404, 413","arr":["11","213","305","404","413"],"terminus":0,"mode":"bus","color":"#0059a9","colorDark":"#00294f","angle":43.5,"snapDist":3,"label":0}},{"type":"Feature","geometry":{"type":"Point","coordinates":[23.330937,42.704995]},"properties":{"name":"пл. Сточна гара","lines":"11, 20, 21, 22, 78, 85, 86, 285, 309, 310, 404, X43","arr":["11","20","21","22","78","85","86","285","309","310","404","X43"],"terminus":1,"mode":"bus","color":"#0059a9","colorDark":"#00294f","angle":350.8,"snapDist":7,"label":1}},{"type":"Feature","geometry":{"type":"Point","coordinates":[23.325418,42.705062]},"properties":{"name":"пл. Лъвов мост","lines":"11, 20, 21, 22, 78, 85, 86, 213, 285, 305, 404, 413, X43","arr":["11","20","21","22","78","85","86","213","285","305","404","413","X43"],"terminus":1,"mode":"bus","color":"#0059a9","colorDark":"#00294f","angle":6.7,"snapDist":3,"label":1}},{"type":"Feature","geometry":{"type":"Point","coordinates":[23.31687,42.705679]},"properties":{"name":"бул. Христо Ботев","lines":"11, 77, 82, 86, 101, 309, 310, X43","arr":["11","77","82","86","101","309","310","X43"],"terminus":0,"mode":"bus","color":"#0059a9","colorDark":"#00294f","angle":4.9,"snapDist":9,"label":0}},{"type":"Feature","geometry":{"type":"Point","coordinates":[23.311038,42.706101]},"properties":{"name":"ул. Опълченска","lines":"11, 309, 310, X43","arr":["11","309","310","X43"],"terminus":0,"mode":"bus","color":"#0059a9","colorDark":"#00294f","angle":5.6,"snapDist":8,"label":0}},{"type":"Feature","geometry":{"type":"Point","coordinates":[23.307342,42.706341]},"properties":{"name":"ж.к. Банишора","lines":"11, 309, 310","arr":["11","309","310"],"terminus":0,"mode":"bus","color":"#0059a9","colorDark":"#00294f","angle":357.4,"snapDist":6,"label":0}},{"type":"Feature","geometry":{"type":"Point","coordinates":[23.298671,42.705268]},"properties":{"name":"ул. Цар Симеон","lines":"11, 83","arr":["11","83"],"terminus":0,"mode":"bus","color":"#0059a9","colorDark":"#00294f","angle":281.8,"snapDist":2,"label":0}},{"type":"Feature","geometry":{"type":"Point","coordinates":[23.297572,42.701438]},"properties":{"name":"Метростанция К. Величков","lines":"11, 83","arr":["11","83"],"terminus":0,"mode":"bus","color":"#0059a9","colorDark":"#00294f","angle":282,"snapDist":2,"label":0}},{"type":"Feature","geometry":{"type":"Point","coordinates":[23.296092,42.69633]},"properties":{"name":"Парк Св.Св.Петър и Павел","lines":"11, 83, N3","arr":["11","83","N3"],"terminus":0,"mode":"bus","color":"#0059a9","colorDark":"#00294f","angle":286.6,"snapDist":5,"label":0}},{"type":"Feature","geometry":{"type":"Point","coordinates":[23.292642,42.694432]},"properties":{"name":"ул. Освобождение","lines":"11, 83, N3","arr":["11","83","N3"],"terminus":0,"mode":"bus","color":"#0059a9","colorDark":"#00294f","angle":18.9,"snapDist":3,"label":0}},{"type":"Feature","geometry":{"type":"Point","coordinates":[23.286153,42.69584]},"properties":{"name":"бул. Вардар","lines":"11, 72, 77, 83, N3","arr":["11","72","77","83","N3"],"terminus":0,"mode":"bus","color":"#0059a9","colorDark":"#00294f","angle":3.1,"snapDist":7,"label":0}},{"type":"Feature","geometry":{"type":"Point","coordinates":[23.280867,42.692671]},"properties":{"name":"ул. Добротич","lines":"11, 83, N3","arr":["11","83","N3"],"terminus":0,"mode":"bus","color":"#0059a9","colorDark":"#00294f","angle":316.5,"snapDist":4,"label":0}},{"type":"Feature","geometry":{"type":"Point","coordinates":[23.278099,42.690709]},"properties":{"name":"ж.к. Красна поляна","lines":"11, 83, N3","arr":["11","83","N3"],"terminus":0,"mode":"bus","color":"#0059a9","colorDark":"#00294f","angle":312.5,"snapDist":4,"label":0}},{"type":"Feature","geometry":{"type":"Point","coordinates":[23.275029,42.68663]},"properties":{"name":"Балканкар АД","lines":"11, N3","arr":["11","N3"],"terminus":0,"mode":"bus","color":"#0059a9","colorDark":"#00294f","angle":297.7,"snapDist":5,"label":0}},{"type":"Feature","geometry":{"type":"Point","coordinates":[23.270489,42.683076]},"properties":{"name":"Метростанция Овча купел","lines":"11, N3","arr":["11","N3"],"terminus":0,"mode":"bus","color":"#0059a9","colorDark":"#00294f","angle":39.6,"snapDist":6,"label":0}},{"type":"Feature","geometry":{"type":"Point","coordinates":[23.266003,42.686473]},"properties":{"name":"ул. Лиляче","lines":"11, N3","arr":["11","N3"],"terminus":0,"mode":"bus","color":"#0059a9","colorDark":"#00294f","angle":39.3,"snapDist":6,"label":0}},{"type":"Feature","geometry":{"type":"Point","coordinates":[23.262256,42.688615]},"properties":{"name":"Оц Овча купел","lines":"11, 102, N3","arr":["11","102","N3"],"terminus":0,"mode":"bus","color":"#0059a9","colorDark":"#00294f","angle":32.8,"snapDist":6,"label":0}},{"type":"Feature","geometry":{"type":"Point","coordinates":[23.259625,42.689834]},"properties":{"name":"бл. 519 ж.к. Овча купел-1","lines":"11, 102, N3","arr":["11","102","N3"],"terminus":0,"mode":"bus","color":"#0059a9","colorDark":"#00294f","angle":29.2,"snapDist":7,"label":0}},{"type":"Feature","geometry":{"type":"Point","coordinates":[23.253763,42.69032]},"properties":{"name":"Търговски Ц-Р Овча купел","lines":"11, 102, N3","arr":["11","102","N3"],"terminus":0,"mode":"bus","color":"#0059a9","colorDark":"#00294f","angle":349.9,"snapDist":6,"label":0}},{"type":"Feature","geometry":{"type":"Point","coordinates":[23.248719,42.689653]},"properties":{"name":"ул. Промишлена","lines":"11, 102, N3","arr":["11","102","N3"],"terminus":0,"mode":"bus","color":"#0059a9","colorDark":"#00294f","angle":350.1,"snapDist":7,"label":0}},{"type":"Feature","geometry":{"type":"Point","coordinates":[23.245353,42.68922]},"properties":{"name":"бл. 32 ж.к. Овча купел-2","lines":"11, 102, N3","arr":["11","102","N3"],"terminus":0,"mode":"bus","color":"#0059a9","colorDark":"#00294f","angle":350,"snapDist":6,"label":0}},{"type":"Feature","geometry":{"type":"Point","coordinates":[23.241658,42.688596]},"properties":{"name":"бл. 25 ж.к. Овча купел-2","lines":"11, 102, N3","arr":["11","102","N3"],"terminus":0,"mode":"bus","color":"#0059a9","colorDark":"#00294f","angle":329.7,"snapDist":8,"label":0}},{"type":"Feature","geometry":{"type":"Point","coordinates":[23.241803,42.683897]},"properties":{"name":"Пазара Овча купел","lines":"11, 102, N3","arr":["11","102","N3"],"terminus":0,"mode":"bus","color":"#0059a9","colorDark":"#00294f","angle":214.9,"snapDist":7,"label":0}},{"type":"Feature","geometry":{"type":"Point","coordinates":[23.243645,42.682711]},"properties":{"name":"ж.к. Овча купел-2","lines":"11, 102, N3","arr":["11","102","N3"],"terminus":1,"mode":"bus","color":"#0059a9","colorDark":"#00294f","angle":228.6,"snapDist":6,"label":0}},{"type":"Feature","geometry":{"type":"Point","coordinates":[23.496114,42.697241]},"properties":{"name":"Село Долни Богров","lines":"12","arr":["12"],"terminus":1,"mode":"bus","color":"#0059a9","colorDark":"#00294f","angle":287.7,"snapDist":4,"label":1}},{"type":"Feature","geometry":{"type":"Point","coordinates":[23.492291,42.700078]},"properties":{"name":"Кметство Долни Богров","lines":"12","arr":["12"],"terminus":0,"mode":"bus","color":"#0059a9","colorDark":"#00294f","angle":121,"snapDist":4,"label":1}},{"type":"Feature","geometry":{"type":"Point","coordinates":[23.492777,42.703855]},"properties":{"name":"Моста с. Долни Богров","lines":"12","arr":["12"],"terminus":0,"mode":"bus","color":"#0059a9","colorDark":"#00294f","angle":70.6,"snapDist":2,"label":1}},{"type":"Feature","geometry":{"type":"Point","coordinates":[23.489765,42.705123]},"properties":{"name":"Разклона за с. Долни Богров","lines":"12","arr":["12"],"terminus":0,"mode":"bus","color":"#0059a9","colorDark":"#00294f","angle":5.6,"snapDist":3,"label":1}},{"type":"Feature","geometry":{"type":"Point","coordinates":[23.473582,42.706276]},"properties":{"name":"Езерото","lines":"12, 90","arr":["12","90"],"terminus":0,"mode":"bus","color":"#0059a9","colorDark":"#00294f","angle":4.7,"snapDist":7,"label":1}},{"type":"Feature","geometry":{"type":"Point","coordinates":[23.457408,42.708663]},"properties":{"name":"Магистрала Хемус","lines":"12, 90","arr":["12","90"],"terminus":0,"mode":"bus","color":"#0059a9","colorDark":"#00294f","angle":352.3,"snapDist":2,"label":1}},{"type":"Feature","geometry":{"type":"Point","coordinates":[23.435886,42.708804]},"properties":{"name":"Кантона","lines":"12, 14, 90","arr":["12","14","90"],"terminus":0,"mode":"bus","color":"#0059a9","colorDark":"#00294f","angle":5.8,"snapDist":2,"label":1}},{"type":"Feature","geometry":{"type":"Point","coordinates":[23.424095,42.709525]},"properties":{"name":"Махала Батареята","lines":"12, 14, 90, 117, 118, 119","arr":["12","14","90","117","118","119"],"terminus":0,"mode":"bus","color":"#0059a9","colorDark":"#00294f","angle":2.2,"snapDist":8,"label":1}},{"type":"Feature","geometry":{"type":"Point","coordinates":[23.418934,42.710269]},"properties":{"name":"Моста на Р. Искър кв. Враждебна","lines":"12, 14","arr":["12","14"],"terminus":0,"mode":"bus","color":"#0059a9","colorDark":"#00294f","angle":99,"snapDist":8,"label":1}},{"type":"Feature","geometry":{"type":"Point","coordinates":[23.418372,42.713212]},"properties":{"name":"Площада кв. Враждебна","lines":"12, 14, 78","arr":["12","14","78"],"terminus":1,"mode":"bus","color":"#0059a9","colorDark":"#00294f","angle":30,"snapDist":4,"label":1}},{"type":"Feature","geometry":{"type":"Point","coordinates":[23.411966,42.71244]},"properties":{"name":"кв. Враждебна","lines":"12, 14, 78","arr":["12","14","78"],"terminus":0,"mode":"bus","color":"#0059a9","colorDark":"#00294f","angle":347.7,"snapDist":4,"label":1}},{"type":"Feature","geometry":{"type":"Point","coordinates":[23.407902,42.711874]},"properties":{"name":"Моста кв.Враждебна","lines":"12, 14, 78","arr":["12","14","78"],"terminus":0,"mode":"bus","color":"#0059a9","colorDark":"#00294f","angle":4.7,"snapDist":4,"label":1}},{"type":"Feature","geometry":{"type":"Point","coordinates":[23.402944,42.713121]},"properties":{"name":"ул. 3","lines":"12, 14, 78","arr":["12","14","78"],"terminus":0,"mode":"bus","color":"#0059a9","colorDark":"#00294f","angle":351.5,"snapDist":4,"label":1}},{"type":"Feature","geometry":{"type":"Point","coordinates":[23.402877,42.710346]},"properties":{"name":"ул. 61","lines":"12, 14, 78","arr":["12","14","78"],"terminus":0,"mode":"bus","color":"#0059a9","colorDark":"#00294f","angle":256.1,"snapDist":3,"label":1}},{"type":"Feature","geometry":{"type":"Point","coordinates":[23.397102,42.709208]},"properties":{"name":"Разклона за кв. Враждебна","lines":"12, 14, 119","arr":["12","14","119"],"terminus":0,"mode":"bus","color":"#0059a9","colorDark":"#00294f","angle":8.9,"snapDist":6,"label":1}},{"type":"Feature","geometry":{"type":"Point","coordinates":[23.388055,42.709265]},"properties":{"name":"бул. Владимир Вазов - временна","lines":"12, 14, 78, 119, 120, N3","arr":["12","14","78","119","120","N3"],"terminus":0,"mode":"bus","color":"#0059a9","colorDark":"#00294f","angle":280.9,"snapDist":5,"label":1}},{"type":"Feature","geometry":{"type":"Point","coordinates":[23.386203,42.706495]},"properties":{"name":"92 ОДЗ - временна","lines":"12, 14, 78, 119, 120, N3","arr":["12","14","78","119","120","N3"],"terminus":0,"mode":"bus","color":"#0059a9","colorDark":"#00294f","angle":301,"snapDist":5,"label":1}},{"type":"Feature","geometry":{"type":"Point","coordinates":[23.386538,42.703899]},"properties":{"name":"Автостанция Изток","lines":"12, 14, 78, 119","arr":["12","14","78","119"],"terminus":1,"mode":"bus","color":"#0059a9","colorDark":"#00294f","angle":255.6,"snapDist":5,"label":1}},{"type":"Feature","geometry":{"type":"Point","coordinates":[23.386419,42.704242]},"properties":{"name":"Автостанция Изток","lines":"12, 14, 78, 119","arr":["12","14","78","119"],"terminus":1,"mode":"bus","color":"#0059a9","colorDark":"#00294f","angle":75.5,"snapDist":5,"label":0}},{"type":"Feature","geometry":{"type":"Point","coordinates":[23.386283,42.706592]},"properties":{"name":"92 ОДЗ - временна","lines":"12, 14, 78, 119, 120, N3","arr":["12","14","78","119","120","N3"],"terminus":0,"mode":"bus","color":"#0059a9","colorDark":"#00294f","angle":121,"snapDist":2,"label":0}},{"type":"Feature","geometry":{"type":"Point","coordinates":[23.38809,42.7094]},"properties":{"name":"бул. Владимир Вазов - временна","lines":"12, 14, 78, 119, 120, N3","arr":["12","14","78","119","120","N3"],"terminus":0,"mode":"bus","color":"#0059a9","colorDark":"#00294f","angle":100.9,"snapDist":4,"label":0}},{"type":"Feature","geometry":{"type":"Point","coordinates":[23.399915,42.709299]},"properties":{"name":"Разклона за кв. Враждебна","lines":"12, 14, 78","arr":["12","14","78"],"terminus":0,"mode":"bus","color":"#0059a9","colorDark":"#00294f","angle":172,"snapDist":3,"label":1}},{"type":"Feature","geometry":{"type":"Point","coordinates":[23.40282,42.710517]},"properties":{"name":"ул. 61","lines":"12, 14, 78","arr":["12","14","78"],"terminus":0,"mode":"bus","color":"#0059a9","colorDark":"#00294f","angle":76.1,"snapDist":2,"label":0}},{"type":"Feature","geometry":{"type":"Point","coordinates":[23.402917,42.713119]},"properties":{"name":"ул. 3","lines":"12, 14, 78","arr":["12","14","78"],"terminus":0,"mode":"bus","color":"#0059a9","colorDark":"#00294f","angle":171.5,"snapDist":5,"label":0}},{"type":"Feature","geometry":{"type":"Point","coordinates":[23.408131,42.711861]},"properties":{"name":"Моста кв.Враждебна","lines":"12, 14, 78","arr":["12","14","78"],"terminus":0,"mode":"bus","color":"#0059a9","colorDark":"#00294f","angle":184.7,"snapDist":4,"label":0}},{"type":"Feature","geometry":{"type":"Point","coordinates":[23.412225,42.712482]},"properties":{"name":"кв. Враждебна","lines":"12, 14, 78","arr":["12","14","78"],"terminus":0,"mode":"bus","color":"#0059a9","colorDark":"#00294f","angle":167.7,"snapDist":3,"label":0}},{"type":"Feature","geometry":{"type":"Point","coordinates":[23.420029,42.712411]},"properties":{"name":"Площада кв. Враждебна","lines":"12, 14","arr":["12","14"],"terminus":0,"mode":"bus","color":"#0059a9","colorDark":"#00294f","angle":281.9,"snapDist":6,"label":0}},{"type":"Feature","geometry":{"type":"Point","coordinates":[23.418931,42.710252]},"properties":{"name":"Моста на Р. Искър кв. Враждебна","lines":"12, 14","arr":["12","14"],"terminus":0,"mode":"bus","color":"#0059a9","colorDark":"#00294f","angle":279,"snapDist":7,"label":0}},{"type":"Feature","geometry":{"type":"Point","coordinates":[23.424417,42.7093]},"properties":{"name":"Махала Батареята","lines":"12, 14, 90, 117, 118, 119","arr":["12","14","90","117","118","119"],"terminus":0,"mode":"bus","color":"#0059a9","colorDark":"#00294f","angle":176.7,"snapDist":7,"label":0}},{"type":"Feature","geometry":{"type":"Point","coordinates":[23.435976,42.708586]},"properties":{"name":"Кантона","lines":"12, 14, 90","arr":["12","14","90"],"terminus":0,"mode":"bus","color":"#0059a9","colorDark":"#00294f","angle":185.3,"snapDist":11,"label":0}},{"type":"Feature","geometry":{"type":"Point","coordinates":[23.459345,42.707068]},"properties":{"name":"Магистрала Хемус","lines":"12, 90","arr":["12","90"],"terminus":0,"mode":"bus","color":"#0059a9","colorDark":"#00294f","angle":179.4,"snapDist":2,"label":1}},{"type":"Feature","geometry":{"type":"Point","coordinates":[23.47376,42.706162]},"properties":{"name":"Езерото","lines":"12, 90","arr":["12","90"],"terminus":0,"mode":"bus","color":"#0059a9","colorDark":"#00294f","angle":184.8,"snapDist":9,"label":0}},{"type":"Feature","geometry":{"type":"Point","coordinates":[23.486637,42.705456]},"properties":{"name":"Разклона за Д.Богров","lines":"12, 90","arr":["12","90"],"terminus":0,"mode":"bus","color":"#0059a9","colorDark":"#00294f","angle":174.3,"snapDist":8,"label":1}},{"type":"Feature","geometry":{"type":"Point","coordinates":[23.492651,42.704118]},"properties":{"name":"Моста с. Долни Богров","lines":"12","arr":["12"],"terminus":0,"mode":"bus","color":"#0059a9","colorDark":"#00294f","angle":250.6,"snapDist":4,"label":0}},{"type":"Feature","geometry":{"type":"Point","coordinates":[23.492113,42.699634]},"properties":{"name":"Кметство Долни Богров","lines":"12","arr":["12"],"terminus":0,"mode":"bus","color":"#0059a9","colorDark":"#00294f","angle":266.4,"snapDist":6,"label":0}},{"type":"Feature","geometry":{"type":"Point","coordinates":[23.433588,42.675545]},"properties":{"name":"кв. Бусманци","lines":"14, 188","arr":["14","188"],"terminus":0,"mode":"bus","color":"#0059a9","colorDark":"#00294f","angle":226.9,"snapDist":9,"label":0}},{"type":"Feature","geometry":{"type":"Point","coordinates":[23.439018,42.672269]},"properties":{"name":"Промишлена зона Бусманци","lines":"14, 188","arr":["14","188"],"terminus":0,"mode":"bus","color":"#0059a9","colorDark":"#00294f","angle":215.8,"snapDist":4,"label":1}},{"type":"Feature","geometry":{"type":"Point","coordinates":[23.447702,42.667691]},"properties":{"name":"Промишлена зона Казичене","lines":"14, 188","arr":["14","188"],"terminus":0,"mode":"bus","color":"#0059a9","colorDark":"#00294f","angle":214.7,"snapDist":3,"label":1}},{"type":"Feature","geometry":{"type":"Point","coordinates":[23.452945,42.664901]},"properties":{"name":"Бетонов възел Казичене","lines":"14, 188","arr":["14","188"],"terminus":0,"mode":"bus","color":"#0059a9","colorDark":"#00294f","angle":201.5,"snapDist":4,"label":1}},{"type":"Feature","geometry":{"type":"Point","coordinates":[23.460142,42.66477]},"properties":{"name":"Стадиона Казичене","lines":"14, 188","arr":["14","188"],"terminus":0,"mode":"bus","color":"#0059a9","colorDark":"#00294f","angle":196.7,"snapDist":11,"label":1}},{"type":"Feature","geometry":{"type":"Point","coordinates":[23.464606,42.662116]},"properties":{"name":"Село Казичене","lines":"14, 188","arr":["14","188"],"terminus":0,"mode":"bus","color":"#0059a9","colorDark":"#00294f","angle":265,"snapDist":4,"label":1}},{"type":"Feature","geometry":{"type":"Point","coordinates":[23.464894,42.659558]},"properties":{"name":"Кметство Казичене","lines":"14, 188","arr":["14","188"],"terminus":0,"mode":"bus","color":"#0059a9","colorDark":"#00294f","angle":-94.8,"snapDist":6,"label":1}},{"type":"Feature","geometry":{"type":"Point","coordinates":[23.458194,42.658703]},"properties":{"name":"кв. Видните","lines":"14, 188","arr":["14","188"],"terminus":0,"mode":"bus","color":"#0059a9","colorDark":"#00294f","angle":171.6,"snapDist":3,"label":1}},{"type":"Feature","geometry":{"type":"Point","coordinates":[23.458111,42.658694]},"properties":{"name":"кв. Видните","lines":"14, 188","arr":["14","188"],"terminus":0,"mode":"bus","color":"#0059a9","colorDark":"#00294f","angle":351.6,"snapDist":4,"label":0}},{"type":"Feature","geometry":{"type":"Point","coordinates":[23.464842,42.660016]},"properties":{"name":"Кметство Казичене","lines":"14, 188","arr":["14","188"],"terminus":0,"mode":"bus","color":"#0059a9","colorDark":"#00294f","angle":85.2,"snapDist":3,"label":0}},{"type":"Feature","geometry":{"type":"Point","coordinates":[23.46457,42.662531]},"properties":{"name":"Село Казичене","lines":"14, 188","arr":["14","188"],"terminus":0,"mode":"bus","color":"#0059a9","colorDark":"#00294f","angle":266.9,"snapDist":4,"label":0}},{"type":"Feature","geometry":{"type":"Point","coordinates":[23.462068,42.665325]},"properties":{"name":"Ритекс АД","lines":"14, 188","arr":["14","188"],"terminus":0,"mode":"bus","color":"#0059a9","colorDark":"#00294f","angle":102.6,"snapDist":4,"label":1}},{"type":"Feature","geometry":{"type":"Point","coordinates":[23.464331,42.669816]},"properties":{"name":"Промишлена зона Кривина","lines":"14, 188","arr":["14","188"],"terminus":0,"mode":"bus","color":"#0059a9","colorDark":"#00294f","angle":98.4,"snapDist":3,"label":1}},{"type":"Feature","geometry":{"type":"Point","coordinates":[23.46543,42.674323]},"properties":{"name":"Парк с.Кривина","lines":"14, 188","arr":["14","188"],"terminus":0,"mode":"bus","color":"#0059a9","colorDark":"#00294f","angle":71.4,"snapDist":3,"label":1}},{"type":"Feature","geometry":{"type":"Point","coordinates":[23.464693,42.677659]},"properties":{"name":"ул. Люляк","lines":"14, 188","arr":["14","188"],"terminus":0,"mode":"bus","color":"#0059a9","colorDark":"#00294f","angle":93,"snapDist":2,"label":1}},{"type":"Feature","geometry":{"type":"Point","coordinates":[23.464021,42.680631]},"properties":{"name":"Центъра с. Кривина","lines":"14, 188","arr":["14","188"],"terminus":0,"mode":"bus","color":"#0059a9","colorDark":"#00294f","angle":47.8,"snapDist":4,"label":1}},{"type":"Feature","geometry":{"type":"Point","coordinates":[23.462472,42.682303]},"properties":{"name":"Село Кривина","lines":"14, 188","arr":["14","188"],"terminus":1,"mode":"bus","color":"#0059a9","colorDark":"#00294f","angle":57.3,"snapDist":3,"label":1}},{"type":"Feature","geometry":{"type":"Point","coordinates":[23.458662,42.683583]},"properties":{"name":"ул. Зад село","lines":"14","arr":["14"],"terminus":0,"mode":"bus","color":"#0059a9","colorDark":"#00294f","angle":22.6,"snapDist":4,"label":1}},{"type":"Feature","geometry":{"type":"Point","coordinates":[23.451783,42.688271]},"properties":{"name":"По желание","lines":"14","arr":["14"],"terminus":0,"mode":"bus","color":"#0059a9","colorDark":"#00294f","angle":82.6,"snapDist":3,"label":1}},{"type":"Feature","geometry":{"type":"Point","coordinates":[23.447718,42.691502]},"properties":{"name":"Нова Враждебна","lines":"14","arr":["14"],"terminus":0,"mode":"bus","color":"#0059a9","colorDark":"#00294f","angle":45.4,"snapDist":3,"label":1}},{"type":"Feature","geometry":{"type":"Point","coordinates":[23.445783,42.695085]},"properties":{"name":"По желание - Нова махала","lines":"14","arr":["14"],"terminus":0,"mode":"bus","color":"#0059a9","colorDark":"#00294f","angle":61.6,"snapDist":0,"label":1}},{"type":"Feature","geometry":{"type":"Point","coordinates":[23.443779,42.697807]},"properties":{"name":"Работилницата","lines":"14","arr":["14"],"terminus":0,"mode":"bus","color":"#0059a9","colorDark":"#00294f","angle":61.6,"snapDist":2,"label":1}},{"type":"Feature","geometry":{"type":"Point","coordinates":[23.432594,42.70859]},"properties":{"name":"Кантона","lines":"14","arr":["14"],"terminus":0,"mode":"bus","color":"#0059a9","colorDark":"#00294f","angle":73.9,"snapDist":4,"label":1}},{"type":"Feature","geometry":{"type":"Point","coordinates":[23.432698,42.708326]},"properties":{"name":"Кантона","lines":"14","arr":["14"],"terminus":0,"mode":"bus","color":"#0059a9","colorDark":"#00294f","angle":253.9,"snapDist":2,"label":0}},{"type":"Feature","geometry":{"type":"Point","coordinates":[23.443828,42.69774]},"properties":{"name":"Работилницата","lines":"14","arr":["14"],"terminus":0,"mode":"bus","color":"#0059a9","colorDark":"#00294f","angle":241.6,"snapDist":4,"label":0}},{"type":"Feature","geometry":{"type":"Point","coordinates":[23.44572,42.69517]},"properties":{"name":"По желание - Нова махала","lines":"14","arr":["14"],"terminus":0,"mode":"bus","color":"#0059a9","colorDark":"#00294f","angle":241.6,"snapDist":6,"label":0}},{"type":"Feature","geometry":{"type":"Point","coordinates":[23.447779,42.691456]},"properties":{"name":"Нова Враждебна","lines":"14","arr":["14"],"terminus":0,"mode":"bus","color":"#0059a9","colorDark":"#00294f","angle":225.4,"snapDist":3,"label":0}},{"type":"Feature","geometry":{"type":"Point","coordinates":[23.451814,42.688078]},"properties":{"name":"По желание","lines":"14","arr":["14"],"terminus":0,"mode":"bus","color":"#0059a9","colorDark":"#00294f","angle":266.6,"snapDist":4,"label":0}},{"type":"Feature","geometry":{"type":"Point","coordinates":[23.459054,42.683468]},"properties":{"name":"ул. Зад село","lines":"14","arr":["14"],"terminus":0,"mode":"bus","color":"#0059a9","colorDark":"#00294f","angle":201.4,"snapDist":2,"label":0}},{"type":"Feature","geometry":{"type":"Point","coordinates":[23.462768,42.681964]},"properties":{"name":"Село Кривина","lines":"14, 188","arr":["14","188"],"terminus":1,"mode":"bus","color":"#0059a9","colorDark":"#00294f","angle":237.3,"snapDist":5,"label":0}},{"type":"Feature","geometry":{"type":"Point","coordinates":[23.464294,42.680409]},"properties":{"name":"Центъра с. Кривина","lines":"14, 188","arr":["14","188"],"terminus":0,"mode":"bus","color":"#0059a9","colorDark":"#00294f","angle":227.8,"snapDist":6,"label":0}},{"type":"Feature","geometry":{"type":"Point","coordinates":[23.464685,42.677553]},"properties":{"name":"ул. Люляк","lines":"14, 188","arr":["14","188"],"terminus":0,"mode":"bus","color":"#0059a9","colorDark":"#00294f","angle":273,"snapDist":5,"label":0}},{"type":"Feature","geometry":{"type":"Point","coordinates":[23.465149,42.674886]},"properties":{"name":"Парка с.Кривина","lines":"14, 188","arr":["14","188"],"terminus":0,"mode":"bus","color":"#0059a9","colorDark":"#00294f","angle":250.5,"snapDist":6,"label":1}},{"type":"Feature","geometry":{"type":"Point","coordinates":[23.464317,42.669745]},"properties":{"name":"Промишлена зона Кривина","lines":"14, 188","arr":["14","188"],"terminus":0,"mode":"bus","color":"#0059a9","colorDark":"#00294f","angle":278.4,"snapDist":7,"label":0}},{"type":"Feature","geometry":{"type":"Point","coordinates":[23.461951,42.66494]},"properties":{"name":"Ритекс АД","lines":"14, 188","arr":["14","188"],"terminus":0,"mode":"bus","color":"#0059a9","colorDark":"#00294f","angle":282.6,"snapDist":6,"label":0}},{"type":"Feature","geometry":{"type":"Point","coordinates":[23.464585,42.662294]},"properties":{"name":"Село Казичене","lines":"14, 188","arr":["14","188"],"terminus":0,"mode":"bus","color":"#0059a9","colorDark":"#00294f","angle":87.3,"snapDist":4,"label":0}},{"type":"Feature","geometry":{"type":"Point","coordinates":[23.464873,42.659741]},"properties":{"name":"Кметство Казичене","lines":"14, 188","arr":["14","188"],"terminus":0,"mode":"bus","color":"#0059a9","colorDark":"#00294f","angle":85.2,"snapDist":6,"label":0}},{"type":"Feature","geometry":{"type":"Point","coordinates":[23.464862,42.659837]},"properties":{"name":"Кметство Казичене","lines":"14, 188","arr":["14","188"],"terminus":0,"mode":"bus","color":"#0059a9","colorDark":"#00294f","angle":265.2,"snapDist":3,"label":0}},{"type":"Feature","geometry":{"type":"Point","coordinates":[23.464581,42.662352]},"properties":{"name":"Село Казичене","lines":"14, 188","arr":["14","188"],"terminus":0,"mode":"bus","color":"#0059a9","colorDark":"#00294f","angle":87.3,"snapDist":5,"label":0}},{"type":"Feature","geometry":{"type":"Point","coordinates":[23.459973,42.664798]},"properties":{"name":"Стадиона Казичене","lines":"14, 188","arr":["14","188"],"terminus":0,"mode":"bus","color":"#0059a9","colorDark":"#00294f","angle":11,"snapDist":7,"label":0}},{"type":"Feature","geometry":{"type":"Point","coordinates":[23.452812,42.665052]},"properties":{"name":"Бетонов възел Казичене","lines":"14, 188","arr":["14","188"],"terminus":0,"mode":"bus","color":"#0059a9","colorDark":"#00294f","angle":24.5,"snapDist":3,"label":0}},{"type":"Feature","geometry":{"type":"Point","coordinates":[23.446999,42.668051]},"properties":{"name":"Промишлена зона Казичене","lines":"14, 188","arr":["14","188"],"terminus":0,"mode":"bus","color":"#0059a9","colorDark":"#00294f","angle":35.8,"snapDist":4,"label":0}},{"type":"Feature","geometry":{"type":"Point","coordinates":[23.438818,42.672375]},"properties":{"name":"Промишлена зона Бусманци","lines":"14, 188","arr":["14","188"],"terminus":0,"mode":"bus","color":"#0059a9","colorDark":"#00294f","angle":35.9,"snapDist":3,"label":0}},{"type":"Feature","geometry":{"type":"Point","coordinates":[23.433448,42.675655]},"properties":{"name":"кв. Бусманци","lines":"14, 188","arr":["14","188"],"terminus":0,"mode":"bus","color":"#0059a9","colorDark":"#00294f","angle":46.9,"snapDist":4,"label":0}},{"type":"Feature","geometry":{"type":"Point","coordinates":[23.342475,42.715748]},"properties":{"name":"Автостанция Орландовци","lines":"18","arr":["18"],"terminus":1,"mode":"bus","color":"#0059a9","colorDark":"#00294f","angle":122.7,"snapDist":4,"label":1}},{"type":"Feature","geometry":{"type":"Point","coordinates":[23.347653,42.714566]},"properties":{"name":"кв. Малашевци","lines":"18, 20","arr":["18","20"],"terminus":0,"mode":"bus","color":"#0059a9","colorDark":"#00294f","angle":163,"snapDist":4,"label":1}},{"type":"Feature","geometry":{"type":"Point","coordinates":[23.352328,42.716409]},"properties":{"name":"Моста на Владайска река","lines":"18, 20","arr":["18","20"],"terminus":0,"mode":"bus","color":"#0059a9","colorDark":"#00294f","angle":110,"snapDist":2,"label":1}},{"type":"Feature","geometry":{"type":"Point","coordinates":[23.359205,42.718534]},"properties":{"name":"Пазар Малашевци","lines":"18, 20","arr":["18","20"],"terminus":0,"mode":"bus","color":"#0059a9","colorDark":"#00294f","angle":146.5,"snapDist":2,"label":1}},{"type":"Feature","geometry":{"type":"Point","coordinates":[23.362984,42.720356]},"properties":{"name":"Гробищен парк Малашевци","lines":"18, 20","arr":["18","20"],"terminus":0,"mode":"bus","color":"#0059a9","colorDark":"#00294f","angle":146.8,"snapDist":7,"label":1}},{"type":"Feature","geometry":{"type":"Point","coordinates":[23.369703,42.72355]},"properties":{"name":"ул. Чепинско шосе","lines":"18, 20","arr":["18","20"],"terminus":0,"mode":"bus","color":"#0059a9","colorDark":"#00294f","angle":147,"snapDist":1,"label":1}},{"type":"Feature","geometry":{"type":"Point","coordinates":[23.374167,42.725671]},"properties":{"name":"Птицефермата","lines":"18, 20","arr":["18","20"],"terminus":0,"mode":"bus","color":"#0059a9","colorDark":"#00294f","angle":148.1,"snapDist":5,"label":1}},{"type":"Feature","geometry":{"type":"Point","coordinates":[23.382403,42.729532]},"properties":{"name":"Промишлена зона","lines":"18, 20","arr":["18","20"],"terminus":0,"mode":"bus","color":"#0059a9","colorDark":"#00294f","angle":147.4,"snapDist":4,"label":1}},{"type":"Feature","geometry":{"type":"Point","coordinates":[23.38647,42.731443]},"properties":{"name":"Складова база Чепинско шосе","lines":"18, 20","arr":["18","20"],"terminus":0,"mode":"bus","color":"#0059a9","colorDark":"#00294f","angle":147.4,"snapDist":3,"label":1}},{"type":"Feature","geometry":{"type":"Point","coordinates":[23.390133,42.733154]},"properties":{"name":"Петте могили","lines":"18, 20","arr":["18","20"],"terminus":0,"mode":"bus","color":"#0059a9","colorDark":"#00294f","angle":147.4,"snapDist":0,"label":1}},{"type":"Feature","geometry":{"type":"Point","coordinates":[23.395694,42.736842]},"properties":{"name":"Моста на Р. Искър","lines":"18, 20","arr":["18","20"],"terminus":0,"mode":"bus","color":"#0059a9","colorDark":"#00294f","angle":143.4,"snapDist":3,"label":1}},{"type":"Feature","geometry":{"type":"Point","coordinates":[23.404703,42.741482]},"properties":{"name":"Опитна станция","lines":"18","arr":["18"],"terminus":0,"mode":"bus","color":"#0059a9","colorDark":"#00294f","angle":145.3,"snapDist":3,"label":1}},{"type":"Feature","geometry":{"type":"Point","coordinates":[23.408671,42.74392]},"properties":{"name":"Зеленчукова градина","lines":"18","arr":["18"],"terminus":0,"mode":"bus","color":"#0059a9","colorDark":"#00294f","angle":135.7,"snapDist":4,"label":1}},{"type":"Feature","geometry":{"type":"Point","coordinates":[23.420448,42.752297]},"properties":{"name":"Кариерни материали АД","lines":"18","arr":["18"],"terminus":0,"mode":"bus","color":"#0059a9","colorDark":"#00294f","angle":136.6,"snapDist":2,"label":1}},{"type":"Feature","geometry":{"type":"Point","coordinates":[23.425576,42.757479]},"properties":{"name":"Село Чепинци","lines":"18","arr":["18"],"terminus":0,"mode":"bus","color":"#0059a9","colorDark":"#00294f","angle":118.6,"snapDist":4,"label":0}},{"type":"Feature","geometry":{"type":"Point","coordinates":[23.429979,42.756056]},"properties":{"name":"пл. Витоша","lines":"18","arr":["18"],"terminus":0,"mode":"bus","color":"#0059a9","colorDark":"#00294f","angle":205.9,"snapDist":5,"label":1}},{"type":"Feature","geometry":{"type":"Point","coordinates":[23.434837,42.753939]},"properties":{"name":"ул. Надежда","lines":"18","arr":["18"],"terminus":0,"mode":"bus","color":"#0059a9","colorDark":"#00294f","angle":250.8,"snapDist":3,"label":1}},{"type":"Feature","geometry":{"type":"Point","coordinates":[23.434789,42.750714]},"properties":{"name":"Мелницата Чепинци","lines":"18","arr":["18"],"terminus":1,"mode":"bus","color":"#0059a9","colorDark":"#00294f","angle":-159.3,"snapDist":10,"label":1}},{"type":"Feature","geometry":{"type":"Point","coordinates":[23.434735,42.754153]},"properties":{"name":"ул. Надежда","lines":"18","arr":["18"],"terminus":0,"mode":"bus","color":"#0059a9","colorDark":"#00294f","angle":70.8,"snapDist":2,"label":0}},{"type":"Feature","geometry":{"type":"Point","coordinates":[23.42975,42.756138]},"properties":{"name":"пл. Витоша","lines":"18","arr":["18"],"terminus":0,"mode":"bus","color":"#0059a9","colorDark":"#00294f","angle":24.9,"snapDist":1,"label":0}},{"type":"Feature","geometry":{"type":"Point","coordinates":[23.425712,42.757528]},"properties":{"name":"Село Чепинци","lines":"18","arr":["18"],"terminus":0,"mode":"bus","color":"#0059a9","colorDark":"#00294f","angle":22.8,"snapDist":3,"label":0}},{"type":"Feature","geometry":{"type":"Point","coordinates":[23.42106,42.752723]},"properties":{"name":"Кариерни материали АД","lines":"18","arr":["18"],"terminus":0,"mode":"bus","color":"#0059a9","colorDark":"#00294f","angle":316.6,"snapDist":5,"label":0}},{"type":"Feature","geometry":{"type":"Point","coordinates":[23.409146,42.74426]},"properties":{"name":"Зеленчукова градина","lines":"18","arr":["18"],"terminus":0,"mode":"bus","color":"#0059a9","colorDark":"#00294f","angle":315.7,"snapDist":2,"label":0}},{"type":"Feature","geometry":{"type":"Point","coordinates":[23.404585,42.741422]},"properties":{"name":"Опитна станция","lines":"18","arr":["18"],"terminus":0,"mode":"bus","color":"#0059a9","colorDark":"#00294f","angle":325.3,"snapDist":2,"label":0}},{"type":"Feature","geometry":{"type":"Point","coordinates":[23.395434,42.7367]},"properties":{"name":"Моста на Р. Искър","lines":"18, 20","arr":["18","20"],"terminus":0,"mode":"bus","color":"#0059a9","colorDark":"#00294f","angle":323.4,"snapDist":6,"label":0}},{"type":"Feature","geometry":{"type":"Point","coordinates":[23.389696,42.732956]},"properties":{"name":"Петте могили","lines":"18, 20","arr":["18","20"],"terminus":0,"mode":"bus","color":"#0059a9","colorDark":"#00294f","angle":330.4,"snapDist":6,"label":0}},{"type":"Feature","geometry":{"type":"Point","coordinates":[23.386299,42.731362]},"properties":{"name":"Складова база Чепинско шосе","lines":"18, 20","arr":["18","20"],"terminus":0,"mode":"bus","color":"#0059a9","colorDark":"#00294f","angle":327.4,"snapDist":5,"label":0}},{"type":"Feature","geometry":{"type":"Point","coordinates":[23.382284,42.729476]},"properties":{"name":"Промишлена зона","lines":"18, 20","arr":["18","20"],"terminus":0,"mode":"bus","color":"#0059a9","colorDark":"#00294f","angle":327.4,"snapDist":3,"label":0}},{"type":"Feature","geometry":{"type":"Point","coordinates":[23.373732,42.725472]},"properties":{"name":"Птицефермата","lines":"18, 20","arr":["18","20"],"terminus":0,"mode":"bus","color":"#0059a9","colorDark":"#00294f","angle":328.1,"snapDist":2,"label":0}},{"type":"Feature","geometry":{"type":"Point","coordinates":[23.369171,42.723296]},"properties":{"name":"ул. Чепинско шосе","lines":"18, 20","arr":["18","20"],"terminus":0,"mode":"bus","color":"#0059a9","colorDark":"#00294f","angle":327,"snapDist":6,"label":0}},{"type":"Feature","geometry":{"type":"Point","coordinates":[23.362811,42.720273]},"properties":{"name":"Гробищен парк Малашевци","lines":"18, 20","arr":["18","20"],"terminus":0,"mode":"bus","color":"#0059a9","colorDark":"#00294f","angle":326.8,"snapDist":4,"label":0}},{"type":"Feature","geometry":{"type":"Point","coordinates":[23.359185,42.718525]},"properties":{"name":"Пазар Малашевци","lines":"18, 20","arr":["18","20"],"terminus":0,"mode":"bus","color":"#0059a9","colorDark":"#00294f","angle":326.5,"snapDist":4,"label":0}},{"type":"Feature","geometry":{"type":"Point","coordinates":[23.35194,42.716656]},"properties":{"name":"Моста на Владайска река","lines":"18, 20","arr":["18","20"],"terminus":0,"mode":"bus","color":"#0059a9","colorDark":"#00294f","angle":340.4,"snapDist":2,"label":0}},{"type":"Feature","geometry":{"type":"Point","coordinates":[23.347583,42.714739]},"properties":{"name":"кв. Малашевци","lines":"18, 20","arr":["18","20"],"terminus":0,"mode":"bus","color":"#0059a9","colorDark":"#00294f","angle":304.6,"snapDist":3,"label":0}},{"type":"Feature","geometry":{"type":"Point","coordinates":[23.343944,42.712858]},"properties":{"name":"ул. Първа българска армия","lines":"18","arr":["18"],"terminus":0,"mode":"bus","color":"#0059a9","colorDark":"#00294f","angle":326.8,"snapDist":4,"label":1}},{"type":"Feature","geometry":{"type":"Point","coordinates":[23.44786,42.794448]},"properties":{"name":"Село Локорско","lines":"20, 28","arr":["20","28"],"terminus":1,"mode":"bus","color":"#0059a9","colorDark":"#00294f","angle":16.5,"snapDist":5,"label":1}},{"type":"Feature","geometry":{"type":"Point","coordinates":[23.445068,42.790427]},"properties":{"name":"ул. Веско Веселинов","lines":"20, 28","arr":["20","28"],"terminus":0,"mode":"bus","color":"#0059a9","colorDark":"#00294f","angle":280.6,"snapDist":3,"label":1}},{"type":"Feature","geometry":{"type":"Point","coordinates":[23.444666,42.787984]},"properties":{"name":"Начало с. Локорско","lines":"20, 28","arr":["20","28"],"terminus":0,"mode":"bus","color":"#0059a9","colorDark":"#00294f","angle":266.1,"snapDist":2,"label":1}},{"type":"Feature","geometry":{"type":"Point","coordinates":[23.439224,42.770923]},"properties":{"name":"Горско стопанство","lines":"20, 28","arr":["20","28"],"terminus":0,"mode":"bus","color":"#0059a9","colorDark":"#00294f","angle":305.6,"snapDist":2,"label":1}},{"type":"Feature","geometry":{"type":"Point","coordinates":[23.434394,42.765483]},"properties":{"name":"Гара Чепинци","lines":"20, 28","arr":["20","28"],"terminus":0,"mode":"bus","color":"#0059a9","colorDark":"#00294f","angle":301.3,"snapDist":4,"label":1}},{"type":"Feature","geometry":{"type":"Point","coordinates":[23.430684,42.761928]},"properties":{"name":"160 -то ОУ","lines":"20, 28","arr":["20","28"],"terminus":0,"mode":"bus","color":"#0059a9","colorDark":"#00294f","angle":313.9,"snapDist":4,"label":1}},{"type":"Feature","geometry":{"type":"Point","coordinates":[23.42555,42.758088]},"properties":{"name":"Село Чепинци","lines":"20, 28","arr":["20","28"],"terminus":0,"mode":"bus","color":"#0059a9","colorDark":"#00294f","angle":42,"snapDist":3,"label":0}},{"type":"Feature","geometry":{"type":"Point","coordinates":[23.422832,42.760887]},"properties":{"name":"ул. Орфей","lines":"20, 28","arr":["20","28"],"terminus":0,"mode":"bus","color":"#0059a9","colorDark":"#00294f","angle":72.1,"snapDist":3,"label":1}},{"type":"Feature","geometry":{"type":"Point","coordinates":[23.40874,42.766892]},"properties":{"name":"Гробищен парк Негован","lines":"20, 28","arr":["20","28"],"terminus":0,"mode":"bus","color":"#0059a9","colorDark":"#00294f","angle":25.9,"snapDist":1,"label":1}},{"type":"Feature","geometry":{"type":"Point","coordinates":[23.405847,42.768776]},"properties":{"name":"Село Негован","lines":"20, 28","arr":["20","28"],"terminus":0,"mode":"bus","color":"#0059a9","colorDark":"#00294f","angle":58.1,"snapDist":2,"label":1}},{"type":"Feature","geometry":{"type":"Point","coordinates":[23.399551,42.762557]},"properties":{"name":"Ел. кантон","lines":"20","arr":["20"],"terminus":0,"mode":"bus","color":"#0059a9","colorDark":"#00294f","angle":271.7,"snapDist":4,"label":1}},{"type":"Feature","geometry":{"type":"Point","coordinates":[23.399189,42.750632]},"properties":{"name":"Зеленчукова градина","lines":"20","arr":["20"],"terminus":0,"mode":"bus","color":"#0059a9","colorDark":"#00294f","angle":272.6,"snapDist":3,"label":1}},{"type":"Feature","geometry":{"type":"Point","coordinates":[23.39964,42.745006]},"properties":{"name":"Опитна станция","lines":"20","arr":["20"],"terminus":0,"mode":"bus","color":"#0059a9","colorDark":"#00294f","angle":275.6,"snapDist":5,"label":1}},{"type":"Feature","geometry":{"type":"Point","coordinates":[23.342801,42.713371]},"properties":{"name":"ул. Рояк","lines":"20, 100","arr":["20","100"],"terminus":0,"mode":"bus","color":"#0059a9","colorDark":"#00294f","angle":55.7,"snapDist":1,"label":1}},{"type":"Feature","geometry":{"type":"Point","coordinates":[23.339557,42.715387]},"properties":{"name":"Католически гробищен парк","lines":"20, 21, 22","arr":["20","21","22"],"terminus":0,"mode":"bus","color":"#0059a9","colorDark":"#00294f","angle":296.1,"snapDist":6,"label":1}},{"type":"Feature","geometry":{"type":"Point","coordinates":[23.336909,42.711385]},"properties":{"name":"Централен гробищен парк","lines":"20, 21, 22","arr":["20","21","22"],"terminus":0,"mode":"bus","color":"#0059a9","colorDark":"#00294f","angle":296.2,"snapDist":4,"label":1}},{"type":"Feature","geometry":{"type":"Point","coordinates":[23.334065,42.708252]},"properties":{"name":"Хладилен завод","lines":"20, 21, 22","arr":["20","21","22"],"terminus":0,"mode":"bus","color":"#0059a9","colorDark":"#00294f","angle":304.1,"snapDist":2,"label":1}},{"type":"Feature","geometry":{"type":"Point","coordinates":[23.332531,42.705844]},"properties":{"name":"пл. Сточна гара","lines":"20, 21, 22, 309","arr":["20","21","22","309"],"terminus":0,"mode":"bus","color":"#0059a9","colorDark":"#00294f","angle":258.6,"snapDist":4,"label":0}},{"type":"Feature","geometry":{"type":"Point","coordinates":[23.330536,42.704495]},"properties":{"name":"пл. Сточна гара","lines":"20, 21, 22, 309, 310, X43","arr":["20","21","22","309","310","X43"],"terminus":1,"mode":"bus","color":"#0059a9","colorDark":"#00294f","angle":170.4,"snapDist":8,"label":0}},{"type":"Feature","geometry":{"type":"Point","coordinates":[23.332644,42.705932]},"properties":{"name":"пл. Сточна гара","lines":"20, 21, 22, 79, 309","arr":["20","21","22","79","309"],"terminus":0,"mode":"bus","color":"#0059a9","colorDark":"#00294f","angle":79.1,"snapDist":3,"label":0}},{"type":"Feature","geometry":{"type":"Point","coordinates":[23.33462,42.708718]},"properties":{"name":"Хладилен завод","lines":"20, 21, 22, 79, 309","arr":["20","21","22","79","309"],"terminus":0,"mode":"bus","color":"#0059a9","colorDark":"#00294f","angle":123.6,"snapDist":4,"label":0}},{"type":"Feature","geometry":{"type":"Point","coordinates":[23.33718,42.711566]},"properties":{"name":"Централен гробищен парк","lines":"20, 21, 22","arr":["20","21","22"],"terminus":0,"mode":"bus","color":"#0059a9","colorDark":"#00294f","angle":115.9,"snapDist":3,"label":0}},{"type":"Feature","geometry":{"type":"Point","coordinates":[23.341133,42.715287]},"properties":{"name":"ул. Каменоделска","lines":"20, 100","arr":["20","100"],"terminus":0,"mode":"bus","color":"#0059a9","colorDark":"#00294f","angle":238.2,"snapDist":10,"label":1}},{"type":"Feature","geometry":{"type":"Point","coordinates":[23.34387,42.712822]},"properties":{"name":"ул. Първа българска армия","lines":"20","arr":["20"],"terminus":0,"mode":"bus","color":"#0059a9","colorDark":"#00294f","angle":146.8,"snapDist":3,"label":0}},{"type":"Feature","geometry":{"type":"Point","coordinates":[23.399617,42.744836]},"properties":{"name":"Опитна станция","lines":"20","arr":["20"],"terminus":0,"mode":"bus","color":"#0059a9","colorDark":"#00294f","angle":95.6,"snapDist":1,"label":0}},{"type":"Feature","geometry":{"type":"Point","coordinates":[23.399177,42.750279]},"properties":{"name":"Зеленчукова градина","lines":"20","arr":["20"],"terminus":0,"mode":"bus","color":"#0059a9","colorDark":"#00294f","angle":91.2,"snapDist":3,"label":0}},{"type":"Feature","geometry":{"type":"Point","coordinates":[23.399544,42.762379]},"properties":{"name":"Ел. кантон","lines":"20","arr":["20"],"terminus":0,"mode":"bus","color":"#0059a9","colorDark":"#00294f","angle":91.7,"snapDist":2,"label":0}},{"type":"Feature","geometry":{"type":"Point","coordinates":[23.404992,42.769131]},"properties":{"name":"Село Негован","lines":"20, 28","arr":["20","28"],"terminus":0,"mode":"bus","color":"#0059a9","colorDark":"#00294f","angle":205.6,"snapDist":4,"label":0}},{"type":"Feature","geometry":{"type":"Point","coordinates":[23.40883,42.76686]},"properties":{"name":"Гробищен парк Негован","lines":"20, 28","arr":["20","28"],"terminus":0,"mode":"bus","color":"#0059a9","colorDark":"#00294f","angle":205.9,"snapDist":5,"label":0}},{"type":"Feature","geometry":{"type":"Point","coordinates":[23.422902,42.760729]},"properties":{"name":"ул. Орфей","lines":"20, 28","arr":["20","28"],"terminus":0,"mode":"bus","color":"#0059a9","colorDark":"#00294f","angle":252.2,"snapDist":5,"label":0}},{"type":"Feature","geometry":{"type":"Point","coordinates":[23.425783,42.757951]},"properties":{"name":"Село Чепинци","lines":"20, 28","arr":["20","28"],"terminus":0,"mode":"bus","color":"#0059a9","colorDark":"#00294f","angle":218.4,"snapDist":5,"label":0}},{"type":"Feature","geometry":{"type":"Point","coordinates":[23.429569,42.76107]},"properties":{"name":"ул. Училищна","lines":"20, 28","arr":["20","28"],"terminus":0,"mode":"bus","color":"#0059a9","colorDark":"#00294f","angle":133.7,"snapDist":3,"label":1}},{"type":"Feature","geometry":{"type":"Point","coordinates":[23.431388,42.762465]},"properties":{"name":"160-то ОУ","lines":"20, 28","arr":["20","28"],"terminus":0,"mode":"bus","color":"#0059a9","colorDark":"#00294f","angle":133.9,"snapDist":3,"label":1}},{"type":"Feature","geometry":{"type":"Point","coordinates":[23.434499,42.76561]},"properties":{"name":"Гара Чепинци","lines":"20, 28","arr":["20","28"],"terminus":0,"mode":"bus","color":"#0059a9","colorDark":"#00294f","angle":121.3,"snapDist":2,"label":0}},{"type":"Feature","geometry":{"type":"Point","coordinates":[23.439295,42.770996]},"properties":{"name":"Горско стопанство","lines":"20, 28","arr":["20","28"],"terminus":0,"mode":"bus","color":"#0059a9","colorDark":"#00294f","angle":125.6,"snapDist":4,"label":0}},{"type":"Feature","geometry":{"type":"Point","coordinates":[23.444656,42.788091]},"properties":{"name":"Начало с. Локорско","lines":"20, 28","arr":["20","28"],"terminus":0,"mode":"bus","color":"#0059a9","colorDark":"#00294f","angle":86.1,"snapDist":5,"label":0}},{"type":"Feature","geometry":{"type":"Point","coordinates":[23.445042,42.790322]},"properties":{"name":"ул. Веско Веселинов","lines":"20, 28","arr":["20","28"],"terminus":0,"mode":"bus","color":"#0059a9","colorDark":"#00294f","angle":100.6,"snapDist":5,"label":0}},{"type":"Feature","geometry":{"type":"Point","coordinates":[23.320195,42.710865]},"properties":{"name":"Централна гара","lines":"21, 22","arr":["21","22"],"terminus":1,"mode":"bus","color":"#0059a9","colorDark":"#00294f","angle":207.1,"snapDist":8,"label":1}},{"type":"Feature","geometry":{"type":"Point","coordinates":[23.323261,42.706953]},"properties":{"name":"ул. Козлодуй","lines":"21, 22","arr":["21","22"],"terminus":0,"mode":"bus","color":"#0059a9","colorDark":"#00294f","angle":257.2,"snapDist":3,"label":1}},{"type":"Feature","geometry":{"type":"Point","coordinates":[23.33924,42.717403]},"properties":{"name":"кв. Орландовци","lines":"21, 22, 23, 24, 100","arr":["21","22","23","24","100"],"terminus":0,"mode":"bus","color":"#0059a9","colorDark":"#00294f","angle":54.3,"snapDist":4,"label":1}},{"type":"Feature","geometry":{"type":"Point","coordinates":[23.34207,42.721799]},"properties":{"name":"ул. Пощенска","lines":"21, 22, 23, 24","arr":["21","22","23","24"],"terminus":0,"mode":"bus","color":"#0059a9","colorDark":"#00294f","angle":120.1,"snapDist":6,"label":1}},{"type":"Feature","geometry":{"type":"Point","coordinates":[23.344571,42.725882]},"properties":{"name":"ул. Одеса","lines":"21, 22, 23, 24","arr":["21","22","23","24"],"terminus":0,"mode":"bus","color":"#0059a9","colorDark":"#00294f","angle":110.5,"snapDist":3,"label":1}},{"type":"Feature","geometry":{"type":"Point","coordinates":[23.344208,42.729249]},"properties":{"name":"Сервиз Полмо","lines":"21, 22, 23, 24","arr":["21","22","23","24"],"terminus":0,"mode":"bus","color":"#0059a9","colorDark":"#00294f","angle":82.4,"snapDist":2,"label":1}},{"type":"Feature","geometry":{"type":"Point","coordinates":[23.34338,42.734027]},"properties":{"name":"Ж.П.прелез","lines":"21, 22, 23, 24","arr":["21","22","23","24"],"terminus":0,"mode":"bus","color":"#0059a9","colorDark":"#00294f","angle":82.4,"snapDist":4,"label":1}},{"type":"Feature","geometry":{"type":"Point","coordinates":[23.34357,42.737784]},"properties":{"name":"пл. Биримирци","lines":"21, 22, 23, 24","arr":["21","22","23","24"],"terminus":0,"mode":"bus","color":"#0059a9","colorDark":"#00294f","angle":98.5,"snapDist":8,"label":1}},{"type":"Feature","geometry":{"type":"Point","coordinates":[23.345679,42.742306]},"properties":{"name":"60-то ОУ","lines":"21, 22, 23, 24, 100","arr":["21","22","23","24","100"],"terminus":0,"mode":"bus","color":"#0059a9","colorDark":"#00294f","angle":114.4,"snapDist":5,"label":1}},{"type":"Feature","geometry":{"type":"Point","coordinates":[23.348407,42.745305]},"properties":{"name":"кв. Бенковски","lines":"21, 22, 23, 24","arr":["21","22","23","24"],"terminus":0,"mode":"bus","color":"#0059a9","colorDark":"#00294f","angle":142.6,"snapDist":6,"label":0}},{"type":"Feature","geometry":{"type":"Point","coordinates":[23.350657,42.747879]},"properties":{"name":"ул. Обрадовски път","lines":"21, 22, 23, 24","arr":["21","22","23","24"],"terminus":0,"mode":"bus","color":"#0059a9","colorDark":"#00294f","angle":103,"snapDist":6,"label":1}},{"type":"Feature","geometry":{"type":"Point","coordinates":[23.352553,42.753883]},"properties":{"name":"Пречиствателна станция","lines":"21, 22, 23","arr":["21","22","23"],"terminus":0,"mode":"bus","color":"#0059a9","colorDark":"#00294f","angle":102.9,"snapDist":4,"label":1}},{"type":"Feature","geometry":{"type":"Point","coordinates":[23.355554,42.763442]},"properties":{"name":"Отвъд реката - Кубратово","lines":"21, 22, 23","arr":["21","22","23"],"terminus":0,"mode":"bus","color":"#0059a9","colorDark":"#00294f","angle":103.6,"snapDist":3,"label":1}},{"type":"Feature","geometry":{"type":"Point","coordinates":[23.359305,42.769413]},"properties":{"name":"ул. Кирил Христов","lines":"21, 22, 23","arr":["21","22","23"],"terminus":0,"mode":"bus","color":"#0059a9","colorDark":"#00294f","angle":130.5,"snapDist":7,"label":1}},{"type":"Feature","geometry":{"type":"Point","coordinates":[23.362718,42.773087]},"properties":{"name":"Село Кубратово","lines":"21, 22, 23","arr":["21","22","23"],"terminus":0,"mode":"bus","color":"#0059a9","colorDark":"#00294f","angle":114.1,"snapDist":6,"label":1}},{"type":"Feature","geometry":{"type":"Point","coordinates":[23.383689,42.78182]},"properties":{"name":"ул. Синчец","lines":"21, 22, 23","arr":["21","22","23"],"terminus":0,"mode":"bus","color":"#0059a9","colorDark":"#00294f","angle":166.8,"snapDist":4,"label":1}},{"type":"Feature","geometry":{"type":"Point","coordinates":[23.387345,42.782545]},"properties":{"name":"177-Мо ОУ","lines":"21, 22, 23","arr":["21","22","23"],"terminus":0,"mode":"bus","color":"#0059a9","colorDark":"#00294f","angle":163.7,"snapDist":6,"label":1}},{"type":"Feature","geometry":{"type":"Point","coordinates":[23.390337,42.783016]},"properties":{"name":"Село Световрачане","lines":"21, 22, 23, 28","arr":["21","22","23","28"],"terminus":0,"mode":"bus","color":"#0059a9","colorDark":"#00294f","angle":178.7,"snapDist":8,"label":1}},{"type":"Feature","geometry":{"type":"Point","coordinates":[23.394863,42.783793]},"properties":{"name":"ул. Тракийска могила","lines":"21, 22, 23, 28","arr":["21","22","23","28"],"terminus":0,"mode":"bus","color":"#0059a9","colorDark":"#00294f","angle":129.9,"snapDist":6,"label":1}},{"type":"Feature","geometry":{"type":"Point","coordinates":[23.397132,42.785414]},"properties":{"name":"ул. Войнешки път - по желание","lines":"21, 22, 23, 28","arr":["21","22","23","28"],"terminus":0,"mode":"bus","color":"#0059a9","colorDark":"#00294f","angle":154,"snapDist":4,"label":1}},{"type":"Feature","geometry":{"type":"Point","coordinates":[23.412481,42.794399]},"properties":{"name":"По желание","lines":"21, 28","arr":["21","28"],"terminus":0,"mode":"bus","color":"#0059a9","colorDark":"#00294f","angle":155.4,"snapDist":4,"label":1}},{"type":"Feature","geometry":{"type":"Point","coordinates":[23.421983,42.798753]},"properties":{"name":"Начало с. Войнеговци - по желание","lines":"21, 28","arr":["21","28"],"terminus":0,"mode":"bus","color":"#0059a9","colorDark":"#00294f","angle":109.6,"snapDist":6,"label":1}},{"type":"Feature","geometry":{"type":"Point","coordinates":[23.42244,42.801858]},"properties":{"name":"Център с. Войнеговци","lines":"21, 28","arr":["21","28"],"terminus":0,"mode":"bus","color":"#0059a9","colorDark":"#00294f","angle":192.4,"snapDist":5,"label":1}},{"type":"Feature","geometry":{"type":"Point","coordinates":[23.422862,42.803933]},"properties":{"name":"Село Войнеговци","lines":"21, 28","arr":["21","28"],"terminus":1,"mode":"bus","color":"#0059a9","colorDark":"#00294f","angle":15.3,"snapDist":3,"label":1}},{"type":"Feature","geometry":{"type":"Point","coordinates":[23.422087,42.801244]},"properties":{"name":"Център с. Войнеговци","lines":"21, 28","arr":["21","28"],"terminus":0,"mode":"bus","color":"#0059a9","colorDark":"#00294f","angle":286.2,"snapDist":3,"label":0}},{"type":"Feature","geometry":{"type":"Point","coordinates":[23.421838,42.798455]},"properties":{"name":"Начало с. Войнеговци - по желание","lines":"21, 28","arr":["21","28"],"terminus":0,"mode":"bus","color":"#0059a9","colorDark":"#00294f","angle":289.6,"snapDist":2,"label":0}},{"type":"Feature","geometry":{"type":"Point","coordinates":[23.41231,42.794341]},"properties":{"name":"По желание","lines":"21, 28","arr":["21","28"],"terminus":0,"mode":"bus","color":"#0059a9","colorDark":"#00294f","angle":335.4,"snapDist":2,"label":0}},{"type":"Feature","geometry":{"type":"Point","coordinates":[23.398225,42.78579]},"properties":{"name":"ул. Войнешки път - по желание","lines":"21, 22, 23, 28","arr":["21","22","23","28"],"terminus":0,"mode":"bus","color":"#0059a9","colorDark":"#00294f","angle":335.8,"snapDist":1,"label":0}},{"type":"Feature","geometry":{"type":"Point","coordinates":[23.394571,42.783527]},"properties":{"name":"ул. Тракийска могила","lines":"21, 22, 23, 28","arr":["21","22","23","28"],"terminus":0,"mode":"bus","color":"#0059a9","colorDark":"#00294f","angle":308.3,"snapDist":4,"label":0}},{"type":"Feature","geometry":{"type":"Point","coordinates":[23.39092,42.783029]},"properties":{"name":"Село Световрачане","lines":"21, 22, 23, 28","arr":["21","22","23","28"],"terminus":0,"mode":"bus","color":"#0059a9","colorDark":"#00294f","angle":358,"snapDist":2,"label":0}},{"type":"Feature","geometry":{"type":"Point","coordinates":[23.387939,42.782666]},"properties":{"name":"177-Мо ОУ","lines":"21, 22, 23","arr":["21","22","23"],"terminus":0,"mode":"bus","color":"#0059a9","colorDark":"#00294f","angle":345.2,"snapDist":7,"label":0}},{"type":"Feature","geometry":{"type":"Point","coordinates":[23.384175,42.781907]},"properties":{"name":"ул. Синчец","lines":"21, 22, 23","arr":["21","22","23"],"terminus":0,"mode":"bus","color":"#0059a9","colorDark":"#00294f","angle":345.1,"snapDist":4,"label":0}},{"type":"Feature","geometry":{"type":"Point","coordinates":[23.362985,42.773513]},"properties":{"name":"Село Кубратово","lines":"21, 22, 23","arr":["21","22","23"],"terminus":0,"mode":"bus","color":"#0059a9","colorDark":"#00294f","angle":295.5,"snapDist":3,"label":0}},{"type":"Feature","geometry":{"type":"Point","coordinates":[23.359456,42.769546]},"properties":{"name":"ул. Кирил Христов","lines":"21, 22, 23","arr":["21","22","23"],"terminus":0,"mode":"bus","color":"#0059a9","colorDark":"#00294f","angle":309.2,"snapDist":3,"label":0}},{"type":"Feature","geometry":{"type":"Point","coordinates":[23.355518,42.763332]},"properties":{"name":"Отвъд реката - Кубратово","lines":"21, 22, 23","arr":["21","22","23"],"terminus":0,"mode":"bus","color":"#0059a9","colorDark":"#00294f","angle":283.6,"snapDist":4,"label":0}},{"type":"Feature","geometry":{"type":"Point","coordinates":[23.352383,42.753334]},"properties":{"name":"Пречиствателна станция","lines":"21, 22, 23","arr":["21","22","23"],"terminus":0,"mode":"bus","color":"#0059a9","colorDark":"#00294f","angle":282.9,"snapDist":2,"label":0}},{"type":"Feature","geometry":{"type":"Point","coordinates":[23.350566,42.747591]},"properties":{"name":"ул. Обрадовски път","lines":"21, 22, 23","arr":["21","22","23"],"terminus":0,"mode":"bus","color":"#0059a9","colorDark":"#00294f","angle":283,"snapDist":5,"label":0}},{"type":"Feature","geometry":{"type":"Point","coordinates":[23.347989,42.74491]},"properties":{"name":"кв. Бенковски","lines":"21, 22, 23, 24, 100","arr":["21","22","23","24","100"],"terminus":1,"mode":"bus","color":"#0059a9","colorDark":"#00294f","angle":289.4,"snapDist":7,"label":1}},{"type":"Feature","geometry":{"type":"Point","coordinates":[23.345384,42.741824]},"properties":{"name":"60-то ОУ","lines":"21, 22, 23, 24, 100","arr":["21","22","23","24","100"],"terminus":0,"mode":"bus","color":"#0059a9","colorDark":"#00294f","angle":294.1,"snapDist":9,"label":0}},{"type":"Feature","geometry":{"type":"Point","coordinates":[23.343469,42.737285]},"properties":{"name":"пл. Биримирци","lines":"21, 22, 23, 24, 100","arr":["21","22","23","24","100"],"terminus":0,"mode":"bus","color":"#0059a9","colorDark":"#00294f","angle":278.5,"snapDist":6,"label":0}},{"type":"Feature","geometry":{"type":"Point","coordinates":[23.343585,42.732884]},"properties":{"name":"Ж.П.прелез","lines":"21, 22, 23, 24","arr":["21","22","23","24"],"terminus":0,"mode":"bus","color":"#0059a9","colorDark":"#00294f","angle":262.3,"snapDist":4,"label":0}},{"type":"Feature","geometry":{"type":"Point","coordinates":[23.344302,42.728686]},"properties":{"name":"Сервиз Полмо","lines":"21, 22, 23, 24","arr":["21","22","23","24"],"terminus":0,"mode":"bus","color":"#0059a9","colorDark":"#00294f","angle":263.8,"snapDist":6,"label":0}},{"type":"Feature","geometry":{"type":"Point","coordinates":[23.344391,42.725525]},"properties":{"name":"ул. Одеса","lines":"21, 22, 23, 24","arr":["21","22","23","24"],"terminus":0,"mode":"bus","color":"#0059a9","colorDark":"#00294f","angle":290.1,"snapDist":5,"label":0}},{"type":"Feature","geometry":{"type":"Point","coordinates":[23.341983,42.721691]},"properties":{"name":"ул. Пощенска","lines":"21, 22, 23, 24","arr":["21","22","23","24"],"terminus":0,"mode":"bus","color":"#0059a9","colorDark":"#00294f","angle":300.7,"snapDist":3,"label":0}},{"type":"Feature","geometry":{"type":"Point","coordinates":[23.338984,42.717885]},"properties":{"name":"кв. Орландовци","lines":"21, 22, 23, 24","arr":["21","22","23","24"],"terminus":0,"mode":"bus","color":"#0059a9","colorDark":"#00294f","angle":298.3,"snapDist":4,"label":0}},{"type":"Feature","geometry":{"type":"Point","coordinates":[23.318279,42.708622]},"properties":{"name":"ул. Клокотница","lines":"21, 22, N2","arr":["21","22","N2"],"terminus":0,"mode":"bus","color":"#0059a9","colorDark":"#00294f","angle":97.9,"snapDist":3,"label":1}},{"type":"Feature","geometry":{"type":"Point","coordinates":[23.319016,42.710779]},"properties":{"name":"Централна гара","lines":"21, 22, N2","arr":["21","22","N2"],"terminus":1,"mode":"bus","color":"#0059a9","colorDark":"#00294f","angle":116.8,"snapDist":6,"label":0}},{"type":"Feature","geometry":{"type":"Point","coordinates":[23.398092,42.797722]},"properties":{"name":"Начало с. Подгумер - по желание","lines":"22, 28","arr":["22","28"],"terminus":0,"mode":"bus","color":"#0059a9","colorDark":"#00294f","angle":135.5,"snapDist":4,"label":1}},{"type":"Feature","geometry":{"type":"Point","coordinates":[23.400737,42.799831]},"properties":{"name":"ул. Младост - по желание","lines":"22, 28","arr":["22","28"],"terminus":0,"mode":"bus","color":"#0059a9","colorDark":"#00294f","angle":127.5,"snapDist":5,"label":1}},{"type":"Feature","geometry":{"type":"Point","coordinates":[23.402769,42.802887]},"properties":{"name":"Център с. Подгумер","lines":"22, 28","arr":["22","28"],"terminus":0,"mode":"bus","color":"#0059a9","colorDark":"#00294f","angle":306.7,"snapDist":5,"label":1}},{"type":"Feature","geometry":{"type":"Point","coordinates":[23.404357,42.806876]},"properties":{"name":"Село Подгумер","lines":"22, 28","arr":["22","28"],"terminus":1,"mode":"bus","color":"#0059a9","colorDark":"#00294f","angle":87.4,"snapDist":3,"label":1}},{"type":"Feature","geometry":{"type":"Point","coordinates":[23.404648,42.809606]},"properties":{"name":"в.з. Подгумер - по желание","lines":"22","arr":["22"],"terminus":0,"mode":"bus","color":"#0059a9","colorDark":"#00294f","angle":103.9,"snapDist":1,"label":1}},{"type":"Feature","geometry":{"type":"Point","coordinates":[23.407752,42.813398]},"properties":{"name":"Болницата с. Подгумер","lines":"22","arr":["22"],"terminus":1,"mode":"bus","color":"#0059a9","colorDark":"#00294f","angle":283.4,"snapDist":3,"label":1}},{"type":"Feature","geometry":{"type":"Point","coordinates":[23.404358,42.806867]},"properties":{"name":"Село Подгумер","lines":"22, 28","arr":["22","28"],"terminus":1,"mode":"bus","color":"#0059a9","colorDark":"#00294f","angle":267.4,"snapDist":3,"label":0}},{"type":"Feature","geometry":{"type":"Point","coordinates":[23.402536,42.802676]},"properties":{"name":"Център с. Подгумер","lines":"22, 28","arr":["22","28"],"terminus":0,"mode":"bus","color":"#0059a9","colorDark":"#00294f","angle":310.3,"snapDist":0,"label":0}},{"type":"Feature","geometry":{"type":"Point","coordinates":[23.400875,42.79997]},"properties":{"name":"ул. Младост - по желание","lines":"22, 28","arr":["22","28"],"terminus":0,"mode":"bus","color":"#0059a9","colorDark":"#00294f","angle":305.5,"snapDist":1,"label":0}},{"type":"Feature","geometry":{"type":"Point","coordinates":[23.397903,42.797586]},"properties":{"name":"Начало с. Подгумер - по желание","lines":"22, 28","arr":["22","28"],"terminus":0,"mode":"bus","color":"#0059a9","colorDark":"#00294f","angle":-44.3,"snapDist":2,"label":0}},{"type":"Feature","geometry":{"type":"Point","coordinates":[23.335808,42.696743]},"properties":{"name":"пл. Васил Левски - временна","lines":"22ТМ","arr":["22ТМ"],"terminus":1,"mode":"bus","color":"#0059a9","colorDark":"#00294f","angle":-170.2,"snapDist":5,"label":1}},{"type":"Feature","geometry":{"type":"Point","coordinates":[23.33062,42.698324]},"properties":{"name":"Национална опера","lines":"22ТМ","arr":["22ТМ"],"terminus":0,"mode":"bus","color":"#0059a9","colorDark":"#00294f","angle":352.3,"snapDist":2,"label":1}},{"type":"Feature","geometry":{"type":"Point","coordinates":[23.325016,42.697714]},"properties":{"name":"Площад Независимост - временна","lines":"22ТМ","arr":["22ТМ"],"terminus":0,"mode":"bus","color":"#0059a9","colorDark":"#00294f","angle":350.9,"snapDist":7,"label":1}},{"type":"Feature","geometry":{"type":"Point","coordinates":[23.31997,42.698123]},"properties":{"name":"Метростанция Сердика","lines":"22ТМ, N1, N4","arr":["22ТМ","N1","N4"],"terminus":0,"mode":"bus","color":"#0059a9","colorDark":"#00294f","angle":14,"snapDist":5,"label":1}},{"type":"Feature","geometry":{"type":"Point","coordinates":[23.315119,42.699029]},"properties":{"name":"бул. Христо Ботев","lines":"22ТМ, N1","arr":["22ТМ","N1"],"terminus":0,"mode":"bus","color":"#0059a9","colorDark":"#00294f","angle":14.4,"snapDist":4,"label":1}},{"type":"Feature","geometry":{"type":"Point","coordinates":[23.309502,42.700067]},"properties":{"name":"Метростанция Опълченска","lines":"22ТМ, N1","arr":["22ТМ","N1"],"terminus":0,"mode":"bus","color":"#0059a9","colorDark":"#00294f","angle":13.3,"snapDist":5,"label":1}},{"type":"Feature","geometry":{"type":"Point","coordinates":[23.304267,42.700947]},"properties":{"name":"ул. Одрин","lines":"22ТМ","arr":["22ТМ"],"terminus":0,"mode":"bus","color":"#0059a9","colorDark":"#00294f","angle":12.5,"snapDist":3,"label":1}},{"type":"Feature","geometry":{"type":"Point","coordinates":[23.301473,42.701407]},"properties":{"name":"ул. Перник","lines":"22ТМ","arr":["22ТМ"],"terminus":0,"mode":"bus","color":"#0059a9","colorDark":"#00294f","angle":13.1,"snapDist":4,"label":1}},{"type":"Feature","geometry":{"type":"Point","coordinates":[23.297922,42.702356]},"properties":{"name":"Метростанция К.Величков","lines":"22ТМ","arr":["22ТМ"],"terminus":1,"mode":"bus","color":"#0059a9","colorDark":"#00294f","angle":101.7,"snapDist":3,"label":1}},{"type":"Feature","geometry":{"type":"Point","coordinates":[23.300816,42.702812]},"properties":{"name":"ул. Димитър Петков","lines":"22ТМ","arr":["22ТМ"],"terminus":0,"mode":"bus","color":"#0059a9","colorDark":"#00294f","angle":193,"snapDist":2,"label":1}},{"type":"Feature","geometry":{"type":"Point","coordinates":[23.304564,42.702182]},"properties":{"name":"ул. Одрин","lines":"22ТМ","arr":["22ТМ"],"terminus":0,"mode":"bus","color":"#0059a9","colorDark":"#00294f","angle":193,"snapDist":3,"label":0}},{"type":"Feature","geometry":{"type":"Point","coordinates":[23.310213,42.701226]},"properties":{"name":"ул. Опълченска","lines":"22ТМ","arr":["22ТМ"],"terminus":0,"mode":"bus","color":"#0059a9","colorDark":"#00294f","angle":193,"snapDist":3,"label":1}},{"type":"Feature","geometry":{"type":"Point","coordinates":[23.315684,42.700295]},"properties":{"name":"бул. Христо Ботев","lines":"22ТМ","arr":["22ТМ"],"terminus":0,"mode":"bus","color":"#0059a9","colorDark":"#00294f","angle":193.6,"snapDist":2,"label":0}},{"type":"Feature","geometry":{"type":"Point","coordinates":[23.318295,42.700695]},"properties":{"name":"Женски пазар","lines":"22ТМ","arr":["22ТМ"],"terminus":0,"mode":"bus","color":"#0059a9","colorDark":"#00294f","angle":128.2,"snapDist":3,"label":1}},{"type":"Feature","geometry":{"type":"Point","coordinates":[23.322026,42.700242]},"properties":{"name":"Централни хали - временна","lines":"22ТМ","arr":["22ТМ"],"terminus":0,"mode":"bus","color":"#0059a9","colorDark":"#00294f","angle":193.6,"snapDist":0,"label":1}},{"type":"Feature","geometry":{"type":"Point","coordinates":[23.325435,42.697758]},"properties":{"name":"Площад Независимост - временна","lines":"22ТМ","arr":["22ТМ"],"terminus":0,"mode":"bus","color":"#0059a9","colorDark":"#00294f","angle":172,"snapDist":8,"label":0}},{"type":"Feature","geometry":{"type":"Point","coordinates":[23.330963,42.69827]},"properties":{"name":"Национална опера","lines":"22ТМ","arr":["22ТМ"],"terminus":0,"mode":"bus","color":"#0059a9","colorDark":"#00294f","angle":172.3,"snapDist":2,"label":0}},{"type":"Feature","geometry":{"type":"Point","coordinates":[23.33574,42.698742]},"properties":{"name":"бул. Васил Левски","lines":"22ТМ","arr":["22ТМ"],"terminus":0,"mode":"bus","color":"#0059a9","colorDark":"#00294f","angle":172.4,"snapDist":3,"label":1}},{"type":"Feature","geometry":{"type":"Point","coordinates":[23.337009,42.696689]},"properties":{"name":"пл. Васил Левски - временна","lines":"22ТМ","arr":["22ТМ"],"terminus":1,"mode":"bus","color":"#0059a9","colorDark":"#00294f","angle":3.2,"snapDist":3,"label":0}},{"type":"Feature","geometry":{"type":"Point","coordinates":[23.356233,42.818506]},"properties":{"name":"Гара Курило","lines":"23","arr":["23"],"terminus":1,"mode":"bus","color":"#0059a9","colorDark":"#00294f","angle":59.4,"snapDist":10,"label":1}},{"type":"Feature","geometry":{"type":"Point","coordinates":[23.354037,42.821179]},"properties":{"name":"Поща кв. Курило - по желание","lines":"23, 26, 27","arr":["23","26","27"],"terminus":0,"mode":"bus","color":"#0059a9","colorDark":"#00294f","angle":58.2,"snapDist":2,"label":1}},{"type":"Feature","geometry":{"type":"Point","coordinates":[23.360951,42.820583]},"properties":{"name":"ул. Ал. Стамболийски - по желание","lines":"23, 26","arr":["23","26"],"terminus":0,"mode":"bus","color":"#0059a9","colorDark":"#00294f","angle":175.7,"snapDist":5,"label":1}},{"type":"Feature","geometry":{"type":"Point","coordinates":[23.365718,42.820829]},"properties":{"name":"Каучуков завод Зебра - по желание","lines":"23, 26, 28","arr":["23","26","28"],"terminus":0,"mode":"bus","color":"#0059a9","colorDark":"#00294f","angle":179.3,"snapDist":4,"label":1}},{"type":"Feature","geometry":{"type":"Point","coordinates":[23.372853,42.819993]},"properties":{"name":"кв. Изгрев - по желание","lines":"23, 26, 28","arr":["23","26","28"],"terminus":0,"mode":"bus","color":"#0059a9","colorDark":"#00294f","angle":228.3,"snapDist":5,"label":1}},{"type":"Feature","geometry":{"type":"Point","coordinates":[23.373911,42.816915]},"properties":{"name":"ул. Ливадите - по желание","lines":"23, 26, 28","arr":["23","26","28"],"terminus":0,"mode":"bus","color":"#0059a9","colorDark":"#00294f","angle":275.8,"snapDist":3,"label":1}},{"type":"Feature","geometry":{"type":"Point","coordinates":[23.377402,42.812068]},"properties":{"name":"Старата чешма - по желание","lines":"23, 26, 28","arr":["23","26","28"],"terminus":0,"mode":"bus","color":"#0059a9","colorDark":"#00294f","angle":257.3,"snapDist":7,"label":1}},{"type":"Feature","geometry":{"type":"Point","coordinates":[23.376151,42.809484]},"properties":{"name":"кв. Гниляне","lines":"23, 26, 28","arr":["23","26","28"],"terminus":0,"mode":"bus","color":"#0059a9","colorDark":"#00294f","angle":290.9,"snapDist":3,"label":1}},{"type":"Feature","geometry":{"type":"Point","coordinates":[23.378362,42.805216]},"properties":{"name":"Начало кв. Гниляне","lines":"23, 28","arr":["23","28"],"terminus":0,"mode":"bus","color":"#0059a9","colorDark":"#00294f","angle":245.9,"snapDist":4,"label":0}},{"type":"Feature","geometry":{"type":"Point","coordinates":[23.380256,42.800228]},"properties":{"name":"Банята кв. Гниляне","lines":"23, 28","arr":["23","28"],"terminus":0,"mode":"bus","color":"#0059a9","colorDark":"#00294f","angle":235.9,"snapDist":4,"label":1}},{"type":"Feature","geometry":{"type":"Point","coordinates":[23.342107,42.714937]},"properties":{"name":"Автостанция Орландовци","lines":"23, 24","arr":["23","24"],"terminus":1,"mode":"bus","color":"#0059a9","colorDark":"#00294f","angle":284.6,"snapDist":4,"label":0}},{"type":"Feature","geometry":{"type":"Point","coordinates":[23.379932,42.80058]},"properties":{"name":"Банята кв. Гниляне","lines":"23, 28","arr":["23","28"],"terminus":0,"mode":"bus","color":"#0059a9","colorDark":"#00294f","angle":55.9,"snapDist":1,"label":0}},{"type":"Feature","geometry":{"type":"Point","coordinates":[23.378373,42.805198]},"properties":{"name":"Начало кв. Гниляне","lines":"23, 26, 28","arr":["23","26","28"],"terminus":1,"mode":"bus","color":"#0059a9","colorDark":"#00294f","angle":65.9,"snapDist":4,"label":1}},{"type":"Feature","geometry":{"type":"Point","coordinates":[23.376051,42.808965]},"properties":{"name":"кв. Гниляне","lines":"23, 26, 28","arr":["23","26","28"],"terminus":0,"mode":"bus","color":"#0059a9","colorDark":"#00294f","angle":90.6,"snapDist":7,"label":0}},{"type":"Feature","geometry":{"type":"Point","coordinates":[23.377397,42.812153]},"properties":{"name":"Старата чешма - по желание","lines":"23, 26, 28","arr":["23","26","28"],"terminus":0,"mode":"bus","color":"#0059a9","colorDark":"#00294f","angle":95.8,"snapDist":8,"label":0}},{"type":"Feature","geometry":{"type":"Point","coordinates":[23.373888,42.816746]},"properties":{"name":"ул. Ливадите - по желание","lines":"23, 26, 28","arr":["23","26","28"],"terminus":0,"mode":"bus","color":"#0059a9","colorDark":"#00294f","angle":95.8,"snapDist":5,"label":0}},{"type":"Feature","geometry":{"type":"Point","coordinates":[23.372988,42.819842]},"properties":{"name":"кв. Изгрев - по желание","lines":"23, 26, 28","arr":["23","26","28"],"terminus":0,"mode":"bus","color":"#0059a9","colorDark":"#00294f","angle":59.1,"snapDist":3,"label":0}},{"type":"Feature","geometry":{"type":"Point","coordinates":[23.365441,42.820826]},"properties":{"name":"Каучуков завод Зебра - по желание","lines":"23, 26, 28","arr":["23","26","28"],"terminus":0,"mode":"bus","color":"#0059a9","colorDark":"#00294f","angle":359.3,"snapDist":2,"label":0}},{"type":"Feature","geometry":{"type":"Point","coordinates":[23.36083,42.820291]},"properties":{"name":"ул. Ал. Стамболийски","lines":"23, 28","arr":["23","28"],"terminus":0,"mode":"bus","color":"#0059a9","colorDark":"#00294f","angle":330.1,"snapDist":4,"label":1}},{"type":"Feature","geometry":{"type":"Point","coordinates":[23.353237,42.753434]},"properties":{"name":"Пречиствателна станция","lines":"24","arr":["24"],"terminus":0,"mode":"bus","color":"#0059a9","colorDark":"#00294f","angle":179.6,"snapDist":5,"label":0}},{"type":"Feature","geometry":{"type":"Point","coordinates":[23.36167,42.753471]},"properties":{"name":"Манастир Св. Мина","lines":"24","arr":["24"],"terminus":1,"mode":"bus","color":"#0059a9","colorDark":"#00294f","angle":179.8,"snapDist":7,"label":1}},{"type":"Feature","geometry":{"type":"Point","coordinates":[23.360708,42.820569]},"properties":{"name":"ул. Ал. Стамболийски - по желание","lines":"26","arr":["26"],"terminus":0,"mode":"bus","color":"#0059a9","colorDark":"#00294f","angle":355.7,"snapDist":2,"label":0}},{"type":"Feature","geometry":{"type":"Point","coordinates":[23.353912,42.821889]},"properties":{"name":"Поща кв. Курило - по желание","lines":"26, 27","arr":["26","27"],"terminus":0,"mode":"bus","color":"#0059a9","colorDark":"#00294f","angle":274.3,"snapDist":5,"label":0}},{"type":"Feature","geometry":{"type":"Point","coordinates":[23.356052,42.818221]},"properties":{"name":"Гара Курило - по желание","lines":"26, 27, 28","arr":["26","27","28"],"terminus":0,"mode":"bus","color":"#0059a9","colorDark":"#00294f","angle":323.2,"snapDist":11,"label":1}},{"type":"Feature","geometry":{"type":"Point","coordinates":[23.352156,42.815229]},"properties":{"name":"ул. баба Тонка - по желание","lines":"26, 27, 28","arr":["26","27","28"],"terminus":0,"mode":"bus","color":"#0059a9","colorDark":"#00294f","angle":286.3,"snapDist":4,"label":1}},{"type":"Feature","geometry":{"type":"Point","coordinates":[23.350665,42.810277]},"properties":{"name":"ул. Бъдеще - по желание","lines":"26, 27, 28","arr":["26","27","28"],"terminus":0,"mode":"bus","color":"#0059a9","colorDark":"#00294f","angle":281.5,"snapDist":6,"label":1}},{"type":"Feature","geometry":{"type":"Point","coordinates":[23.348035,42.806537]},"properties":{"name":"Балканкерамик АД - по желание","lines":"26, 27, 28","arr":["26","27","28"],"terminus":0,"mode":"bus","color":"#0059a9","colorDark":"#00294f","angle":301.2,"snapDist":7,"label":1}},{"type":"Feature","geometry":{"type":"Point","coordinates":[23.343626,42.802781]},"properties":{"name":"Община Нови Искър - по желание","lines":"26, 27, 28","arr":["26","27","28"],"terminus":0,"mode":"bus","color":"#0059a9","colorDark":"#00294f","angle":315.5,"snapDist":4,"label":1}},{"type":"Feature","geometry":{"type":"Point","coordinates":[23.341435,42.800822]},"properties":{"name":"кв. Кумарица - по желание","lines":"26, 27","arr":["26","27"],"terminus":0,"mode":"bus","color":"#0059a9","colorDark":"#00294f","angle":304.7,"snapDist":5,"label":1}},{"type":"Feature","geometry":{"type":"Point","coordinates":[23.339574,42.796195]},"properties":{"name":"Детски дом - по желание","lines":"26, 27, 29","arr":["26","27","29"],"terminus":0,"mode":"bus","color":"#0059a9","colorDark":"#00294f","angle":285.3,"snapDist":4,"label":1}},{"type":"Feature","geometry":{"type":"Point","coordinates":[23.334561,42.791747]},"properties":{"name":"кв. Славовци - по желание","lines":"26, 27, 29","arr":["26","27","29"],"terminus":0,"mode":"bus","color":"#0059a9","colorDark":"#00294f","angle":314.8,"snapDist":3,"label":1}},{"type":"Feature","geometry":{"type":"Point","coordinates":[23.329956,42.789523]},"properties":{"name":"ул. равнец - по желание","lines":"26, 27, 29","arr":["26","27","29"],"terminus":0,"mode":"bus","color":"#0059a9","colorDark":"#00294f","angle":351,"snapDist":3,"label":1}},{"type":"Feature","geometry":{"type":"Point","coordinates":[23.329388,42.792843]},"properties":{"name":"ул. Крушата - по желание","lines":"26, 29","arr":["26","29"],"terminus":0,"mode":"bus","color":"#0059a9","colorDark":"#00294f","angle":89.7,"snapDist":4,"label":1}},{"type":"Feature","geometry":{"type":"Point","coordinates":[23.310426,42.792183]},"properties":{"name":"ул. Вишновска - по желание","lines":"26, 29","arr":["26","29"],"terminus":0,"mode":"bus","color":"#0059a9","colorDark":"#00294f","angle":279.5,"snapDist":2,"label":1}},{"type":"Feature","geometry":{"type":"Point","coordinates":[23.309872,42.789699]},"properties":{"name":"ул. Еделвайс - по желание","lines":"26, 29","arr":["26","29"],"terminus":0,"mode":"bus","color":"#0059a9","colorDark":"#00294f","angle":279.2,"snapDist":3,"label":1}},{"type":"Feature","geometry":{"type":"Point","coordinates":[23.303467,42.790392]},"properties":{"name":"Село Мировяне - по желание","lines":"26, 29","arr":["26","29"],"terminus":0,"mode":"bus","color":"#0059a9","colorDark":"#00294f","angle":257,"snapDist":5,"label":0}},{"type":"Feature","geometry":{"type":"Point","coordinates":[23.306682,42.786869]},"properties":{"name":"ул. Спортист - по желание","lines":"26, 29","arr":["26","29"],"terminus":0,"mode":"bus","color":"#0059a9","colorDark":"#00294f","angle":237.7,"snapDist":7,"label":1}},{"type":"Feature","geometry":{"type":"Point","coordinates":[23.309672,42.783418]},"properties":{"name":"Мировско шосе - по желание","lines":"26, 29","arr":["26","29"],"terminus":0,"mode":"bus","color":"#0059a9","colorDark":"#00294f","angle":237.2,"snapDist":4,"label":1}},{"type":"Feature","geometry":{"type":"Point","coordinates":[23.313393,42.779133]},"properties":{"name":"Околовръстен път - по желание","lines":"26, 27, 29","arr":["26","27","29"],"terminus":0,"mode":"bus","color":"#0059a9","colorDark":"#00294f","angle":238.4,"snapDist":6,"label":1}},{"type":"Feature","geometry":{"type":"Point","coordinates":[23.315469,42.77519]},"properties":{"name":"кв. Требич - по желание","lines":"26, 27, 29","arr":["26","27","29"],"terminus":0,"mode":"bus","color":"#0059a9","colorDark":"#00294f","angle":271.9,"snapDist":7,"label":1}},{"type":"Feature","geometry":{"type":"Point","coordinates":[23.315736,42.77134]},"properties":{"name":"Начало кв. Требич - по желание","lines":"26, 27, 29","arr":["26","27","29"],"terminus":0,"mode":"bus","color":"#0059a9","colorDark":"#00294f","angle":278.1,"snapDist":6,"label":1}},{"type":"Feature","geometry":{"type":"Point","coordinates":[23.318822,42.75469]},"properties":{"name":"ул. Джерман - по желание","lines":"26, 27, 29","arr":["26","27","29"],"terminus":0,"mode":"bus","color":"#0059a9","colorDark":"#00294f","angle":273.7,"snapDist":4,"label":1}},{"type":"Feature","geometry":{"type":"Point","coordinates":[23.318508,42.750554]},"properties":{"name":"Центъра кв. Илиянци - по желание","lines":"26, 27, 29","arr":["26","27","29"],"terminus":0,"mode":"bus","color":"#0059a9","colorDark":"#00294f","angle":274.1,"snapDist":4,"label":1}},{"type":"Feature","geometry":{"type":"Point","coordinates":[23.318326,42.747858]},"properties":{"name":"ул. Балчо Нейков","lines":"26, 27, 29","arr":["26","27","29"],"terminus":0,"mode":"bus","color":"#0059a9","colorDark":"#00294f","angle":273.4,"snapDist":5,"label":1}},{"type":"Feature","geometry":{"type":"Point","coordinates":[23.318127,42.744397]},"properties":{"name":"Хюндай България","lines":"26, 27, 29","arr":["26","27","29"],"terminus":0,"mode":"bus","color":"#0059a9","colorDark":"#00294f","angle":272.8,"snapDist":8,"label":1}},{"type":"Feature","geometry":{"type":"Point","coordinates":[23.31766,42.740732]},"properties":{"name":"Стоков базар Илиянци","lines":"26, 27, 29","arr":["26","27","29"],"terminus":0,"mode":"bus","color":"#0059a9","colorDark":"#00294f","angle":291.2,"snapDist":2,"label":1}},{"type":"Feature","geometry":{"type":"Point","coordinates":[23.317281,42.738071]},"properties":{"name":"Стадион Локомотив","lines":"26, 27, 83, 108","arr":["26","27","83","108"],"terminus":1,"mode":"bus","color":"#0059a9","colorDark":"#00294f","angle":204.5,"snapDist":7,"label":1}},{"type":"Feature","geometry":{"type":"Point","coordinates":[23.31752,42.735827]},"properties":{"name":"Софарма АД","lines":"26, 27, 83, 108","arr":["26","27","83","108"],"terminus":0,"mode":"bus","color":"#0059a9","colorDark":"#00294f","angle":273.5,"snapDist":3,"label":1}},{"type":"Feature","geometry":{"type":"Point","coordinates":[23.317174,42.73165]},"properties":{"name":"Заг Динамик АД","lines":"26, 27, 83, 108","arr":["26","27","83","108"],"terminus":0,"mode":"bus","color":"#0059a9","colorDark":"#00294f","angle":273.4,"snapDist":3,"label":1}},{"type":"Feature","geometry":{"type":"Point","coordinates":[23.314229,42.731088]},"properties":{"name":"бул. Рожен","lines":"26, 27","arr":["26","27"],"terminus":0,"mode":"bus","color":"#0059a9","colorDark":"#00294f","angle":8.7,"snapDist":8,"label":1}},{"type":"Feature","geometry":{"type":"Point","coordinates":[23.312247,42.726606]},"properties":{"name":"Модна къща Агресия","lines":"26, 27, 85, 413","arr":["26","27","85","413"],"terminus":1,"mode":"bus","color":"#0059a9","colorDark":"#00294f","angle":279.6,"snapDist":12,"label":1}},{"type":"Feature","geometry":{"type":"Point","coordinates":[23.307121,42.7225]},"properties":{"name":"Метростанция Хан Кубрат","lines":"26, 86, 285, N2","arr":["26","86","285","N2"],"terminus":0,"mode":"bus","color":"#0059a9","colorDark":"#00294f","angle":43.2,"snapDist":5,"label":1}},{"type":"Feature","geometry":{"type":"Point","coordinates":[23.304189,42.723613]},"properties":{"name":"ул. Република","lines":"26, 285","arr":["26","285"],"terminus":0,"mode":"bus","color":"#0059a9","colorDark":"#00294f","angle":351.5,"snapDist":8,"label":1}},{"type":"Feature","geometry":{"type":"Point","coordinates":[23.300714,42.723417]},"properties":{"name":"ул. Възрожденска","lines":"26, 285","arr":["26","285"],"terminus":0,"mode":"bus","color":"#0059a9","colorDark":"#00294f","angle":355,"snapDist":7,"label":1}},{"type":"Feature","geometry":{"type":"Point","coordinates":[23.291708,42.725426]},"properties":{"name":"ул. Константин Бодин","lines":"26, 285","arr":["26","285"],"terminus":0,"mode":"bus","color":"#0059a9","colorDark":"#00294f","angle":41.8,"snapDist":3,"label":1}},{"type":"Feature","geometry":{"type":"Point","coordinates":[23.28917,42.727118]},"properties":{"name":"ул. Хан Кубрат","lines":"26","arr":["26"],"terminus":0,"mode":"bus","color":"#0059a9","colorDark":"#00294f","angle":43.2,"snapDist":4,"label":1}},{"type":"Feature","geometry":{"type":"Point","coordinates":[23.286659,42.730928]},"properties":{"name":"Община Връбница","lines":"26","arr":["26"],"terminus":0,"mode":"bus","color":"#0059a9","colorDark":"#00294f","angle":64.8,"snapDist":4,"label":1}},{"type":"Feature","geometry":{"type":"Point","coordinates":[23.2876,42.732327]},"properties":{"name":"бл. 302 ж.к. Надежда-3","lines":"26, 108","arr":["26","108"],"terminus":0,"mode":"bus","color":"#0059a9","colorDark":"#00294f","angle":142.2,"snapDist":8,"label":1}},{"type":"Feature","geometry":{"type":"Point","coordinates":[23.29175,42.734695]},"properties":{"name":"бул. Ломско шосе","lines":"26","arr":["26"],"terminus":0,"mode":"bus","color":"#0059a9","colorDark":"#00294f","angle":141.9,"snapDist":3,"label":1}},{"type":"Feature","geometry":{"type":"Point","coordinates":[23.290263,42.737938]},"properties":{"name":"61-Во ОУ","lines":"26, N2","arr":["26","N2"],"terminus":0,"mode":"bus","color":"#0059a9","colorDark":"#00294f","angle":51.5,"snapDist":3,"label":1}},{"type":"Feature","geometry":{"type":"Point","coordinates":[23.286752,42.741136]},"properties":{"name":"Метростанция Ломско шосе","lines":"26","arr":["26"],"terminus":0,"mode":"bus","color":"#0059a9","colorDark":"#00294f","angle":51.2,"snapDist":9,"label":1}},{"type":"Feature","geometry":{"type":"Point","coordinates":[23.281255,42.746052]},"properties":{"name":"ж.к. Обеля-2","lines":"26, 30, 31","arr":["26","30","31"],"terminus":0,"mode":"bus","color":"#0059a9","colorDark":"#00294f","angle":51.7,"snapDist":4,"label":1}},{"type":"Feature","geometry":{"type":"Point","coordinates":[23.27953,42.74691]},"properties":{"name":"бл. 245 ж.к. Обеля-2","lines":"26, 150","arr":["26","150"],"terminus":0,"mode":"bus","color":"#0059a9","colorDark":"#00294f","angle":52.3,"snapDist":6,"label":1}},{"type":"Feature","geometry":{"type":"Point","coordinates":[23.276115,42.748252]},"properties":{"name":"бл. 241 ж.к. Обеля-2","lines":"26, 150","arr":["26","150"],"terminus":0,"mode":"bus","color":"#0059a9","colorDark":"#00294f","angle":0.2,"snapDist":4,"label":1}},{"type":"Feature","geometry":{"type":"Point","coordinates":[23.269328,42.746516]},"properties":{"name":"бл. 207 ж.к. Обеля-2","lines":"26, 150","arr":["26","150"],"terminus":0,"mode":"bus","color":"#0059a9","colorDark":"#00294f","angle":211.7,"snapDist":3,"label":1}},{"type":"Feature","geometry":{"type":"Point","coordinates":[23.26898,42.742935]},"properties":{"name":"ул. 9","lines":"26, 81, 150","arr":["26","81","150"],"terminus":0,"mode":"bus","color":"#0059a9","colorDark":"#00294f","angle":180,"snapDist":5,"label":1}},{"type":"Feature","geometry":{"type":"Point","coordinates":[23.27301,42.742927]},"properties":{"name":"ул. 2","lines":"26, 81, 150, N2","arr":["26","81","150","N2"],"terminus":0,"mode":"bus","color":"#0059a9","colorDark":"#00294f","angle":180.2,"snapDist":4,"label":1}},{"type":"Feature","geometry":{"type":"Point","coordinates":[23.277714,42.742266]},"properties":{"name":"Метростанция Обеля","lines":"26, 81, 150, N2","arr":["26","81","150","N2"],"terminus":0,"mode":"bus","color":"#0059a9","colorDark":"#00294f","angle":228.3,"snapDist":8,"label":1}},{"type":"Feature","geometry":{"type":"Point","coordinates":[23.272228,42.737431]},"properties":{"name":"бл. 119 ж.к. Обеля-1","lines":"26, 150","arr":["26","150"],"terminus":0,"mode":"bus","color":"#0059a9","colorDark":"#00294f","angle":37.9,"snapDist":5,"label":1}},{"type":"Feature","geometry":{"type":"Point","coordinates":[23.270156,42.737279]},"properties":{"name":"бл. 111 ж.к. Обеля-1","lines":"26, 150","arr":["26","150"],"terminus":0,"mode":"bus","color":"#0059a9","colorDark":"#00294f","angle":307.1,"snapDist":5,"label":1}},{"type":"Feature","geometry":{"type":"Point","coordinates":[23.268238,42.737133]},"properties":{"name":"ж.к. Обеля-1","lines":"26, 150","arr":["26","150"],"terminus":1,"mode":"bus","color":"#0059a9","colorDark":"#00294f","angle":0,"snapDist":3,"label":1}},{"type":"Feature","geometry":{"type":"Point","coordinates":[23.267971,42.736507]},"properties":{"name":"Ж. К. Обеля 1","lines":"26, 150","arr":["26","150"],"terminus":1,"mode":"bus","color":"#0059a9","colorDark":"#00294f","angle":270.9,"snapDist":2,"label":1}},{"type":"Feature","geometry":{"type":"Point","coordinates":[23.27087,42.737976]},"properties":{"name":"бл. 111 ж.к. Обеля-1","lines":"26, 150","arr":["26","150"],"terminus":0,"mode":"bus","color":"#0059a9","colorDark":"#00294f","angle":126.9,"snapDist":3,"label":0}},{"type":"Feature","geometry":{"type":"Point","coordinates":[23.273358,42.737755]},"properties":{"name":"бл. 119 ж.к. Обеля-1","lines":"26, 30, 31, 81, 150","arr":["26","30","31","81","150"],"terminus":0,"mode":"bus","color":"#0059a9","colorDark":"#00294f","angle":126.4,"snapDist":6,"label":0}},{"type":"Feature","geometry":{"type":"Point","coordinates":[23.277719,42.742262]},"properties":{"name":"Метростанция Обеля","lines":"26, 81, 150, N2","arr":["26","81","150","N2"],"terminus":0,"mode":"bus","color":"#0059a9","colorDark":"#00294f","angle":48.3,"snapDist":5,"label":0}},{"type":"Feature","geometry":{"type":"Point","coordinates":[23.272974,42.742927]},"properties":{"name":"ул. 2","lines":"26, 81, 150, N2","arr":["26","81","150","N2"],"terminus":0,"mode":"bus","color":"#0059a9","colorDark":"#00294f","angle":0.2,"snapDist":5,"label":0}},{"type":"Feature","geometry":{"type":"Point","coordinates":[23.269981,42.742933]},"properties":{"name":"ул. 9","lines":"26, 81, 150","arr":["26","81","150"],"terminus":0,"mode":"bus","color":"#0059a9","colorDark":"#00294f","angle":0.2,"snapDist":3,"label":0}},{"type":"Feature","geometry":{"type":"Point","coordinates":[23.269871,42.74627]},"properties":{"name":"бл. 207 ж.к. Обеля-2","lines":"26, 150","arr":["26","150"],"terminus":0,"mode":"bus","color":"#0059a9","colorDark":"#00294f","angle":31.6,"snapDist":1,"label":0}},{"type":"Feature","geometry":{"type":"Point","coordinates":[23.276987,42.74825]},"properties":{"name":"бл. 241 ж.к. Обеля-2","lines":"26, 150","arr":["26","150"],"terminus":0,"mode":"bus","color":"#0059a9","colorDark":"#00294f","angle":180.2,"snapDist":4,"label":0}},{"type":"Feature","geometry":{"type":"Point","coordinates":[23.280886,42.746395]},"properties":{"name":"ж.к. Обеля-2","lines":"26, 30, 31","arr":["26","30","31"],"terminus":0,"mode":"bus","color":"#0059a9","colorDark":"#00294f","angle":231.7,"snapDist":12,"label":0}},{"type":"Feature","geometry":{"type":"Point","coordinates":[23.287924,42.739756]},"properties":{"name":"Метростанция Ломско шосе","lines":"26","arr":["26"],"terminus":0,"mode":"bus","color":"#0059a9","colorDark":"#00294f","angle":231.8,"snapDist":10,"label":0}},{"type":"Feature","geometry":{"type":"Point","coordinates":[23.29036,42.737508]},"properties":{"name":"61-Во ОУ","lines":"26, N2","arr":["26","N2"],"terminus":0,"mode":"bus","color":"#0059a9","colorDark":"#00294f","angle":230.4,"snapDist":7,"label":0}},{"type":"Feature","geometry":{"type":"Point","coordinates":[23.290899,42.734208]},"properties":{"name":"бул. Ломско шосе","lines":"26, 108","arr":["26","108"],"terminus":0,"mode":"bus","color":"#0059a9","colorDark":"#00294f","angle":322.2,"snapDist":13,"label":0}},{"type":"Feature","geometry":{"type":"Point","coordinates":[23.287718,42.732394]},"properties":{"name":"бл. 302 ж.к. Надежда-3","lines":"26, 108","arr":["26","108"],"terminus":0,"mode":"bus","color":"#0059a9","colorDark":"#00294f","angle":322.2,"snapDist":11,"label":0}},{"type":"Feature","geometry":{"type":"Point","coordinates":[23.286945,42.730234]},"properties":{"name":"Община Връбница","lines":"26, 83","arr":["26","83"],"terminus":0,"mode":"bus","color":"#0059a9","colorDark":"#00294f","angle":244,"snapDist":3,"label":0}},{"type":"Feature","geometry":{"type":"Point","coordinates":[23.289965,42.726458]},"properties":{"name":"ул. Хан Кубрат","lines":"26, 285","arr":["26","285"],"terminus":0,"mode":"bus","color":"#0059a9","colorDark":"#00294f","angle":222,"snapDist":4,"label":0}},{"type":"Feature","geometry":{"type":"Point","coordinates":[23.292285,42.724927]},"properties":{"name":"ул. Константин Бодин","lines":"26, 285","arr":["26","285"],"terminus":0,"mode":"bus","color":"#0059a9","colorDark":"#00294f","angle":221.7,"snapDist":3,"label":0}},{"type":"Feature","geometry":{"type":"Point","coordinates":[23.302029,42.723495]},"properties":{"name":"ул. Възрожденска","lines":"26, 285","arr":["26","285"],"terminus":0,"mode":"bus","color":"#0059a9","colorDark":"#00294f","angle":176,"snapDist":5,"label":0}},{"type":"Feature","geometry":{"type":"Point","coordinates":[23.307082,42.722375]},"properties":{"name":"Метростанция Хан Кубрат","lines":"26, 86, 285, N2","arr":["26","86","285","N2"],"terminus":0,"mode":"bus","color":"#0059a9","colorDark":"#00294f","angle":224.8,"snapDist":11,"label":0}},{"type":"Feature","geometry":{"type":"Point","coordinates":[23.312503,42.727715]},"properties":{"name":"Модна къща Агресия","lines":"26, 27, 29, 85","arr":["26","27","29","85"],"terminus":0,"mode":"bus","color":"#0059a9","colorDark":"#00294f","angle":99.6,"snapDist":8,"label":0}},{"type":"Feature","geometry":{"type":"Point","coordinates":[23.314343,42.731075]},"properties":{"name":"бул. Рожен","lines":"26, 27","arr":["26","27"],"terminus":0,"mode":"bus","color":"#0059a9","colorDark":"#00294f","angle":188.7,"snapDist":6,"label":0}},{"type":"Feature","geometry":{"type":"Point","coordinates":[23.31721,42.732083]},"properties":{"name":"Заг Динамик АД","lines":"26, 27","arr":["26","27"],"terminus":0,"mode":"bus","color":"#0059a9","colorDark":"#00294f","angle":93.4,"snapDist":1,"label":0}},{"type":"Feature","geometry":{"type":"Point","coordinates":[23.317493,42.735497]},"properties":{"name":"Софарма АД","lines":"26, 27","arr":["26","27"],"terminus":0,"mode":"bus","color":"#0059a9","colorDark":"#00294f","angle":93.5,"snapDist":2,"label":0}},{"type":"Feature","geometry":{"type":"Point","coordinates":[23.316786,42.738237]},"properties":{"name":"Стадион Локомотив","lines":"26, 27","arr":["26","27"],"terminus":0,"mode":"bus","color":"#0059a9","colorDark":"#00294f","angle":24.5,"snapDist":8,"label":0}},{"type":"Feature","geometry":{"type":"Point","coordinates":[23.317779,42.740732]},"properties":{"name":"Стоков базар Илиянци","lines":"26, 27, 29","arr":["26","27","29"],"terminus":0,"mode":"bus","color":"#0059a9","colorDark":"#00294f","angle":111.3,"snapDist":5,"label":0}},{"type":"Feature","geometry":{"type":"Point","coordinates":[23.318324,42.745363]},"properties":{"name":"Хюндай България","lines":"26, 27, 29","arr":["26","27","29"],"terminus":0,"mode":"bus","color":"#0059a9","colorDark":"#00294f","angle":93.2,"snapDist":3,"label":0}},{"type":"Feature","geometry":{"type":"Point","coordinates":[23.318588,42.751563]},"properties":{"name":"Центъра кв. Илиянци - по желание","lines":"26, 27","arr":["26","27"],"terminus":0,"mode":"bus","color":"#0059a9","colorDark":"#00294f","angle":92.8,"snapDist":6,"label":0}},{"type":"Feature","geometry":{"type":"Point","coordinates":[23.319208,42.755082]},"properties":{"name":"ул. Джерман - по желание","lines":"26, 27","arr":["26","27"],"terminus":0,"mode":"bus","color":"#0059a9","colorDark":"#00294f","angle":196.8,"snapDist":8,"label":0}},{"type":"Feature","geometry":{"type":"Point","coordinates":[23.315806,42.771702]},"properties":{"name":"Начало кв. Требич - по желание","lines":"26, 27, 29","arr":["26","27","29"],"terminus":0,"mode":"bus","color":"#0059a9","colorDark":"#00294f","angle":98.1,"snapDist":4,"label":0}},{"type":"Feature","geometry":{"type":"Point","coordinates":[23.315477,42.775365]},"properties":{"name":"кв. Требич - по желание","lines":"26, 27, 29","arr":["26","27","29"],"terminus":0,"mode":"bus","color":"#0059a9","colorDark":"#00294f","angle":91.9,"snapDist":4,"label":0}},{"type":"Feature","geometry":{"type":"Point","coordinates":[23.312951,42.779662]},"properties":{"name":"Околовръстен път - по желание","lines":"26, 27, 29","arr":["26","27","29"],"terminus":0,"mode":"bus","color":"#0059a9","colorDark":"#00294f","angle":58.4,"snapDist":3,"label":0}},{"type":"Feature","geometry":{"type":"Point","coordinates":[23.30948,42.783636]},"properties":{"name":"Мировско шосе - по желание","lines":"26, 29","arr":["26","29"],"terminus":0,"mode":"bus","color":"#0059a9","colorDark":"#00294f","angle":57.2,"snapDist":5,"label":0}},{"type":"Feature","geometry":{"type":"Point","coordinates":[23.307243,42.786215]},"properties":{"name":"ул. Спортист - по желание","lines":"26, 29","arr":["26","29"],"terminus":0,"mode":"bus","color":"#0059a9","colorDark":"#00294f","angle":57.7,"snapDist":3,"label":0}},{"type":"Feature","geometry":{"type":"Point","coordinates":[23.304058,42.790495]},"properties":{"name":"Село Мировяне - по желание","lines":"26, 29","arr":["26","29"],"terminus":1,"mode":"bus","color":"#0059a9","colorDark":"#00294f","angle":97.1,"snapDist":5,"label":1}},{"type":"Feature","geometry":{"type":"Point","coordinates":[23.309364,42.789605]},"properties":{"name":"ул. Еделвайс - по желание","lines":"26, 29","arr":["26","29"],"terminus":0,"mode":"bus","color":"#0059a9","colorDark":"#00294f","angle":191.8,"snapDist":4,"label":0}},{"type":"Feature","geometry":{"type":"Point","coordinates":[23.310529,42.792629]},"properties":{"name":"ул. Вишновска - по желание","lines":"26, 29","arr":["26","29"],"terminus":0,"mode":"bus","color":"#0059a9","colorDark":"#00294f","angle":99.7,"snapDist":5,"label":0}},{"type":"Feature","geometry":{"type":"Point","coordinates":[23.329388,42.792923]},"properties":{"name":"ул. Крушата - по желание","lines":"26, 29","arr":["26","29"],"terminus":0,"mode":"bus","color":"#0059a9","colorDark":"#00294f","angle":269.7,"snapDist":4,"label":0}},{"type":"Feature","geometry":{"type":"Point","coordinates":[23.330649,42.789603]},"properties":{"name":"ул. равнец - по желание","lines":"26, 27, 29","arr":["26","27","29"],"terminus":0,"mode":"bus","color":"#0059a9","colorDark":"#00294f","angle":171.6,"snapDist":6,"label":0}},{"type":"Feature","geometry":{"type":"Point","coordinates":[23.334997,42.792075]},"properties":{"name":"кв. Славовци - по желание","lines":"26, 27, 29","arr":["26","27","29"],"terminus":0,"mode":"bus","color":"#0059a9","colorDark":"#00294f","angle":134.2,"snapDist":6,"label":0}},{"type":"Feature","geometry":{"type":"Point","coordinates":[23.339661,42.79643]},"properties":{"name":"Детски дом - по желание","lines":"26, 27, 29","arr":["26","27","29"],"terminus":0,"mode":"bus","color":"#0059a9","colorDark":"#00294f","angle":105.1,"snapDist":5,"label":0}},{"type":"Feature","geometry":{"type":"Point","coordinates":[23.340927,42.799954]},"properties":{"name":"кв. Кумарица - по желание","lines":"26, 27","arr":["26","27"],"terminus":0,"mode":"bus","color":"#0059a9","colorDark":"#00294f","angle":105,"snapDist":5,"label":0}},{"type":"Feature","geometry":{"type":"Point","coordinates":[23.344141,42.803153]},"properties":{"name":"Община Нови Искър - по желание","lines":"26, 27, 28","arr":["26","27","28"],"terminus":0,"mode":"bus","color":"#0059a9","colorDark":"#00294f","angle":135.8,"snapDist":6,"label":0}},{"type":"Feature","geometry":{"type":"Point","coordinates":[23.348364,42.806938]},"properties":{"name":"Балканкерамик АД - по желание","lines":"26, 27, 28","arr":["26","27","28"],"terminus":0,"mode":"bus","color":"#0059a9","colorDark":"#00294f","angle":121.1,"snapDist":7,"label":0}},{"type":"Feature","geometry":{"type":"Point","coordinates":[23.350908,42.811141]},"properties":{"name":"ул. Бъдеще - по желание","lines":"26, 27, 28","arr":["26","27","28"],"terminus":0,"mode":"bus","color":"#0059a9","colorDark":"#00294f","angle":101.9,"snapDist":10,"label":0}},{"type":"Feature","geometry":{"type":"Point","coordinates":[23.352272,42.81552]},"properties":{"name":"ул. баба Тонка - по желание","lines":"26, 27, 28","arr":["26","27","28"],"terminus":0,"mode":"bus","color":"#0059a9","colorDark":"#00294f","angle":106.3,"snapDist":6,"label":0}},{"type":"Feature","geometry":{"type":"Point","coordinates":[23.355863,42.818117]},"properties":{"name":"Гара Курило - по желание","lines":"26, 27, 28","arr":["26","27","28"],"terminus":0,"mode":"bus","color":"#0059a9","colorDark":"#00294f","angle":143.2,"snapDist":6,"label":0}},{"type":"Feature","geometry":{"type":"Point","coordinates":[23.378513,42.805664]},"properties":{"name":"Начало кв. Гниляне","lines":"26","arr":["26"],"terminus":1,"mode":"bus","color":"#0059a9","colorDark":"#00294f","angle":197.3,"snapDist":3,"label":0}},{"type":"Feature","geometry":{"type":"Point","coordinates":[23.319126,42.845161]},"properties":{"name":"Село Кътина","lines":"27","arr":["27"],"terminus":1,"mode":"bus","color":"#0059a9","colorDark":"#00294f","angle":168.3,"snapDist":5,"label":1}},{"type":"Feature","geometry":{"type":"Point","coordinates":[23.322171,42.84316]},"properties":{"name":"Старата фурна - по желание","lines":"27","arr":["27"],"terminus":0,"mode":"bus","color":"#0059a9","colorDark":"#00294f","angle":244.1,"snapDist":4,"label":1}},{"type":"Feature","geometry":{"type":"Point","coordinates":[23.323876,42.840874]},"properties":{"name":"Начало с. Кътина - по желание","lines":"27","arr":["27"],"terminus":0,"mode":"bus","color":"#0059a9","colorDark":"#00294f","angle":241.6,"snapDist":4,"label":1}},{"type":"Feature","geometry":{"type":"Point","coordinates":[23.334139,42.832077]},"properties":{"name":"Мината - по желание","lines":"27","arr":["27"],"terminus":0,"mode":"bus","color":"#0059a9","colorDark":"#00294f","angle":202.9,"snapDist":3,"label":1}},{"type":"Feature","geometry":{"type":"Point","coordinates":[23.341622,42.82865]},"properties":{"name":"Сепарацията - по желание","lines":"27","arr":["27"],"terminus":0,"mode":"bus","color":"#0059a9","colorDark":"#00294f","angle":223.4,"snapDist":3,"label":1}},{"type":"Feature","geometry":{"type":"Point","coordinates":[23.350703,42.826237]},"properties":{"name":"ул. Мальовица - по желание","lines":"27","arr":["27"],"terminus":0,"mode":"bus","color":"#0059a9","colorDark":"#00294f","angle":183.7,"snapDist":4,"label":1}},{"type":"Feature","geometry":{"type":"Point","coordinates":[23.353389,42.826831]},"properties":{"name":"ул. Теменуга - по желание","lines":"27","arr":["27"],"terminus":0,"mode":"bus","color":"#0059a9","colorDark":"#00294f","angle":154.7,"snapDist":6,"label":1}},{"type":"Feature","geometry":{"type":"Point","coordinates":[23.313163,42.713869]},"properties":{"name":"Метростанция Кн. Мария Луиза","lines":"27, 77, 82, 85, 86, 101, 285, 413, N2","arr":["27","77","82","85","86","101","285","413","N2"],"terminus":1,"mode":"bus","color":"#0059a9","colorDark":"#00294f","angle":206.7,"snapDist":4,"label":1}},{"type":"Feature","geometry":{"type":"Point","coordinates":[23.30941,42.711187]},"properties":{"name":"бул. ген.Н.Столетов","lines":"27","arr":["27"],"terminus":0,"mode":"bus","color":"#0059a9","colorDark":"#00294f","angle":61.7,"snapDist":7,"label":1}},{"type":"Feature","geometry":{"type":"Point","coordinates":[23.308178,42.714078]},"properties":{"name":"Надлез Надежда","lines":"27, 77, 82","arr":["27","77","82"],"terminus":0,"mode":"bus","color":"#0059a9","colorDark":"#00294f","angle":150.6,"snapDist":4,"label":0}},{"type":"Feature","geometry":{"type":"Point","coordinates":[23.353445,42.826851]},"properties":{"name":"ул. Теменуга - по желание","lines":"27","arr":["27"],"terminus":0,"mode":"bus","color":"#0059a9","colorDark":"#00294f","angle":334.7,"snapDist":3,"label":0}},{"type":"Feature","geometry":{"type":"Point","coordinates":[23.350911,42.826237]},"properties":{"name":"ул. Мальовица - по желание","lines":"27","arr":["27"],"terminus":0,"mode":"bus","color":"#0059a9","colorDark":"#00294f","angle":357,"snapDist":1,"label":0}},{"type":"Feature","geometry":{"type":"Point","coordinates":[23.341223,42.828895]},"properties":{"name":"Сепарацията - по желание","lines":"27","arr":["27"],"terminus":0,"mode":"bus","color":"#0059a9","colorDark":"#00294f","angle":36.5,"snapDist":2,"label":0}},{"type":"Feature","geometry":{"type":"Point","coordinates":[23.333904,42.832149]},"properties":{"name":"Мината - по желание","lines":"27","arr":["27"],"terminus":0,"mode":"bus","color":"#0059a9","colorDark":"#00294f","angle":20.2,"snapDist":1,"label":0}},{"type":"Feature","geometry":{"type":"Point","coordinates":[23.323373,42.841548]},"properties":{"name":"Начало с. Кътина - по желание","lines":"27","arr":["27"],"terminus":0,"mode":"bus","color":"#0059a9","colorDark":"#00294f","angle":61.2,"snapDist":3,"label":0}},{"type":"Feature","geometry":{"type":"Point","coordinates":[23.322354,42.842882]},"properties":{"name":"Старата фурна - по желание","lines":"27","arr":["27"],"terminus":0,"mode":"bus","color":"#0059a9","colorDark":"#00294f","angle":64.1,"snapDist":3,"label":0}},{"type":"Feature","geometry":{"type":"Point","coordinates":[23.273307,42.784571]},"properties":{"name":"Център с. Мрамор","lines":"28","arr":["28"],"terminus":1,"mode":"bus","color":"#0059a9","colorDark":"#00294f","angle":263.2,"snapDist":2,"label":1}},{"type":"Feature","geometry":{"type":"Point","coordinates":[23.273549,42.785819]},"properties":{"name":"Село Мрамор","lines":"28, 30, 31","arr":["28","30","31"],"terminus":0,"mode":"bus","color":"#0059a9","colorDark":"#00294f","angle":72.6,"snapDist":5,"label":1}},{"type":"Feature","geometry":{"type":"Point","coordinates":[23.272685,42.788509]},"properties":{"name":"Края с. Мрамор","lines":"28, 30, 31","arr":["28","30","31"],"terminus":0,"mode":"bus","color":"#0059a9","colorDark":"#00294f","angle":67.1,"snapDist":4,"label":1}},{"type":"Feature","geometry":{"type":"Point","coordinates":[23.264182,42.801219]},"properties":{"name":"Биомет ЕООД - по желание","lines":"28, 31","arr":["28","31"],"terminus":0,"mode":"bus","color":"#0059a9","colorDark":"#00294f","angle":59.4,"snapDist":3,"label":1}},{"type":"Feature","geometry":{"type":"Point","coordinates":[23.256035,42.811475]},"properties":{"name":"Начало с. Житен","lines":"28, 31","arr":["28","31"],"terminus":0,"mode":"bus","color":"#0059a9","colorDark":"#00294f","angle":60.4,"snapDist":4,"label":1}},{"type":"Feature","geometry":{"type":"Point","coordinates":[23.253073,42.815258]},"properties":{"name":"ул. Минзухар","lines":"28, 31","arr":["28","31"],"terminus":0,"mode":"bus","color":"#0059a9","colorDark":"#00294f","angle":60.7,"snapDist":3,"label":1}},{"type":"Feature","geometry":{"type":"Point","coordinates":[23.251198,42.818639]},"properties":{"name":"Село Житен","lines":"28","arr":["28"],"terminus":0,"mode":"bus","color":"#0059a9","colorDark":"#00294f","angle":167.8,"snapDist":5,"label":1}},{"type":"Feature","geometry":{"type":"Point","coordinates":[23.278457,42.822535]},"properties":{"name":"ул. Могилка","lines":"28","arr":["28"],"terminus":0,"mode":"bus","color":"#0059a9","colorDark":"#00294f","angle":199.8,"snapDist":2,"label":1}},{"type":"Feature","geometry":{"type":"Point","coordinates":[23.283084,42.821885]},"properties":{"name":"пл. Мегдана","lines":"28, 30","arr":["28","30"],"terminus":0,"mode":"bus","color":"#0059a9","colorDark":"#00294f","angle":189.1,"snapDist":13,"label":1}},{"type":"Feature","geometry":{"type":"Point","coordinates":[23.286221,42.821933]},"properties":{"name":"Паметника с. Доброславци","lines":"28, 29","arr":["28","29"],"terminus":0,"mode":"bus","color":"#0059a9","colorDark":"#00294f","angle":193.6,"snapDist":2,"label":1}},{"type":"Feature","geometry":{"type":"Point","coordinates":[23.313984,42.818272]},"properties":{"name":"Летище Доброславци - по желание","lines":"28, 29","arr":["28","29"],"terminus":0,"mode":"bus","color":"#0059a9","colorDark":"#00294f","angle":189.6,"snapDist":5,"label":1}},{"type":"Feature","geometry":{"type":"Point","coordinates":[23.337456,42.801731]},"properties":{"name":"Оранжерията - по желание","lines":"28, 29","arr":["28","29"],"terminus":0,"mode":"bus","color":"#0059a9","colorDark":"#00294f","angle":207.4,"snapDist":5,"label":1}},{"type":"Feature","geometry":{"type":"Point","coordinates":[23.340419,42.800933]},"properties":{"name":"кв. Кумарица","lines":"28, 29","arr":["28","29"],"terminus":0,"mode":"bus","color":"#0059a9","colorDark":"#00294f","angle":217.4,"snapDist":5,"label":1}},{"type":"Feature","geometry":{"type":"Point","coordinates":[23.361116,42.820411]},"properties":{"name":"ул. Ал. Стамболийски","lines":"28","arr":["28"],"terminus":0,"mode":"bus","color":"#0059a9","colorDark":"#00294f","angle":150.1,"snapDist":4,"label":0}},{"type":"Feature","geometry":{"type":"Point","coordinates":[23.387688,42.782336]},"properties":{"name":"Кметство Световрачане","lines":"28","arr":["28"],"terminus":0,"mode":"bus","color":"#0059a9","colorDark":"#00294f","angle":255,"snapDist":3,"label":1}},{"type":"Feature","geometry":{"type":"Point","coordinates":[23.39207,42.780978]},"properties":{"name":"ул. Лесновска река","lines":"28","arr":["28"],"terminus":0,"mode":"bus","color":"#0059a9","colorDark":"#00294f","angle":199.8,"snapDist":4,"label":1}},{"type":"Feature","geometry":{"type":"Point","coordinates":[23.400833,42.771996]},"properties":{"name":"ул. Врачанска","lines":"28","arr":["28"],"terminus":0,"mode":"bus","color":"#0059a9","colorDark":"#00294f","angle":214.1,"snapDist":4,"label":1}},{"type":"Feature","geometry":{"type":"Point","coordinates":[23.426234,42.758404]},"properties":{"name":"Село Чепинци","lines":"28","arr":["28"],"terminus":1,"mode":"bus","color":"#0059a9","colorDark":"#00294f","angle":297.3,"snapDist":5,"label":1}},{"type":"Feature","geometry":{"type":"Point","coordinates":[23.400338,42.772249]},"properties":{"name":"ул. Врачанска","lines":"28","arr":["28"],"terminus":0,"mode":"bus","color":"#0059a9","colorDark":"#00294f","angle":35.5,"snapDist":4,"label":0}},{"type":"Feature","geometry":{"type":"Point","coordinates":[23.392314,42.780907]},"properties":{"name":"ул. Лесновска река","lines":"28","arr":["28"],"terminus":0,"mode":"bus","color":"#0059a9","colorDark":"#00294f","angle":24.3,"snapDist":1,"label":0}},{"type":"Feature","geometry":{"type":"Point","coordinates":[23.387653,42.782431]},"properties":{"name":"Кметство Световрачане","lines":"28","arr":["28"],"terminus":0,"mode":"bus","color":"#0059a9","colorDark":"#00294f","angle":75,"snapDist":6,"label":0}},{"type":"Feature","geometry":{"type":"Point","coordinates":[23.340208,42.801052]},"properties":{"name":"кв. Кумарица","lines":"28, 29","arr":["28","29"],"terminus":0,"mode":"bus","color":"#0059a9","colorDark":"#00294f","angle":37.4,"snapDist":6,"label":0}},{"type":"Feature","geometry":{"type":"Point","coordinates":[23.336813,42.801996]},"properties":{"name":"Оранжерията - по желание","lines":"28, 29","arr":["28","29"],"terminus":0,"mode":"bus","color":"#0059a9","colorDark":"#00294f","angle":28.9,"snapDist":3,"label":0}},{"type":"Feature","geometry":{"type":"Point","coordinates":[23.313704,42.818307]},"properties":{"name":"Летище Доброславци - по желание","lines":"28, 29","arr":["28","29"],"terminus":0,"mode":"bus","color":"#0059a9","colorDark":"#00294f","angle":9.6,"snapDist":2,"label":0}},{"type":"Feature","geometry":{"type":"Point","coordinates":[23.286075,42.822226]},"properties":{"name":"Паметника с. Доброславци","lines":"28, 29, 30","arr":["28","29","30"],"terminus":0,"mode":"bus","color":"#0059a9","colorDark":"#00294f","angle":11.8,"snapDist":4,"label":0}},{"type":"Feature","geometry":{"type":"Point","coordinates":[23.283103,42.821882]},"properties":{"name":"пл. Мегдана","lines":"28, 30","arr":["28","30"],"terminus":0,"mode":"bus","color":"#0059a9","colorDark":"#00294f","angle":9.1,"snapDist":11,"label":0}},{"type":"Feature","geometry":{"type":"Point","coordinates":[23.278058,42.822641]},"properties":{"name":"ул. Могилка","lines":"28","arr":["28"],"terminus":0,"mode":"bus","color":"#0059a9","colorDark":"#00294f","angle":19.8,"snapDist":1,"label":0}},{"type":"Feature","geometry":{"type":"Point","coordinates":[23.251103,42.818278]},"properties":{"name":"Село Житен","lines":"28, 31","arr":["28","31"],"terminus":0,"mode":"bus","color":"#0059a9","colorDark":"#00294f","angle":247.4,"snapDist":5,"label":0}},{"type":"Feature","geometry":{"type":"Point","coordinates":[23.253207,42.815083]},"properties":{"name":"ул. Минзухар","lines":"28, 31","arr":["28","31"],"terminus":0,"mode":"bus","color":"#0059a9","colorDark":"#00294f","angle":240.7,"snapDist":4,"label":0}},{"type":"Feature","geometry":{"type":"Point","coordinates":[23.256168,42.811303]},"properties":{"name":"Начало с. Житен","lines":"28, 31","arr":["28","31"],"terminus":0,"mode":"bus","color":"#0059a9","colorDark":"#00294f","angle":240.4,"snapDist":4,"label":0}},{"type":"Feature","geometry":{"type":"Point","coordinates":[23.264226,42.801165]},"properties":{"name":"Биомет ЕООД - по желание","lines":"28, 31","arr":["28","31"],"terminus":0,"mode":"bus","color":"#0059a9","colorDark":"#00294f","angle":239.4,"snapDist":5,"label":0}},{"type":"Feature","geometry":{"type":"Point","coordinates":[23.272525,42.788776]},"properties":{"name":"Края с. Мрамор","lines":"28, 30, 31","arr":["28","30","31"],"terminus":0,"mode":"bus","color":"#0059a9","colorDark":"#00294f","angle":245.6,"snapDist":4,"label":0}},{"type":"Feature","geometry":{"type":"Point","coordinates":[23.273657,42.785338]},"properties":{"name":"Село Мрамор","lines":"28, 30, 31","arr":["28","30","31"],"terminus":0,"mode":"bus","color":"#0059a9","colorDark":"#00294f","angle":266.6,"snapDist":4,"label":0}},{"type":"Feature","geometry":{"type":"Point","coordinates":[23.2644,42.854473]},"properties":{"name":"Село Балша","lines":"29, 30","arr":["29","30"],"terminus":1,"mode":"bus","color":"#0059a9","colorDark":"#00294f","angle":352.5,"snapDist":3,"label":1}},{"type":"Feature","geometry":{"type":"Point","coordinates":[23.267227,42.850348]},"properties":{"name":"ул. Стара планина","lines":"29, 30","arr":["29","30"],"terminus":0,"mode":"bus","color":"#0059a9","colorDark":"#00294f","angle":239.1,"snapDist":3,"label":1}},{"type":"Feature","geometry":{"type":"Point","coordinates":[23.267606,42.848924]},"properties":{"name":"По желание","lines":"29, 30","arr":["29","30"],"terminus":0,"mode":"bus","color":"#0059a9","colorDark":"#00294f","angle":274.4,"snapDist":3,"label":1}},{"type":"Feature","geometry":{"type":"Point","coordinates":[23.269478,42.848527]},"properties":{"name":"Кметство Балша","lines":"29, 30","arr":["29","30"],"terminus":0,"mode":"bus","color":"#0059a9","colorDark":"#00294f","angle":33.2,"snapDist":7,"label":1}},{"type":"Feature","geometry":{"type":"Point","coordinates":[23.276944,42.842621]},"properties":{"name":"Манастир Св. Теодор Стратилат - по желание","lines":"29, 30","arr":["29","30"],"terminus":0,"mode":"bus","color":"#0059a9","colorDark":"#00294f","angle":211.2,"snapDist":1,"label":1}},{"type":"Feature","geometry":{"type":"Point","coordinates":[23.28485,42.827604]},"properties":{"name":"Края с. Доброславци","lines":"29, 30","arr":["29","30"],"terminus":0,"mode":"bus","color":"#0059a9","colorDark":"#00294f","angle":268,"snapDist":5,"label":1}},{"type":"Feature","geometry":{"type":"Point","coordinates":[23.319959,42.754915]},"properties":{"name":"кв. Илиянци","lines":"29","arr":["29"],"terminus":0,"mode":"bus","color":"#0059a9","colorDark":"#00294f","angle":16.8,"snapDist":3,"label":1}},{"type":"Feature","geometry":{"type":"Point","coordinates":[23.313567,42.732382]},"properties":{"name":"бул. Рожен","lines":"29","arr":["29"],"terminus":0,"mode":"bus","color":"#0059a9","colorDark":"#00294f","angle":279.9,"snapDist":11,"label":0}},{"type":"Feature","geometry":{"type":"Point","coordinates":[23.313059,42.726976]},"properties":{"name":"Модна къща Агресия","lines":"29, 413","arr":["29","413"],"terminus":0,"mode":"bus","color":"#0059a9","colorDark":"#00294f","angle":166.8,"snapDist":9,"label":0}},{"type":"Feature","geometry":{"type":"Point","coordinates":[23.316044,42.726759]},"properties":{"name":"Гара София Север","lines":"29, 413","arr":["29","413"],"terminus":1,"mode":"bus","color":"#0059a9","colorDark":"#00294f","angle":263.8,"snapDist":6,"label":1}},{"type":"Feature","geometry":{"type":"Point","coordinates":[23.313578,42.732205]},"properties":{"name":"бул. Рожен","lines":"29, 83, 108","arr":["29","83","108"],"terminus":0,"mode":"bus","color":"#0059a9","colorDark":"#00294f","angle":129.9,"snapDist":2,"label":0}},{"type":"Feature","geometry":{"type":"Point","coordinates":[23.320495,42.751684]},"properties":{"name":"ул. Кирил Благоев","lines":"29","arr":["29"],"terminus":0,"mode":"bus","color":"#0059a9","colorDark":"#00294f","angle":93.2,"snapDist":3,"label":1}},{"type":"Feature","geometry":{"type":"Point","coordinates":[23.284841,42.827808]},"properties":{"name":"Края с. Доброславци","lines":"29, 30","arr":["29","30"],"terminus":0,"mode":"bus","color":"#0059a9","colorDark":"#00294f","angle":88,"snapDist":1,"label":0}},{"type":"Feature","geometry":{"type":"Point","coordinates":[23.277125,42.842601]},"properties":{"name":"Манастир Св. Теодор Стратилат - по желание","lines":"29, 30","arr":["29","30"],"terminus":0,"mode":"bus","color":"#0059a9","colorDark":"#00294f","angle":122.5,"snapDist":5,"label":0}},{"type":"Feature","geometry":{"type":"Point","coordinates":[23.271121,42.847069]},"properties":{"name":"ул. Връплина","lines":"29, 30","arr":["29","30"],"terminus":0,"mode":"bus","color":"#0059a9","colorDark":"#00294f","angle":141.6,"snapDist":8,"label":1}},{"type":"Feature","geometry":{"type":"Point","coordinates":[23.269316,42.848583]},"properties":{"name":"Кметство Балша","lines":"29, 30","arr":["29","30"],"terminus":0,"mode":"bus","color":"#0059a9","colorDark":"#00294f","angle":19.5,"snapDist":4,"label":0}},{"type":"Feature","geometry":{"type":"Point","coordinates":[23.267585,42.848656]},"properties":{"name":"По желание","lines":"29, 30","arr":["29","30"],"terminus":0,"mode":"bus","color":"#0059a9","colorDark":"#00294f","angle":89.9,"snapDist":7,"label":0}},{"type":"Feature","geometry":{"type":"Point","coordinates":[23.266841,42.850942]},"properties":{"name":"ул. Стара планина","lines":"29, 30","arr":["29","30"],"terminus":0,"mode":"bus","color":"#0059a9","colorDark":"#00294f","angle":72.6,"snapDist":6,"label":0}},{"type":"Feature","geometry":{"type":"Point","coordinates":[23.285732,42.822089]},"properties":{"name":"Паметника с. Доброславци","lines":"30","arr":["30"],"terminus":0,"mode":"bus","color":"#0059a9","colorDark":"#00294f","angle":279.3,"snapDist":9,"label":0}},{"type":"Feature","geometry":{"type":"Point","coordinates":[23.280732,42.818437]},"properties":{"name":"Начало с. Доброславци","lines":"30","arr":["30"],"terminus":0,"mode":"bus","color":"#0059a9","colorDark":"#00294f","angle":280.3,"snapDist":4,"label":1}},{"type":"Feature","geometry":{"type":"Point","coordinates":[23.27939,42.813218]},"properties":{"name":"Летище Доброславци - по желание","lines":"30","arr":["30"],"terminus":0,"mode":"bus","color":"#0059a9","colorDark":"#00294f","angle":280.8,"snapDist":6,"label":1}},{"type":"Feature","geometry":{"type":"Point","coordinates":[23.273838,42.782641]},"properties":{"name":"ул. Захари Зограф","lines":"30, 31","arr":["30","31"],"terminus":0,"mode":"bus","color":"#0059a9","colorDark":"#00294f","angle":267.3,"snapDist":5,"label":1}},{"type":"Feature","geometry":{"type":"Point","coordinates":[23.27406,42.779493]},"properties":{"name":"Начало с. Мрамор - по желание","lines":"30, 31","arr":["30","31"],"terminus":0,"mode":"bus","color":"#0059a9","colorDark":"#00294f","angle":267.8,"snapDist":5,"label":1}},{"type":"Feature","geometry":{"type":"Point","coordinates":[23.274584,42.771719]},"properties":{"name":"Тир паркинг-Мрамор - по желание","lines":"30, 31","arr":["30","31"],"terminus":0,"mode":"bus","color":"#0059a9","colorDark":"#00294f","angle":266.9,"snapDist":5,"label":1}},{"type":"Feature","geometry":{"type":"Point","coordinates":[23.275443,42.757645]},"properties":{"name":"Промишлена зона ул. В. Левски - по желание","lines":"30, 31","arr":["30","31"],"terminus":0,"mode":"bus","color":"#0059a9","colorDark":"#00294f","angle":268.7,"snapDist":4,"label":1}},{"type":"Feature","geometry":{"type":"Point","coordinates":[23.275543,42.754315]},"properties":{"name":"Бетонов възел - по желание","lines":"30, 31","arr":["30","31"],"terminus":0,"mode":"bus","color":"#0059a9","colorDark":"#00294f","angle":269.1,"snapDist":4,"label":1}},{"type":"Feature","geometry":{"type":"Point","coordinates":[23.276826,42.741053]},"properties":{"name":"Метростанция Обеля","lines":"30, 31, 81","arr":["30","31","81"],"terminus":0,"mode":"bus","color":"#0059a9","colorDark":"#00294f","angle":319.2,"snapDist":5,"label":0}},{"type":"Feature","geometry":{"type":"Point","coordinates":[23.272188,42.736644]},"properties":{"name":"бл. 119 ж.к. Обеля-1","lines":"30, 31, 81, 150","arr":["30","31","81","150"],"terminus":0,"mode":"bus","color":"#0059a9","colorDark":"#00294f","angle":307.3,"snapDist":6,"label":0}},{"type":"Feature","geometry":{"type":"Point","coordinates":[23.261363,42.726336]},"properties":{"name":"Метростанция Сливница","lines":"30, 31, 47, 49, 54, 82, 108, 150","arr":["30","31","47","49","54","82","108","150"],"terminus":1,"mode":"bus","color":"#0059a9","colorDark":"#00294f","angle":306.7,"snapDist":6,"label":1}},{"type":"Feature","geometry":{"type":"Point","coordinates":[23.260991,42.725544]},"properties":{"name":"Метростанция Сливница","lines":"30, 31, 47, 49, 54, 150","arr":["30","31","47","49","54","150"],"terminus":1,"mode":"bus","color":"#0059a9","colorDark":"#00294f","angle":125.3,"snapDist":5,"label":0}},{"type":"Feature","geometry":{"type":"Point","coordinates":[23.262714,42.72745]},"properties":{"name":"Метростанция Сливница","lines":"30, 31, 81, 150","arr":["30","31","81","150"],"terminus":0,"mode":"bus","color":"#0059a9","colorDark":"#00294f","angle":128.5,"snapDist":2,"label":0}},{"type":"Feature","geometry":{"type":"Point","coordinates":[23.277295,42.741303]},"properties":{"name":"Метростанция Обеля","lines":"30, 31","arr":["30","31"],"terminus":0,"mode":"bus","color":"#0059a9","colorDark":"#00294f","angle":145.8,"snapDist":5,"label":0}},{"type":"Feature","geometry":{"type":"Point","coordinates":[23.275552,42.753883]},"properties":{"name":"Бетонов възел - по желание","lines":"30, 31","arr":["30","31"],"terminus":0,"mode":"bus","color":"#0059a9","colorDark":"#00294f","angle":89.1,"snapDist":3,"label":0}},{"type":"Feature","geometry":{"type":"Point","coordinates":[23.275437,42.757842]},"properties":{"name":"Промишлена зона ул. В. Левски - по желание","lines":"30, 31","arr":["30","31"],"terminus":0,"mode":"bus","color":"#0059a9","colorDark":"#00294f","angle":88.7,"snapDist":3,"label":0}},{"type":"Feature","geometry":{"type":"Point","coordinates":[23.274556,42.772093]},"properties":{"name":"Тир паркинг- Мрамор - по желание","lines":"30, 31","arr":["30","31"],"terminus":0,"mode":"bus","color":"#0059a9","colorDark":"#00294f","angle":86.9,"snapDist":3,"label":1}},{"type":"Feature","geometry":{"type":"Point","coordinates":[23.274085,42.779008]},"properties":{"name":"Начало с. Мрамор - по желание","lines":"30, 31","arr":["30","31"],"terminus":0,"mode":"bus","color":"#0059a9","colorDark":"#00294f","angle":87.8,"snapDist":7,"label":0}},{"type":"Feature","geometry":{"type":"Point","coordinates":[23.273825,42.782827]},"properties":{"name":"ул. Захари Зограф","lines":"30, 31","arr":["30","31"],"terminus":0,"mode":"bus","color":"#0059a9","colorDark":"#00294f","angle":87.3,"snapDist":4,"label":0}},{"type":"Feature","geometry":{"type":"Point","coordinates":[23.279428,42.813364]},"properties":{"name":"Летище Доброславци - по желание","lines":"30","arr":["30"],"terminus":0,"mode":"bus","color":"#0059a9","colorDark":"#00294f","angle":100.8,"snapDist":1,"label":0}},{"type":"Feature","geometry":{"type":"Point","coordinates":[23.280665,42.818087]},"properties":{"name":"Начало с. Доброславци","lines":"30","arr":["30"],"terminus":0,"mode":"bus","color":"#0059a9","colorDark":"#00294f","angle":101.6,"snapDist":1,"label":0}},{"type":"Feature","geometry":{"type":"Point","coordinates":[23.239199,42.82853]},"properties":{"name":"Село Голяновци","lines":"31","arr":["31"],"terminus":1,"mode":"bus","color":"#0059a9","colorDark":"#00294f","angle":295.8,"snapDist":6,"label":1}},{"type":"Feature","geometry":{"type":"Point","coordinates":[23.242457,42.825912]},"properties":{"name":"Начало с. Голяновци","lines":"31","arr":["31"],"terminus":0,"mode":"bus","color":"#0059a9","colorDark":"#00294f","angle":226.6,"snapDist":5,"label":1}},{"type":"Feature","geometry":{"type":"Point","coordinates":[23.247961,42.821566]},"properties":{"name":"Края с. Житен","lines":"31","arr":["31"],"terminus":0,"mode":"bus","color":"#0059a9","colorDark":"#00294f","angle":226.8,"snapDist":4,"label":1}},{"type":"Feature","geometry":{"type":"Point","coordinates":[23.250798,42.818791]},"properties":{"name":"Село Житен","lines":"31","arr":["31"],"terminus":0,"mode":"bus","color":"#0059a9","colorDark":"#00294f","angle":65,"snapDist":6,"label":0}},{"type":"Feature","geometry":{"type":"Point","coordinates":[23.247754,42.821728]},"properties":{"name":"Края с. Житен","lines":"31","arr":["31"],"terminus":0,"mode":"bus","color":"#0059a9","colorDark":"#00294f","angle":46.8,"snapDist":3,"label":0}},{"type":"Feature","geometry":{"type":"Point","coordinates":[23.242376,42.825975]},"properties":{"name":"Начало с. Голяновци","lines":"31","arr":["31"],"terminus":0,"mode":"bus","color":"#0059a9","colorDark":"#00294f","angle":46.6,"snapDist":2,"label":0}},{"type":"Feature","geometry":{"type":"Point","coordinates":[23.239225,42.828666]},"properties":{"name":"Село Голяновци","lines":"31","arr":["31"],"terminus":1,"mode":"bus","color":"#0059a9","colorDark":"#00294f","angle":81.6,"snapDist":12,"label":0}},{"type":"Feature","geometry":{"type":"Point","coordinates":[23.119684,42.685227]},"properties":{"name":"Края на кв. Михайлово","lines":"42","arr":["42"],"terminus":1,"mode":"bus","color":"#0059a9","colorDark":"#00294f","angle":139.4,"snapDist":8,"label":1}},{"type":"Feature","geometry":{"type":"Point","coordinates":[23.119171,42.68765]},"properties":{"name":"ул. Китката - по желание","lines":"42","arr":["42"],"terminus":0,"mode":"bus","color":"#0059a9","colorDark":"#00294f","angle":107,"snapDist":1,"label":1}},{"type":"Feature","geometry":{"type":"Point","coordinates":[23.119171,42.690323]},"properties":{"name":"ул. Топлика - по желание","lines":"42","arr":["42"],"terminus":0,"mode":"bus","color":"#0059a9","colorDark":"#00294f","angle":97.9,"snapDist":6,"label":1}},{"type":"Feature","geometry":{"type":"Point","coordinates":[23.120715,42.695023]},"properties":{"name":"ул. Даме Груев - по желание","lines":"42","arr":["42"],"terminus":0,"mode":"bus","color":"#0059a9","colorDark":"#00294f","angle":111.9,"snapDist":5,"label":1}},{"type":"Feature","geometry":{"type":"Point","coordinates":[23.122153,42.697556]},"properties":{"name":"ул. А. Константинов - по желание","lines":"42","arr":["42"],"terminus":0,"mode":"bus","color":"#0059a9","colorDark":"#00294f","angle":113,"snapDist":3,"label":1}},{"type":"Feature","geometry":{"type":"Point","coordinates":[23.125925,42.700622]},"properties":{"name":"Стопанство Михайлово - по желание","lines":"42","arr":["42"],"terminus":0,"mode":"bus","color":"#0059a9","colorDark":"#00294f","angle":131,"snapDist":5,"label":1}},{"type":"Feature","geometry":{"type":"Point","coordinates":[23.12745,42.704037]},"properties":{"name":"Начало кв. Михайлово - по желание","lines":"42","arr":["42"],"terminus":0,"mode":"bus","color":"#0059a9","colorDark":"#00294f","angle":91.2,"snapDist":3,"label":1}},{"type":"Feature","geometry":{"type":"Point","coordinates":[23.130464,42.708304]},"properties":{"name":"ул. Родина - по желание","lines":"42","arr":["42"],"terminus":0,"mode":"bus","color":"#0059a9","colorDark":"#00294f","angle":130.8,"snapDist":4,"label":1}},{"type":"Feature","geometry":{"type":"Point","coordinates":[23.13389,42.709349]},"properties":{"name":"ул. Сочи","lines":"42","arr":["42"],"terminus":0,"mode":"bus","color":"#0059a9","colorDark":"#00294f","angle":156,"snapDist":3,"label":1}},{"type":"Feature","geometry":{"type":"Point","coordinates":[23.14048,42.709939]},"properties":{"name":"ул. Странджа","lines":"42","arr":["42"],"terminus":0,"mode":"bus","color":"#0059a9","colorDark":"#00294f","angle":176.8,"snapDist":1,"label":1}},{"type":"Feature","geometry":{"type":"Point","coordinates":[23.146349,42.707465]},"properties":{"name":"Центъра Банкя","lines":"42, 44, 46, 49","arr":["42","44","46","49"],"terminus":0,"mode":"bus","color":"#0059a9","colorDark":"#00294f","angle":218.8,"snapDist":4,"label":1}},{"type":"Feature","geometry":{"type":"Point","coordinates":[23.155183,42.707289]},"properties":{"name":"ул. бор - по желание","lines":"42","arr":["42"],"terminus":0,"mode":"bus","color":"#0059a9","colorDark":"#00294f","angle":134.4,"snapDist":4,"label":1}},{"type":"Feature","geometry":{"type":"Point","coordinates":[23.160815,42.709782]},"properties":{"name":"Стадиона Банкя - по желание","lines":"42","arr":["42"],"terminus":0,"mode":"bus","color":"#0059a9","colorDark":"#00294f","angle":151,"snapDist":6,"label":1}},{"type":"Feature","geometry":{"type":"Point","coordinates":[23.166368,42.712842]},"properties":{"name":"ул. Космонавт - по желание","lines":"42","arr":["42"],"terminus":0,"mode":"bus","color":"#0059a9","colorDark":"#00294f","angle":137.8,"snapDist":5,"label":1}},{"type":"Feature","geometry":{"type":"Point","coordinates":[23.171694,42.714663]},"properties":{"name":"кв. Изгрев - по желание","lines":"42","arr":["42"],"terminus":0,"mode":"bus","color":"#0059a9","colorDark":"#00294f","angle":169.1,"snapDist":5,"label":1}},{"type":"Feature","geometry":{"type":"Point","coordinates":[23.17893,42.716465]},"properties":{"name":"Махала Иваняне - по желание","lines":"42","arr":["42"],"terminus":0,"mode":"bus","color":"#0059a9","colorDark":"#00294f","angle":164.8,"snapDist":4,"label":1}},{"type":"Feature","geometry":{"type":"Point","coordinates":[23.183477,42.717346]},"properties":{"name":"Кенди ООД - по желание","lines":"42","arr":["42"],"terminus":0,"mode":"bus","color":"#0059a9","colorDark":"#00294f","angle":166.2,"snapDist":5,"label":1}},{"type":"Feature","geometry":{"type":"Point","coordinates":[23.187537,42.71798]},"properties":{"name":"Хлебозавода - по желание","lines":"42","arr":["42"],"terminus":0,"mode":"bus","color":"#0059a9","colorDark":"#00294f","angle":174.2,"snapDist":4,"label":1}},{"type":"Feature","geometry":{"type":"Point","coordinates":[23.221289,42.715742]},"properties":{"name":"ул. Суходолски път - по желание","lines":"42","arr":["42"],"terminus":0,"mode":"bus","color":"#0059a9","colorDark":"#00294f","angle":118.9,"snapDist":4,"label":1}},{"type":"Feature","geometry":{"type":"Point","coordinates":[23.223782,42.718837]},"properties":{"name":"ул. български воин","lines":"42, 81","arr":["42","81"],"terminus":0,"mode":"bus","color":"#0059a9","colorDark":"#00294f","angle":215.2,"snapDist":4,"label":1}},{"type":"Feature","geometry":{"type":"Point","coordinates":[23.227622,42.718309]},"properties":{"name":"ул. Детелина","lines":"42, 81","arr":["42","81"],"terminus":0,"mode":"bus","color":"#0059a9","colorDark":"#00294f","angle":182.1,"snapDist":5,"label":1}},{"type":"Feature","geometry":{"type":"Point","coordinates":[23.232299,42.718152]},"properties":{"name":"Околовръстен път","lines":"42, 81","arr":["42","81"],"terminus":0,"mode":"bus","color":"#0059a9","colorDark":"#00294f","angle":196.2,"snapDist":4,"label":1}},{"type":"Feature","geometry":{"type":"Point","coordinates":[23.236009,42.718407]},"properties":{"name":"Пътен възел Филиповци","lines":"42, 81","arr":["42","81"],"terminus":0,"mode":"bus","color":"#0059a9","colorDark":"#00294f","angle":159.4,"snapDist":3,"label":1}},{"type":"Feature","geometry":{"type":"Point","coordinates":[23.240657,42.717892]},"properties":{"name":"ул. Поручик Гр. Загорски","lines":"42, 310, N1","arr":["42","310","N1"],"terminus":0,"mode":"bus","color":"#0059a9","colorDark":"#00294f","angle":217.7,"snapDist":7,"label":1}},{"type":"Feature","geometry":{"type":"Point","coordinates":[23.24575,42.7139]},"properties":{"name":"ул. кап. В. Данаджиев","lines":"42, 310, N1","arr":["42","310","N1"],"terminus":0,"mode":"bus","color":"#0059a9","colorDark":"#00294f","angle":216.7,"snapDist":8,"label":1}},{"type":"Feature","geometry":{"type":"Point","coordinates":[23.248708,42.713337]},"properties":{"name":"Магазин Витоша","lines":"42, N1","arr":["42","N1"],"terminus":0,"mode":"bus","color":"#0059a9","colorDark":"#00294f","angle":125.5,"snapDist":3,"label":1}},{"type":"Feature","geometry":{"type":"Point","coordinates":[23.250418,42.715089]},"properties":{"name":"Община Люлин","lines":"42","arr":["42"],"terminus":0,"mode":"bus","color":"#0059a9","colorDark":"#00294f","angle":125.8,"snapDist":4,"label":1}},{"type":"Feature","geometry":{"type":"Point","coordinates":[23.253368,42.718072]},"properties":{"name":"Търговски Ц-Р Люлин","lines":"42, 111, N1","arr":["42","111","N1"],"terminus":0,"mode":"bus","color":"#0059a9","colorDark":"#00294f","angle":126.1,"snapDist":3,"label":1}},{"type":"Feature","geometry":{"type":"Point","coordinates":[23.257118,42.718422]},"properties":{"name":"Метростанция Люлин","lines":"42","arr":["42"],"terminus":0,"mode":"bus","color":"#0059a9","colorDark":"#00294f","angle":215.2,"snapDist":6,"label":1}},{"type":"Feature","geometry":{"type":"Point","coordinates":[23.263371,42.719457]},"properties":{"name":"ул. ген. Никола Генев","lines":"42, N1","arr":["42","N1"],"terminus":0,"mode":"bus","color":"#0059a9","colorDark":"#00294f","angle":127.1,"snapDist":5,"label":1}},{"type":"Feature","geometry":{"type":"Point","coordinates":[23.26442,42.721277]},"properties":{"name":"ул. ген. Ас. Николов","lines":"42, N1","arr":["42","N1"],"terminus":0,"mode":"bus","color":"#0059a9","colorDark":"#00294f","angle":35,"snapDist":3,"label":1}},{"type":"Feature","geometry":{"type":"Point","coordinates":[23.261667,42.722937]},"properties":{"name":"ж.к. Люлин-8","lines":"42","arr":["42"],"terminus":1,"mode":"bus","color":"#0059a9","colorDark":"#00294f","angle":70.4,"snapDist":4,"label":1}},{"type":"Feature","geometry":{"type":"Point","coordinates":[23.262043,42.722509]},"properties":{"name":"ул. Търново","lines":"42, N1","arr":["42","N1"],"terminus":1,"mode":"bus","color":"#0059a9","colorDark":"#00294f","angle":214.9,"snapDist":4,"label":1}},{"type":"Feature","geometry":{"type":"Point","coordinates":[23.26446,42.72059]},"properties":{"name":"ул. ген. Ас. Николов","lines":"42, N1","arr":["42","N1"],"terminus":0,"mode":"bus","color":"#0059a9","colorDark":"#00294f","angle":302.6,"snapDist":8,"label":0}},{"type":"Feature","geometry":{"type":"Point","coordinates":[23.262844,42.718945]},"properties":{"name":"ул. ген. Никола Генев","lines":"42, N1","arr":["42","N1"],"terminus":0,"mode":"bus","color":"#0059a9","colorDark":"#00294f","angle":307.1,"snapDist":8,"label":0}},{"type":"Feature","geometry":{"type":"Point","coordinates":[23.257266,42.718483]},"properties":{"name":"Метростанция Люлин","lines":"42","arr":["42"],"terminus":0,"mode":"bus","color":"#0059a9","colorDark":"#00294f","angle":35.5,"snapDist":3,"label":0}},{"type":"Feature","geometry":{"type":"Point","coordinates":[23.253523,42.718525]},"properties":{"name":"Търговски Ц-Р Люлин","lines":"42, 111, N1","arr":["42","111","N1"],"terminus":0,"mode":"bus","color":"#0059a9","colorDark":"#00294f","angle":306.1,"snapDist":7,"label":0}},{"type":"Feature","geometry":{"type":"Point","coordinates":[23.250367,42.716352]},"properties":{"name":"Община Люлин","lines":"42, 111","arr":["42","111"],"terminus":0,"mode":"bus","color":"#0059a9","colorDark":"#00294f","angle":36.4,"snapDist":10,"label":0}},{"type":"Feature","geometry":{"type":"Point","coordinates":[23.246446,42.718488]},"properties":{"name":"Културен център Люлин","lines":"42, 111","arr":["42","111"],"terminus":0,"mode":"bus","color":"#0059a9","colorDark":"#00294f","angle":36.7,"snapDist":7,"label":1}},{"type":"Feature","geometry":{"type":"Point","coordinates":[23.242027,42.720895]},"properties":{"name":"ж.к. Люлин-3","lines":"42, 111","arr":["42","111"],"terminus":0,"mode":"bus","color":"#0059a9","colorDark":"#00294f","angle":36,"snapDist":7,"label":1}},{"type":"Feature","geometry":{"type":"Point","coordinates":[23.239603,42.719641]},"properties":{"name":"бл. 402 ж.к. Люлин-4","lines":"42, 81, N1","arr":["42","81","N1"],"terminus":0,"mode":"bus","color":"#0059a9","colorDark":"#00294f","angle":299.6,"snapDist":7,"label":1}},{"type":"Feature","geometry":{"type":"Point","coordinates":[23.234055,42.717905]},"properties":{"name":"Пътен възел Филиповци","lines":"42, 81","arr":["42","81"],"terminus":0,"mode":"bus","color":"#0059a9","colorDark":"#00294f","angle":351.6,"snapDist":2,"label":0}},{"type":"Feature","geometry":{"type":"Point","coordinates":[23.232026,42.718206]},"properties":{"name":"Околовръстен път","lines":"42, 81","arr":["42","81"],"terminus":0,"mode":"bus","color":"#0059a9","colorDark":"#00294f","angle":14.2,"snapDist":3,"label":0}},{"type":"Feature","geometry":{"type":"Point","coordinates":[23.227903,42.718302]},"properties":{"name":"ул. Детелина","lines":"42, 81","arr":["42","81"],"terminus":0,"mode":"bus","color":"#0059a9","colorDark":"#00294f","angle":2.1,"snapDist":4,"label":0}},{"type":"Feature","geometry":{"type":"Point","coordinates":[23.223809,42.718823]},"properties":{"name":"ул. български воин","lines":"42, 81","arr":["42","81"],"terminus":0,"mode":"bus","color":"#0059a9","colorDark":"#00294f","angle":35.2,"snapDist":5,"label":0}},{"type":"Feature","geometry":{"type":"Point","coordinates":[23.220994,42.715348]},"properties":{"name":"ул. Суходолски път - по желание","lines":"42","arr":["42"],"terminus":0,"mode":"bus","color":"#0059a9","colorDark":"#00294f","angle":298.9,"snapDist":1,"label":0}},{"type":"Feature","geometry":{"type":"Point","coordinates":[23.188192,42.718029]},"properties":{"name":"Хлебозавода - по желание","lines":"42","arr":["42"],"terminus":0,"mode":"bus","color":"#0059a9","colorDark":"#00294f","angle":354.2,"snapDist":5,"label":0}},{"type":"Feature","geometry":{"type":"Point","coordinates":[23.183836,42.717412]},"properties":{"name":"Кенди ООД - по желание","lines":"42","arr":["42"],"terminus":0,"mode":"bus","color":"#0059a9","colorDark":"#00294f","angle":346.2,"snapDist":4,"label":0}},{"type":"Feature","geometry":{"type":"Point","coordinates":[23.178461,42.716377]},"properties":{"name":"Махала Иваняне - по желание","lines":"42","arr":["42"],"terminus":0,"mode":"bus","color":"#0059a9","colorDark":"#00294f","angle":346.5,"snapDist":5,"label":0}},{"type":"Feature","geometry":{"type":"Point","coordinates":[23.172574,42.714806]},"properties":{"name":"кв. Изгрев - по желание","lines":"42","arr":["42"],"terminus":0,"mode":"bus","color":"#0059a9","colorDark":"#00294f","angle":347.4,"snapDist":4,"label":0}},{"type":"Feature","geometry":{"type":"Point","coordinates":[23.165754,42.712452]},"properties":{"name":"ул. Космонавт - по желание","lines":"42","arr":["42"],"terminus":0,"mode":"bus","color":"#0059a9","colorDark":"#00294f","angle":319.7,"snapDist":6,"label":0}},{"type":"Feature","geometry":{"type":"Point","coordinates":[23.160508,42.709658]},"properties":{"name":"Стадиона Банкя - по желание","lines":"42","arr":["42"],"terminus":0,"mode":"bus","color":"#0059a9","colorDark":"#00294f","angle":332.9,"snapDist":4,"label":0}},{"type":"Feature","geometry":{"type":"Point","coordinates":[23.152962,42.706242]},"properties":{"name":"ул. бор - по желание","lines":"42","arr":["42"],"terminus":0,"mode":"bus","color":"#0059a9","colorDark":"#00294f","angle":337.4,"snapDist":5,"label":0}},{"type":"Feature","geometry":{"type":"Point","coordinates":[23.146233,42.707533]},"properties":{"name":"Центъра Банкя","lines":"42, 44, 46, 49","arr":["42","44","46","49"],"terminus":0,"mode":"bus","color":"#0059a9","colorDark":"#00294f","angle":38.8,"snapDist":8,"label":0}},{"type":"Feature","geometry":{"type":"Point","coordinates":[23.139953,42.709918]},"properties":{"name":"ул. Странджа","lines":"42","arr":["42"],"terminus":0,"mode":"bus","color":"#0059a9","colorDark":"#00294f","angle":356.8,"snapDist":4,"label":0}},{"type":"Feature","geometry":{"type":"Point","coordinates":[23.1344,42.709464]},"properties":{"name":"ул. Сочи","lines":"42","arr":["42"],"terminus":0,"mode":"bus","color":"#0059a9","colorDark":"#00294f","angle":346.4,"snapDist":4,"label":0}},{"type":"Feature","geometry":{"type":"Point","coordinates":[23.130054,42.708135]},"properties":{"name":"ул. Родина - по желание","lines":"42","arr":["42"],"terminus":0,"mode":"bus","color":"#0059a9","colorDark":"#00294f","angle":345.2,"snapDist":3,"label":0}},{"type":"Feature","geometry":{"type":"Point","coordinates":[23.127466,42.704134]},"properties":{"name":"Начало кв. Михайлово - по желание","lines":"42","arr":["42"],"terminus":0,"mode":"bus","color":"#0059a9","colorDark":"#00294f","angle":282.2,"snapDist":3,"label":0}},{"type":"Feature","geometry":{"type":"Point","coordinates":[23.125858,42.700566]},"properties":{"name":"Стопанство Михайлово - по желание","lines":"42","arr":["42"],"terminus":0,"mode":"bus","color":"#0059a9","colorDark":"#00294f","angle":311,"snapDist":1,"label":0}},{"type":"Feature","geometry":{"type":"Point","coordinates":[23.122098,42.697461]},"properties":{"name":"ул. А. Константинов - по желание","lines":"42","arr":["42"],"terminus":0,"mode":"bus","color":"#0059a9","colorDark":"#00294f","angle":293,"snapDist":2,"label":0}},{"type":"Feature","geometry":{"type":"Point","coordinates":[23.120756,42.695097]},"properties":{"name":"ул. Даме Груев - по желание","lines":"42","arr":["42"],"terminus":0,"mode":"bus","color":"#0059a9","colorDark":"#00294f","angle":291.9,"snapDist":2,"label":0}},{"type":"Feature","geometry":{"type":"Point","coordinates":[23.119158,42.690158]},"properties":{"name":"ул. Топлика - по желание","lines":"42","arr":["42"],"terminus":0,"mode":"bus","color":"#0059a9","colorDark":"#00294f","angle":264.6,"snapDist":3,"label":0}},{"type":"Feature","geometry":{"type":"Point","coordinates":[23.119107,42.687481]},"properties":{"name":"ул. Китката - по желание","lines":"42","arr":["42"],"terminus":0,"mode":"bus","color":"#0059a9","colorDark":"#00294f","angle":283.4,"snapDist":6,"label":0}},{"type":"Feature","geometry":{"type":"Point","coordinates":[23.181232,42.706239]},"properties":{"name":"кв. Иваняне","lines":"44, 81","arr":["44","81"],"terminus":1,"mode":"bus","color":"#0059a9","colorDark":"#00294f","angle":93.4,"snapDist":7,"label":1}},{"type":"Feature","geometry":{"type":"Point","coordinates":[23.177175,42.710834]},"properties":{"name":"ул. Милениум","lines":"44","arr":["44"],"terminus":0,"mode":"bus","color":"#0059a9","colorDark":"#00294f","angle":79.1,"snapDist":2,"label":1}},{"type":"Feature","geometry":{"type":"Point","coordinates":[23.17408,42.714076]},"properties":{"name":"ул. Перуника","lines":"44","arr":["44"],"terminus":0,"mode":"bus","color":"#0059a9","colorDark":"#00294f","angle":58.5,"snapDist":4,"label":1}},{"type":"Feature","geometry":{"type":"Point","coordinates":[23.17255,42.715356]},"properties":{"name":"кв. Изгрев","lines":"44","arr":["44"],"terminus":0,"mode":"bus","color":"#0059a9","colorDark":"#00294f","angle":36.1,"snapDist":4,"label":1}},{"type":"Feature","geometry":{"type":"Point","coordinates":[23.170125,42.716991]},"properties":{"name":"Гара Иваняне","lines":"44, 47, 49, X43","arr":["44","47","49","X43"],"terminus":0,"mode":"bus","color":"#0059a9","colorDark":"#00294f","angle":332.6,"snapDist":7,"label":1}},{"type":"Feature","geometry":{"type":"Point","coordinates":[23.164628,42.714313]},"properties":{"name":"Гробищен парк Банкя","lines":"44, 47, 49","arr":["44","47","49"],"terminus":0,"mode":"bus","color":"#0059a9","colorDark":"#00294f","angle":323.5,"snapDist":6,"label":1}},{"type":"Feature","geometry":{"type":"Point","coordinates":[23.159442,42.713341]},"properties":{"name":"Ремонтна база","lines":"44","arr":["44"],"terminus":0,"mode":"bus","color":"#0059a9","colorDark":"#00294f","angle":3.3,"snapDist":3,"label":1}},{"type":"Feature","geometry":{"type":"Point","coordinates":[23.150567,42.712303]},"properties":{"name":"ул. Ученическа","lines":"44","arr":["44"],"terminus":0,"mode":"bus","color":"#0059a9","colorDark":"#00294f","angle":348,"snapDist":4,"label":1}},{"type":"Feature","geometry":{"type":"Point","coordinates":[23.144414,42.711737]},"properties":{"name":"ул. Стара планина","lines":"44, 46, 49","arr":["44","46","49"],"terminus":0,"mode":"bus","color":"#0059a9","colorDark":"#00294f","angle":258.4,"snapDist":6,"label":1}},{"type":"Feature","geometry":{"type":"Point","coordinates":[23.14821,42.707242]},"properties":{"name":"Центъра Банкя","lines":"44, 46, 47, 49","arr":["44","46","47","49"],"terminus":0,"mode":"bus","color":"#0059a9","colorDark":"#00294f","angle":156.8,"snapDist":8,"label":0}},{"type":"Feature","geometry":{"type":"Point","coordinates":[23.152269,42.708239]},"properties":{"name":"Автостанция Банкя","lines":"44, 46, 47, X43","arr":["44","46","47","X43"],"terminus":1,"mode":"bus","color":"#0059a9","colorDark":"#00294f","angle":266.4,"snapDist":4,"label":1}},{"type":"Feature","geometry":{"type":"Point","coordinates":[23.152471,42.708435]},"properties":{"name":"Автостанция Банкя","lines":"44, 46, 47, 49, X43","arr":["44","46","47","49","X43"],"terminus":1,"mode":"bus","color":"#0059a9","colorDark":"#00294f","angle":62.1,"snapDist":4,"label":0}},{"type":"Feature","geometry":{"type":"Point","coordinates":[23.147735,42.707149]},"properties":{"name":"Центъра Банкя","lines":"44, 46, 47, 49, X43","arr":["44","46","47","49","X43"],"terminus":0,"mode":"bus","color":"#0059a9","colorDark":"#00294f","angle":353.1,"snapDist":5,"label":0}},{"type":"Feature","geometry":{"type":"Point","coordinates":[23.144431,42.711678]},"properties":{"name":"ул. Стара планина","lines":"44, 46, 47, 49","arr":["44","46","47","49"],"terminus":0,"mode":"bus","color":"#0059a9","colorDark":"#00294f","angle":78.4,"snapDist":6,"label":0}},{"type":"Feature","geometry":{"type":"Point","coordinates":[23.150937,42.71236]},"properties":{"name":"ул. Ученическа","lines":"44","arr":["44"],"terminus":0,"mode":"bus","color":"#0059a9","colorDark":"#00294f","angle":168,"snapDist":3,"label":0}},{"type":"Feature","geometry":{"type":"Point","coordinates":[23.160148,42.713311]},"properties":{"name":"Ремонтна база","lines":"44","arr":["44"],"terminus":0,"mode":"bus","color":"#0059a9","colorDark":"#00294f","angle":183.2,"snapDist":4,"label":0}},{"type":"Feature","geometry":{"type":"Point","coordinates":[23.16564,42.714619]},"properties":{"name":"Гробищен парк Банкя","lines":"44, 47, 49","arr":["44","47","49"],"terminus":0,"mode":"bus","color":"#0059a9","colorDark":"#00294f","angle":160,"snapDist":5,"label":0}},{"type":"Feature","geometry":{"type":"Point","coordinates":[23.170354,42.717078]},"properties":{"name":"Гара Иваняне","lines":"44, 47, 49, X43","arr":["44","47","49","X43"],"terminus":0,"mode":"bus","color":"#0059a9","colorDark":"#00294f","angle":152.6,"snapDist":7,"label":0}},{"type":"Feature","geometry":{"type":"Point","coordinates":[23.172093,42.715647]},"properties":{"name":"кв. Изгрев","lines":"44","arr":["44"],"terminus":0,"mode":"bus","color":"#0059a9","colorDark":"#00294f","angle":225.7,"snapDist":4,"label":0}},{"type":"Feature","geometry":{"type":"Point","coordinates":[23.173909,42.714281]},"properties":{"name":"ул. Перуника","lines":"44","arr":["44"],"terminus":0,"mode":"bus","color":"#0059a9","colorDark":"#00294f","angle":238.6,"snapDist":4,"label":0}},{"type":"Feature","geometry":{"type":"Point","coordinates":[23.177108,42.710965]},"properties":{"name":"ул. Милениум","lines":"44","arr":["44"],"terminus":0,"mode":"bus","color":"#0059a9","colorDark":"#00294f","angle":245,"snapDist":2,"label":0}},{"type":"Feature","geometry":{"type":"Point","coordinates":[23.078008,42.726112]},"properties":{"name":"Манастир Св. Петка Параскева","lines":"46","arr":["46"],"terminus":1,"mode":"bus","color":"#0059a9","colorDark":"#00294f","angle":358.2,"snapDist":3,"label":1}},{"type":"Feature","geometry":{"type":"Point","coordinates":[23.129271,42.721931]},"properties":{"name":"По желание (Вердикал)","lines":"46, 49","arr":["46","49"],"terminus":0,"mode":"bus","color":"#0059a9","colorDark":"#00294f","angle":233.4,"snapDist":6,"label":1}},{"type":"Feature","geometry":{"type":"Point","coordinates":[23.13079,42.719694]},"properties":{"name":"кв. Вердикал","lines":"46, 49","arr":["46","49"],"terminus":0,"mode":"bus","color":"#0059a9","colorDark":"#00294f","angle":128.7,"snapDist":10,"label":1}},{"type":"Feature","geometry":{"type":"Point","coordinates":[23.134087,42.718108]},"properties":{"name":"ул. Ручей","lines":"46, 49","arr":["46","49"],"terminus":0,"mode":"bus","color":"#0059a9","colorDark":"#00294f","angle":213,"snapDist":5,"label":1}},{"type":"Feature","geometry":{"type":"Point","coordinates":[23.141055,42.714564]},"properties":{"name":"ул. Царибродска","lines":"46, 49","arr":["46","49"],"terminus":0,"mode":"bus","color":"#0059a9","colorDark":"#00294f","angle":209.3,"snapDist":3,"label":1}},{"type":"Feature","geometry":{"type":"Point","coordinates":[23.140619,42.714744]},"properties":{"name":"ул. Царибродска","lines":"46, 49","arr":["46","49"],"terminus":0,"mode":"bus","color":"#0059a9","colorDark":"#00294f","angle":29.3,"snapDist":4,"label":0}},{"type":"Feature","geometry":{"type":"Point","coordinates":[23.133918,42.718188]},"properties":{"name":"ул. Ручей","lines":"46, 49","arr":["46","49"],"terminus":0,"mode":"bus","color":"#0059a9","colorDark":"#00294f","angle":33,"snapDist":2,"label":0}},{"type":"Feature","geometry":{"type":"Point","coordinates":[23.130895,42.719853]},"properties":{"name":"кв. Вердикал","lines":"46, 49","arr":["46","49"],"terminus":0,"mode":"bus","color":"#0059a9","colorDark":"#00294f","angle":69.8,"snapDist":4,"label":0}},{"type":"Feature","geometry":{"type":"Point","coordinates":[23.129008,42.722192]},"properties":{"name":"По желание (Вердикал)","lines":"46, 49","arr":["46","49"],"terminus":0,"mode":"bus","color":"#0059a9","colorDark":"#00294f","angle":53.4,"snapDist":1,"label":0}},{"type":"Feature","geometry":{"type":"Point","coordinates":[23.138823,42.685672]},"properties":{"name":"кв. Градоман","lines":"47","arr":["47"],"terminus":1,"mode":"bus","color":"#0059a9","colorDark":"#00294f","angle":217,"snapDist":6,"label":1}},{"type":"Feature","geometry":{"type":"Point","coordinates":[23.14257,42.689311]},"properties":{"name":"Начало кв. Градоман","lines":"47","arr":["47"],"terminus":0,"mode":"bus","color":"#0059a9","colorDark":"#00294f","angle":130.1,"snapDist":2,"label":1}},{"type":"Feature","geometry":{"type":"Point","coordinates":[23.147993,42.694385]},"properties":{"name":"ул. Венера","lines":"47","arr":["47"],"terminus":0,"mode":"bus","color":"#0059a9","colorDark":"#00294f","angle":117.6,"snapDist":4,"label":1}},{"type":"Feature","geometry":{"type":"Point","coordinates":[23.149282,42.696225]},"properties":{"name":"в.з. Банкя","lines":"47","arr":["47"],"terminus":0,"mode":"bus","color":"#0059a9","colorDark":"#00294f","angle":117.1,"snapDist":4,"label":1}},{"type":"Feature","geometry":{"type":"Point","coordinates":[23.14974,42.700129]},"properties":{"name":"ул. Тинтява","lines":"47","arr":["47"],"terminus":0,"mode":"bus","color":"#0059a9","colorDark":"#00294f","angle":80.5,"snapDist":4,"label":1}},{"type":"Feature","geometry":{"type":"Point","coordinates":[23.147961,42.705854]},"properties":{"name":"Община Банкя","lines":"47","arr":["47"],"terminus":0,"mode":"bus","color":"#0059a9","colorDark":"#00294f","angle":92.8,"snapDist":2,"label":1}},{"type":"Feature","geometry":{"type":"Point","coordinates":[23.140826,42.711711]},"properties":{"name":"78-Мо СОУ Банкя","lines":"47","arr":["47"],"terminus":0,"mode":"bus","color":"#0059a9","colorDark":"#00294f","angle":258.1,"snapDist":6,"label":1}},{"type":"Feature","geometry":{"type":"Point","coordinates":[23.256756,42.729698]},"properties":{"name":"Нестле-София","lines":"47, 49, 54, 81, 309, X43","arr":["47","49","54","81","309","X43"],"terminus":0,"mode":"bus","color":"#0059a9","colorDark":"#00294f","angle":37.8,"snapDist":9,"label":1}},{"type":"Feature","geometry":{"type":"Point","coordinates":[23.252628,42.732161]},"properties":{"name":"ПП Успех","lines":"47, 49, 54, 81, 309","arr":["47","49","54","81","309"],"terminus":0,"mode":"bus","color":"#0059a9","colorDark":"#00294f","angle":40,"snapDist":10,"label":1}},{"type":"Feature","geometry":{"type":"Point","coordinates":[23.242828,42.736819]},"properties":{"name":"кв. Република","lines":"47, 49, X43","arr":["47","49","X43"],"terminus":0,"mode":"bus","color":"#0059a9","colorDark":"#00294f","angle":334.4,"snapDist":4,"label":1}},{"type":"Feature","geometry":{"type":"Point","coordinates":[23.236164,42.734268]},"properties":{"name":"Институт Пушкаров - по желание","lines":"47, 49","arr":["47","49"],"terminus":0,"mode":"bus","color":"#0059a9","colorDark":"#00294f","angle":332.4,"snapDist":3,"label":1}},{"type":"Feature","geometry":{"type":"Point","coordinates":[23.228631,42.731385]},"properties":{"name":"Промишлена зона - по желание","lines":"47, 49","arr":["47","49"],"terminus":0,"mode":"bus","color":"#0059a9","colorDark":"#00294f","angle":333,"snapDist":4,"label":1}},{"type":"Feature","geometry":{"type":"Point","coordinates":[23.224873,42.729981]},"properties":{"name":"Екобулсорт - по желание","lines":"47, 49","arr":["47","49"],"terminus":0,"mode":"bus","color":"#0059a9","colorDark":"#00294f","angle":334.8,"snapDist":4,"label":1}},{"type":"Feature","geometry":{"type":"Point","coordinates":[23.214598,42.726418]},"properties":{"name":"Разклона за с. Гурмазово - по желание","lines":"47, 49","arr":["47","49"],"terminus":0,"mode":"bus","color":"#0059a9","colorDark":"#00294f","angle":335,"snapDist":4,"label":1}},{"type":"Feature","geometry":{"type":"Point","coordinates":[23.2007,42.722636]},"properties":{"name":"Хиподрума Банкя - по желание","lines":"47, 49, X43","arr":["47","49","X43"],"terminus":0,"mode":"bus","color":"#0059a9","colorDark":"#00294f","angle":358.2,"snapDist":4,"label":1}},{"type":"Feature","geometry":{"type":"Point","coordinates":[23.190588,42.721763]},"properties":{"name":"Кантона - по желание","lines":"47, 49","arr":["47","49"],"terminus":0,"mode":"bus","color":"#0059a9","colorDark":"#00294f","angle":344.8,"snapDist":2,"label":1}},{"type":"Feature","geometry":{"type":"Point","coordinates":[23.182172,42.720104]},"properties":{"name":"Махала Иваняне - по желание","lines":"47, 49","arr":["47","49"],"terminus":0,"mode":"bus","color":"#0059a9","colorDark":"#00294f","angle":353.3,"snapDist":5,"label":1}},{"type":"Feature","geometry":{"type":"Point","coordinates":[23.175701,42.718738]},"properties":{"name":"Къмпинга - по желание","lines":"47, 49","arr":["47","49"],"terminus":0,"mode":"bus","color":"#0059a9","colorDark":"#00294f","angle":330,"snapDist":7,"label":1}},{"type":"Feature","geometry":{"type":"Point","coordinates":[23.159082,42.712126]},"properties":{"name":"Стадиона Банкя","lines":"47, 49, X43","arr":["47","49","X43"],"terminus":0,"mode":"bus","color":"#0059a9","colorDark":"#00294f","angle":323.8,"snapDist":4,"label":1}},{"type":"Feature","geometry":{"type":"Point","coordinates":[23.153635,42.709314]},"properties":{"name":"ул. Хисаря","lines":"47, 49","arr":["47","49"],"terminus":0,"mode":"bus","color":"#0059a9","colorDark":"#00294f","angle":328.4,"snapDist":2,"label":1}},{"type":"Feature","geometry":{"type":"Point","coordinates":[23.147984,42.706037]},"properties":{"name":"Община Банкя","lines":"47","arr":["47"],"terminus":0,"mode":"bus","color":"#0059a9","colorDark":"#00294f","angle":278.4,"snapDist":2,"label":0}},{"type":"Feature","geometry":{"type":"Point","coordinates":[23.149734,42.700156]},"properties":{"name":"ул. Тинтява","lines":"47","arr":["47"],"terminus":0,"mode":"bus","color":"#0059a9","colorDark":"#00294f","angle":260.5,"snapDist":5,"label":0}},{"type":"Feature","geometry":{"type":"Point","coordinates":[23.149444,42.69646]},"properties":{"name":"в.з. Банкя","lines":"47","arr":["47"],"terminus":0,"mode":"bus","color":"#0059a9","colorDark":"#00294f","angle":296.6,"snapDist":2,"label":0}},{"type":"Feature","geometry":{"type":"Point","coordinates":[23.148044,42.694458]},"properties":{"name":"ул. Венера","lines":"47","arr":["47"],"terminus":0,"mode":"bus","color":"#0059a9","colorDark":"#00294f","angle":297.6,"snapDist":2,"label":0}},{"type":"Feature","geometry":{"type":"Point","coordinates":[23.142632,42.689365]},"properties":{"name":"Начало кв. Градоман","lines":"47","arr":["47"],"terminus":0,"mode":"bus","color":"#0059a9","colorDark":"#00294f","angle":310.1,"snapDist":4,"label":0}},{"type":"Feature","geometry":{"type":"Point","coordinates":[23.15823,42.71166]},"properties":{"name":"Стадиона Банкя","lines":"47, 49, X43","arr":["47","49","X43"],"terminus":0,"mode":"bus","color":"#0059a9","colorDark":"#00294f","angle":143.3,"snapDist":4,"label":0}},{"type":"Feature","geometry":{"type":"Point","coordinates":[23.176344,42.719006]},"properties":{"name":"Къмпинга - по желание","lines":"47, 49","arr":["47","49"],"terminus":0,"mode":"bus","color":"#0059a9","colorDark":"#00294f","angle":150.9,"snapDist":6,"label":0}},{"type":"Feature","geometry":{"type":"Point","coordinates":[23.182549,42.720137]},"properties":{"name":"Махала Иваняне - по желание","lines":"47, 49","arr":["47","49"],"terminus":0,"mode":"bus","color":"#0059a9","colorDark":"#00294f","angle":173.3,"snapDist":4,"label":0}},{"type":"Feature","geometry":{"type":"Point","coordinates":[23.192592,42.722163]},"properties":{"name":"Кантона - по желание","lines":"47, 49","arr":["47","49"],"terminus":0,"mode":"bus","color":"#0059a9","colorDark":"#00294f","angle":164.8,"snapDist":4,"label":0}},{"type":"Feature","geometry":{"type":"Point","coordinates":[23.201152,42.722646]},"properties":{"name":"Хиподрума Банкя - по желание","lines":"47, 49, X43","arr":["47","49","X43"],"terminus":0,"mode":"bus","color":"#0059a9","colorDark":"#00294f","angle":178.2,"snapDist":3,"label":0}},{"type":"Feature","geometry":{"type":"Point","coordinates":[23.216189,42.726965]},"properties":{"name":"Разклона за с. Гурмазово - по желание","lines":"47, 49","arr":["47","49"],"terminus":0,"mode":"bus","color":"#0059a9","colorDark":"#00294f","angle":154.7,"snapDist":4,"label":0}},{"type":"Feature","geometry":{"type":"Point","coordinates":[23.225406,42.730176]},"properties":{"name":"Екобулсорт - по желание","lines":"47, 49","arr":["47","49"],"terminus":0,"mode":"bus","color":"#0059a9","colorDark":"#00294f","angle":153.2,"snapDist":5,"label":0}},{"type":"Feature","geometry":{"type":"Point","coordinates":[23.229755,42.731809]},"properties":{"name":"Промишлена зона - по желание","lines":"47, 49","arr":["47","49"],"terminus":0,"mode":"bus","color":"#0059a9","colorDark":"#00294f","angle":152.6,"snapDist":3,"label":0}},{"type":"Feature","geometry":{"type":"Point","coordinates":[23.236796,42.734509]},"properties":{"name":"Институт Пушкаров - по желание","lines":"47, 49","arr":["47","49"],"terminus":0,"mode":"bus","color":"#0059a9","colorDark":"#00294f","angle":152.6,"snapDist":4,"label":0}},{"type":"Feature","geometry":{"type":"Point","coordinates":[23.242921,42.736852]},"properties":{"name":"кв. Република","lines":"47, 49, X43","arr":["47","49","X43"],"terminus":0,"mode":"bus","color":"#0059a9","colorDark":"#00294f","angle":154.4,"snapDist":3,"label":0}},{"type":"Feature","geometry":{"type":"Point","coordinates":[23.253436,42.731669]},"properties":{"name":"ПП Успех","lines":"47, 49, 54, 81, 309","arr":["47","49","54","81","309"],"terminus":0,"mode":"bus","color":"#0059a9","colorDark":"#00294f","angle":219.3,"snapDist":10,"label":0}},{"type":"Feature","geometry":{"type":"Point","coordinates":[23.258409,42.72877]},"properties":{"name":"Нестле-София","lines":"47, 49, 54, 81, 309, X43","arr":["47","49","54","81","309","X43"],"terminus":0,"mode":"bus","color":"#0059a9","colorDark":"#00294f","angle":217.1,"snapDist":11,"label":0}},{"type":"Feature","geometry":{"type":"Point","coordinates":[23.105467,42.727792]},"properties":{"name":"Овчарски кошари","lines":"49","arr":["49"],"terminus":0,"mode":"bus","color":"#0059a9","colorDark":"#00294f","angle":344.2,"snapDist":1,"label":1}},{"type":"Feature","geometry":{"type":"Point","coordinates":[23.096632,42.720366]},"properties":{"name":"Начало кв. Клисура","lines":"49","arr":["49"],"terminus":0,"mode":"bus","color":"#0059a9","colorDark":"#00294f","angle":3,"snapDist":4,"label":1}},{"type":"Feature","geometry":{"type":"Point","coordinates":[23.087929,42.719574]},"properties":{"name":"Моста","lines":"49","arr":["49"],"terminus":0,"mode":"bus","color":"#0059a9","colorDark":"#00294f","angle":3.6,"snapDist":5,"label":1}},{"type":"Feature","geometry":{"type":"Point","coordinates":[23.08344,42.719122]},"properties":{"name":"кв. Клисура","lines":"49","arr":["49"],"terminus":1,"mode":"bus","color":"#0059a9","colorDark":"#00294f","angle":226.3,"snapDist":4,"label":1}},{"type":"Feature","geometry":{"type":"Point","coordinates":[23.088919,42.719537]},"properties":{"name":"Моста","lines":"49","arr":["49"],"terminus":0,"mode":"bus","color":"#0059a9","colorDark":"#00294f","angle":182.6,"snapDist":3,"label":0}},{"type":"Feature","geometry":{"type":"Point","coordinates":[23.096692,42.720364]},"properties":{"name":"Начало кв. Клисура","lines":"49","arr":["49"],"terminus":0,"mode":"bus","color":"#0059a9","colorDark":"#00294f","angle":183,"snapDist":2,"label":0}},{"type":"Feature","geometry":{"type":"Point","coordinates":[23.105858,42.727845]},"properties":{"name":"Овчарски кошари","lines":"49","arr":["49"],"terminus":0,"mode":"bus","color":"#0059a9","colorDark":"#00294f","angle":175.3,"snapDist":4,"label":0}},{"type":"Feature","geometry":{"type":"Point","coordinates":[23.181164,42.775522]},"properties":{"name":"Пътен възел Калотина","lines":"54","arr":["54"],"terminus":1,"mode":"bus","color":"#0059a9","colorDark":"#00294f","angle":219.5,"snapDist":8,"label":1}},{"type":"Feature","geometry":{"type":"Point","coordinates":[23.185228,42.773088]},"properties":{"name":"ул. Хан Крум кв. Максим Горки","lines":"54","arr":["54"],"terminus":0,"mode":"bus","color":"#0059a9","colorDark":"#00294f","angle":218.1,"snapDist":6,"label":1}},{"type":"Feature","geometry":{"type":"Point","coordinates":[23.190204,42.770049]},"properties":{"name":"ул. Хан Тервел кв. Максим Горки","lines":"54","arr":["54"],"terminus":0,"mode":"bus","color":"#0059a9","colorDark":"#00294f","angle":220.6,"snapDist":4,"label":1}},{"type":"Feature","geometry":{"type":"Point","coordinates":[23.193949,42.767749]},"properties":{"name":"ул. Искър Божурище","lines":"54","arr":["54"],"terminus":0,"mode":"bus","color":"#0059a9","colorDark":"#00294f","angle":220.3,"snapDist":5,"label":1}},{"type":"Feature","geometry":{"type":"Point","coordinates":[23.198272,42.763113]},"properties":{"name":"Кметство Божурище","lines":"54","arr":["54"],"terminus":0,"mode":"bus","color":"#0059a9","colorDark":"#00294f","angle":217.9,"snapDist":7,"label":1}},{"type":"Feature","geometry":{"type":"Point","coordinates":[23.201899,42.760925]},"properties":{"name":"ул. Христо Ботев","lines":"54","arr":["54"],"terminus":0,"mode":"bus","color":"#0059a9","colorDark":"#00294f","angle":219.3,"snapDist":8,"label":1}},{"type":"Feature","geometry":{"type":"Point","coordinates":[23.205196,42.758934]},"properties":{"name":"ул. Г. Бенковски","lines":"54","arr":["54"],"terminus":0,"mode":"bus","color":"#0059a9","colorDark":"#00294f","angle":218.6,"snapDist":6,"label":1}},{"type":"Feature","geometry":{"type":"Point","coordinates":[23.208494,42.756952]},"properties":{"name":"Военноремонтен завод","lines":"54","arr":["54"],"terminus":0,"mode":"bus","color":"#0059a9","colorDark":"#00294f","angle":219.7,"snapDist":4,"label":1}},{"type":"Feature","geometry":{"type":"Point","coordinates":[23.213086,42.754203]},"properties":{"name":"Ж.П.прелез","lines":"54","arr":["54"],"terminus":0,"mode":"bus","color":"#0059a9","colorDark":"#00294f","angle":219,"snapDist":7,"label":1}},{"type":"Feature","geometry":{"type":"Point","coordinates":[23.221499,42.749352]},"properties":{"name":"Толева махала","lines":"54","arr":["54"],"terminus":0,"mode":"bus","color":"#0059a9","colorDark":"#00294f","angle":218.2,"snapDist":5,"label":1}},{"type":"Feature","geometry":{"type":"Point","coordinates":[23.225897,42.746852]},"properties":{"name":"Мотел Божур","lines":"54","arr":["54"],"terminus":0,"mode":"bus","color":"#0059a9","colorDark":"#00294f","angle":216.9,"snapDist":4,"label":1}},{"type":"Feature","geometry":{"type":"Point","coordinates":[23.229699,42.74492]},"properties":{"name":"Магазин Метро 2","lines":"54","arr":["54"],"terminus":0,"mode":"bus","color":"#0059a9","colorDark":"#00294f","angle":224.4,"snapDist":7,"label":1}},{"type":"Feature","geometry":{"type":"Point","coordinates":[23.243233,42.737314]},"properties":{"name":"кв. Република","lines":"54","arr":["54"],"terminus":0,"mode":"bus","color":"#0059a9","colorDark":"#00294f","angle":216.7,"snapDist":5,"label":0}},{"type":"Feature","geometry":{"type":"Point","coordinates":[23.242944,42.737544]},"properties":{"name":"кв. Република","lines":"54","arr":["54"],"terminus":0,"mode":"bus","color":"#0059a9","colorDark":"#00294f","angle":36,"snapDist":3,"label":0}},{"type":"Feature","geometry":{"type":"Point","coordinates":[23.231025,42.744201]},"properties":{"name":"кв. Република-2","lines":"54","arr":["54"],"terminus":0,"mode":"bus","color":"#0059a9","colorDark":"#00294f","angle":41.4,"snapDist":2,"label":1}},{"type":"Feature","geometry":{"type":"Point","coordinates":[23.228581,42.74603]},"properties":{"name":"Магазин Метро 2","lines":"54","arr":["54"],"terminus":0,"mode":"bus","color":"#0059a9","colorDark":"#00294f","angle":54,"snapDist":5,"label":0}},{"type":"Feature","geometry":{"type":"Point","coordinates":[23.223778,42.748538]},"properties":{"name":"Начало Толева махала","lines":"54","arr":["54"],"terminus":0,"mode":"bus","color":"#0059a9","colorDark":"#00294f","angle":339.5,"snapDist":3,"label":1}},{"type":"Feature","geometry":{"type":"Point","coordinates":[23.220413,42.749974]},"properties":{"name":"Толева махала","lines":"54","arr":["54"],"terminus":0,"mode":"bus","color":"#0059a9","colorDark":"#00294f","angle":38,"snapDist":2,"label":0}},{"type":"Feature","geometry":{"type":"Point","coordinates":[23.212252,42.754699]},"properties":{"name":"Ж.П.прелез","lines":"54","arr":["54"],"terminus":0,"mode":"bus","color":"#0059a9","colorDark":"#00294f","angle":39,"snapDist":7,"label":0}},{"type":"Feature","geometry":{"type":"Point","coordinates":[23.209465,42.756365]},"properties":{"name":"Военноремонтен завод","lines":"54","arr":["54"],"terminus":0,"mode":"bus","color":"#0059a9","colorDark":"#00294f","angle":38.6,"snapDist":7,"label":0}},{"type":"Feature","geometry":{"type":"Point","coordinates":[23.205551,42.758726]},"properties":{"name":"ул. Г. Бенковски","lines":"54","arr":["54"],"terminus":0,"mode":"bus","color":"#0059a9","colorDark":"#00294f","angle":38.6,"snapDist":7,"label":0}},{"type":"Feature","geometry":{"type":"Point","coordinates":[23.202173,42.76076]},"properties":{"name":"ул. Христо Ботев","lines":"54","arr":["54"],"terminus":0,"mode":"bus","color":"#0059a9","colorDark":"#00294f","angle":39.3,"snapDist":4,"label":0}},{"type":"Feature","geometry":{"type":"Point","coordinates":[23.198113,42.763205]},"properties":{"name":"Кметство Божурище","lines":"54","arr":["54"],"terminus":0,"mode":"bus","color":"#0059a9","colorDark":"#00294f","angle":39.1,"snapDist":7,"label":0}},{"type":"Feature","geometry":{"type":"Point","coordinates":[23.194345,42.767505]},"properties":{"name":"ул. Искър Божурище","lines":"54","arr":["54"],"terminus":0,"mode":"bus","color":"#0059a9","colorDark":"#00294f","angle":39.6,"snapDist":9,"label":0}},{"type":"Feature","geometry":{"type":"Point","coordinates":[23.188721,42.770954]},"properties":{"name":"ул. Хан Тервел кв. Максим Горки","lines":"54","arr":["54"],"terminus":0,"mode":"bus","color":"#0059a9","colorDark":"#00294f","angle":39.3,"snapDist":7,"label":0}},{"type":"Feature","geometry":{"type":"Point","coordinates":[23.184919,42.773268]},"properties":{"name":"ул. Хан Крум кв. Максим Горки","lines":"54","arr":["54"],"terminus":0,"mode":"bus","color":"#0059a9","colorDark":"#00294f","angle":38.7,"snapDist":7,"label":0}},{"type":"Feature","geometry":{"type":"Point","coordinates":[23.180262,42.77624]},"properties":{"name":"Пътен възел Калотина","lines":"54","arr":["54"],"terminus":1,"mode":"bus","color":"#0059a9","colorDark":"#00294f","angle":39.9,"snapDist":2,"label":0}},{"type":"Feature","geometry":{"type":"Point","coordinates":[23.160218,42.682116]},"properties":{"name":"Село Мало Бучино","lines":"56","arr":["56"],"terminus":1,"mode":"bus","color":"#0059a9","colorDark":"#00294f","angle":155.2,"snapDist":11,"label":1}},{"type":"Feature","geometry":{"type":"Point","coordinates":[23.163672,42.684048]},"properties":{"name":"ул. Демокрация","lines":"56","arr":["56"],"terminus":0,"mode":"bus","color":"#0059a9","colorDark":"#00294f","angle":128.1,"snapDist":4,"label":1}},{"type":"Feature","geometry":{"type":"Point","coordinates":[23.165794,42.68624]},"properties":{"name":"ул. Липа","lines":"56","arr":["56"],"terminus":0,"mode":"bus","color":"#0059a9","colorDark":"#00294f","angle":142.1,"snapDist":4,"label":1}},{"type":"Feature","geometry":{"type":"Point","coordinates":[23.174902,42.6897]},"properties":{"name":"Разсадник Мало Бучино","lines":"56","arr":["56"],"terminus":0,"mode":"bus","color":"#0059a9","colorDark":"#00294f","angle":124.8,"snapDist":4,"label":1}},{"type":"Feature","geometry":{"type":"Point","coordinates":[23.191222,42.697094]},"properties":{"name":"Яз. Мало Бучино","lines":"56","arr":["56"],"terminus":0,"mode":"bus","color":"#0059a9","colorDark":"#00294f","angle":151.2,"snapDist":6,"label":1}},{"type":"Feature","geometry":{"type":"Point","coordinates":[23.195808,42.698975]},"properties":{"name":"Местност Манилов дол","lines":"56","arr":["56"],"terminus":0,"mode":"bus","color":"#0059a9","colorDark":"#00294f","angle":150.1,"snapDist":3,"label":1}},{"type":"Feature","geometry":{"type":"Point","coordinates":[23.200733,42.701054]},"properties":{"name":"в.з. Суходол","lines":"56","arr":["56"],"terminus":0,"mode":"bus","color":"#0059a9","colorDark":"#00294f","angle":150.2,"snapDist":4,"label":1}},{"type":"Feature","geometry":{"type":"Point","coordinates":[23.213111,42.696903]},"properties":{"name":"Митница Суходол","lines":"56","arr":["56"],"terminus":0,"mode":"bus","color":"#0059a9","colorDark":"#00294f","angle":207,"snapDist":6,"label":1}},{"type":"Feature","geometry":{"type":"Point","coordinates":[23.218696,42.697025]},"properties":{"name":"ул. Прилеп","lines":"56","arr":["56"],"terminus":0,"mode":"bus","color":"#0059a9","colorDark":"#00294f","angle":161.1,"snapDist":4,"label":1}},{"type":"Feature","geometry":{"type":"Point","coordinates":[23.223927,42.696715]},"properties":{"name":"Църквата Св. Георги","lines":"56","arr":["56"],"terminus":0,"mode":"bus","color":"#0059a9","colorDark":"#00294f","angle":175.7,"snapDist":5,"label":1}},{"type":"Feature","geometry":{"type":"Point","coordinates":[23.227619,42.696025]},"properties":{"name":"Читалище Просвета","lines":"56","arr":["56"],"terminus":0,"mode":"bus","color":"#0059a9","colorDark":"#00294f","angle":184.7,"snapDist":3,"label":1}},{"type":"Feature","geometry":{"type":"Point","coordinates":[23.230844,42.695868]},"properties":{"name":"Околовръстен път","lines":"56","arr":["56"],"terminus":0,"mode":"bus","color":"#0059a9","colorDark":"#00294f","angle":183.8,"snapDist":4,"label":1}},{"type":"Feature","geometry":{"type":"Point","coordinates":[23.240035,42.695862]},"properties":{"name":"Моста на Р. Стубела","lines":"56","arr":["56"],"terminus":0,"mode":"bus","color":"#0059a9","colorDark":"#00294f","angle":187,"snapDist":3,"label":1}},{"type":"Feature","geometry":{"type":"Point","coordinates":[23.244576,42.695457]},"properties":{"name":"Простор","lines":"56","arr":["56"],"terminus":0,"mode":"bus","color":"#0059a9","colorDark":"#00294f","angle":185.4,"snapDist":2,"label":1}},{"type":"Feature","geometry":{"type":"Point","coordinates":[23.2487,42.695106]},"properties":{"name":"Всу Л.Каравелов","lines":"56","arr":["56"],"terminus":0,"mode":"bus","color":"#0059a9","colorDark":"#00294f","angle":187,"snapDist":5,"label":1}},{"type":"Feature","geometry":{"type":"Point","coordinates":[23.252535,42.695426]},"properties":{"name":"ул. Монтевидео","lines":"56","arr":["56"],"terminus":0,"mode":"bus","color":"#0059a9","colorDark":"#00294f","angle":169.6,"snapDist":2,"label":1}},{"type":"Feature","geometry":{"type":"Point","coordinates":[23.255148,42.695381]},"properties":{"name":"ул. 746 - по желание","lines":"56","arr":["56"],"terminus":0,"mode":"bus","color":"#0059a9","colorDark":"#00294f","angle":187.4,"snapDist":3,"label":1}},{"type":"Feature","geometry":{"type":"Point","coordinates":[23.259907,42.695482]},"properties":{"name":"Махала Коньовица","lines":"56","arr":["56"],"terminus":0,"mode":"bus","color":"#0059a9","colorDark":"#00294f","angle":151.4,"snapDist":5,"label":1}},{"type":"Feature","geometry":{"type":"Point","coordinates":[23.264926,42.696879]},"properties":{"name":"Селскостопанска академия","lines":"56","arr":["56"],"terminus":0,"mode":"bus","color":"#0059a9","colorDark":"#00294f","angle":166,"snapDist":6,"label":1}},{"type":"Feature","geometry":{"type":"Point","coordinates":[23.272159,42.698182]},"properties":{"name":"кв. Факултета","lines":"56","arr":["56"],"terminus":0,"mode":"bus","color":"#0059a9","colorDark":"#00294f","angle":166.5,"snapDist":2,"label":1}},{"type":"Feature","geometry":{"type":"Point","coordinates":[23.278108,42.701356]},"properties":{"name":"ж.к. Западен парк","lines":"56","arr":["56"],"terminus":0,"mode":"bus","color":"#0059a9","colorDark":"#00294f","angle":171,"snapDist":2,"label":0}},{"type":"Feature","geometry":{"type":"Point","coordinates":[23.281722,42.701778]},"properties":{"name":"бл. 13 ж.к. Западен парк","lines":"56","arr":["56"],"terminus":1,"mode":"bus","color":"#0059a9","colorDark":"#00294f","angle":171,"snapDist":3,"label":1}},{"type":"Feature","geometry":{"type":"Point","coordinates":[23.28569,42.702759]},"properties":{"name":"бул. Ал. Стамболийски","lines":"56, 77","arr":["56","77"],"terminus":0,"mode":"bus","color":"#0059a9","colorDark":"#00294f","angle":80.6,"snapDist":10,"label":1}},{"type":"Feature","geometry":{"type":"Point","coordinates":[23.284666,42.706956]},"properties":{"name":"Метростанция Вардар","lines":"56, 77","arr":["56","77"],"terminus":0,"mode":"bus","color":"#0059a9","colorDark":"#00294f","angle":81,"snapDist":5,"label":1}},{"type":"Feature","geometry":{"type":"Point","coordinates":[23.286898,42.7088]},"properties":{"name":"ул. Хайдут Сидер","lines":"56, 77","arr":["56","77"],"terminus":0,"mode":"bus","color":"#0059a9","colorDark":"#00294f","angle":153.2,"snapDist":4,"label":1}},{"type":"Feature","geometry":{"type":"Point","coordinates":[23.292797,42.712787]},"properties":{"name":"Гара Захарна фабрика","lines":"56, 77","arr":["56","77"],"terminus":1,"mode":"bus","color":"#0059a9","colorDark":"#00294f","angle":159.5,"snapDist":6,"label":1}},{"type":"Feature","geometry":{"type":"Point","coordinates":[23.291385,42.712383]},"properties":{"name":"Гара Захарна фабрика","lines":"56, 77","arr":["56","77"],"terminus":1,"mode":"bus","color":"#0059a9","colorDark":"#00294f","angle":338.4,"snapDist":9,"label":0}},{"type":"Feature","geometry":{"type":"Point","coordinates":[23.28685,42.70889]},"properties":{"name":"ул. Хайдут Сидер","lines":"56, 77","arr":["56","77"],"terminus":0,"mode":"bus","color":"#0059a9","colorDark":"#00294f","angle":333.5,"snapDist":3,"label":0}},{"type":"Feature","geometry":{"type":"Point","coordinates":[23.284712,42.706746]},"properties":{"name":"Метростанция Вардар","lines":"56, 77","arr":["56","77"],"terminus":0,"mode":"bus","color":"#0059a9","colorDark":"#00294f","angle":260.4,"snapDist":6,"label":0}},{"type":"Feature","geometry":{"type":"Point","coordinates":[23.281763,42.701901]},"properties":{"name":"бл. 13 ж.к. Западен парк","lines":"56","arr":["56"],"terminus":0,"mode":"bus","color":"#0059a9","colorDark":"#00294f","angle":351,"snapDist":7,"label":0}},{"type":"Feature","geometry":{"type":"Point","coordinates":[23.277539,42.701427]},"properties":{"name":"ж.к. Западен парк","lines":"56","arr":["56"],"terminus":0,"mode":"bus","color":"#0059a9","colorDark":"#00294f","angle":350.9,"snapDist":3,"label":0}},{"type":"Feature","geometry":{"type":"Point","coordinates":[23.272298,42.698206]},"properties":{"name":"кв. Факултета","lines":"56","arr":["56"],"terminus":0,"mode":"bus","color":"#0059a9","colorDark":"#00294f","angle":346.5,"snapDist":5,"label":0}},{"type":"Feature","geometry":{"type":"Point","coordinates":[23.265603,42.696993]},"properties":{"name":"Селскостопанска академия","lines":"56","arr":["56"],"terminus":0,"mode":"bus","color":"#0059a9","colorDark":"#00294f","angle":348.8,"snapDist":3,"label":0}},{"type":"Feature","geometry":{"type":"Point","coordinates":[23.260103,42.69557]},"properties":{"name":"Махала Коньовица","lines":"56","arr":["56"],"terminus":0,"mode":"bus","color":"#0059a9","colorDark":"#00294f","angle":328.5,"snapDist":2,"label":0}},{"type":"Feature","geometry":{"type":"Point","coordinates":[23.254775,42.695417]},"properties":{"name":"ул. 746 - по желание","lines":"56","arr":["56"],"terminus":0,"mode":"bus","color":"#0059a9","colorDark":"#00294f","angle":7.5,"snapDist":4,"label":0}},{"type":"Feature","geometry":{"type":"Point","coordinates":[23.252076,42.695363]},"properties":{"name":"ул. Монтевидео","lines":"56","arr":["56"],"terminus":0,"mode":"bus","color":"#0059a9","colorDark":"#00294f","angle":349.2,"snapDist":6,"label":0}},{"type":"Feature","geometry":{"type":"Point","coordinates":[23.248265,42.695144]},"properties":{"name":"Всу Л.Каравелов","lines":"56","arr":["56"],"terminus":0,"mode":"bus","color":"#0059a9","colorDark":"#00294f","angle":6.5,"snapDist":5,"label":0}},{"type":"Feature","geometry":{"type":"Point","coordinates":[23.244083,42.695497]},"properties":{"name":"Простор","lines":"56","arr":["56"],"terminus":0,"mode":"bus","color":"#0059a9","colorDark":"#00294f","angle":6.9,"snapDist":5,"label":0}},{"type":"Feature","geometry":{"type":"Point","coordinates":[23.239491,42.695883]},"properties":{"name":"Моста на Р. Стубела","lines":"56","arr":["56"],"terminus":0,"mode":"bus","color":"#0059a9","colorDark":"#00294f","angle":355.3,"snapDist":6,"label":0}},{"type":"Feature","geometry":{"type":"Point","coordinates":[23.229628,42.695925]},"properties":{"name":"Околовръстен път","lines":"56","arr":["56"],"terminus":0,"mode":"bus","color":"#0059a9","colorDark":"#00294f","angle":2.8,"snapDist":6,"label":0}},{"type":"Feature","geometry":{"type":"Point","coordinates":[23.226741,42.696233]},"properties":{"name":"Читалище Просвета","lines":"56","arr":["56"],"terminus":0,"mode":"bus","color":"#0059a9","colorDark":"#00294f","angle":30.2,"snapDist":5,"label":0}},{"type":"Feature","geometry":{"type":"Point","coordinates":[23.222962,42.6967]},"properties":{"name":"Църквата Св. Георги","lines":"56","arr":["56"],"terminus":0,"mode":"bus","color":"#0059a9","colorDark":"#00294f","angle":1.9,"snapDist":4,"label":0}},{"type":"Feature","geometry":{"type":"Point","coordinates":[23.217995,42.696853]},"properties":{"name":"ул. Прилеп","lines":"56","arr":["56"],"terminus":0,"mode":"bus","color":"#0059a9","colorDark":"#00294f","angle":341.9,"snapDist":5,"label":0}},{"type":"Feature","geometry":{"type":"Point","coordinates":[23.2132,42.697023]},"properties":{"name":"Митница Суходол","lines":"56","arr":["56"],"terminus":0,"mode":"bus","color":"#0059a9","colorDark":"#00294f","angle":51.5,"snapDist":2,"label":0}},{"type":"Feature","geometry":{"type":"Point","coordinates":[23.200426,42.700924]},"properties":{"name":"в.з. Суходол","lines":"56","arr":["56"],"terminus":0,"mode":"bus","color":"#0059a9","colorDark":"#00294f","angle":330.2,"snapDist":2,"label":0}},{"type":"Feature","geometry":{"type":"Point","coordinates":[23.195446,42.698824]},"properties":{"name":"Местност Манилов дол","lines":"56","arr":["56"],"terminus":0,"mode":"bus","color":"#0059a9","colorDark":"#00294f","angle":330.8,"snapDist":3,"label":0}},{"type":"Feature","geometry":{"type":"Point","coordinates":[23.191071,42.697033]},"properties":{"name":"Яз. Мало Бучино","lines":"56","arr":["56"],"terminus":0,"mode":"bus","color":"#0059a9","colorDark":"#00294f","angle":331.2,"snapDist":0,"label":0}},{"type":"Feature","geometry":{"type":"Point","coordinates":[23.174576,42.689339]},"properties":{"name":"Разсадник Мало Бучино","lines":"56","arr":["56"],"terminus":0,"mode":"bus","color":"#0059a9","colorDark":"#00294f","angle":302.4,"snapDist":3,"label":0}},{"type":"Feature","geometry":{"type":"Point","coordinates":[23.16553,42.686062]},"properties":{"name":"ул. Липа","lines":"56","arr":["56"],"terminus":0,"mode":"bus","color":"#0059a9","colorDark":"#00294f","angle":307,"snapDist":4,"label":0}},{"type":"Feature","geometry":{"type":"Point","coordinates":[23.163683,42.684059]},"properties":{"name":"ул. Демокрация","lines":"56","arr":["56"],"terminus":0,"mode":"bus","color":"#0059a9","colorDark":"#00294f","angle":308.1,"snapDist":5,"label":0}},{"type":"Feature","geometry":{"type":"Point","coordinates":[23.159973,42.682077]},"properties":{"name":"Село Мало Бучино","lines":"56","arr":["56"],"terminus":1,"mode":"bus","color":"#0059a9","colorDark":"#00294f","angle":255.7,"snapDist":1,"label":0}},{"type":"Feature","geometry":{"type":"Point","coordinates":[23.185937,42.622703]},"properties":{"name":"Гара Владая","lines":"58","arr":["58"],"terminus":1,"mode":"bus","color":"#0059a9","colorDark":"#00294f","angle":243.5,"snapDist":3,"label":1}},{"type":"Feature","geometry":{"type":"Point","coordinates":[23.188967,42.619862]},"properties":{"name":"Селимица","lines":"58, 59","arr":["58","59"],"terminus":0,"mode":"bus","color":"#0059a9","colorDark":"#00294f","angle":68.6,"snapDist":7,"label":1}},{"type":"Feature","geometry":{"type":"Point","coordinates":[23.191408,42.623144]},"properties":{"name":"ул. Лесковец","lines":"58, 59","arr":["58","59"],"terminus":0,"mode":"bus","color":"#0059a9","colorDark":"#00294f","angle":148.2,"snapDist":4,"label":1}},{"type":"Feature","geometry":{"type":"Point","coordinates":[23.192966,42.625373]},"properties":{"name":"ул. Китен","lines":"58, 59","arr":["58","59"],"terminus":0,"mode":"bus","color":"#0059a9","colorDark":"#00294f","angle":193.4,"snapDist":5,"label":1}},{"type":"Feature","geometry":{"type":"Point","coordinates":[23.19571,42.628548]},"properties":{"name":"Кметство Владая","lines":"58, 59","arr":["58","59"],"terminus":0,"mode":"bus","color":"#0059a9","colorDark":"#00294f","angle":120.5,"snapDist":6,"label":1}},{"type":"Feature","geometry":{"type":"Point","coordinates":[23.193974,42.630916]},"properties":{"name":"ул. Пролет","lines":"58, 59","arr":["58","59"],"terminus":0,"mode":"bus","color":"#0059a9","colorDark":"#00294f","angle":75.4,"snapDist":3,"label":1}},{"type":"Feature","geometry":{"type":"Point","coordinates":[23.195567,42.634565]},"properties":{"name":"Начало с. Владая - по желание","lines":"58, 59","arr":["58","59"],"terminus":0,"mode":"bus","color":"#0059a9","colorDark":"#00294f","angle":123.2,"snapDist":8,"label":1}},{"type":"Feature","geometry":{"type":"Point","coordinates":[23.213789,42.64944]},"properties":{"name":"Къмпинг Черния кос - по желание","lines":"58, 59","arr":["58","59"],"terminus":0,"mode":"bus","color":"#0059a9","colorDark":"#00294f","angle":158.9,"snapDist":10,"label":1}},{"type":"Feature","geometry":{"type":"Point","coordinates":[23.219245,42.651108]},"properties":{"name":"ул. Мала кория - по желание","lines":"58, 59","arr":["58","59"],"terminus":0,"mode":"bus","color":"#0059a9","colorDark":"#00294f","angle":157.2,"snapDist":5,"label":1}},{"type":"Feature","geometry":{"type":"Point","coordinates":[23.223347,42.65238]},"properties":{"name":"ул. 10-ти километър - по желание","lines":"58, 59","arr":["58","59"],"terminus":0,"mode":"bus","color":"#0059a9","colorDark":"#00294f","angle":155.5,"snapDist":8,"label":1}},{"type":"Feature","geometry":{"type":"Point","coordinates":[23.228838,42.654549]},"properties":{"name":"ул. Владайско въстание - по желание","lines":"58, 59","arr":["58","59"],"terminus":0,"mode":"bus","color":"#0059a9","colorDark":"#00294f","angle":161.2,"snapDist":6,"label":1}},{"type":"Feature","geometry":{"type":"Point","coordinates":[23.233196,42.655939]},"properties":{"name":"ул. Синята скала - по желание","lines":"58, 59","arr":["58","59"],"terminus":0,"mode":"bus","color":"#0059a9","colorDark":"#00294f","angle":160.5,"snapDist":6,"label":1}},{"type":"Feature","geometry":{"type":"Point","coordinates":[23.24046,42.658363]},"properties":{"name":"Автостанция Княжево","lines":"58, 804","arr":["58","804"],"terminus":1,"mode":"bus","color":"#0059a9","colorDark":"#00294f","angle":87.9,"snapDist":1,"label":1}},{"type":"Feature","geometry":{"type":"Point","coordinates":[23.24037,42.658623]},"properties":{"name":"Автостанция Княжево","lines":"58, 59, 804","arr":["58","59","804"],"terminus":1,"mode":"bus","color":"#0059a9","colorDark":"#00294f","angle":70.6,"snapDist":0,"label":0}},{"type":"Feature","geometry":{"type":"Point","coordinates":[23.232348,42.655726]},"properties":{"name":"ул. Синята скала - по желание","lines":"58, 59","arr":["58","59"],"terminus":0,"mode":"bus","color":"#0059a9","colorDark":"#00294f","angle":341.5,"snapDist":6,"label":0}},{"type":"Feature","geometry":{"type":"Point","coordinates":[23.227627,42.654276]},"properties":{"name":"ул. Владайско въстание - по желание","lines":"58, 59","arr":["58","59"],"terminus":0,"mode":"bus","color":"#0059a9","colorDark":"#00294f","angle":343.1,"snapDist":5,"label":0}},{"type":"Feature","geometry":{"type":"Point","coordinates":[23.22224,42.652036]},"properties":{"name":"ул. 10-ти километър - по желание","lines":"58, 59","arr":["58","59"],"terminus":0,"mode":"bus","color":"#0059a9","colorDark":"#00294f","angle":337.2,"snapDist":6,"label":0}},{"type":"Feature","geometry":{"type":"Point","coordinates":[23.219878,42.651304]},"properties":{"name":"ул. Мала кория - по желание","lines":"58, 59","arr":["58","59"],"terminus":0,"mode":"bus","color":"#0059a9","colorDark":"#00294f","angle":337.2,"snapDist":6,"label":0}},{"type":"Feature","geometry":{"type":"Point","coordinates":[23.211793,42.64886]},"properties":{"name":"Къмпинг Черния кос - по желание","lines":"58, 59","arr":["58","59"],"terminus":0,"mode":"bus","color":"#0059a9","colorDark":"#00294f","angle":328.3,"snapDist":7,"label":0}},{"type":"Feature","geometry":{"type":"Point","coordinates":[23.194913,42.633863]},"properties":{"name":"Начало с. Владая - по желание","lines":"58, 59","arr":["58","59"],"terminus":0,"mode":"bus","color":"#0059a9","colorDark":"#00294f","angle":298.3,"snapDist":2,"label":0}},{"type":"Feature","geometry":{"type":"Point","coordinates":[23.194098,42.630567]},"properties":{"name":"ул. Пролет","lines":"58, 59","arr":["58","59"],"terminus":0,"mode":"bus","color":"#0059a9","colorDark":"#00294f","angle":255.4,"snapDist":4,"label":0}},{"type":"Feature","geometry":{"type":"Point","coordinates":[23.195209,42.628287]},"properties":{"name":"Кметство Владая","lines":"58, 59","arr":["58","59"],"terminus":0,"mode":"bus","color":"#0059a9","colorDark":"#00294f","angle":332,"snapDist":4,"label":0}},{"type":"Feature","geometry":{"type":"Point","coordinates":[23.192879,42.625675]},"properties":{"name":"ул. Китен","lines":"58, 59","arr":["58","59"],"terminus":0,"mode":"bus","color":"#0059a9","colorDark":"#00294f","angle":269.8,"snapDist":4,"label":0}},{"type":"Feature","geometry":{"type":"Point","coordinates":[23.19107,42.623013]},"properties":{"name":"ул. Лесковец","lines":"58, 59","arr":["58","59"],"terminus":0,"mode":"bus","color":"#0059a9","colorDark":"#00294f","angle":332.5,"snapDist":2,"label":0}},{"type":"Feature","geometry":{"type":"Point","coordinates":[23.188965,42.62033]},"properties":{"name":"Селимица","lines":"58, 59","arr":["58","59"],"terminus":0,"mode":"bus","color":"#0059a9","colorDark":"#00294f","angle":282.1,"snapDist":3,"label":0}},{"type":"Feature","geometry":{"type":"Point","coordinates":[23.160689,42.594326]},"properties":{"name":"с. Мърчаево-Толумска махала","lines":"59","arr":["59"],"terminus":1,"mode":"bus","color":"#0059a9","colorDark":"#00294f","angle":188.6,"snapDist":4,"label":1}},{"type":"Feature","geometry":{"type":"Point","coordinates":[23.162228,42.598107]},"properties":{"name":"Толумска махала - по желание","lines":"59","arr":["59"],"terminus":0,"mode":"bus","color":"#0059a9","colorDark":"#00294f","angle":99.7,"snapDist":0,"label":1}},{"type":"Feature","geometry":{"type":"Point","coordinates":[23.165961,42.602036]},"properties":{"name":"ул. 19","lines":"59","arr":["59"],"terminus":0,"mode":"bus","color":"#0059a9","colorDark":"#00294f","angle":206.6,"snapDist":3,"label":1}},{"type":"Feature","geometry":{"type":"Point","coordinates":[23.170287,42.600094]},"properties":{"name":"Кметство Мърчаево","lines":"59","arr":["59"],"terminus":0,"mode":"bus","color":"#0059a9","colorDark":"#00294f","angle":240,"snapDist":4,"label":1}},{"type":"Feature","geometry":{"type":"Point","coordinates":[23.17411,42.602034]},"properties":{"name":"ул. Кало","lines":"59","arr":["59"],"terminus":0,"mode":"bus","color":"#0059a9","colorDark":"#00294f","angle":172.1,"snapDist":3,"label":1}},{"type":"Feature","geometry":{"type":"Point","coordinates":[23.175735,42.603579]},"properties":{"name":"152-Ро ОУ","lines":"59","arr":["59"],"terminus":0,"mode":"bus","color":"#0059a9","colorDark":"#00294f","angle":129.2,"snapDist":5,"label":1}},{"type":"Feature","geometry":{"type":"Point","coordinates":[23.176934,42.607404]},"properties":{"name":"Местност Елите","lines":"59","arr":["59"],"terminus":0,"mode":"bus","color":"#0059a9","colorDark":"#00294f","angle":124.9,"snapDist":5,"label":1}},{"type":"Feature","geometry":{"type":"Point","coordinates":[23.179727,42.611372]},"properties":{"name":"Начало с. Мърчаево","lines":"59","arr":["59"],"terminus":0,"mode":"bus","color":"#0059a9","colorDark":"#00294f","angle":105.5,"snapDist":2,"label":1}},{"type":"Feature","geometry":{"type":"Point","coordinates":[23.241753,42.659022]},"properties":{"name":"Автостанция Княжево","lines":"59, 804","arr":["59","804"],"terminus":1,"mode":"bus","color":"#0059a9","colorDark":"#00294f","angle":167.7,"snapDist":2,"label":0}},{"type":"Feature","geometry":{"type":"Point","coordinates":[23.243708,42.661286]},"properties":{"name":"пл. Сред село","lines":"59, 103, 107","arr":["59","103","107"],"terminus":0,"mode":"bus","color":"#0059a9","colorDark":"#00294f","angle":124.5,"snapDist":4,"label":1}},{"type":"Feature","geometry":{"type":"Point","coordinates":[23.246377,42.663689]},"properties":{"name":"ул. Лазарополе","lines":"59, 103, 107","arr":["59","103","107"],"terminus":0,"mode":"bus","color":"#0059a9","colorDark":"#00294f","angle":139.4,"snapDist":5,"label":1}},{"type":"Feature","geometry":{"type":"Point","coordinates":[23.249519,42.666533]},"properties":{"name":"ул. Дамяница","lines":"59, 103, 107","arr":["59","103","107"],"terminus":0,"mode":"bus","color":"#0059a9","colorDark":"#00294f","angle":147.3,"snapDist":5,"label":1}},{"type":"Feature","geometry":{"type":"Point","coordinates":[23.254367,42.66962]},"properties":{"name":"бул. Никола Петков","lines":"59, 111, 260","arr":["59","111","260"],"terminus":0,"mode":"bus","color":"#0059a9","colorDark":"#00294f","angle":47.8,"snapDist":4,"label":0}},{"type":"Feature","geometry":{"type":"Point","coordinates":[23.252315,42.673888]},"properties":{"name":"ул. Боряна","lines":"59","arr":["59"],"terminus":0,"mode":"bus","color":"#0059a9","colorDark":"#00294f","angle":103.7,"snapDist":7,"label":1}},{"type":"Feature","geometry":{"type":"Point","coordinates":[23.253754,42.677705]},"properties":{"name":"Нбу","lines":"59","arr":["59"],"terminus":0,"mode":"bus","color":"#0059a9","colorDark":"#00294f","angle":105.1,"snapDist":7,"label":1}},{"type":"Feature","geometry":{"type":"Point","coordinates":[23.254688,42.680132]},"properties":{"name":"ПГСС","lines":"59","arr":["59"],"terminus":0,"mode":"bus","color":"#0059a9","colorDark":"#00294f","angle":106.7,"snapDist":7,"label":1}},{"type":"Feature","geometry":{"type":"Point","coordinates":[23.256044,42.683081]},"properties":{"name":"Метростанция Мизия","lines":"59","arr":["59"],"terminus":1,"mode":"bus","color":"#0059a9","colorDark":"#00294f","angle":81.4,"snapDist":4,"label":1}},{"type":"Feature","geometry":{"type":"Point","coordinates":[23.256948,42.683926]},"properties":{"name":"Метростанция Мизия","lines":"59","arr":["59"],"terminus":1,"mode":"bus","color":"#0059a9","colorDark":"#00294f","angle":169.7,"snapDist":13,"label":0}},{"type":"Feature","geometry":{"type":"Point","coordinates":[23.255433,42.68226]},"properties":{"name":"Метростанция Мизия","lines":"59","arr":["59"],"terminus":0,"mode":"bus","color":"#0059a9","colorDark":"#00294f","angle":285.2,"snapDist":8,"label":0}},{"type":"Feature","geometry":{"type":"Point","coordinates":[23.254461,42.67956]},"properties":{"name":"ПГСС","lines":"59","arr":["59"],"terminus":0,"mode":"bus","color":"#0059a9","colorDark":"#00294f","angle":286.1,"snapDist":7,"label":0}},{"type":"Feature","geometry":{"type":"Point","coordinates":[23.253307,42.676528]},"properties":{"name":"Нбу","lines":"59","arr":["59"],"terminus":0,"mode":"bus","color":"#0059a9","colorDark":"#00294f","angle":285.6,"snapDist":7,"label":0}},{"type":"Feature","geometry":{"type":"Point","coordinates":[23.251745,42.67156]},"properties":{"name":"ул. Монтевидео","lines":"59, 111, 260","arr":["59","111","260"],"terminus":0,"mode":"bus","color":"#0059a9","colorDark":"#00294f","angle":230.6,"snapDist":5,"label":1}},{"type":"Feature","geometry":{"type":"Point","coordinates":[23.254153,42.668678]},"properties":{"name":"бул. Никола Петков","lines":"59, 103, 107","arr":["59","103","107"],"terminus":0,"mode":"bus","color":"#0059a9","colorDark":"#00294f","angle":328,"snapDist":6,"label":0}},{"type":"Feature","geometry":{"type":"Point","coordinates":[23.250635,42.66706]},"properties":{"name":"ул. Дамяница","lines":"59, 103, 107","arr":["59","103","107"],"terminus":0,"mode":"bus","color":"#0059a9","colorDark":"#00294f","angle":327.3,"snapDist":7,"label":0}},{"type":"Feature","geometry":{"type":"Point","coordinates":[23.245678,42.663215]},"properties":{"name":"ул. Лазарополе","lines":"59, 103, 107","arr":["59","103","107"],"terminus":0,"mode":"bus","color":"#0059a9","colorDark":"#00294f","angle":313.8,"snapDist":5,"label":0}},{"type":"Feature","geometry":{"type":"Point","coordinates":[23.243495,42.661058]},"properties":{"name":"пл. Сред село","lines":"59, 103, 107","arr":["59","103","107"],"terminus":0,"mode":"bus","color":"#0059a9","colorDark":"#00294f","angle":304.5,"snapDist":5,"label":0}},{"type":"Feature","geometry":{"type":"Point","coordinates":[23.17963,42.611181]},"properties":{"name":"Начало с. Мърчаево","lines":"59","arr":["59"],"terminus":0,"mode":"bus","color":"#0059a9","colorDark":"#00294f","angle":291.7,"snapDist":3,"label":0}},{"type":"Feature","geometry":{"type":"Point","coordinates":[23.176389,42.606871]},"properties":{"name":"Местност Елите","lines":"59","arr":["59"],"terminus":0,"mode":"bus","color":"#0059a9","colorDark":"#00294f","angle":306.9,"snapDist":2,"label":0}},{"type":"Feature","geometry":{"type":"Point","coordinates":[23.175544,42.603252]},"properties":{"name":"152-Ро ОУ","lines":"59","arr":["59"],"terminus":0,"mode":"bus","color":"#0059a9","colorDark":"#00294f","angle":266.1,"snapDist":5,"label":0}},{"type":"Feature","geometry":{"type":"Point","coordinates":[23.174259,42.602049]},"properties":{"name":"ул. Кало","lines":"59","arr":["59"],"terminus":0,"mode":"bus","color":"#0059a9","colorDark":"#00294f","angle":352.1,"snapDist":3,"label":0}},{"type":"Feature","geometry":{"type":"Point","coordinates":[23.170134,42.60025]},"properties":{"name":"Кметство Мърчаево","lines":"59","arr":["59"],"terminus":0,"mode":"bus","color":"#0059a9","colorDark":"#00294f","angle":50.5,"snapDist":5,"label":0}},{"type":"Feature","geometry":{"type":"Point","coordinates":[23.165777,42.602104]},"properties":{"name":"ул. 19","lines":"59","arr":["59"],"terminus":0,"mode":"bus","color":"#0059a9","colorDark":"#00294f","angle":26.6,"snapDist":4,"label":0}},{"type":"Feature","geometry":{"type":"Point","coordinates":[23.162176,42.597882]},"properties":{"name":"Толумска махала - по желание","lines":"59","arr":["59"],"terminus":0,"mode":"bus","color":"#0059a9","colorDark":"#00294f","angle":279.7,"snapDist":5,"label":0}},{"type":"Feature","geometry":{"type":"Point","coordinates":[23.235788,42.609788]},"properties":{"name":"Златни мостове","lines":"61, 63","arr":["61","63"],"terminus":1,"mode":"bus","color":"#0059a9","colorDark":"#00294f","angle":186.9,"snapDist":7,"label":1}},{"type":"Feature","geometry":{"type":"Point","coordinates":[23.226103,42.621952]},"properties":{"name":"Детски стационар - по желание","lines":"61, 63","arr":["61","63"],"terminus":0,"mode":"bus","color":"#0059a9","colorDark":"#00294f","angle":156,"snapDist":5,"label":1}},{"type":"Feature","geometry":{"type":"Point","coordinates":[23.230291,42.628325]},"properties":{"name":"Дендрариума - по желание","lines":"61, 63","arr":["61","63"],"terminus":0,"mode":"bus","color":"#0059a9","colorDark":"#00294f","angle":67.3,"snapDist":1,"label":1}},{"type":"Feature","geometry":{"type":"Point","coordinates":[23.225359,42.635432]},"properties":{"name":"Музей на мечката - по желание","lines":"61, 63","arr":["61","63"],"terminus":0,"mode":"bus","color":"#0059a9","colorDark":"#00294f","angle":96.3,"snapDist":6,"label":1}},{"type":"Feature","geometry":{"type":"Point","coordinates":[23.219743,42.63816]},"properties":{"name":"Тихия кът - по желание","lines":"61, 63","arr":["61","63"],"terminus":0,"mode":"bus","color":"#0059a9","colorDark":"#00294f","angle":21.5,"snapDist":2,"label":1}},{"type":"Feature","geometry":{"type":"Point","coordinates":[23.233071,42.643273]},"properties":{"name":"Бялата вода - по желание","lines":"61, 63","arr":["61","63"],"terminus":0,"mode":"bus","color":"#0059a9","colorDark":"#00294f","angle":152,"snapDist":6,"label":1}},{"type":"Feature","geometry":{"type":"Point","coordinates":[23.245278,42.645975]},"properties":{"name":"ул. Бялата чешма - по желание","lines":"61, 63","arr":["61","63"],"terminus":0,"mode":"bus","color":"#0059a9","colorDark":"#00294f","angle":175.8,"snapDist":5,"label":1}},{"type":"Feature","geometry":{"type":"Point","coordinates":[23.247128,42.647276]},"properties":{"name":"ул. Стар Беловодски път - по желание","lines":"61, 63","arr":["61","63"],"terminus":0,"mode":"bus","color":"#0059a9","colorDark":"#00294f","angle":42.3,"snapDist":3,"label":1}},{"type":"Feature","geometry":{"type":"Point","coordinates":[23.242677,42.648745]},"properties":{"name":"ж.к. Магнолия - по желание","lines":"61, 63","arr":["61","63"],"terminus":0,"mode":"bus","color":"#0059a9","colorDark":"#00294f","angle":23.3,"snapDist":8,"label":1}},{"type":"Feature","geometry":{"type":"Point","coordinates":[23.264482,42.649488]},"properties":{"name":"кв. Бояна","lines":"61, 63, 64, 65","arr":["61","63","64","65"],"terminus":0,"mode":"bus","color":"#0059a9","colorDark":"#00294f","angle":177.5,"snapDist":9,"label":1}},{"type":"Feature","geometry":{"type":"Point","coordinates":[23.28859,42.665813]},"properties":{"name":"ул. Т. Каблешков","lines":"61, 64, 304, X10","arr":["61","64","304","X10"],"terminus":1,"mode":"bus","color":"#0059a9","colorDark":"#00294f","angle":125.6,"snapDist":8,"label":1}},{"type":"Feature","geometry":{"type":"Point","coordinates":[23.293631,42.672567]},"properties":{"name":"бул. България","lines":"61, 83, 102, 204, N4","arr":["61","83","102","204","N4"],"terminus":1,"mode":"bus","color":"#0059a9","colorDark":"#00294f","angle":44,"snapDist":8,"label":1}},{"type":"Feature","geometry":{"type":"Point","coordinates":[23.295004,42.672488]},"properties":{"name":"бул. Гоце Делчев","lines":"61, 64, 102, 204, 304, N4","arr":["61","64","102","204","304","N4"],"terminus":0,"mode":"bus","color":"#0059a9","colorDark":"#00294f","angle":118.3,"snapDist":5,"label":1}},{"type":"Feature","geometry":{"type":"Point","coordinates":[23.30371,42.679527]},"properties":{"name":"бул. акад. Ив. Гешов","lines":"61, 76, 204, 304, 604","arr":["61","76","204","304","604"],"terminus":0,"mode":"bus","color":"#0059a9","colorDark":"#00294f","angle":156.4,"snapDist":4,"label":1}},{"type":"Feature","geometry":{"type":"Point","coordinates":[23.319881,42.683055]},"properties":{"name":"бул. Черни връх","lines":"61, 72, 604","arr":["61","72","604"],"terminus":1,"mode":"bus","color":"#0059a9","colorDark":"#00294f","angle":347.4,"snapDist":8,"label":1}},{"type":"Feature","geometry":{"type":"Point","coordinates":[23.301203,42.679189]},"properties":{"name":"бул. акад. Ив. Гешов","lines":"61, 64, 102, 204, 304, N4","arr":["61","64","102","204","304","N4"],"terminus":0,"mode":"bus","color":"#0059a9","colorDark":"#00294f","angle":346.2,"snapDist":7,"label":0}},{"type":"Feature","geometry":{"type":"Point","coordinates":[23.293921,42.671687]},"properties":{"name":"бул. Гоце Делчев","lines":"61, 64, 304","arr":["61","64","304"],"terminus":0,"mode":"bus","color":"#0059a9","colorDark":"#00294f","angle":305.7,"snapDist":7,"label":0}},{"type":"Feature","geometry":{"type":"Point","coordinates":[23.287261,42.664801]},"properties":{"name":"ул. Т. Каблешков","lines":"61, 64, 304, X10","arr":["61","64","304","X10"],"terminus":0,"mode":"bus","color":"#0059a9","colorDark":"#00294f","angle":304.4,"snapDist":8,"label":0}},{"type":"Feature","geometry":{"type":"Point","coordinates":[23.263529,42.649458]},"properties":{"name":"кв. Бояна","lines":"61, 63, 64, 65","arr":["61","63","64","65"],"terminus":0,"mode":"bus","color":"#0059a9","colorDark":"#00294f","angle":357.5,"snapDist":4,"label":0}},{"type":"Feature","geometry":{"type":"Point","coordinates":[23.242672,42.648747]},"properties":{"name":"ж.к. Магнолия - по желание","lines":"61, 63","arr":["61","63"],"terminus":0,"mode":"bus","color":"#0059a9","colorDark":"#00294f","angle":203.3,"snapDist":0,"label":0}},{"type":"Feature","geometry":{"type":"Point","coordinates":[23.245664,42.647854]},"properties":{"name":"ул. Стар Беловодски път - по желание","lines":"61, 63","arr":["61","63"],"terminus":0,"mode":"bus","color":"#0059a9","colorDark":"#00294f","angle":201,"snapDist":9,"label":0}},{"type":"Feature","geometry":{"type":"Point","coordinates":[23.244725,42.645951]},"properties":{"name":"ул. Бялата чешма - по желание","lines":"61, 63","arr":["61","63"],"terminus":0,"mode":"bus","color":"#0059a9","colorDark":"#00294f","angle":357,"snapDist":2,"label":0}},{"type":"Feature","geometry":{"type":"Point","coordinates":[23.232943,42.643223]},"properties":{"name":"Бялата вода - по желание","lines":"61, 63","arr":["61","63"],"terminus":0,"mode":"bus","color":"#0059a9","colorDark":"#00294f","angle":332.2,"snapDist":1,"label":0}},{"type":"Feature","geometry":{"type":"Point","coordinates":[23.219756,42.638156]},"properties":{"name":"Тихия кът - по желание","lines":"61, 63","arr":["61","63"],"terminus":0,"mode":"bus","color":"#0059a9","colorDark":"#00294f","angle":201.5,"snapDist":4,"label":0}},{"type":"Feature","geometry":{"type":"Point","coordinates":[23.225366,42.635482]},"properties":{"name":"Музей на мечката - по желание","lines":"61, 63","arr":["61","63"],"terminus":0,"mode":"bus","color":"#0059a9","colorDark":"#00294f","angle":276.3,"snapDist":0,"label":0}},{"type":"Feature","geometry":{"type":"Point","coordinates":[23.230321,42.628272]},"properties":{"name":"Дендрариума - по желание","lines":"61, 63","arr":["61","63"],"terminus":0,"mode":"bus","color":"#0059a9","colorDark":"#00294f","angle":247.3,"snapDist":5,"label":0}},{"type":"Feature","geometry":{"type":"Point","coordinates":[23.225977,42.621911]},"properties":{"name":"Детски стационар - по желание","lines":"61, 63","arr":["61","63"],"terminus":0,"mode":"bus","color":"#0059a9","colorDark":"#00294f","angle":338.1,"snapDist":3,"label":0}},{"type":"Feature","geometry":{"type":"Point","coordinates":[23.237282,42.610207]},"properties":{"name":"Златни мостове","lines":"61, 63","arr":["61","63"],"terminus":1,"mode":"bus","color":"#0059a9","colorDark":"#00294f","angle":275.2,"snapDist":5,"label":0}},{"type":"Feature","geometry":{"type":"Point","coordinates":[23.246294,42.649631]},"properties":{"name":"ул. Меча поляна - по желание","lines":"63","arr":["63"],"terminus":0,"mode":"bus","color":"#0059a9","colorDark":"#00294f","angle":168.4,"snapDist":6,"label":1}},{"type":"Feature","geometry":{"type":"Point","coordinates":[23.248197,42.649942]},"properties":{"name":"в.з. Беловодски път - по желание","lines":"63","arr":["63"],"terminus":0,"mode":"bus","color":"#0059a9","colorDark":"#00294f","angle":167,"snapDist":7,"label":1}},{"type":"Feature","geometry":{"type":"Point","coordinates":[23.251599,42.649137]},"properties":{"name":"ул. акация - по желание","lines":"63","arr":["63"],"terminus":0,"mode":"bus","color":"#0059a9","colorDark":"#00294f","angle":205.7,"snapDist":10,"label":1}},{"type":"Feature","geometry":{"type":"Point","coordinates":[23.256236,42.649033]},"properties":{"name":"ул. Баевица - по желание","lines":"63","arr":["63"],"terminus":0,"mode":"bus","color":"#0059a9","colorDark":"#00294f","angle":172.3,"snapDist":7,"label":1}},{"type":"Feature","geometry":{"type":"Point","coordinates":[23.26141,42.649794]},"properties":{"name":"Скиорката - по желание","lines":"63, 64, 65","arr":["63","64","65"],"terminus":0,"mode":"bus","color":"#0059a9","colorDark":"#00294f","angle":190.7,"snapDist":9,"label":1}},{"type":"Feature","geometry":{"type":"Point","coordinates":[23.270332,42.648666]},"properties":{"name":"Резиденция Бояна - по желание","lines":"63, 64","arr":["63","64"],"terminus":0,"mode":"bus","color":"#0059a9","colorDark":"#00294f","angle":177.7,"snapDist":5,"label":1}},{"type":"Feature","geometry":{"type":"Point","coordinates":[23.278997,42.650863]},"properties":{"name":"Гробищен парк Бояна - по желание","lines":"63, 64","arr":["63","64"],"terminus":0,"mode":"bus","color":"#0059a9","colorDark":"#00294f","angle":137.7,"snapDist":4,"label":1}},{"type":"Feature","geometry":{"type":"Point","coordinates":[23.273452,42.657261]},"properties":{"name":"НИМ","lines":"63, 111, X10","arr":["63","111","X10"],"terminus":0,"mode":"bus","color":"#0059a9","colorDark":"#00294f","angle":25,"snapDist":8,"label":0}},{"type":"Feature","geometry":{"type":"Point","coordinates":[23.272658,42.659135]},"properties":{"name":"ж.к. Бъкстон","lines":"63, X10","arr":["63","X10"],"terminus":1,"mode":"bus","color":"#0059a9","colorDark":"#00294f","angle":98.7,"snapDist":3,"label":1}},{"type":"Feature","geometry":{"type":"Point","coordinates":[23.273648,42.661781]},"properties":{"name":"Параклис Св.Ив.Рилски","lines":"63, X10","arr":["63","X10"],"terminus":0,"mode":"bus","color":"#0059a9","colorDark":"#00294f","angle":108.8,"snapDist":5,"label":1}},{"type":"Feature","geometry":{"type":"Point","coordinates":[23.275251,42.665323]},"properties":{"name":"ул. Вихрен","lines":"63, X10","arr":["63","X10"],"terminus":0,"mode":"bus","color":"#0059a9","colorDark":"#00294f","angle":108.1,"snapDist":5,"label":1}},{"type":"Feature","geometry":{"type":"Point","coordinates":[23.276885,42.670157]},"properties":{"name":"ул. Т. Каблешков","lines":"63","arr":["63"],"terminus":0,"mode":"bus","color":"#0059a9","colorDark":"#00294f","angle":100.8,"snapDist":4,"label":1}},{"type":"Feature","geometry":{"type":"Point","coordinates":[23.278964,42.674765]},"properties":{"name":"бул. Братя Бъкстон","lines":"63","arr":["63"],"terminus":0,"mode":"bus","color":"#0059a9","colorDark":"#00294f","angle":109.5,"snapDist":5,"label":1}},{"type":"Feature","geometry":{"type":"Point","coordinates":[23.285545,42.679165]},"properties":{"name":"ж.к. Красно село","lines":"63, 260","arr":["63","260"],"terminus":0,"mode":"bus","color":"#0059a9","colorDark":"#00294f","angle":143,"snapDist":9,"label":0}},{"type":"Feature","geometry":{"type":"Point","coordinates":[23.297612,42.684614]},"properties":{"name":"ул. Феликс Каниц","lines":"63","arr":["63"],"terminus":0,"mode":"bus","color":"#0059a9","colorDark":"#00294f","angle":235,"snapDist":3,"label":1}},{"type":"Feature","geometry":{"type":"Point","coordinates":[23.299036,42.68659]},"properties":{"name":"бул. Цар Борис ІІІ","lines":"63, 260","arr":["63","260"],"terminus":1,"mode":"bus","color":"#0059a9","colorDark":"#00294f","angle":145.6,"snapDist":6,"label":1}},{"type":"Feature","geometry":{"type":"Point","coordinates":[23.283866,42.67941]},"properties":{"name":"ж.к. Красно село","lines":"63, 83, 102","arr":["63","83","102"],"terminus":1,"mode":"bus","color":"#0059a9","colorDark":"#00294f","angle":35.5,"snapDist":3,"label":1}},{"type":"Feature","geometry":{"type":"Point","coordinates":[23.284186,42.678398]},"properties":{"name":"ж.к. Красно село","lines":"63, 65, 260","arr":["63","65","260"],"terminus":1,"mode":"bus","color":"#0059a9","colorDark":"#00294f","angle":322.9,"snapDist":6,"label":0}},{"type":"Feature","geometry":{"type":"Point","coordinates":[23.278864,42.674558]},"properties":{"name":"бул. Братя Бъкстон","lines":"63","arr":["63"],"terminus":0,"mode":"bus","color":"#0059a9","colorDark":"#00294f","angle":289.5,"snapDist":5,"label":0}},{"type":"Feature","geometry":{"type":"Point","coordinates":[23.276481,42.668618]},"properties":{"name":"ул. Т. Каблешков","lines":"63","arr":["63"],"terminus":0,"mode":"bus","color":"#0059a9","colorDark":"#00294f","angle":280.4,"snapDist":4,"label":0}},{"type":"Feature","geometry":{"type":"Point","coordinates":[23.274983,42.664721]},"properties":{"name":"ул. Вихрен","lines":"63","arr":["63"],"terminus":0,"mode":"bus","color":"#0059a9","colorDark":"#00294f","angle":288.1,"snapDist":4,"label":0}},{"type":"Feature","geometry":{"type":"Point","coordinates":[23.273587,42.661648]},"properties":{"name":"Параклис Св.Ив.Рилски","lines":"63","arr":["63"],"terminus":0,"mode":"bus","color":"#0059a9","colorDark":"#00294f","angle":288.9,"snapDist":4,"label":0}},{"type":"Feature","geometry":{"type":"Point","coordinates":[23.272557,42.658663]},"properties":{"name":"ж.к. Бъкстон","lines":"63","arr":["63"],"terminus":0,"mode":"bus","color":"#0059a9","colorDark":"#00294f","angle":279.5,"snapDist":6,"label":0}},{"type":"Feature","geometry":{"type":"Point","coordinates":[23.272801,42.657283]},"properties":{"name":"НИМ","lines":"63, 111, 304","arr":["63","111","304"],"terminus":1,"mode":"bus","color":"#0059a9","colorDark":"#00294f","angle":205.9,"snapDist":8,"label":1}},{"type":"Feature","geometry":{"type":"Point","coordinates":[23.278473,42.650743]},"properties":{"name":"Гробищен парк Бояна - по желание","lines":"63, 64","arr":["63","64"],"terminus":0,"mode":"bus","color":"#0059a9","colorDark":"#00294f","angle":318.8,"snapDist":5,"label":0}},{"type":"Feature","geometry":{"type":"Point","coordinates":[23.269593,42.648808]},"properties":{"name":"Резиденция Бояна - по желание","lines":"63, 64","arr":["63","64"],"terminus":0,"mode":"bus","color":"#0059a9","colorDark":"#00294f","angle":356.4,"snapDist":3,"label":0}},{"type":"Feature","geometry":{"type":"Point","coordinates":[23.260339,42.649669]},"properties":{"name":"Скиорката - по желание","lines":"63","arr":["63"],"terminus":0,"mode":"bus","color":"#0059a9","colorDark":"#00294f","angle":346.5,"snapDist":4,"label":0}},{"type":"Feature","geometry":{"type":"Point","coordinates":[23.256519,42.649062]},"properties":{"name":"ул. Баевица - по желание","lines":"63","arr":["63"],"terminus":0,"mode":"bus","color":"#0059a9","colorDark":"#00294f","angle":351.3,"snapDist":7,"label":0}},{"type":"Feature","geometry":{"type":"Point","coordinates":[23.251548,42.649155]},"properties":{"name":"ул. акация - по желание","lines":"63","arr":["63"],"terminus":0,"mode":"bus","color":"#0059a9","colorDark":"#00294f","angle":25.7,"snapDist":2,"label":0}},{"type":"Feature","geometry":{"type":"Point","coordinates":[23.248395,42.649966]},"properties":{"name":"в.з. Беловодски път - по желание","lines":"63","arr":["63"],"terminus":0,"mode":"bus","color":"#0059a9","colorDark":"#00294f","angle":351.8,"snapDist":3,"label":0}},{"type":"Feature","geometry":{"type":"Point","coordinates":[23.245477,42.649502]},"properties":{"name":"ул. Меча поляна - по желание","lines":"63","arr":["63"],"terminus":0,"mode":"bus","color":"#0059a9","colorDark":"#00294f","angle":347.5,"snapDist":3,"label":0}},{"type":"Feature","geometry":{"type":"Point","coordinates":[23.245051,42.645919]},"properties":{"name":"ул. Бялата чешма","lines":"63","arr":["63"],"terminus":1,"mode":"bus","color":"#0059a9","colorDark":"#00294f","angle":317.3,"snapDist":6,"label":1}},{"type":"Feature","geometry":{"type":"Point","coordinates":[23.301554,42.681835]},"properties":{"name":"Център по хигиена","lines":"64, 604, N4","arr":["64","604","N4"],"terminus":1,"mode":"bus","color":"#0059a9","colorDark":"#00294f","angle":257,"snapDist":6,"label":1}},{"type":"Feature","geometry":{"type":"Point","coordinates":[23.297215,42.67651]},"properties":{"name":"пл. Ручей","lines":"64, 102, 204, N4","arr":["64","102","204","N4"],"terminus":0,"mode":"bus","color":"#0059a9","colorDark":"#00294f","angle":294.1,"snapDist":5,"label":1}},{"type":"Feature","geometry":{"type":"Point","coordinates":[23.285398,42.659727]},"properties":{"name":"ж.к. Бокар","lines":"64, 304, X10","arr":["64","304","X10"],"terminus":0,"mode":"bus","color":"#0059a9","colorDark":"#00294f","angle":281.3,"snapDist":10,"label":1}},{"type":"Feature","geometry":{"type":"Point","coordinates":[23.284534,42.656779]},"properties":{"name":"кв. Манастирски ливади","lines":"64, 304, X10","arr":["64","304","X10"],"terminus":0,"mode":"bus","color":"#0059a9","colorDark":"#00294f","angle":282.8,"snapDist":8,"label":1}},{"type":"Feature","geometry":{"type":"Point","coordinates":[23.261971,42.649042]},"properties":{"name":"Скиорката","lines":"64, 65","arr":["64","65"],"terminus":0,"mode":"bus","color":"#0059a9","colorDark":"#00294f","angle":206.4,"snapDist":5,"label":1}},{"type":"Feature","geometry":{"type":"Point","coordinates":[23.264793,42.648019]},"properties":{"name":"ул. Байкал","lines":"64, 65","arr":["64","65"],"terminus":0,"mode":"bus","color":"#0059a9","colorDark":"#00294f","angle":211.8,"snapDist":5,"label":1}},{"type":"Feature","geometry":{"type":"Point","coordinates":[23.267302,42.646354]},"properties":{"name":"Боянско ханче","lines":"64","arr":["64"],"terminus":0,"mode":"bus","color":"#0059a9","colorDark":"#00294f","angle":253.6,"snapDist":4,"label":1}},{"type":"Feature","geometry":{"type":"Point","coordinates":[23.273484,42.645573]},"properties":{"name":"ул. Брезите","lines":"64","arr":["64"],"terminus":0,"mode":"bus","color":"#0059a9","colorDark":"#00294f","angle":190.9,"snapDist":4,"label":1}},{"type":"Feature","geometry":{"type":"Point","coordinates":[23.278032,42.644932]},"properties":{"name":"в.з. кв. Бояна","lines":"64","arr":["64"],"terminus":0,"mode":"bus","color":"#0059a9","colorDark":"#00294f","angle":205.1,"snapDist":3,"label":1}},{"type":"Feature","geometry":{"type":"Point","coordinates":[23.282358,42.643052]},"properties":{"name":"ул. Радецки","lines":"64","arr":["64"],"terminus":0,"mode":"bus","color":"#0059a9","colorDark":"#00294f","angle":195.7,"snapDist":6,"label":1}},{"type":"Feature","geometry":{"type":"Point","coordinates":[23.285899,42.642526]},"properties":{"name":"Фохар АД","lines":"64","arr":["64"],"terminus":0,"mode":"bus","color":"#0059a9","colorDark":"#00294f","angle":180.9,"snapDist":4,"label":1}},{"type":"Feature","geometry":{"type":"Point","coordinates":[23.289427,42.6425]},"properties":{"name":"Детски дом Киноцентър","lines":"64","arr":["64"],"terminus":0,"mode":"bus","color":"#0059a9","colorDark":"#00294f","angle":180.3,"snapDist":9,"label":1}},{"type":"Feature","geometry":{"type":"Point","coordinates":[23.29287,42.64171]},"properties":{"name":"Киноцентър Бояна","lines":"64","arr":["64"],"terminus":0,"mode":"bus","color":"#0059a9","colorDark":"#00294f","angle":213.8,"snapDist":4,"label":1}},{"type":"Feature","geometry":{"type":"Point","coordinates":[23.297897,42.636985]},"properties":{"name":"в.з. Киноцентър","lines":"64","arr":["64"],"terminus":0,"mode":"bus","color":"#0059a9","colorDark":"#00294f","angle":253.4,"snapDist":6,"label":1}},{"type":"Feature","geometry":{"type":"Point","coordinates":[23.300003,42.635365]},"properties":{"name":"ул. 5","lines":"64","arr":["64"],"terminus":0,"mode":"bus","color":"#0059a9","colorDark":"#00294f","angle":172.6,"snapDist":4,"label":1}},{"type":"Feature","geometry":{"type":"Point","coordinates":[23.30424,42.634248]},"properties":{"name":"ул. 10","lines":"64","arr":["64"],"terminus":0,"mode":"bus","color":"#0059a9","colorDark":"#00294f","angle":218.6,"snapDist":4,"label":1}},{"type":"Feature","geometry":{"type":"Point","coordinates":[23.306839,42.63023]},"properties":{"name":"ул. Лешникова гора","lines":"64","arr":["64"],"terminus":0,"mode":"bus","color":"#0059a9","colorDark":"#00294f","angle":226.9,"snapDist":6,"label":1}},{"type":"Feature","geometry":{"type":"Point","coordinates":[23.309549,42.629118]},"properties":{"name":"кв. Драгалевци","lines":"64","arr":["64"],"terminus":0,"mode":"bus","color":"#0059a9","colorDark":"#00294f","angle":186.1,"snapDist":4,"label":1}},{"type":"Feature","geometry":{"type":"Point","coordinates":[23.310724,42.633637]},"properties":{"name":"Гробищен парк Драгалевци","lines":"64, 66, 68, 98","arr":["64","66","68","98"],"terminus":0,"mode":"bus","color":"#0059a9","colorDark":"#00294f","angle":57.2,"snapDist":8,"label":1}},{"type":"Feature","geometry":{"type":"Point","coordinates":[23.312187,42.640562]},"properties":{"name":"Околовръстен път","lines":"64, 66, 68, 98","arr":["64","66","68","98"],"terminus":0,"mode":"bus","color":"#0059a9","colorDark":"#00294f","angle":101.7,"snapDist":5,"label":1}},{"type":"Feature","geometry":{"type":"Point","coordinates":[23.315407,42.649533]},"properties":{"name":"кв. Кръстова вада","lines":"64, 68, 98, X9","arr":["64","68","98","X9"],"terminus":0,"mode":"bus","color":"#0059a9","colorDark":"#00294f","angle":102.2,"snapDist":8,"label":1}},{"type":"Feature","geometry":{"type":"Point","coordinates":[23.315897,42.653468]},"properties":{"name":"ул. Асен Йорданов","lines":"64, 68, 98, X9","arr":["64","68","98","X9"],"terminus":0,"mode":"bus","color":"#0059a9","colorDark":"#00294f","angle":84.2,"snapDist":10,"label":1}},{"type":"Feature","geometry":{"type":"Point","coordinates":[23.316201,42.657545]},"properties":{"name":"Метростанция Витоша","lines":"64, 66, 68, 98, 120, X9","arr":["64","66","68","98","120","X9"],"terminus":1,"mode":"bus","color":"#0059a9","colorDark":"#00294f","angle":97.5,"snapDist":8,"label":1}},{"type":"Feature","geometry":{"type":"Point","coordinates":[23.317653,42.659843]},"properties":{"name":"Метростанция Витоша","lines":"64, 66, 68, 83, 88, 98","arr":["64","66","68","83","88","98"],"terminus":1,"mode":"bus","color":"#0059a9","colorDark":"#00294f","angle":147.3,"snapDist":4,"label":1}},{"type":"Feature","geometry":{"type":"Point","coordinates":[23.32073,42.660372]},"properties":{"name":"Хлебозавода","lines":"64, 68, 83, 88, 98","arr":["64","68","83","88","98"],"terminus":0,"mode":"bus","color":"#0059a9","colorDark":"#00294f","angle":199.2,"snapDist":3,"label":1}},{"type":"Feature","geometry":{"type":"Point","coordinates":[23.3269,42.659162]},"properties":{"name":"ул. Сребърна","lines":"64, 68, 83, 88, 98","arr":["64","68","83","88","98"],"terminus":0,"mode":"bus","color":"#0059a9","colorDark":"#00294f","angle":189.6,"snapDist":4,"label":1}},{"type":"Feature","geometry":{"type":"Point","coordinates":[23.328443,42.658253]},"properties":{"name":"Зоопарка","lines":"64, 66, 68, 83, 88, 98, 120","arr":["64","66","68","83","88","98","120"],"terminus":1,"mode":"bus","color":"#0059a9","colorDark":"#00294f","angle":90.7,"snapDist":4,"label":1}},{"type":"Feature","geometry":{"type":"Point","coordinates":[23.327562,42.659075]},"properties":{"name":"Зоопарка","lines":"64, 66, 68, 83, 88, 98","arr":["64","66","68","83","88","98"],"terminus":1,"mode":"bus","color":"#0059a9","colorDark":"#00294f","angle":13.6,"snapDist":5,"label":0}},{"type":"Feature","geometry":{"type":"Point","coordinates":[23.324861,42.659415]},"properties":{"name":"ул. Сребърна","lines":"64, 68, 83, 88, 98","arr":["64","68","83","88","98"],"terminus":0,"mode":"bus","color":"#0059a9","colorDark":"#00294f","angle":9.2,"snapDist":3,"label":0}},{"type":"Feature","geometry":{"type":"Point","coordinates":[23.320483,42.66044]},"properties":{"name":"Хлебозавода","lines":"64, 68, 83, 88, 98","arr":["64","68","83","88","98"],"terminus":0,"mode":"bus","color":"#0059a9","colorDark":"#00294f","angle":23.2,"snapDist":3,"label":0}},{"type":"Feature","geometry":{"type":"Point","coordinates":[23.318061,42.660156]},"properties":{"name":"Метростанция Витоша","lines":"64, 66, 68, 98","arr":["64","66","68","98"],"terminus":0,"mode":"bus","color":"#0059a9","colorDark":"#00294f","angle":327.3,"snapDist":5,"label":0}},{"type":"Feature","geometry":{"type":"Point","coordinates":[23.316048,42.657835]},"properties":{"name":"Метростанция Витоша","lines":"64, 66, 68, 98, X9","arr":["64","66","68","98","X9"],"terminus":0,"mode":"bus","color":"#0059a9","colorDark":"#00294f","angle":278.3,"snapDist":1,"label":0}},{"type":"Feature","geometry":{"type":"Point","coordinates":[23.316025,42.652475]},"properties":{"name":"ул. Асен Йорданов","lines":"64, 68, 98, X9","arr":["64","68","98","X9"],"terminus":0,"mode":"bus","color":"#0059a9","colorDark":"#00294f","angle":267.1,"snapDist":11,"label":0}},{"type":"Feature","geometry":{"type":"Point","coordinates":[23.314947,42.647853]},"properties":{"name":"кв. Кръстова вада","lines":"64, 68, 98, X9","arr":["64","68","98","X9"],"terminus":0,"mode":"bus","color":"#0059a9","colorDark":"#00294f","angle":281.5,"snapDist":7,"label":0}},{"type":"Feature","geometry":{"type":"Point","coordinates":[23.312769,42.642772]},"properties":{"name":"Околовръстен път","lines":"64, 68, 98, X9","arr":["64","68","98","X9"],"terminus":0,"mode":"bus","color":"#0059a9","colorDark":"#00294f","angle":292.8,"snapDist":6,"label":1}},{"type":"Feature","geometry":{"type":"Point","coordinates":[23.311943,42.640105]},"properties":{"name":"ж.к. Водолей","lines":"64, 66, 68, 98","arr":["64","66","68","98"],"terminus":0,"mode":"bus","color":"#0059a9","colorDark":"#00294f","angle":281.8,"snapDist":5,"label":1}},{"type":"Feature","geometry":{"type":"Point","coordinates":[23.310629,42.633779]},"properties":{"name":"Гробищен парк Драгалевци","lines":"64, 66, 68, 98","arr":["64","66","68","98"],"terminus":0,"mode":"bus","color":"#0059a9","colorDark":"#00294f","angle":249.7,"snapDist":7,"label":0}},{"type":"Feature","geometry":{"type":"Point","coordinates":[23.308983,42.62918]},"properties":{"name":"кв. Драгалевци","lines":"64","arr":["64"],"terminus":0,"mode":"bus","color":"#0059a9","colorDark":"#00294f","angle":11.3,"snapDist":4,"label":0}},{"type":"Feature","geometry":{"type":"Point","coordinates":[23.306331,42.630642]},"properties":{"name":"ул. Лешникова гора","lines":"64","arr":["64"],"terminus":0,"mode":"bus","color":"#0059a9","colorDark":"#00294f","angle":51.7,"snapDist":6,"label":0}},{"type":"Feature","geometry":{"type":"Point","coordinates":[23.303697,42.634527]},"properties":{"name":"ул. 10","lines":"64","arr":["64"],"terminus":0,"mode":"bus","color":"#0059a9","colorDark":"#00294f","angle":32.9,"snapDist":6,"label":0}},{"type":"Feature","geometry":{"type":"Point","coordinates":[23.299423,42.635315]},"properties":{"name":"ул. 5","lines":"64","arr":["64"],"terminus":0,"mode":"bus","color":"#0059a9","colorDark":"#00294f","angle":354.1,"snapDist":6,"label":0}},{"type":"Feature","geometry":{"type":"Point","coordinates":[23.297332,42.637802]},"properties":{"name":"в.з. Киноцентър","lines":"64","arr":["64"],"terminus":0,"mode":"bus","color":"#0059a9","colorDark":"#00294f","angle":54.6,"snapDist":3,"label":0}},{"type":"Feature","geometry":{"type":"Point","coordinates":[23.293003,42.641644]},"properties":{"name":"Киноцентър Бояна","lines":"64","arr":["64"],"terminus":0,"mode":"bus","color":"#0059a9","colorDark":"#00294f","angle":33.8,"snapDist":7,"label":0}},{"type":"Feature","geometry":{"type":"Point","coordinates":[23.289163,42.642501]},"properties":{"name":"Детски дом Киноцентър","lines":"64","arr":["64"],"terminus":0,"mode":"bus","color":"#0059a9","colorDark":"#00294f","angle":0.3,"snapDist":4,"label":0}},{"type":"Feature","geometry":{"type":"Point","coordinates":[23.28466,42.642579]},"properties":{"name":"Фохар АД","lines":"64","arr":["64"],"terminus":0,"mode":"bus","color":"#0059a9","colorDark":"#00294f","angle":12.8,"snapDist":6,"label":0}},{"type":"Feature","geometry":{"type":"Point","coordinates":[23.281144,42.643291]},"properties":{"name":"ул. Радецки","lines":"64","arr":["64"],"terminus":0,"mode":"bus","color":"#0059a9","colorDark":"#00294f","angle":14.9,"snapDist":8,"label":0}},{"type":"Feature","geometry":{"type":"Point","coordinates":[23.278319,42.644832]},"properties":{"name":"в.з. кв. Бояна","lines":"64","arr":["64"],"terminus":0,"mode":"bus","color":"#0059a9","colorDark":"#00294f","angle":25.1,"snapDist":4,"label":0}},{"type":"Feature","geometry":{"type":"Point","coordinates":[23.273421,42.645582]},"properties":{"name":"ул. Брезите","lines":"64","arr":["64"],"terminus":0,"mode":"bus","color":"#0059a9","colorDark":"#00294f","angle":10.9,"snapDist":4,"label":0}},{"type":"Feature","geometry":{"type":"Point","coordinates":[23.268115,42.645495]},"properties":{"name":"Боянско ханче","lines":"64","arr":["64"],"terminus":0,"mode":"bus","color":"#0059a9","colorDark":"#00294f","angle":31.8,"snapDist":0,"label":0}},{"type":"Feature","geometry":{"type":"Point","coordinates":[23.264239,42.648273]},"properties":{"name":"ул. Байкал","lines":"64, 65","arr":["64","65"],"terminus":0,"mode":"bus","color":"#0059a9","colorDark":"#00294f","angle":32,"snapDist":3,"label":0}},{"type":"Feature","geometry":{"type":"Point","coordinates":[23.284896,42.656958]},"properties":{"name":"кв. Манастирски ливади","lines":"64, 304","arr":["64","304"],"terminus":0,"mode":"bus","color":"#0059a9","colorDark":"#00294f","angle":102.6,"snapDist":3,"label":0}},{"type":"Feature","geometry":{"type":"Point","coordinates":[23.286018,42.660919]},"properties":{"name":"ж.к. Бокар","lines":"64, 304","arr":["64","304"],"terminus":0,"mode":"bus","color":"#0059a9","colorDark":"#00294f","angle":102.4,"snapDist":4,"label":0}},{"type":"Feature","geometry":{"type":"Point","coordinates":[23.297849,42.677015]},"properties":{"name":"пл. Ручей","lines":"64, 102, 204, N4","arr":["64","102","204","N4"],"terminus":0,"mode":"bus","color":"#0059a9","colorDark":"#00294f","angle":114,"snapDist":7,"label":0}},{"type":"Feature","geometry":{"type":"Point","coordinates":[23.302449,42.680033]},"properties":{"name":"бул. акад. Ив. Гешов","lines":"64, 604, N4","arr":["64","604","N4"],"terminus":0,"mode":"bus","color":"#0059a9","colorDark":"#00294f","angle":77.4,"snapDist":5,"label":0}},{"type":"Feature","geometry":{"type":"Point","coordinates":[23.301684,42.682627]},"properties":{"name":"Център по хигиена","lines":"64, 604, N4","arr":["64","604","N4"],"terminus":0,"mode":"bus","color":"#0059a9","colorDark":"#00294f","angle":77.5,"snapDist":3,"label":0}},{"type":"Feature","geometry":{"type":"Point","coordinates":[23.272095,42.671532]},"properties":{"name":"кв. Овча купел","lines":"65, 260","arr":["65","260"],"terminus":0,"mode":"bus","color":"#0059a9","colorDark":"#00294f","angle":322.1,"snapDist":6,"label":0}},{"type":"Feature","geometry":{"type":"Point","coordinates":[23.26617,42.667567]},"properties":{"name":"кв. Павлово","lines":"65","arr":["65"],"terminus":0,"mode":"bus","color":"#0059a9","colorDark":"#00294f","angle":253.7,"snapDist":4,"label":1}},{"type":"Feature","geometry":{"type":"Point","coordinates":[23.265457,42.662235]},"properties":{"name":"бул. Ал. Пушкин","lines":"65","arr":["65"],"terminus":0,"mode":"bus","color":"#0059a9","colorDark":"#00294f","angle":279.3,"snapDist":8,"label":1}},{"type":"Feature","geometry":{"type":"Point","coordinates":[23.264809,42.659393]},"properties":{"name":"Околовръстен път","lines":"65","arr":["65"],"terminus":0,"mode":"bus","color":"#0059a9","colorDark":"#00294f","angle":279.6,"snapDist":8,"label":1}},{"type":"Feature","geometry":{"type":"Point","coordinates":[23.265642,42.655095]},"properties":{"name":"ул. Маломир","lines":"65","arr":["65"],"terminus":0,"mode":"bus","color":"#0059a9","colorDark":"#00294f","angle":257.6,"snapDist":8,"label":1}},{"type":"Feature","geometry":{"type":"Point","coordinates":[23.266859,42.646592]},"properties":{"name":"Боянско ханче","lines":"65","arr":["65"],"terminus":0,"mode":"bus","color":"#0059a9","colorDark":"#00294f","angle":345.1,"snapDist":1,"label":0}},{"type":"Feature","geometry":{"type":"Point","coordinates":[23.266071,42.644268]},"properties":{"name":"Боянска църква","lines":"65","arr":["65"],"terminus":1,"mode":"bus","color":"#0059a9","colorDark":"#00294f","angle":205.7,"snapDist":6,"label":1}},{"type":"Feature","geometry":{"type":"Point","coordinates":[23.267123,42.646593]},"properties":{"name":"Боянско ханче","lines":"65","arr":["65"],"terminus":0,"mode":"bus","color":"#0059a9","colorDark":"#00294f","angle":181.2,"snapDist":2,"label":0}},{"type":"Feature","geometry":{"type":"Point","coordinates":[23.265472,42.655654]},"properties":{"name":"ул. Маломир","lines":"65","arr":["65"],"terminus":0,"mode":"bus","color":"#0059a9","colorDark":"#00294f","angle":77.7,"snapDist":6,"label":0}},{"type":"Feature","geometry":{"type":"Point","coordinates":[23.264828,42.659475]},"properties":{"name":"Околовръстен път","lines":"65","arr":["65"],"terminus":0,"mode":"bus","color":"#0059a9","colorDark":"#00294f","angle":99.6,"snapDist":6,"label":0}},{"type":"Feature","geometry":{"type":"Point","coordinates":[23.265627,42.662981]},"properties":{"name":"бул. Ал. Пушкин","lines":"65","arr":["65"],"terminus":0,"mode":"bus","color":"#0059a9","colorDark":"#00294f","angle":99.5,"snapDist":6,"label":0}},{"type":"Feature","geometry":{"type":"Point","coordinates":[23.266162,42.667119]},"properties":{"name":"кв. Павлово","lines":"65","arr":["65"],"terminus":0,"mode":"bus","color":"#0059a9","colorDark":"#00294f","angle":94,"snapDist":7,"label":0}},{"type":"Feature","geometry":{"type":"Point","coordinates":[23.273172,42.672138]},"properties":{"name":"кв. Овча купел","lines":"65, 103, 260","arr":["65","103","260"],"terminus":1,"mode":"bus","color":"#0059a9","colorDark":"#00294f","angle":142.3,"snapDist":7,"label":1}},{"type":"Feature","geometry":{"type":"Point","coordinates":[23.292219,42.583342]},"properties":{"name":"Хижа Алеко","lines":"66","arr":["66"],"terminus":1,"mode":"bus","color":"#0059a9","colorDark":"#00294f","angle":152.7,"snapDist":3,"label":1}},{"type":"Feature","geometry":{"type":"Point","coordinates":[23.300737,42.604536]},"properties":{"name":"Заслон Бай Кръстьо - по желание","lines":"66","arr":["66"],"terminus":0,"mode":"bus","color":"#0059a9","colorDark":"#00294f","angle":195.6,"snapDist":6,"label":1}},{"type":"Feature","geometry":{"type":"Point","coordinates":[23.297375,42.619955]},"properties":{"name":"Разклона за Драгалевски манастир - по желание","lines":"66","arr":["66"],"terminus":0,"mode":"bus","color":"#0059a9","colorDark":"#00294f","angle":36.5,"snapDist":2,"label":1}},{"type":"Feature","geometry":{"type":"Point","coordinates":[23.30476,42.622281]},"properties":{"name":"Разклона за лифт Драгалевци - по желание","lines":"66","arr":["66"],"terminus":0,"mode":"bus","color":"#0059a9","colorDark":"#00294f","angle":184.7,"snapDist":4,"label":1}},{"type":"Feature","geometry":{"type":"Point","coordinates":[23.309214,42.622764]},"properties":{"name":"Воденичарски механи-по желание","lines":"66","arr":["66"],"terminus":0,"mode":"bus","color":"#0059a9","colorDark":"#00294f","angle":88.5,"snapDist":2,"label":1}},{"type":"Feature","geometry":{"type":"Point","coordinates":[23.308239,42.625127]},"properties":{"name":"ул. Маестро Атанасов-по желание","lines":"66","arr":["66"],"terminus":0,"mode":"bus","color":"#0059a9","colorDark":"#00294f","angle":62,"snapDist":1,"label":1}},{"type":"Feature","geometry":{"type":"Point","coordinates":[23.309472,42.628749]},"properties":{"name":"кв. Драгалевци","lines":"66","arr":["66"],"terminus":0,"mode":"bus","color":"#0059a9","colorDark":"#00294f","angle":186.4,"snapDist":1,"label":0}},{"type":"Feature","geometry":{"type":"Point","coordinates":[23.309414,42.628952]},"properties":{"name":"кв. Драгалевци","lines":"66","arr":["66"],"terminus":0,"mode":"bus","color":"#0059a9","colorDark":"#00294f","angle":0.4,"snapDist":2,"label":0}},{"type":"Feature","geometry":{"type":"Point","coordinates":[23.308406,42.624896]},"properties":{"name":"ул. Маестро Атанасов-по желание","lines":"66","arr":["66"],"terminus":0,"mode":"bus","color":"#0059a9","colorDark":"#00294f","angle":242,"snapDist":4,"label":0}},{"type":"Feature","geometry":{"type":"Point","coordinates":[23.30914,42.62248]},"properties":{"name":"Воденичарски механи-по желание","lines":"66","arr":["66"],"terminus":0,"mode":"bus","color":"#0059a9","colorDark":"#00294f","angle":289.8,"snapDist":5,"label":0}},{"type":"Feature","geometry":{"type":"Point","coordinates":[23.30425,42.622305]},"properties":{"name":"Разклона за лифт Драгалевци - по желание","lines":"66","arr":["66"],"terminus":0,"mode":"bus","color":"#0059a9","colorDark":"#00294f","angle":3.6,"snapDist":1,"label":0}},{"type":"Feature","geometry":{"type":"Point","coordinates":[23.297542,42.619865]},"properties":{"name":"Разклона за Драгалевски манастир - по желание","lines":"66","arr":["66"],"terminus":0,"mode":"bus","color":"#0059a9","colorDark":"#00294f","angle":223.7,"snapDist":10,"label":0}},{"type":"Feature","geometry":{"type":"Point","coordinates":[23.300715,42.604541]},"properties":{"name":"Заслон Бай Кръстьо - по желание","lines":"66","arr":["66"],"terminus":0,"mode":"bus","color":"#0059a9","colorDark":"#00294f","angle":15.6,"snapDist":1,"label":0}},{"type":"Feature","geometry":{"type":"Point","coordinates":[23.291976,42.583448]},"properties":{"name":"Хижа Алеко","lines":"66","arr":["66"],"terminus":1,"mode":"bus","color":"#0059a9","colorDark":"#00294f","angle":254.7,"snapDist":6,"label":0}},{"type":"Feature","geometry":{"type":"Point","coordinates":[23.333965,42.674723]},"properties":{"name":"Семинарията","lines":"67","arr":["67"],"terminus":1,"mode":"bus","color":"#0059a9","colorDark":"#00294f","angle":220.7,"snapDist":14,"label":1}},{"type":"Feature","geometry":{"type":"Point","coordinates":[23.336852,42.673081]},"properties":{"name":"ул. Стоян Михайловски","lines":"67, 120, N2","arr":["67","120","N2"],"terminus":0,"mode":"bus","color":"#0059a9","colorDark":"#00294f","angle":130.8,"snapDist":3,"label":1}},{"type":"Feature","geometry":{"type":"Point","coordinates":[23.343098,42.67644]},"properties":{"name":"Телевизионна кула","lines":"67, 413, N2","arr":["67","413","N2"],"terminus":0,"mode":"bus","color":"#0059a9","colorDark":"#00294f","angle":227.2,"snapDist":6,"label":1}},{"type":"Feature","geometry":{"type":"Point","coordinates":[23.347538,42.673002]},"properties":{"name":"Руско посолство","lines":"67, 413, N2","arr":["67","413","N2"],"terminus":0,"mode":"bus","color":"#0059a9","colorDark":"#00294f","angle":216.5,"snapDist":10,"label":1}},{"type":"Feature","geometry":{"type":"Point","coordinates":[23.351655,42.670816]},"properties":{"name":"СТЦ Интерпред","lines":"67, 97, 413, N2","arr":["67","97","413","N2"],"terminus":1,"mode":"bus","color":"#0059a9","colorDark":"#00294f","angle":237.6,"snapDist":8,"label":1}},{"type":"Feature","geometry":{"type":"Point","coordinates":[23.35549,42.665097]},"properties":{"name":"ж.к. Дианабад","lines":"67, 97, 413, N2","arr":["67","97","413","N2"],"terminus":1,"mode":"bus","color":"#0059a9","colorDark":"#00294f","angle":230,"snapDist":9,"label":1}},{"type":"Feature","geometry":{"type":"Point","coordinates":[23.356463,42.663023]},"properties":{"name":"НСБАЛ по Онкология","lines":"67, 69, 70, 88, 97, 413","arr":["67","69","70","88","97","413"],"terminus":1,"mode":"bus","color":"#0059a9","colorDark":"#00294f","angle":332.5,"snapDist":6,"label":1}},{"type":"Feature","geometry":{"type":"Point","coordinates":[23.351498,42.661098]},"properties":{"name":"МГУ Св.Ив.Рилски","lines":"67, 69, 70, 88, 97, 413","arr":["67","69","70","88","97","413"],"terminus":0,"mode":"bus","color":"#0059a9","colorDark":"#00294f","angle":332.2,"snapDist":3,"label":1}},{"type":"Feature","geometry":{"type":"Point","coordinates":[23.345003,42.658831]},"properties":{"name":"бул. Д-Р Г. м. Димитров","lines":"67, 97, 102","arr":["67","97","102"],"terminus":0,"mode":"bus","color":"#0059a9","colorDark":"#00294f","angle":344.1,"snapDist":7,"label":1}},{"type":"Feature","geometry":{"type":"Point","coordinates":[23.342013,42.658204]},"properties":{"name":"бл. 22 ж.к. Дианабад","lines":"67, 97, 102","arr":["67","97","102"],"terminus":0,"mode":"bus","color":"#0059a9","colorDark":"#00294f","angle":344.1,"snapDist":5,"label":1}},{"type":"Feature","geometry":{"type":"Point","coordinates":[23.336358,42.657068]},"properties":{"name":"ж.к. Дианабад","lines":"67, 97, 102","arr":["67","97","102"],"terminus":0,"mode":"bus","color":"#0059a9","colorDark":"#00294f","angle":271.9,"snapDist":6,"label":1}},{"type":"Feature","geometry":{"type":"Point","coordinates":[23.336153,42.654823]},"properties":{"name":"Моста кв. Витоша","lines":"67, 97, 102","arr":["67","97","102"],"terminus":0,"mode":"bus","color":"#0059a9","colorDark":"#00294f","angle":274.4,"snapDist":6,"label":1}},{"type":"Feature","geometry":{"type":"Point","coordinates":[23.335621,42.650338]},"properties":{"name":"кв. Витоша","lines":"67, 97, 102","arr":["67","97","102"],"terminus":0,"mode":"bus","color":"#0059a9","colorDark":"#00294f","angle":274.4,"snapDist":4,"label":1}},{"type":"Feature","geometry":{"type":"Point","coordinates":[23.333673,42.645271]},"properties":{"name":"Студентски град","lines":"67, 95, 97, 102","arr":["67","95","97","102"],"terminus":0,"mode":"bus","color":"#0059a9","colorDark":"#00294f","angle":280.8,"snapDist":5,"label":1}},{"type":"Feature","geometry":{"type":"Point","coordinates":[23.334606,42.641737]},"properties":{"name":"Хотел Макси","lines":"67, 95","arr":["67","95"],"terminus":0,"mode":"bus","color":"#0059a9","colorDark":"#00294f","angle":266.8,"snapDist":4,"label":1}},{"type":"Feature","geometry":{"type":"Point","coordinates":[23.334292,42.638772]},"properties":{"name":"Хотел Амбасадор","lines":"67","arr":["67"],"terminus":0,"mode":"bus","color":"#0059a9","colorDark":"#00294f","angle":274.9,"snapDist":3,"label":0}},{"type":"Feature","geometry":{"type":"Point","coordinates":[23.333617,42.631949]},"properties":{"name":"Околовръстен път","lines":"67","arr":["67"],"terminus":0,"mode":"bus","color":"#0059a9","colorDark":"#00294f","angle":273.6,"snapDist":9,"label":1}},{"type":"Feature","geometry":{"type":"Point","coordinates":[23.333389,42.62962]},"properties":{"name":"Моста на Сухата река","lines":"67","arr":["67"],"terminus":0,"mode":"bus","color":"#0059a9","colorDark":"#00294f","angle":274.4,"snapDist":5,"label":1}},{"type":"Feature","geometry":{"type":"Point","coordinates":[23.332854,42.622597]},"properties":{"name":"ул. Златен век","lines":"67","arr":["67"],"terminus":0,"mode":"bus","color":"#0059a9","colorDark":"#00294f","angle":231.8,"snapDist":5,"label":1}},{"type":"Feature","geometry":{"type":"Point","coordinates":[23.33757,42.616181]},"properties":{"name":"64-то ОУ","lines":"67, 68, 98","arr":["67","68","98"],"terminus":0,"mode":"bus","color":"#0059a9","colorDark":"#00294f","angle":237.2,"snapDist":9,"label":1}},{"type":"Feature","geometry":{"type":"Point","coordinates":[23.339006,42.612113]},"properties":{"name":"кв. Симеоново","lines":"67, 68","arr":["67","68"],"terminus":1,"mode":"bus","color":"#0059a9","colorDark":"#00294f","angle":233.5,"snapDist":8,"label":1}},{"type":"Feature","geometry":{"type":"Point","coordinates":[23.338923,42.612309]},"properties":{"name":"кв. Симеоново","lines":"67, 68, 98","arr":["67","68","98"],"terminus":1,"mode":"bus","color":"#0059a9","colorDark":"#00294f","angle":28.9,"snapDist":1,"label":0}},{"type":"Feature","geometry":{"type":"Point","coordinates":[23.337421,42.616351]},"properties":{"name":"64-то ОУ","lines":"67, 68, 98","arr":["67","68","98"],"terminus":0,"mode":"bus","color":"#0059a9","colorDark":"#00294f","angle":57.2,"snapDist":5,"label":0}},{"type":"Feature","geometry":{"type":"Point","coordinates":[23.332753,42.62269]},"properties":{"name":"ул. Златен век","lines":"67","arr":["67"],"terminus":0,"mode":"bus","color":"#0059a9","colorDark":"#00294f","angle":51.8,"snapDist":2,"label":0}},{"type":"Feature","geometry":{"type":"Point","coordinates":[23.333342,42.629297]},"properties":{"name":"Моста на Сухата река","lines":"67","arr":["67"],"terminus":0,"mode":"bus","color":"#0059a9","colorDark":"#00294f","angle":95.6,"snapDist":2,"label":0}},{"type":"Feature","geometry":{"type":"Point","coordinates":[23.333882,42.634143]},"properties":{"name":"Околовръстен път","lines":"67","arr":["67"],"terminus":0,"mode":"bus","color":"#0059a9","colorDark":"#00294f","angle":94.5,"snapDist":4,"label":1}},{"type":"Feature","geometry":{"type":"Point","coordinates":[23.334354,42.638493]},"properties":{"name":"Хотел Амбасадор","lines":"67, 95, 97","arr":["67","95","97"],"terminus":1,"mode":"bus","color":"#0059a9","colorDark":"#00294f","angle":95.4,"snapDist":5,"label":1}},{"type":"Feature","geometry":{"type":"Point","coordinates":[23.334409,42.642944]},"properties":{"name":"Хотел Макси","lines":"67, 95, 97, 102","arr":["67","95","97","102"],"terminus":0,"mode":"bus","color":"#0059a9","colorDark":"#00294f","angle":73.8,"snapDist":5,"label":0}},{"type":"Feature","geometry":{"type":"Point","coordinates":[23.334325,42.64603]},"properties":{"name":"Студентски град","lines":"67, 97, 102","arr":["67","97","102"],"terminus":0,"mode":"bus","color":"#0059a9","colorDark":"#00294f","angle":125.7,"snapDist":3,"label":0}},{"type":"Feature","geometry":{"type":"Point","coordinates":[23.335846,42.651506]},"properties":{"name":"кв. Витоша","lines":"67, 97, 102","arr":["67","97","102"],"terminus":0,"mode":"bus","color":"#0059a9","colorDark":"#00294f","angle":94.2,"snapDist":2,"label":0}},{"type":"Feature","geometry":{"type":"Point","coordinates":[23.336322,42.655453]},"properties":{"name":"Моста кв. Витоша","lines":"67, 97, 102","arr":["67","97","102"],"terminus":0,"mode":"bus","color":"#0059a9","colorDark":"#00294f","angle":94.6,"snapDist":0,"label":0}},{"type":"Feature","geometry":{"type":"Point","coordinates":[23.337715,42.657428]},"properties":{"name":"ж.к. Дианабад","lines":"67, 97, 102","arr":["67","97","102"],"terminus":0,"mode":"bus","color":"#0059a9","colorDark":"#00294f","angle":181.5,"snapDist":6,"label":0}},{"type":"Feature","geometry":{"type":"Point","coordinates":[23.342561,42.658217]},"properties":{"name":"бл. 22 ж.к. Дианабад бл. 1","lines":"67, 97, 102","arr":["67","97","102"],"terminus":0,"mode":"bus","color":"#0059a9","colorDark":"#00294f","angle":163.7,"snapDist":3,"label":1}},{"type":"Feature","geometry":{"type":"Point","coordinates":[23.348965,42.660005]},"properties":{"name":"бул. Д-Р Г. м. Димитров","lines":"67, 88, 97, 294, 413","arr":["67","88","97","294","413"],"terminus":0,"mode":"bus","color":"#0059a9","colorDark":"#00294f","angle":151.7,"snapDist":6,"label":1}},{"type":"Feature","geometry":{"type":"Point","coordinates":[23.351987,42.661175]},"properties":{"name":"МГУ Св.Ив.Рилски","lines":"67, 88, 97, 294, 413","arr":["67","88","97","294","413"],"terminus":0,"mode":"bus","color":"#0059a9","colorDark":"#00294f","angle":152.1,"snapDist":3,"label":0}},{"type":"Feature","geometry":{"type":"Point","coordinates":[23.356167,42.662759]},"properties":{"name":"Метростанция Г. м. Димитров","lines":"67, 97, 294, 413","arr":["67","97","294","413"],"terminus":1,"mode":"bus","color":"#0059a9","colorDark":"#00294f","angle":155,"snapDist":6,"label":1}},{"type":"Feature","geometry":{"type":"Point","coordinates":[23.355351,42.665218]},"properties":{"name":"ж.к. Дианабад","lines":"67, 97, 413, N2","arr":["67","97","413","N2"],"terminus":0,"mode":"bus","color":"#0059a9","colorDark":"#00294f","angle":50,"snapDist":7,"label":0}},{"type":"Feature","geometry":{"type":"Point","coordinates":[23.352447,42.66928]},"properties":{"name":"СТЦ Интерпред","lines":"67, 97, 413, N2","arr":["67","97","413","N2"],"terminus":0,"mode":"bus","color":"#0059a9","colorDark":"#00294f","angle":73.5,"snapDist":8,"label":0}},{"type":"Feature","geometry":{"type":"Point","coordinates":[23.347697,42.672923]},"properties":{"name":"Руско посолство","lines":"67, 413, N2","arr":["67","413","N2"],"terminus":0,"mode":"bus","color":"#0059a9","colorDark":"#00294f","angle":34,"snapDist":8,"label":0}},{"type":"Feature","geometry":{"type":"Point","coordinates":[23.341177,42.677166]},"properties":{"name":"Телевизионна кула","lines":"67, N2","arr":["67","N2"],"terminus":0,"mode":"bus","color":"#0059a9","colorDark":"#00294f","angle":311,"snapDist":4,"label":0}},{"type":"Feature","geometry":{"type":"Point","coordinates":[23.333644,42.619]},"properties":{"name":"Моста на Симеоновска река","lines":"68, 98","arr":["68","98"],"terminus":0,"mode":"bus","color":"#0059a9","colorDark":"#00294f","angle":42.7,"snapDist":4,"label":1}},{"type":"Feature","geometry":{"type":"Point","coordinates":[23.327239,42.620994]},"properties":{"name":"Моста на Сухата река","lines":"68, 98","arr":["68","98"],"terminus":0,"mode":"bus","color":"#0059a9","colorDark":"#00294f","angle":49.5,"snapDist":3,"label":1}},{"type":"Feature","geometry":{"type":"Point","coordinates":[23.321604,42.622913]},"properties":{"name":"в.з. Симеоново-Драгалевци","lines":"68, 98","arr":["68","98"],"terminus":0,"mode":"bus","color":"#0059a9","colorDark":"#00294f","angle":32,"snapDist":4,"label":1}},{"type":"Feature","geometry":{"type":"Point","coordinates":[23.317897,42.626308]},"properties":{"name":"ул. Герена","lines":"68, 98","arr":["68","98"],"terminus":0,"mode":"bus","color":"#0059a9","colorDark":"#00294f","angle":59.4,"snapDist":3,"label":1}},{"type":"Feature","geometry":{"type":"Point","coordinates":[23.314372,42.630604]},"properties":{"name":"ул. Лагадина","lines":"68, 98","arr":["68","98"],"terminus":0,"mode":"bus","color":"#0059a9","colorDark":"#00294f","angle":22,"snapDist":3,"label":1}},{"type":"Feature","geometry":{"type":"Point","coordinates":[23.314803,42.630476]},"properties":{"name":"ул. Лагадина","lines":"68, 98","arr":["68","98"],"terminus":0,"mode":"bus","color":"#0059a9","colorDark":"#00294f","angle":202,"snapDist":4,"label":0}},{"type":"Feature","geometry":{"type":"Point","coordinates":[23.318381,42.625715]},"properties":{"name":"ул. Герена","lines":"68, 98","arr":["68","98"],"terminus":0,"mode":"bus","color":"#0059a9","colorDark":"#00294f","angle":238,"snapDist":4,"label":0}},{"type":"Feature","geometry":{"type":"Point","coordinates":[23.322311,42.62259]},"properties":{"name":"в.з. Симеоново-Драгалевци","lines":"68, 98","arr":["68","98"],"terminus":0,"mode":"bus","color":"#0059a9","colorDark":"#00294f","angle":211.6,"snapDist":4,"label":0}},{"type":"Feature","geometry":{"type":"Point","coordinates":[23.32784,42.620476]},"properties":{"name":"Моста на Сухата река","lines":"68, 98","arr":["68","98"],"terminus":0,"mode":"bus","color":"#0059a9","colorDark":"#00294f","angle":229.5,"snapDist":3,"label":0}},{"type":"Feature","geometry":{"type":"Point","coordinates":[23.334135,42.618668]},"properties":{"name":"Моста на Симеоновска река","lines":"68, 98","arr":["68","98"],"terminus":0,"mode":"bus","color":"#0059a9","colorDark":"#00294f","angle":222.9,"snapDist":5,"label":0}},{"type":"Feature","geometry":{"type":"Point","coordinates":[23.348514,42.658455]},"properties":{"name":"бул. Д-Р Г. м. Димитров","lines":"69, 70, 94, 413","arr":["69","70","94","413"],"terminus":0,"mode":"bus","color":"#0059a9","colorDark":"#00294f","angle":245,"snapDist":8,"label":0}},{"type":"Feature","geometry":{"type":"Point","coordinates":[23.349481,42.655749]},"properties":{"name":"Висше училище по телекомуникации и пощи","lines":"69, 70, 94, 413","arr":["69","70","94","413"],"terminus":0,"mode":"bus","color":"#0059a9","colorDark":"#00294f","angle":274.4,"snapDist":8,"label":1}},{"type":"Feature","geometry":{"type":"Point","coordinates":[23.348732,42.651887]},"properties":{"name":"УНСС","lines":"69, 70, 280, 413, N2","arr":["69","70","280","413","N2"],"terminus":0,"mode":"bus","color":"#0059a9","colorDark":"#00294f","angle":184.5,"snapDist":4,"label":1}},{"type":"Feature","geometry":{"type":"Point","coordinates":[23.356924,42.651328]},"properties":{"name":"ж.к. Дървеница","lines":"69, 70, 280, 413, N2","arr":["69","70","280","413","N2"],"terminus":0,"mode":"bus","color":"#0059a9","colorDark":"#00294f","angle":188.4,"snapDist":3,"label":1}},{"type":"Feature","geometry":{"type":"Point","coordinates":[23.35791,42.65035]},"properties":{"name":"ж.к. Дървеница","lines":"69, 70, 88, 413","arr":["69","70","88","413"],"terminus":0,"mode":"bus","color":"#0059a9","colorDark":"#00294f","angle":305.8,"snapDist":3,"label":0}},{"type":"Feature","geometry":{"type":"Point","coordinates":[23.353364,42.643946]},"properties":{"name":"СК на НСА - по желание","lines":"69, 70","arr":["69","70"],"terminus":0,"mode":"bus","color":"#0059a9","colorDark":"#00294f","angle":278.6,"snapDist":4,"label":1}},{"type":"Feature","geometry":{"type":"Point","coordinates":[23.353308,42.637878]},"properties":{"name":"кв. Малинова долина - по желание","lines":"69, 70","arr":["69","70"],"terminus":0,"mode":"bus","color":"#0059a9","colorDark":"#00294f","angle":263.9,"snapDist":4,"label":1}},{"type":"Feature","geometry":{"type":"Point","coordinates":[23.35398,42.634681]},"properties":{"name":"ул. 9 - по желание","lines":"69, 70","arr":["69","70"],"terminus":0,"mode":"bus","color":"#0059a9","colorDark":"#00294f","angle":259.3,"snapDist":4,"label":1}},{"type":"Feature","geometry":{"type":"Point","coordinates":[23.35485,42.632218]},"properties":{"name":"НЦ по радиобиология - по желание","lines":"69, 70","arr":["69","70"],"terminus":0,"mode":"bus","color":"#0059a9","colorDark":"#00294f","angle":249.4,"snapDist":5,"label":1}},{"type":"Feature","geometry":{"type":"Point","coordinates":[23.358784,42.626499]},"properties":{"name":"Ханчето - по желание","lines":"69, 70","arr":["69","70"],"terminus":0,"mode":"bus","color":"#0059a9","colorDark":"#00294f","angle":243.7,"snapDist":4,"label":1}},{"type":"Feature","geometry":{"type":"Point","coordinates":[23.357608,42.62426]},"properties":{"name":"Околовръстен път","lines":"69, 70","arr":["69","70"],"terminus":0,"mode":"bus","color":"#0059a9","colorDark":"#00294f","angle":268.3,"snapDist":0,"label":1}},{"type":"Feature","geometry":{"type":"Point","coordinates":[23.358335,42.619042]},"properties":{"name":"Моста на Банишка река - по желание","lines":"69, 70","arr":["69","70"],"terminus":0,"mode":"bus","color":"#0059a9","colorDark":"#00294f","angle":287.6,"snapDist":4,"label":1}},{"type":"Feature","geometry":{"type":"Point","coordinates":[23.361064,42.61751]},"properties":{"name":"в.з. Малинова долина - по желание","lines":"69, 70","arr":["69","70"],"terminus":0,"mode":"bus","color":"#0059a9","colorDark":"#00294f","angle":202.6,"snapDist":4,"label":1}},{"type":"Feature","geometry":{"type":"Point","coordinates":[23.363738,42.613773]},"properties":{"name":"Пречиствателна станция - по желание","lines":"69, 70, 314","arr":["69","70","314"],"terminus":0,"mode":"bus","color":"#0059a9","colorDark":"#00294f","angle":252.5,"snapDist":4,"label":1}},{"type":"Feature","geometry":{"type":"Point","coordinates":[23.363887,42.610268]},"properties":{"name":"в.з. Бункера - по желание","lines":"69, 70, 314","arr":["69","70","314"],"terminus":0,"mode":"bus","color":"#0059a9","colorDark":"#00294f","angle":194.2,"snapDist":5,"label":1}},{"type":"Feature","geometry":{"type":"Point","coordinates":[23.366453,42.609269]},"properties":{"name":"в.з. Бункера-по желание","lines":"69, 70, 314","arr":["69","70","314"],"terminus":0,"mode":"bus","color":"#0059a9","colorDark":"#00294f","angle":245.7,"snapDist":5,"label":1}},{"type":"Feature","geometry":{"type":"Point","coordinates":[23.367732,42.607215]},"properties":{"name":"ул. 44 - по желание","lines":"69, 70, 314","arr":["69","70","314"],"terminus":0,"mode":"bus","color":"#0059a9","colorDark":"#00294f","angle":247.7,"snapDist":4,"label":1}},{"type":"Feature","geometry":{"type":"Point","coordinates":[23.366592,42.605438]},"properties":{"name":"ул. 12 - по желание","lines":"69, 70, 314","arr":["69","70","314"],"terminus":0,"mode":"bus","color":"#0059a9","colorDark":"#00294f","angle":234.7,"snapDist":4,"label":1}},{"type":"Feature","geometry":{"type":"Point","coordinates":[23.368275,42.598209]},"properties":{"name":"Бистришки тераси - по желание","lines":"69, 70, 314","arr":["69","70","314"],"terminus":0,"mode":"bus","color":"#0059a9","colorDark":"#00294f","angle":309.1,"snapDist":3,"label":1}},{"type":"Feature","geometry":{"type":"Point","coordinates":[23.364567,42.594454]},"properties":{"name":"Мината - по желание","lines":"69, 70, 314","arr":["69","70","314"],"terminus":0,"mode":"bus","color":"#0059a9","colorDark":"#00294f","angle":232.3,"snapDist":3,"label":1}},{"type":"Feature","geometry":{"type":"Point","coordinates":[23.364614,42.590267]},"properties":{"name":"Начало с. Бистрица - по желание","lines":"69, 70, 98, 314","arr":["69","70","98","314"],"terminus":0,"mode":"bus","color":"#0059a9","colorDark":"#00294f","angle":272.3,"snapDist":2,"label":1}},{"type":"Feature","geometry":{"type":"Point","coordinates":[23.359851,42.586322]},"properties":{"name":"Село Бистрица","lines":"69, 70, 98, 314","arr":["69","70","98","314"],"terminus":0,"mode":"bus","color":"#0059a9","colorDark":"#00294f","angle":287.7,"snapDist":3,"label":0}},{"type":"Feature","geometry":{"type":"Point","coordinates":[23.359102,42.583323]},"properties":{"name":"192 - Ро СОУ с. Бистрица","lines":"69, 70, 98","arr":["69","70","98"],"terminus":0,"mode":"bus","color":"#0059a9","colorDark":"#00294f","angle":285.6,"snapDist":2,"label":1}},{"type":"Feature","geometry":{"type":"Point","coordinates":[23.359623,42.57842]},"properties":{"name":"Края с. Бистрица","lines":"69, 70, 98","arr":["69","70","98"],"terminus":0,"mode":"bus","color":"#0059a9","colorDark":"#00294f","angle":268,"snapDist":4,"label":1}},{"type":"Feature","geometry":{"type":"Point","coordinates":[23.35921,42.57607]},"properties":{"name":"Чешмата - по желание","lines":"69, 70, 98","arr":["69","70","98"],"terminus":0,"mode":"bus","color":"#0059a9","colorDark":"#00294f","angle":259.3,"snapDist":3,"label":1}},{"type":"Feature","geometry":{"type":"Point","coordinates":[23.36346,42.566523]},"properties":{"name":"Манастир Св. Йоаким и Ана - по желание","lines":"69, 70, 98","arr":["69","70","98"],"terminus":0,"mode":"bus","color":"#0059a9","colorDark":"#00294f","angle":265.8,"snapDist":4,"label":1}},{"type":"Feature","geometry":{"type":"Point","coordinates":[23.36348,42.563005]},"properties":{"name":"Албена - по желание","lines":"69, 70, 98","arr":["69","70","98"],"terminus":0,"mode":"bus","color":"#0059a9","colorDark":"#00294f","angle":217.9,"snapDist":4,"label":1}},{"type":"Feature","geometry":{"type":"Point","coordinates":[23.364498,42.554993]},"properties":{"name":"По желание","lines":"69, 70, 98","arr":["69","70","98"],"terminus":0,"mode":"bus","color":"#0059a9","colorDark":"#00294f","angle":241.4,"snapDist":5,"label":1}},{"type":"Feature","geometry":{"type":"Point","coordinates":[23.361081,42.547744]},"properties":{"name":"Лифта - по желание","lines":"69, 70, 98","arr":["69","70","98"],"terminus":0,"mode":"bus","color":"#0059a9","colorDark":"#00294f","angle":289,"snapDist":3,"label":1}},{"type":"Feature","geometry":{"type":"Point","coordinates":[23.364756,42.539873]},"properties":{"name":"Анева чешма - по желание","lines":"69, 70, 98","arr":["69","70","98"],"terminus":0,"mode":"bus","color":"#0059a9","colorDark":"#00294f","angle":275.3,"snapDist":7,"label":1}},{"type":"Feature","geometry":{"type":"Point","coordinates":[23.365603,42.535808]},"properties":{"name":"Село Железница","lines":"69, 70","arr":["69","70"],"terminus":0,"mode":"bus","color":"#0059a9","colorDark":"#00294f","angle":284.1,"snapDist":7,"label":1}},{"type":"Feature","geometry":{"type":"Point","coordinates":[23.365199,42.532497]},"properties":{"name":"ул. Люляк - по желание","lines":"69, 70","arr":["69","70"],"terminus":0,"mode":"bus","color":"#0059a9","colorDark":"#00294f","angle":199.7,"snapDist":5,"label":1}},{"type":"Feature","geometry":{"type":"Point","coordinates":[23.36412,42.528945]},"properties":{"name":"Края на с. Железница - по желание","lines":"69, 70","arr":["69","70"],"terminus":0,"mode":"bus","color":"#0059a9","colorDark":"#00294f","angle":300.3,"snapDist":3,"label":1}},{"type":"Feature","geometry":{"type":"Point","coordinates":[23.368078,42.526142]},"properties":{"name":"Махала Чемерник - по желание","lines":"69, 70","arr":["69","70"],"terminus":0,"mode":"bus","color":"#0059a9","colorDark":"#00294f","angle":170.6,"snapDist":2,"label":1}},{"type":"Feature","geometry":{"type":"Point","coordinates":[23.364929,42.524881]},"properties":{"name":"Мотел Бели брези - по желание","lines":"69, 70","arr":["69","70"],"terminus":0,"mode":"bus","color":"#0059a9","colorDark":"#00294f","angle":342.4,"snapDist":2,"label":1}},{"type":"Feature","geometry":{"type":"Point","coordinates":[23.360822,42.524463]},"properties":{"name":"Царева махала","lines":"69","arr":["69"],"terminus":0,"mode":"bus","color":"#0059a9","colorDark":"#00294f","angle":332.5,"snapDist":3,"label":0}},{"type":"Feature","geometry":{"type":"Point","coordinates":[23.354591,42.520028]},"properties":{"name":"Махала Лъката - по желание","lines":"69","arr":["69"],"terminus":0,"mode":"bus","color":"#0059a9","colorDark":"#00294f","angle":324.9,"snapDist":0,"label":1}},{"type":"Feature","geometry":{"type":"Point","coordinates":[23.347314,42.516983]},"properties":{"name":"Ваклинови кошари - по желание","lines":"69","arr":["69"],"terminus":0,"mode":"bus","color":"#0059a9","colorDark":"#00294f","angle":320.8,"snapDist":1,"label":1}},{"type":"Feature","geometry":{"type":"Point","coordinates":[23.331973,42.507506]},"properties":{"name":"Природен парк Витоша - по желание","lines":"69","arr":["69"],"terminus":0,"mode":"bus","color":"#0059a9","colorDark":"#00294f","angle":272.3,"snapDist":3,"label":1}},{"type":"Feature","geometry":{"type":"Point","coordinates":[23.332545,42.504847]},"properties":{"name":"Параклис Св. ВМЧК Мина - по желание","lines":"69","arr":["69"],"terminus":0,"mode":"bus","color":"#0059a9","colorDark":"#00294f","angle":260.1,"snapDist":2,"label":1}},{"type":"Feature","geometry":{"type":"Point","coordinates":[23.333255,42.49982]},"properties":{"name":"Местност Ярема","lines":"69","arr":["69"],"terminus":1,"mode":"bus","color":"#0059a9","colorDark":"#00294f","angle":267.6,"snapDist":8,"label":1}},{"type":"Feature","geometry":{"type":"Point","coordinates":[23.332593,42.50464]},"properties":{"name":"Параклис Св. ВМЧК Мина - по желание","lines":"69","arr":["69"],"terminus":0,"mode":"bus","color":"#0059a9","colorDark":"#00294f","angle":80.8,"snapDist":4,"label":0}},{"type":"Feature","geometry":{"type":"Point","coordinates":[23.331982,42.507578]},"properties":{"name":"Природен парк Витоша - по желание","lines":"69","arr":["69"],"terminus":0,"mode":"bus","color":"#0059a9","colorDark":"#00294f","angle":96,"snapDist":3,"label":0}},{"type":"Feature","geometry":{"type":"Point","coordinates":[23.347052,42.516822]},"properties":{"name":"Ваклинови кошари - по желание","lines":"69","arr":["69"],"terminus":0,"mode":"bus","color":"#0059a9","colorDark":"#00294f","angle":134.4,"snapDist":8,"label":0}},{"type":"Feature","geometry":{"type":"Point","coordinates":[23.354422,42.519941]},"properties":{"name":"Махала Лъката - по желание","lines":"69","arr":["69"],"terminus":0,"mode":"bus","color":"#0059a9","colorDark":"#00294f","angle":144.9,"snapDist":7,"label":0}},{"type":"Feature","geometry":{"type":"Point","coordinates":[23.360201,42.524475]},"properties":{"name":"Царева махала","lines":"69","arr":["69"],"terminus":1,"mode":"bus","color":"#0059a9","colorDark":"#00294f","angle":336.7,"snapDist":3,"label":1}},{"type":"Feature","geometry":{"type":"Point","coordinates":[23.36609,42.525151]},"properties":{"name":"Мотел Бели брези - по желание","lines":"69, 70","arr":["69","70"],"terminus":0,"mode":"bus","color":"#0059a9","colorDark":"#00294f","angle":162,"snapDist":7,"label":0}},{"type":"Feature","geometry":{"type":"Point","coordinates":[23.368188,42.526155]},"properties":{"name":"Махала Чемерник - по желание","lines":"69, 70","arr":["69","70"],"terminus":0,"mode":"bus","color":"#0059a9","colorDark":"#00294f","angle":350.6,"snapDist":5,"label":0}},{"type":"Feature","geometry":{"type":"Point","coordinates":[23.364371,42.529257]},"properties":{"name":"Края на с. Железница - по желание","lines":"69, 70","arr":["69","70"],"terminus":0,"mode":"bus","color":"#0059a9","colorDark":"#00294f","angle":121.3,"snapDist":5,"label":0}},{"type":"Feature","geometry":{"type":"Point","coordinates":[23.367436,42.53218]},"properties":{"name":"ул. Витоша","lines":"69, 70","arr":["69","70"],"terminus":0,"mode":"bus","color":"#0059a9","colorDark":"#00294f","angle":138.1,"snapDist":4,"label":1}},{"type":"Feature","geometry":{"type":"Point","coordinates":[23.366338,42.533842]},"properties":{"name":"Кметство Железница","lines":"69, 70, 98","arr":["69","70","98"],"terminus":1,"mode":"bus","color":"#0059a9","colorDark":"#00294f","angle":59.9,"snapDist":2,"label":1}},{"type":"Feature","geometry":{"type":"Point","coordinates":[23.364923,42.540315]},"properties":{"name":"Анева чешма - по желание","lines":"69, 70, 98","arr":["69","70","98"],"terminus":0,"mode":"bus","color":"#0059a9","colorDark":"#00294f","angle":107.6,"snapDist":2,"label":0}},{"type":"Feature","geometry":{"type":"Point","coordinates":[23.36196,42.548471]},"properties":{"name":"Лифта - по желание","lines":"69, 70, 98","arr":["69","70","98"],"terminus":0,"mode":"bus","color":"#0059a9","colorDark":"#00294f","angle":153.3,"snapDist":5,"label":0}},{"type":"Feature","geometry":{"type":"Point","coordinates":[23.364908,42.556125]},"properties":{"name":"По желание","lines":"69, 70, 98","arr":["69","70","98"],"terminus":0,"mode":"bus","color":"#0059a9","colorDark":"#00294f","angle":179.3,"snapDist":4,"label":0}},{"type":"Feature","geometry":{"type":"Point","coordinates":[23.363113,42.563231]},"properties":{"name":"Албена - по желание","lines":"69, 70, 98","arr":["69","70","98"],"terminus":0,"mode":"bus","color":"#0059a9","colorDark":"#00294f","angle":41.3,"snapDist":4,"label":0}},{"type":"Feature","geometry":{"type":"Point","coordinates":[23.363476,42.566275]},"properties":{"name":"Манастир Св. Йоаким и Ана - по желание","lines":"69, 70, 98","arr":["69","70","98"],"terminus":0,"mode":"bus","color":"#0059a9","colorDark":"#00294f","angle":87.4,"snapDist":3,"label":0}},{"type":"Feature","geometry":{"type":"Point","coordinates":[23.359247,42.575926]},"properties":{"name":"Чешмата - по желание","lines":"69, 70, 98","arr":["69","70","98"],"terminus":0,"mode":"bus","color":"#0059a9","colorDark":"#00294f","angle":79.3,"snapDist":6,"label":0}},{"type":"Feature","geometry":{"type":"Point","coordinates":[23.359619,42.578963]},"properties":{"name":"Края с. Бистрица","lines":"69, 70, 98","arr":["69","70","98"],"terminus":0,"mode":"bus","color":"#0059a9","colorDark":"#00294f","angle":96.6,"snapDist":2,"label":0}},{"type":"Feature","geometry":{"type":"Point","coordinates":[23.35914,42.583425]},"properties":{"name":"192 - Ро СОУ с. Бистрица","lines":"69, 70, 98","arr":["69","70","98"],"terminus":0,"mode":"bus","color":"#0059a9","colorDark":"#00294f","angle":105.6,"snapDist":5,"label":0}},{"type":"Feature","geometry":{"type":"Point","coordinates":[23.360471,42.586252]},"properties":{"name":"Село Бистрица","lines":"69, 70, 98, 314","arr":["69","70","98","314"],"terminus":1,"mode":"bus","color":"#0059a9","colorDark":"#00294f","angle":95.1,"snapDist":6,"label":1}},{"type":"Feature","geometry":{"type":"Point","coordinates":[23.364634,42.590424]},"properties":{"name":"Начало с. Бистрица - по желание","lines":"69, 70, 98, 314","arr":["69","70","98","314"],"terminus":0,"mode":"bus","color":"#0059a9","colorDark":"#00294f","angle":107.7,"snapDist":8,"label":0}},{"type":"Feature","geometry":{"type":"Point","coordinates":[23.364241,42.595485]},"properties":{"name":"Мината - по желание","lines":"69, 70, 314","arr":["69","70","314"],"terminus":0,"mode":"bus","color":"#0059a9","colorDark":"#00294f","angle":89.7,"snapDist":4,"label":0}},{"type":"Feature","geometry":{"type":"Point","coordinates":[23.368462,42.598442]},"properties":{"name":"Бистришки тераси - по желание","lines":"69, 70, 314","arr":["69","70","314"],"terminus":0,"mode":"bus","color":"#0059a9","colorDark":"#00294f","angle":105.1,"snapDist":3,"label":0}},{"type":"Feature","geometry":{"type":"Point","coordinates":[23.366398,42.605659]},"properties":{"name":"ул. 12 - по желание","lines":"69, 70, 314","arr":["69","70","314"],"terminus":0,"mode":"bus","color":"#0059a9","colorDark":"#00294f","angle":57.5,"snapDist":3,"label":0}},{"type":"Feature","geometry":{"type":"Point","coordinates":[23.367457,42.607637]},"properties":{"name":"ул. 44 - по желание","lines":"69, 70, 314","arr":["69","70","314"],"terminus":0,"mode":"bus","color":"#0059a9","colorDark":"#00294f","angle":57.5,"snapDist":3,"label":0}},{"type":"Feature","geometry":{"type":"Point","coordinates":[23.366441,42.609288]},"properties":{"name":"в.з. Бункера-по желание","lines":"69, 70, 314","arr":["69","70","314"],"terminus":0,"mode":"bus","color":"#0059a9","colorDark":"#00294f","angle":65.7,"snapDist":3,"label":0}},{"type":"Feature","geometry":{"type":"Point","coordinates":[23.363755,42.610293]},"properties":{"name":"в.з. Бункера - по желание","lines":"69, 70, 314","arr":["69","70","314"],"terminus":0,"mode":"bus","color":"#0059a9","colorDark":"#00294f","angle":20.5,"snapDist":7,"label":0}},{"type":"Feature","geometry":{"type":"Point","coordinates":[23.363685,42.613895]},"properties":{"name":"Пречиствателна станция - по желание","lines":"69, 70, 314","arr":["69","70","314"],"terminus":0,"mode":"bus","color":"#0059a9","colorDark":"#00294f","angle":72.5,"snapDist":3,"label":0}},{"type":"Feature","geometry":{"type":"Point","coordinates":[23.36145,42.617353]},"properties":{"name":"в.з. Малинова долина - по желание","lines":"69, 70","arr":["69","70"],"terminus":0,"mode":"bus","color":"#0059a9","colorDark":"#00294f","angle":33.4,"snapDist":3,"label":0}},{"type":"Feature","geometry":{"type":"Point","coordinates":[23.358072,42.618447]},"properties":{"name":"Моста на Банишка река - по желание","lines":"69, 70","arr":["69","70"],"terminus":0,"mode":"bus","color":"#0059a9","colorDark":"#00294f","angle":108.5,"snapDist":5,"label":0}},{"type":"Feature","geometry":{"type":"Point","coordinates":[23.358152,42.624281]},"properties":{"name":"Околовръстен път","lines":"69, 70","arr":["69","70"],"terminus":0,"mode":"bus","color":"#0059a9","colorDark":"#00294f","angle":99.4,"snapDist":4,"label":0}},{"type":"Feature","geometry":{"type":"Point","coordinates":[23.358581,42.626777]},"properties":{"name":"Ханчето - по желание","lines":"69, 70","arr":["69","70"],"terminus":0,"mode":"bus","color":"#0059a9","colorDark":"#00294f","angle":60.1,"snapDist":3,"label":0}},{"type":"Feature","geometry":{"type":"Point","coordinates":[23.354799,42.63231]},"properties":{"name":"НЦ по радиобиология - по желание","lines":"69, 70","arr":["69","70"],"terminus":0,"mode":"bus","color":"#0059a9","colorDark":"#00294f","angle":67.2,"snapDist":2,"label":0}},{"type":"Feature","geometry":{"type":"Point","coordinates":[23.353895,42.635013]},"properties":{"name":"ул. 9 - по желание","lines":"69, 70","arr":["69","70"],"terminus":0,"mode":"bus","color":"#0059a9","colorDark":"#00294f","angle":79.3,"snapDist":3,"label":0}},{"type":"Feature","geometry":{"type":"Point","coordinates":[23.353297,42.637949]},"properties":{"name":"кв. Малинова долина - по желание","lines":"69, 70","arr":["69","70"],"terminus":0,"mode":"bus","color":"#0059a9","colorDark":"#00294f","angle":83.9,"snapDist":2,"label":0}},{"type":"Feature","geometry":{"type":"Point","coordinates":[23.35339,42.644071]},"properties":{"name":"СК на НСА - по желание","lines":"69, 70","arr":["69","70"],"terminus":0,"mode":"bus","color":"#0059a9","colorDark":"#00294f","angle":98.6,"snapDist":4,"label":0}},{"type":"Feature","geometry":{"type":"Point","coordinates":[23.358901,42.651053]},"properties":{"name":"ж.к. Дървеница","lines":"69, 70, 88","arr":["69","70","88"],"terminus":0,"mode":"bus","color":"#0059a9","colorDark":"#00294f","angle":126.7,"snapDist":2,"label":0}},{"type":"Feature","geometry":{"type":"Point","coordinates":[23.359699,42.653834]},"properties":{"name":"Лту","lines":"69, 70, 88, 280, N2","arr":["69","70","88","280","N2"],"terminus":0,"mode":"bus","color":"#0059a9","colorDark":"#00294f","angle":78.8,"snapDist":5,"label":1}},{"type":"Feature","geometry":{"type":"Point","coordinates":[23.359123,42.657634]},"properties":{"name":"Технически университет","lines":"69, 70, 88, 280, N2","arr":["69","70","88","280","N2"],"terminus":0,"mode":"bus","color":"#0059a9","colorDark":"#00294f","angle":87.3,"snapDist":11,"label":1}},{"type":"Feature","geometry":{"type":"Point","coordinates":[23.408552,42.487151]},"properties":{"name":"Село Плана","lines":"70","arr":["70"],"terminus":1,"mode":"bus","color":"#0059a9","colorDark":"#00294f","angle":122.2,"snapDist":19,"label":1}},{"type":"Feature","geometry":{"type":"Point","coordinates":[23.411421,42.479529]},"properties":{"name":"Турмачка махала","lines":"70","arr":["70"],"terminus":0,"mode":"bus","color":"#0059a9","colorDark":"#00294f","angle":28.4,"snapDist":5,"label":1}},{"type":"Feature","geometry":{"type":"Point","coordinates":[23.409407,42.483109]},"properties":{"name":"Разклона за с. Плана","lines":"70","arr":["70"],"terminus":0,"mode":"bus","color":"#0059a9","colorDark":"#00294f","angle":309.2,"snapDist":3,"label":1}},{"type":"Feature","geometry":{"type":"Point","coordinates":[23.398522,42.479697]},"properties":{"name":"Начало с. Плана","lines":"70","arr":["70"],"terminus":0,"mode":"bus","color":"#0059a9","colorDark":"#00294f","angle":340.1,"snapDist":4,"label":1}},{"type":"Feature","geometry":{"type":"Point","coordinates":[23.38337,42.487408]},"properties":{"name":"Кантона","lines":"70","arr":["70"],"terminus":0,"mode":"bus","color":"#0059a9","colorDark":"#00294f","angle":54,"snapDist":3,"label":1}},{"type":"Feature","geometry":{"type":"Point","coordinates":[23.376598,42.493995]},"properties":{"name":"Попова махала","lines":"70","arr":["70"],"terminus":0,"mode":"bus","color":"#0059a9","colorDark":"#00294f","angle":83.4,"snapDist":4,"label":1}},{"type":"Feature","geometry":{"type":"Point","coordinates":[23.372147,42.501219]},"properties":{"name":"Махала Елата","lines":"70","arr":["70"],"terminus":0,"mode":"bus","color":"#0059a9","colorDark":"#00294f","angle":62.1,"snapDist":4,"label":1}},{"type":"Feature","geometry":{"type":"Point","coordinates":[23.365033,42.511791]},"properties":{"name":"Лагера","lines":"70","arr":["70"],"terminus":0,"mode":"bus","color":"#0059a9","colorDark":"#00294f","angle":344.7,"snapDist":4,"label":1}},{"type":"Feature","geometry":{"type":"Point","coordinates":[23.363541,42.519886]},"properties":{"name":"По желание","lines":"70","arr":["70"],"terminus":0,"mode":"bus","color":"#0059a9","colorDark":"#00294f","angle":72.1,"snapDist":4,"label":1}},{"type":"Feature","geometry":{"type":"Point","coordinates":[23.363468,42.520086]},"properties":{"name":"По желание","lines":"70","arr":["70"],"terminus":0,"mode":"bus","color":"#0059a9","colorDark":"#00294f","angle":258.5,"snapDist":3,"label":0}},{"type":"Feature","geometry":{"type":"Point","coordinates":[23.36487,42.511759]},"properties":{"name":"Лагера","lines":"70","arr":["70"],"terminus":0,"mode":"bus","color":"#0059a9","colorDark":"#00294f","angle":167.1,"snapDist":3,"label":0}},{"type":"Feature","geometry":{"type":"Point","coordinates":[23.372255,42.501023]},"properties":{"name":"Махала Елата","lines":"70","arr":["70"],"terminus":0,"mode":"bus","color":"#0059a9","colorDark":"#00294f","angle":251.1,"snapDist":0,"label":0}},{"type":"Feature","geometry":{"type":"Point","coordinates":[23.376673,42.493661]},"properties":{"name":"Попова махала","lines":"70","arr":["70"],"terminus":0,"mode":"bus","color":"#0059a9","colorDark":"#00294f","angle":242,"snapDist":7,"label":0}},{"type":"Feature","geometry":{"type":"Point","coordinates":[23.383571,42.487203]},"properties":{"name":"Кантона","lines":"70","arr":["70"],"terminus":0,"mode":"bus","color":"#0059a9","colorDark":"#00294f","angle":235.3,"snapDist":3,"label":0}},{"type":"Feature","geometry":{"type":"Point","coordinates":[23.398621,42.479723]},"properties":{"name":"Начало с. Плана","lines":"70","arr":["70"],"terminus":0,"mode":"bus","color":"#0059a9","colorDark":"#00294f","angle":160.1,"snapDist":1,"label":0}},{"type":"Feature","geometry":{"type":"Point","coordinates":[23.409293,42.483006]},"properties":{"name":"Разклона за с. Плана","lines":"70","arr":["70"],"terminus":0,"mode":"bus","color":"#0059a9","colorDark":"#00294f","angle":129.2,"snapDist":2,"label":0}},{"type":"Feature","geometry":{"type":"Point","coordinates":[23.27654,42.701636]},"properties":{"name":"ж.к. Западен парк","lines":"72, 77","arr":["72","77"],"terminus":1,"mode":"bus","color":"#0059a9","colorDark":"#00294f","angle":175.6,"snapDist":5,"label":1}},{"type":"Feature","geometry":{"type":"Point","coordinates":[23.277277,42.697192]},"properties":{"name":"ж.к. Красна поляна","lines":"72, 77","arr":["72","77"],"terminus":0,"mode":"bus","color":"#0059a9","colorDark":"#00294f","angle":200.2,"snapDist":9,"label":1}},{"type":"Feature","geometry":{"type":"Point","coordinates":[23.280942,42.6962]},"properties":{"name":"ул. проф. Вайганд","lines":"72, 77","arr":["72","77"],"terminus":0,"mode":"bus","color":"#0059a9","colorDark":"#00294f","angle":199.9,"snapDist":6,"label":1}},{"type":"Feature","geometry":{"type":"Point","coordinates":[23.29204,42.69451]},"properties":{"name":"бул. Възкресение","lines":"72","arr":["72"],"terminus":0,"mode":"bus","color":"#0059a9","colorDark":"#00294f","angle":202.1,"snapDist":5,"label":1}},{"type":"Feature","geometry":{"type":"Point","coordinates":[23.29597,42.691198]},"properties":{"name":"ул. Гюешево","lines":"72","arr":["72"],"terminus":0,"mode":"bus","color":"#0059a9","colorDark":"#00294f","angle":239.3,"snapDist":5,"label":1}},{"type":"Feature","geometry":{"type":"Point","coordinates":[23.302919,42.684889]},"properties":{"name":"ВМА","lines":"72, N4","arr":["72","N4"],"terminus":0,"mode":"bus","color":"#0059a9","colorDark":"#00294f","angle":160.4,"snapDist":7,"label":1}},{"type":"Feature","geometry":{"type":"Point","coordinates":[23.308262,42.686296]},"properties":{"name":"УМБАЛ Александровска","lines":"72, N4","arr":["72","N4"],"terminus":0,"mode":"bus","color":"#0059a9","colorDark":"#00294f","angle":160.7,"snapDist":2,"label":1}},{"type":"Feature","geometry":{"type":"Point","coordinates":[23.312092,42.685614]},"properties":{"name":"УМБАЛ Св. Екатерина","lines":"72","arr":["72"],"terminus":0,"mode":"bus","color":"#0059a9","colorDark":"#00294f","angle":227.7,"snapDist":6,"label":1}},{"type":"Feature","geometry":{"type":"Point","coordinates":[23.314242,42.683728]},"properties":{"name":"бул. Витоша","lines":"72","arr":["72"],"terminus":0,"mode":"bus","color":"#0059a9","colorDark":"#00294f","angle":228.7,"snapDist":4,"label":1}},{"type":"Feature","geometry":{"type":"Point","coordinates":[23.322109,42.683129]},"properties":{"name":"бул. Черни връх","lines":"72, 76, 204, 304, 604","arr":["72","76","204","304","604"],"terminus":0,"mode":"bus","color":"#0059a9","colorDark":"#00294f","angle":155.8,"snapDist":8,"label":0}},{"type":"Feature","geometry":{"type":"Point","coordinates":[23.325898,42.684374]},"properties":{"name":"ул. 6-ти септември","lines":"72, 76, 204, 604","arr":["72","76","204","604"],"terminus":0,"mode":"bus","color":"#0059a9","colorDark":"#00294f","angle":156.1,"snapDist":6,"label":1}},{"type":"Feature","geometry":{"type":"Point","coordinates":[23.331974,42.686681]},"properties":{"name":"ул. Граф Игнатиев","lines":"72, 76, 204, 304, 604","arr":["72","76","204","304","604"],"terminus":0,"mode":"bus","color":"#0059a9","colorDark":"#00294f","angle":138.9,"snapDist":5,"label":1}},{"type":"Feature","geometry":{"type":"Point","coordinates":[23.338966,42.690879]},"properties":{"name":"пл. Орлов мост","lines":"72, 75, 213","arr":["72","75","213"],"terminus":0,"mode":"bus","color":"#0059a9","colorDark":"#00294f","angle":162.4,"snapDist":3,"label":0}},{"type":"Feature","geometry":{"type":"Point","coordinates":[23.345341,42.692821]},"properties":{"name":"Военна академия","lines":"72, 75, 213","arr":["72","75","213"],"terminus":0,"mode":"bus","color":"#0059a9","colorDark":"#00294f","angle":140.7,"snapDist":4,"label":0}},{"type":"Feature","geometry":{"type":"Point","coordinates":[23.355373,42.693625]},"properties":{"name":"ул. Оборище","lines":"72, 305, 413","arr":["72","305","413"],"terminus":0,"mode":"bus","color":"#0059a9","colorDark":"#00294f","angle":88.7,"snapDist":7,"label":0}},{"type":"Feature","geometry":{"type":"Point","coordinates":[23.359824,42.676671]},"properties":{"name":"Хотел Плиска","lines":"72","arr":["72"],"terminus":1,"mode":"bus","color":"#0059a9","colorDark":"#00294f","angle":105.7,"snapDist":5,"label":1}},{"type":"Feature","geometry":{"type":"Point","coordinates":[23.3614,42.679844]},"properties":{"name":"бул. Шипченски проход","lines":"72, N4","arr":["72","N4"],"terminus":0,"mode":"bus","color":"#0059a9","colorDark":"#00294f","angle":110.2,"snapDist":4,"label":1}},{"type":"Feature","geometry":{"type":"Point","coordinates":[23.362723,42.682599]},"properties":{"name":"ул. Гео Милев","lines":"72, N4","arr":["72","N4"],"terminus":0,"mode":"bus","color":"#0059a9","colorDark":"#00294f","angle":108.7,"snapDist":6,"label":1}},{"type":"Feature","geometry":{"type":"Point","coordinates":[23.365053,42.684943]},"properties":{"name":"Зала Фестивална","lines":"72, N4","arr":["72","N4"],"terminus":0,"mode":"bus","color":"#0059a9","colorDark":"#00294f","angle":129.5,"snapDist":4,"label":1}},{"type":"Feature","geometry":{"type":"Point","coordinates":[23.365863,42.687255]},"properties":{"name":"ул. Калиманци","lines":"72, N4","arr":["72","N4"],"terminus":0,"mode":"bus","color":"#0059a9","colorDark":"#00294f","angle":79.6,"snapDist":5,"label":1}},{"type":"Feature","geometry":{"type":"Point","coordinates":[23.363742,42.690796]},"properties":{"name":"ул. Атанас Узунов","lines":"72, N4","arr":["72","N4"],"terminus":0,"mode":"bus","color":"#0059a9","colorDark":"#00294f","angle":89.7,"snapDist":2,"label":1}},{"type":"Feature","geometry":{"type":"Point","coordinates":[23.359947,42.692657]},"properties":{"name":"Читалище Отец Паисий","lines":"72, N4","arr":["72","N4"],"terminus":0,"mode":"bus","color":"#0059a9","colorDark":"#00294f","angle":14.5,"snapDist":3,"label":1}},{"type":"Feature","geometry":{"type":"Point","coordinates":[23.354864,42.696074]},"properties":{"name":"Гара Подуяне","lines":"72, 305, 413","arr":["72","305","413"],"terminus":0,"mode":"bus","color":"#0059a9","colorDark":"#00294f","angle":258.4,"snapDist":8,"label":0}},{"type":"Feature","geometry":{"type":"Point","coordinates":[23.330055,42.686364]},"properties":{"name":"ул. Граф Игнатиев","lines":"72, 76, 94, 204, 304, 604","arr":["72","76","94","204","304","604"],"terminus":0,"mode":"bus","color":"#0059a9","colorDark":"#00294f","angle":336.5,"snapDist":5,"label":0}},{"type":"Feature","geometry":{"type":"Point","coordinates":[23.325313,42.684817]},"properties":{"name":"ул. 6-ти септември","lines":"72, 76, 94, 204, 604","arr":["72","76","94","204","604"],"terminus":0,"mode":"bus","color":"#0059a9","colorDark":"#00294f","angle":336.1,"snapDist":5,"label":0}},{"type":"Feature","geometry":{"type":"Point","coordinates":[23.314705,42.683712]},"properties":{"name":"бул. Витоша","lines":"72","arr":["72"],"terminus":0,"mode":"bus","color":"#0059a9","colorDark":"#00294f","angle":46.6,"snapDist":4,"label":0}},{"type":"Feature","geometry":{"type":"Point","coordinates":[23.311675,42.685992]},"properties":{"name":"УМБАЛ Св. Екатерина","lines":"72","arr":["72"],"terminus":0,"mode":"bus","color":"#0059a9","colorDark":"#00294f","angle":46.7,"snapDist":8,"label":0}},{"type":"Feature","geometry":{"type":"Point","coordinates":[23.306339,42.685796]},"properties":{"name":"УМБАЛ Александровска","lines":"72, 260, 604, N4","arr":["72","260","604","N4"],"terminus":0,"mode":"bus","color":"#0059a9","colorDark":"#00294f","angle":340.7,"snapDist":8,"label":0}},{"type":"Feature","geometry":{"type":"Point","coordinates":[23.302089,42.684673]},"properties":{"name":"ВМА","lines":"72, 260, 604, N4","arr":["72","260","604","N4"],"terminus":0,"mode":"bus","color":"#0059a9","colorDark":"#00294f","angle":340.2,"snapDist":7,"label":0}},{"type":"Feature","geometry":{"type":"Point","coordinates":[23.299683,42.687394]},"properties":{"name":"бул. Цар Борис ІІІ","lines":"72","arr":["72"],"terminus":0,"mode":"bus","color":"#0059a9","colorDark":"#00294f","angle":49,"snapDist":4,"label":0}},{"type":"Feature","geometry":{"type":"Point","coordinates":[23.295038,42.692782]},"properties":{"name":"ул. Гюешево","lines":"72","arr":["72"],"terminus":0,"mode":"bus","color":"#0059a9","colorDark":"#00294f","angle":72,"snapDist":5,"label":0}},{"type":"Feature","geometry":{"type":"Point","coordinates":[23.293013,42.694439]},"properties":{"name":"бул. Възкресение","lines":"72","arr":["72"],"terminus":0,"mode":"bus","color":"#0059a9","colorDark":"#00294f","angle":18.6,"snapDist":5,"label":0}},{"type":"Feature","geometry":{"type":"Point","coordinates":[23.280471,42.696445]},"properties":{"name":"ул. проф. Вайганд","lines":"72, 77","arr":["72","77"],"terminus":0,"mode":"bus","color":"#0059a9","colorDark":"#00294f","angle":19.1,"snapDist":4,"label":0}},{"type":"Feature","geometry":{"type":"Point","coordinates":[23.277198,42.697313]},"properties":{"name":"ж.к. Красна поляна","lines":"72, 77","arr":["72","77"],"terminus":0,"mode":"bus","color":"#0059a9","colorDark":"#00294f","angle":19.4,"snapDist":2,"label":0}},{"type":"Feature","geometry":{"type":"Point","coordinates":[23.360084,42.696473]},"properties":{"name":"ул. Велчо Атанасов","lines":"72, N4","arr":["72","N4"],"terminus":0,"mode":"bus","color":"#0059a9","colorDark":"#00294f","angle":196.9,"snapDist":6,"label":0}},{"type":"Feature","geometry":{"type":"Point","coordinates":[23.359527,42.692497]},"properties":{"name":"Читалище Отец Паисий","lines":"72, N4","arr":["72","N4"],"terminus":0,"mode":"bus","color":"#0059a9","colorDark":"#00294f","angle":284.5,"snapDist":9,"label":0}},{"type":"Feature","geometry":{"type":"Point","coordinates":[23.359037,42.689976]},"properties":{"name":"ул. Георги Минчев","lines":"72, N4","arr":["72","N4"],"terminus":0,"mode":"bus","color":"#0059a9","colorDark":"#00294f","angle":201.1,"snapDist":5,"label":1}},{"type":"Feature","geometry":{"type":"Point","coordinates":[23.362806,42.688934]},"properties":{"name":"ул. Стоил войвода","lines":"72, N4","arr":["72","N4"],"terminus":0,"mode":"bus","color":"#0059a9","colorDark":"#00294f","angle":199.7,"snapDist":5,"label":1}},{"type":"Feature","geometry":{"type":"Point","coordinates":[23.364386,42.689417]},"properties":{"name":"ул. Атанас Узунов","lines":"72, N4","arr":["72","N4"],"terminus":0,"mode":"bus","color":"#0059a9","colorDark":"#00294f","angle":241.8,"snapDist":5,"label":0}},{"type":"Feature","geometry":{"type":"Point","coordinates":[23.365868,42.687236]},"properties":{"name":"ул. Калиманци","lines":"72, N4","arr":["72","N4"],"terminus":0,"mode":"bus","color":"#0059a9","colorDark":"#00294f","angle":259.6,"snapDist":7,"label":0}},{"type":"Feature","geometry":{"type":"Point","coordinates":[23.364493,42.684547]},"properties":{"name":"Зала Фестивална","lines":"72, N4","arr":["72","N4"],"terminus":0,"mode":"bus","color":"#0059a9","colorDark":"#00294f","angle":321.5,"snapDist":5,"label":0}},{"type":"Feature","geometry":{"type":"Point","coordinates":[23.362525,42.682172]},"properties":{"name":"ул. Гео Милев","lines":"72, N4","arr":["72","N4"],"terminus":0,"mode":"bus","color":"#0059a9","colorDark":"#00294f","angle":288.6,"snapDist":4,"label":0}},{"type":"Feature","geometry":{"type":"Point","coordinates":[23.360822,42.678704]},"properties":{"name":"бул. Шипченски проход","lines":"72","arr":["72"],"terminus":0,"mode":"bus","color":"#0059a9","colorDark":"#00294f","angle":288.3,"snapDist":4,"label":0}},{"type":"Feature","geometry":{"type":"Point","coordinates":[23.359332,42.676091]},"properties":{"name":"Хотел Плиска","lines":"72","arr":["72"],"terminus":1,"mode":"bus","color":"#0059a9","colorDark":"#00294f","angle":313.5,"snapDist":6,"label":0}},{"type":"Feature","geometry":{"type":"Point","coordinates":[23.371974,42.690415]},"properties":{"name":"ул. Иван Щерев","lines":"75, 404","arr":["75","404"],"terminus":0,"mode":"bus","color":"#0059a9","colorDark":"#00294f","angle":222.8,"snapDist":5,"label":1}},{"type":"Feature","geometry":{"type":"Point","coordinates":[23.375399,42.687975]},"properties":{"name":"бл. 33 ж.к. Слатина","lines":"75, 404","arr":["75","404"],"terminus":0,"mode":"bus","color":"#0059a9","colorDark":"#00294f","angle":225.8,"snapDist":5,"label":1}},{"type":"Feature","geometry":{"type":"Point","coordinates":[23.376284,42.683609]},"properties":{"name":"бл. 7 ж.к. Хр. Смирненски","lines":"75, 404","arr":["75","404"],"terminus":0,"mode":"bus","color":"#0059a9","colorDark":"#00294f","angle":288.5,"snapDist":5,"label":1}},{"type":"Feature","geometry":{"type":"Point","coordinates":[23.375157,42.68108]},"properties":{"name":"бл. 15 ж.к. Хр. Смирненски","lines":"75, 404","arr":["75","404"],"terminus":0,"mode":"bus","color":"#0059a9","colorDark":"#00294f","angle":286.6,"snapDist":6,"label":1}},{"type":"Feature","geometry":{"type":"Point","coordinates":[23.375447,42.681755]},"properties":{"name":"бл. 15 ж.к. Хр. Смирненски","lines":"75, 404","arr":["75","404"],"terminus":0,"mode":"bus","color":"#0059a9","colorDark":"#00294f","angle":108.5,"snapDist":3,"label":0}},{"type":"Feature","geometry":{"type":"Point","coordinates":[23.376696,42.684529]},"properties":{"name":"бл. 7 ж.к. Хр. Смирненски","lines":"75, 404","arr":["75","404"],"terminus":0,"mode":"bus","color":"#0059a9","colorDark":"#00294f","angle":108.3,"snapDist":4,"label":0}},{"type":"Feature","geometry":{"type":"Point","coordinates":[23.374735,42.688473]},"properties":{"name":"бл. 33 ж.к. Слатина","lines":"75, 404","arr":["75","404"],"terminus":0,"mode":"bus","color":"#0059a9","colorDark":"#00294f","angle":45.5,"snapDist":5,"label":0}},{"type":"Feature","geometry":{"type":"Point","coordinates":[23.346583,42.695721]},"properties":{"name":"Театър София","lines":"75, 213","arr":["75","213"],"terminus":0,"mode":"bus","color":"#0059a9","colorDark":"#00294f","angle":278.9,"snapDist":5,"label":0}},{"type":"Feature","geometry":{"type":"Point","coordinates":[23.384688,42.626013]},"properties":{"name":"ж.к. Младост-4","lines":"76, 213, N1","arr":["76","213","N1"],"terminus":1,"mode":"bus","color":"#0059a9","colorDark":"#00294f","angle":66,"snapDist":2,"label":1}},{"type":"Feature","geometry":{"type":"Point","coordinates":[23.383031,42.628721]},"properties":{"name":"бл. 465 ж.к. Младост-4","lines":"76","arr":["76"],"terminus":0,"mode":"bus","color":"#0059a9","colorDark":"#00294f","angle":65.7,"snapDist":4,"label":1}},{"type":"Feature","geometry":{"type":"Point","coordinates":[23.380335,42.632453]},"properties":{"name":"115-ти пощенски клон","lines":"76, 213, 314, N1","arr":["76","213","314","N1"],"terminus":0,"mode":"bus","color":"#0059a9","colorDark":"#00294f","angle":89.6,"snapDist":7,"label":1}},{"type":"Feature","geometry":{"type":"Point","coordinates":[23.376695,42.633255]},"properties":{"name":"бл. 427 ж.к. Младост-4","lines":"76","arr":["76"],"terminus":0,"mode":"bus","color":"#0059a9","colorDark":"#00294f","angle":358.9,"snapDist":4,"label":1}},{"type":"Feature","geometry":{"type":"Point","coordinates":[23.375049,42.63088]},"properties":{"name":"бл. 437 ж.к. Младост-4","lines":"76, 413","arr":["76","413"],"terminus":0,"mode":"bus","color":"#0059a9","colorDark":"#00294f","angle":268.7,"snapDist":6,"label":1}},{"type":"Feature","geometry":{"type":"Point","coordinates":[23.373188,42.630626]},"properties":{"name":"Метростанция Бизнес парк","lines":"76, 111","arr":["76","111"],"terminus":0,"mode":"bus","color":"#0059a9","colorDark":"#00294f","angle":89.6,"snapDist":8,"label":0}},{"type":"Feature","geometry":{"type":"Point","coordinates":[23.370834,42.63721]},"properties":{"name":"бл. 202 ж.к. Младост-2","lines":"76, 111","arr":["76","111"],"terminus":0,"mode":"bus","color":"#0059a9","colorDark":"#00294f","angle":185.8,"snapDist":6,"label":1}},{"type":"Feature","geometry":{"type":"Point","coordinates":[23.37308,42.637771]},"properties":{"name":"бл. 458 ж.к. Младост 4","lines":"76, 111, X10","arr":["76","111","X10"],"terminus":0,"mode":"bus","color":"#0059a9","colorDark":"#00294f","angle":89.5,"snapDist":4,"label":1}},{"type":"Feature","geometry":{"type":"Point","coordinates":[23.373303,42.641944]},"properties":{"name":"Метростанция акад. А. Т.- Балан","lines":"76, 111, 305, N1","arr":["76","111","305","N1"],"terminus":0,"mode":"bus","color":"#0059a9","colorDark":"#00294f","angle":107.4,"snapDist":8,"label":0}},{"type":"Feature","geometry":{"type":"Point","coordinates":[23.375222,42.645206]},"properties":{"name":"бл. 222 ж.к. Младост-2","lines":"76, 111, 305, N1","arr":["76","111","305","N1"],"terminus":0,"mode":"bus","color":"#0059a9","colorDark":"#00294f","angle":114.1,"snapDist":8,"label":1}},{"type":"Feature","geometry":{"type":"Point","coordinates":[23.376592,42.647418]},"properties":{"name":"Метростанция Ал. Малинов","lines":"76, 111, 213, 305, 314, N1","arr":["76","111","213","305","314","N1"],"terminus":0,"mode":"bus","color":"#0059a9","colorDark":"#00294f","angle":114.6,"snapDist":7,"label":1}},{"type":"Feature","geometry":{"type":"Point","coordinates":[23.37984,42.652549]},"properties":{"name":"бл. 43 ж.к. Младост-1","lines":"76, 88, 213, 305, N1","arr":["76","88","213","305","N1"],"terminus":0,"mode":"bus","color":"#0059a9","colorDark":"#00294f","angle":115.7,"snapDist":9,"label":1}},{"type":"Feature","geometry":{"type":"Point","coordinates":[23.382158,42.655662]},"properties":{"name":"ХМС","lines":"76, 88, 213, 305, N1","arr":["76","88","213","305","N1"],"terminus":0,"mode":"bus","color":"#0059a9","colorDark":"#00294f","angle":129.9,"snapDist":11,"label":1}},{"type":"Feature","geometry":{"type":"Point","coordinates":[23.385138,42.656823]},"properties":{"name":"Държавна печатница","lines":"76, 181, 183, 185, 213, 305, N1","arr":["76","181","183","185","213","305","N1"],"terminus":0,"mode":"bus","color":"#0059a9","colorDark":"#00294f","angle":44.5,"snapDist":7,"label":1}},{"type":"Feature","geometry":{"type":"Point","coordinates":[23.380747,42.659942]},"properties":{"name":"Хермес парк","lines":"76, 84, 181, 183, 185, 204, 213, 304, 305, 604, N1","arr":["76","84","181","183","185","204","213","304","305","604","N1"],"terminus":0,"mode":"bus","color":"#0059a9","colorDark":"#00294f","angle":44.1,"snapDist":11,"label":1}},{"type":"Feature","geometry":{"type":"Point","coordinates":[23.376833,42.662709]},"properties":{"name":"УМБАЛ Св. Анна","lines":"76, 84, 181, 183, 185, 204, 213, 304, 305, 604, N1","arr":["76","84","181","183","185","204","213","304","305","604","N1"],"terminus":0,"mode":"bus","color":"#0059a9","colorDark":"#00294f","angle":44,"snapDist":8,"label":0}},{"type":"Feature","geometry":{"type":"Point","coordinates":[23.358828,42.675508]},"properties":{"name":"Хотел Плиска","lines":"76, 84, 183, 204, 213, 280, 304, 305, 604, N1","arr":["76","84","183","204","213","280","304","305","604","N1"],"terminus":0,"mode":"bus","color":"#0059a9","colorDark":"#00294f","angle":44.2,"snapDist":8,"label":0}},{"type":"Feature","geometry":{"type":"Point","coordinates":[23.344183,42.685887]},"properties":{"name":"Българска телеграфна агенция","lines":"76, 84, N1","arr":["76","84","N1"],"terminus":0,"mode":"bus","color":"#0059a9","colorDark":"#00294f","angle":43.6,"snapDist":9,"label":1}},{"type":"Feature","geometry":{"type":"Point","coordinates":[23.322076,42.683763]},"properties":{"name":"бул. Черни връх","lines":"76, 204, 304","arr":["76","204","304"],"terminus":0,"mode":"bus","color":"#0059a9","colorDark":"#00294f","angle":335.9,"snapDist":6,"label":0}},{"type":"Feature","geometry":{"type":"Point","coordinates":[23.306564,42.680776]},"properties":{"name":"ПГ по дизайн Елисавета Вазова","lines":"76, 204, 604","arr":["76","204","604"],"terminus":0,"mode":"bus","color":"#0059a9","colorDark":"#00294f","angle":334.2,"snapDist":6,"label":1}},{"type":"Feature","geometry":{"type":"Point","coordinates":[23.302572,42.678594]},"properties":{"name":"бул. акад. Ив. Гешов","lines":"76, 102","arr":["76","102"],"terminus":0,"mode":"bus","color":"#0059a9","colorDark":"#00294f","angle":256.6,"snapDist":6,"label":0}},{"type":"Feature","geometry":{"type":"Point","coordinates":[23.303631,42.675264]},"properties":{"name":"ж.к. Иван Вазов","lines":"76, 102","arr":["76","102"],"terminus":0,"mode":"bus","color":"#0059a9","colorDark":"#00294f","angle":255.7,"snapDist":8,"label":1}},{"type":"Feature","geometry":{"type":"Point","coordinates":[23.303704,42.669309]},"properties":{"name":"ул. Нишава","lines":"76","arr":["76"],"terminus":0,"mode":"bus","color":"#0059a9","colorDark":"#00294f","angle":278.4,"snapDist":8,"label":1}},{"type":"Feature","geometry":{"type":"Point","coordinates":[23.301895,42.665861]},"properties":{"name":"бул. Гоце Делчев","lines":"76","arr":["76"],"terminus":0,"mode":"bus","color":"#0059a9","colorDark":"#00294f","angle":42.6,"snapDist":9,"label":1}},{"type":"Feature","geometry":{"type":"Point","coordinates":[23.299959,42.66612]},"properties":{"name":"ул. Костенски водопад","lines":"76","arr":["76"],"terminus":0,"mode":"bus","color":"#0059a9","colorDark":"#00294f","angle":314.2,"snapDist":6,"label":1}},{"type":"Feature","geometry":{"type":"Point","coordinates":[23.296946,42.663824]},"properties":{"name":"29-ти ДКЦ","lines":"76","arr":["76"],"terminus":0,"mode":"bus","color":"#0059a9","colorDark":"#00294f","angle":315.5,"snapDist":7,"label":1}},{"type":"Feature","geometry":{"type":"Point","coordinates":[23.295656,42.662079]},"properties":{"name":"ул. Т. Каблешков","lines":"76","arr":["76"],"terminus":0,"mode":"bus","color":"#0059a9","colorDark":"#00294f","angle":293.8,"snapDist":7,"label":1}},{"type":"Feature","geometry":{"type":"Point","coordinates":[23.297236,42.660466]},"properties":{"name":"ж.к. Гоце Делчев","lines":"76, 204","arr":["76","204"],"terminus":1,"mode":"bus","color":"#0059a9","colorDark":"#00294f","angle":213.3,"snapDist":5,"label":1}},{"type":"Feature","geometry":{"type":"Point","coordinates":[23.297841,42.66005]},"properties":{"name":"ж.к. Гоце Делчев","lines":"76, 204, N4","arr":["76","204","N4"],"terminus":1,"mode":"bus","color":"#0059a9","colorDark":"#00294f","angle":118.4,"snapDist":2,"label":0}},{"type":"Feature","geometry":{"type":"Point","coordinates":[23.295737,42.662214]},"properties":{"name":"ул. Т. Каблешков","lines":"76","arr":["76"],"terminus":0,"mode":"bus","color":"#0059a9","colorDark":"#00294f","angle":113.8,"snapDist":7,"label":0}},{"type":"Feature","geometry":{"type":"Point","coordinates":[23.297644,42.664344]},"properties":{"name":"29-ти ДКЦ","lines":"76","arr":["76"],"terminus":0,"mode":"bus","color":"#0059a9","colorDark":"#00294f","angle":134,"snapDist":6,"label":0}},{"type":"Feature","geometry":{"type":"Point","coordinates":[23.300269,42.666354]},"properties":{"name":"ул. Костенски водопад","lines":"76","arr":["76"],"terminus":0,"mode":"bus","color":"#0059a9","colorDark":"#00294f","angle":134.5,"snapDist":7,"label":0}},{"type":"Feature","geometry":{"type":"Point","coordinates":[23.303016,42.665903]},"properties":{"name":"бул. Гоце Делчев","lines":"76","arr":["76"],"terminus":0,"mode":"bus","color":"#0059a9","colorDark":"#00294f","angle":98.4,"snapDist":10,"label":0}},{"type":"Feature","geometry":{"type":"Point","coordinates":[23.303833,42.669949]},"properties":{"name":"ул. Нишава","lines":"76","arr":["76"],"terminus":0,"mode":"bus","color":"#0059a9","colorDark":"#00294f","angle":98.5,"snapDist":6,"label":0}},{"type":"Feature","geometry":{"type":"Point","coordinates":[23.303256,42.677016]},"properties":{"name":"ж.к. Иван Вазов","lines":"76, 102","arr":["76","102"],"terminus":0,"mode":"bus","color":"#0059a9","colorDark":"#00294f","angle":98.6,"snapDist":5,"label":0}},{"type":"Feature","geometry":{"type":"Point","coordinates":[23.306796,42.680605]},"properties":{"name":"ПГ по дизайн Елисавета Вазова","lines":"76, 204, 604","arr":["76","204","604"],"terminus":0,"mode":"bus","color":"#0059a9","colorDark":"#00294f","angle":154.5,"snapDist":4,"label":0}},{"type":"Feature","geometry":{"type":"Point","coordinates":[23.339013,42.689408]},"properties":{"name":"пл. Орлов мост","lines":"76, 84, 183, 204, 213, 280, 304, 604, N1","arr":["76","84","183","204","213","280","304","604","N1"],"terminus":0,"mode":"bus","color":"#0059a9","colorDark":"#00294f","angle":230.2,"snapDist":12,"label":1}},{"type":"Feature","geometry":{"type":"Point","coordinates":[23.344011,42.68586]},"properties":{"name":"Българска телеграфна агенция","lines":"76, 84, N1","arr":["76","84","N1"],"terminus":0,"mode":"bus","color":"#0059a9","colorDark":"#00294f","angle":223.5,"snapDist":8,"label":0}},{"type":"Feature","geometry":{"type":"Point","coordinates":[23.359105,42.67498]},"properties":{"name":"Хотел Плиска","lines":"76, 84, 183, 204, 213, 280, 304, 305, 604, N1","arr":["76","84","183","204","213","280","304","305","604","N1"],"terminus":0,"mode":"bus","color":"#0059a9","colorDark":"#00294f","angle":40.5,"snapDist":6,"label":0}},{"type":"Feature","geometry":{"type":"Point","coordinates":[23.376525,42.662713]},"properties":{"name":"УМБАЛ Св. Анна","lines":"76, 84, 181, 183, 185, 204, 213, 304, 305, 604, N1","arr":["76","84","181","183","185","204","213","304","305","604","N1"],"terminus":0,"mode":"bus","color":"#0059a9","colorDark":"#00294f","angle":224.1,"snapDist":10,"label":0}},{"type":"Feature","geometry":{"type":"Point","coordinates":[23.381484,42.655194]},"properties":{"name":"ХМС","lines":"76, 88, 213, 305, N1","arr":["76","88","213","305","N1"],"terminus":0,"mode":"bus","color":"#0059a9","colorDark":"#00294f","angle":304.1,"snapDist":4,"label":0}},{"type":"Feature","geometry":{"type":"Point","coordinates":[23.379129,42.651646]},"properties":{"name":"бл. 43 ж.к. Младост-1","lines":"76, 88, 213, 305, N1","arr":["76","88","213","305","N1"],"terminus":0,"mode":"bus","color":"#0059a9","colorDark":"#00294f","angle":295.5,"snapDist":8,"label":0}},{"type":"Feature","geometry":{"type":"Point","coordinates":[23.375639,42.646102]},"properties":{"name":"Метростанция Ал. Малинов","lines":"76, 111, 305, N1","arr":["76","111","305","N1"],"terminus":0,"mode":"bus","color":"#0059a9","colorDark":"#00294f","angle":294.2,"snapDist":8,"label":0}},{"type":"Feature","geometry":{"type":"Point","coordinates":[23.374559,42.644339]},"properties":{"name":"бл. 222 ж.к. Младост-2","lines":"76, 111, 305, N1","arr":["76","111","305","N1"],"terminus":0,"mode":"bus","color":"#0059a9","colorDark":"#00294f","angle":294.9,"snapDist":8,"label":0}},{"type":"Feature","geometry":{"type":"Point","coordinates":[23.372211,42.640529]},"properties":{"name":"Метростанция акад. А. Т.- Балан","lines":"76, 111","arr":["76","111"],"terminus":0,"mode":"bus","color":"#0059a9","colorDark":"#00294f","angle":294,"snapDist":3,"label":0}},{"type":"Feature","geometry":{"type":"Point","coordinates":[23.370336,42.637451]},"properties":{"name":"бл. 202 ж.к. Младост-2","lines":"76, 111","arr":["76","111"],"terminus":0,"mode":"bus","color":"#0059a9","colorDark":"#00294f","angle":294.5,"snapDist":4,"label":0}},{"type":"Feature","geometry":{"type":"Point","coordinates":[23.372988,42.634538]},"properties":{"name":"бл. 458 ж.к. Младост 4","lines":"76, 111, X9, X10","arr":["76","111","X9","X10"],"terminus":0,"mode":"bus","color":"#0059a9","colorDark":"#00294f","angle":269,"snapDist":8,"label":1}},{"type":"Feature","geometry":{"type":"Point","coordinates":[23.374114,42.630006]},"properties":{"name":"Метростанция Бизнес парк","lines":"76, 314","arr":["76","314"],"terminus":0,"mode":"bus","color":"#0059a9","colorDark":"#00294f","angle":168.3,"snapDist":8,"label":0}},{"type":"Feature","geometry":{"type":"Point","coordinates":[23.375052,42.630808]},"properties":{"name":"бл. 437 ж.к. Младост-4","lines":"76, 413, X9","arr":["76","413","X9"],"terminus":0,"mode":"bus","color":"#0059a9","colorDark":"#00294f","angle":88.7,"snapDist":8,"label":0}},{"type":"Feature","geometry":{"type":"Point","coordinates":[23.376881,42.633258]},"properties":{"name":"бл. 427 ж.к. Младост-4","lines":"76","arr":["76"],"terminus":0,"mode":"bus","color":"#0059a9","colorDark":"#00294f","angle":178.9,"snapDist":5,"label":0}},{"type":"Feature","geometry":{"type":"Point","coordinates":[23.380395,42.631769]},"properties":{"name":"115-ти пощенски клон","lines":"76, 213, 314, N1","arr":["76","213","314","N1"],"terminus":0,"mode":"bus","color":"#0059a9","colorDark":"#00294f","angle":265.1,"snapDist":7,"label":0}},{"type":"Feature","geometry":{"type":"Point","coordinates":[23.383368,42.628181]},"properties":{"name":"бл. 465 ж.к. Младост-4","lines":"76","arr":["76"],"terminus":0,"mode":"bus","color":"#0059a9","colorDark":"#00294f","angle":245.5,"snapDist":6,"label":0}},{"type":"Feature","geometry":{"type":"Point","coordinates":[23.385109,42.6253]},"properties":{"name":"ж.к. Младост-4","lines":"76, N1","arr":["76","N1"],"terminus":0,"mode":"bus","color":"#0059a9","colorDark":"#00294f","angle":247.2,"snapDist":5,"label":0}},{"type":"Feature","geometry":{"type":"Point","coordinates":[23.385122,42.625277]},"properties":{"name":"ж.к. Младост-4","lines":"76, N1","arr":["76","N1"],"terminus":1,"mode":"bus","color":"#0059a9","colorDark":"#00294f","angle":247.2,"snapDist":4,"label":0}},{"type":"Feature","geometry":{"type":"Point","coordinates":[23.318594,42.710672]},"properties":{"name":"Централна гара","lines":"77, 82, 85, 101, 285, 413, N2","arr":["77","82","85","101","285","413","N2"],"terminus":1,"mode":"bus","color":"#0059a9","colorDark":"#00294f","angle":292.6,"snapDist":7,"label":0}},{"type":"Feature","geometry":{"type":"Point","coordinates":[23.318137,42.708512]},"properties":{"name":"ул. Клокотница","lines":"77, 78, 82, 101, 213, 305, 404, 413, N2","arr":["77","78","82","101","213","305","404","413","N2"],"terminus":0,"mode":"bus","color":"#0059a9","colorDark":"#00294f","angle":278.3,"snapDist":6,"label":0}},{"type":"Feature","geometry":{"type":"Point","coordinates":[23.31298,42.705958]},"properties":{"name":"ул. Опълченска","lines":"77, 82, 86, 101","arr":["77","82","86","101"],"terminus":0,"mode":"bus","color":"#0059a9","colorDark":"#00294f","angle":5.6,"snapDist":8,"label":0}},{"type":"Feature","geometry":{"type":"Point","coordinates":[23.313878,42.709877]},"properties":{"name":"ул. Охрид","lines":"77, 82, 86, 101","arr":["77","82","86","101"],"terminus":0,"mode":"bus","color":"#0059a9","colorDark":"#00294f","angle":107.6,"snapDist":4,"label":1}},{"type":"Feature","geometry":{"type":"Point","coordinates":[23.314871,42.712197]},"properties":{"name":"бул. Княгиня Мария Луиза","lines":"77, 82, 86, 101","arr":["77","82","86","101"],"terminus":0,"mode":"bus","color":"#0059a9","colorDark":"#00294f","angle":111.5,"snapDist":5,"label":1}},{"type":"Feature","geometry":{"type":"Point","coordinates":[23.311834,42.714831]},"properties":{"name":"Надлез Надежда","lines":"77, 82, 85, 86, 101, 285, 413, N2","arr":["77","82","85","86","101","285","413","N2"],"terminus":0,"mode":"bus","color":"#0059a9","colorDark":"#00294f","angle":33.4,"snapDist":4,"label":1}},{"type":"Feature","geometry":{"type":"Point","coordinates":[23.305821,42.713748]},"properties":{"name":"Надлез Надежда","lines":"77, 82","arr":["77","82"],"terminus":0,"mode":"bus","color":"#0059a9","colorDark":"#00294f","angle":330.9,"snapDist":1,"label":0}},{"type":"Feature","geometry":{"type":"Point","coordinates":[23.303161,42.712644]},"properties":{"name":"ул. Иван Йосифов","lines":"77, 82","arr":["77","82"],"terminus":0,"mode":"bus","color":"#0059a9","colorDark":"#00294f","angle":330.5,"snapDist":1,"label":1}},{"type":"Feature","geometry":{"type":"Point","coordinates":[23.300094,42.711776]},"properties":{"name":"ул. Йосиф Щросмайер","lines":"77, 82","arr":["77","82"],"terminus":0,"mode":"bus","color":"#0059a9","colorDark":"#00294f","angle":60.6,"snapDist":5,"label":1}},{"type":"Feature","geometry":{"type":"Point","coordinates":[23.298375,42.714009]},"properties":{"name":"ул. Крум Стоянов","lines":"77, 82","arr":["77","82"],"terminus":0,"mode":"bus","color":"#0059a9","colorDark":"#00294f","angle":61.6,"snapDist":6,"label":1}},{"type":"Feature","geometry":{"type":"Point","coordinates":[23.285441,42.701826]},"properties":{"name":"бул. Ал. Стамболийски","lines":"77","arr":["77"],"terminus":0,"mode":"bus","color":"#0059a9","colorDark":"#00294f","angle":258.6,"snapDist":3,"label":0}},{"type":"Feature","geometry":{"type":"Point","coordinates":[23.286906,42.697704]},"properties":{"name":"бул. Вардар","lines":"77","arr":["77"],"terminus":0,"mode":"bus","color":"#0059a9","colorDark":"#00294f","angle":80.7,"snapDist":5,"label":1}},{"type":"Feature","geometry":{"type":"Point","coordinates":[23.298541,42.713793]},"properties":{"name":"ул. Крум Стоянов","lines":"77, 82","arr":["77","82"],"terminus":0,"mode":"bus","color":"#0059a9","colorDark":"#00294f","angle":240.1,"snapDist":8,"label":0}},{"type":"Feature","geometry":{"type":"Point","coordinates":[23.30056,42.712309]},"properties":{"name":"ул. Йосиф Щросмайер","lines":"77, 82","arr":["77","82"],"terminus":0,"mode":"bus","color":"#0059a9","colorDark":"#00294f","angle":150.3,"snapDist":4,"label":0}},{"type":"Feature","geometry":{"type":"Point","coordinates":[23.304063,42.713776]},"properties":{"name":"ул. Иван Йосифов","lines":"77, 82","arr":["77","82"],"terminus":0,"mode":"bus","color":"#0059a9","colorDark":"#00294f","angle":150.4,"snapDist":3,"label":0}},{"type":"Feature","geometry":{"type":"Point","coordinates":[23.316333,42.712637]},"properties":{"name":"ул. Опълченска","lines":"77, 82, 85, 101, 285, N2","arr":["77","82","85","101","285","N2"],"terminus":0,"mode":"bus","color":"#0059a9","colorDark":"#00294f","angle":214.6,"snapDist":9,"label":1}},{"type":"Feature","geometry":{"type":"Point","coordinates":[23.320714,42.711064]},"properties":{"name":"Централна гара","lines":"78, 85, 213, 285, 305, 404, 413","arr":["78","85","213","285","305","404","413"],"terminus":1,"mode":"bus","color":"#0059a9","colorDark":"#00294f","angle":25.7,"snapDist":6,"label":0}},{"type":"Feature","geometry":{"type":"Point","coordinates":[23.322842,42.704759]},"properties":{"name":"ул. Княз Борис I","lines":"78, 85, 285, 309, 310, N2","arr":["78","85","285","309","310","N2"],"terminus":0,"mode":"bus","color":"#0059a9","colorDark":"#00294f","angle":185.1,"snapDist":4,"label":1}},{"type":"Feature","geometry":{"type":"Point","coordinates":[23.345989,42.700527]},"properties":{"name":"Моста Чавдар","lines":"78, 79, N3","arr":["78","79","N3"],"terminus":0,"mode":"bus","color":"#0059a9","colorDark":"#00294f","angle":145.3,"snapDist":8,"label":1}},{"type":"Feature","geometry":{"type":"Point","coordinates":[23.352286,42.702547]},"properties":{"name":"Метростанция Хаджи Димитър","lines":"78, 79, 120, N3","arr":["78","79","120","N3"],"terminus":0,"mode":"bus","color":"#0059a9","colorDark":"#00294f","angle":147.3,"snapDist":5,"label":0}},{"type":"Feature","geometry":{"type":"Point","coordinates":[23.379923,42.711868]},"properties":{"name":"ж.к. Левски Г","lines":"78, 120, N3","arr":["78","120","N3"],"terminus":1,"mode":"bus","color":"#0059a9","colorDark":"#00294f","angle":76.9,"snapDist":4,"label":1}},{"type":"Feature","geometry":{"type":"Point","coordinates":[23.380332,42.713138]},"properties":{"name":"бл. 10 ж.к. Левски-Г","lines":"78, 120, N3","arr":["78","120","N3"],"terminus":0,"mode":"bus","color":"#0059a9","colorDark":"#00294f","angle":166.9,"snapDist":3,"label":0}},{"type":"Feature","geometry":{"type":"Point","coordinates":[23.384305,42.713316]},"properties":{"name":"бл. 28 ж.к. Левски-Г","lines":"78, 120, N3","arr":["78","120","N3"],"terminus":0,"mode":"bus","color":"#0059a9","colorDark":"#00294f","angle":188.8,"snapDist":4,"label":0}},{"type":"Feature","geometry":{"type":"Point","coordinates":[23.388154,42.711914]},"properties":{"name":"ж.к. Левски Г","lines":"78, 120, N3","arr":["78","120","N3"],"terminus":0,"mode":"bus","color":"#0059a9","colorDark":"#00294f","angle":242.8,"snapDist":4,"label":0}},{"type":"Feature","geometry":{"type":"Point","coordinates":[23.400702,42.705547]},"properties":{"name":"бул. Владимир Вазов","lines":"78, 90, 117, 118","arr":["78","90","117","118"],"terminus":0,"mode":"bus","color":"#0059a9","colorDark":"#00294f","angle":166,"snapDist":9,"label":1}},{"type":"Feature","geometry":{"type":"Point","coordinates":[23.4191,42.712816]},"properties":{"name":"Площада кв. Враждебна","lines":"78","arr":["78"],"terminus":1,"mode":"bus","color":"#0059a9","colorDark":"#00294f","angle":234.7,"snapDist":2,"label":0}},{"type":"Feature","geometry":{"type":"Point","coordinates":[23.399889,42.708305]},"properties":{"name":"Разклона за кв. Враждебна","lines":"78, 119","arr":["78","119"],"terminus":0,"mode":"bus","color":"#0059a9","colorDark":"#00294f","angle":216.7,"snapDist":6,"label":0}},{"type":"Feature","geometry":{"type":"Point","coordinates":[23.40049,42.705787]},"properties":{"name":"бул. Владимир Вазов","lines":"78, 90, 117, 118","arr":["78","90","117","118"],"terminus":0,"mode":"bus","color":"#0059a9","colorDark":"#00294f","angle":346.3,"snapDist":9,"label":0}},{"type":"Feature","geometry":{"type":"Point","coordinates":[23.352275,42.702934]},"properties":{"name":"Метростанция Хаджи Димитър","lines":"78, 79, 120, N3","arr":["78","79","120","N3"],"terminus":0,"mode":"bus","color":"#0059a9","colorDark":"#00294f","angle":327.9,"snapDist":3,"label":0}},{"type":"Feature","geometry":{"type":"Point","coordinates":[23.345498,42.700472]},"properties":{"name":"Моста Чавдар","lines":"78, 79, N3","arr":["78","79","N3"],"terminus":0,"mode":"bus","color":"#0059a9","colorDark":"#00294f","angle":322.3,"snapDist":2,"label":0}},{"type":"Feature","geometry":{"type":"Point","coordinates":[23.339742,42.69918]},"properties":{"name":"ул. Бяло море","lines":"78, 79, N3","arr":["78","79","N3"],"terminus":0,"mode":"bus","color":"#0059a9","colorDark":"#00294f","angle":352.4,"snapDist":10,"label":1}},{"type":"Feature","geometry":{"type":"Point","coordinates":[23.335458,42.698802]},"properties":{"name":"бул. Васил Левски","lines":"78, 79","arr":["78","79"],"terminus":0,"mode":"bus","color":"#0059a9","colorDark":"#00294f","angle":352.4,"snapDist":3,"label":0}},{"type":"Feature","geometry":{"type":"Point","coordinates":[23.333878,42.701685]},"properties":{"name":"Софийска Математическа гимназия Паисий Хилендарски","lines":"78, 79","arr":["78","79"],"terminus":0,"mode":"bus","color":"#0059a9","colorDark":"#00294f","angle":77.8,"snapDist":3,"label":1}},{"type":"Feature","geometry":{"type":"Point","coordinates":[23.3331,42.704321]},"properties":{"name":"пл. Сточна гара","lines":"78, 79","arr":["78","79"],"terminus":0,"mode":"bus","color":"#0059a9","colorDark":"#00294f","angle":76.9,"snapDist":5,"label":0}},{"type":"Feature","geometry":{"type":"Point","coordinates":[23.328366,42.734011]},"properties":{"name":"СТИНД","lines":"79","arr":["79"],"terminus":1,"mode":"bus","color":"#0059a9","colorDark":"#00294f","angle":46.1,"snapDist":3,"label":1}},{"type":"Feature","geometry":{"type":"Point","coordinates":[23.326004,42.731252]},"properties":{"name":"СТИНД","lines":"79, 100","arr":["79","100"],"terminus":0,"mode":"bus","color":"#0059a9","colorDark":"#00294f","angle":297,"snapDist":5,"label":1}},{"type":"Feature","geometry":{"type":"Point","coordinates":[23.324391,42.728925]},"properties":{"name":"Производствен К-С Москва","lines":"79, 100","arr":["79","100"],"terminus":0,"mode":"bus","color":"#0059a9","colorDark":"#00294f","angle":296.7,"snapDist":5,"label":1}},{"type":"Feature","geometry":{"type":"Point","coordinates":[23.322787,42.727915]},"properties":{"name":"Пгвад","lines":"79, 100","arr":["79","100"],"terminus":0,"mode":"bus","color":"#0059a9","colorDark":"#00294f","angle":31.1,"snapDist":2,"label":1}},{"type":"Feature","geometry":{"type":"Point","coordinates":[23.318759,42.728398]},"properties":{"name":"ул. Локомотив","lines":"79, 100, 101","arr":["79","100","101"],"terminus":0,"mode":"bus","color":"#0059a9","colorDark":"#00294f","angle":292.8,"snapDist":9,"label":1}},{"type":"Feature","geometry":{"type":"Point","coordinates":[23.316129,42.724477]},"properties":{"name":"ул. Просвета","lines":"79, 101","arr":["79","101"],"terminus":0,"mode":"bus","color":"#0059a9","colorDark":"#00294f","angle":300.3,"snapDist":11,"label":1}},{"type":"Feature","geometry":{"type":"Point","coordinates":[23.311476,42.719123]},"properties":{"name":"бул. Илиянци-подлеза","lines":"79, 309","arr":["79","309"],"terminus":1,"mode":"bus","color":"#0059a9","colorDark":"#00294f","angle":302.3,"snapDist":3,"label":1}},{"type":"Feature","geometry":{"type":"Point","coordinates":[23.315759,42.718621]},"properties":{"name":"Котлостроене АД","lines":"79, 309","arr":["79","309"],"terminus":0,"mode":"bus","color":"#0059a9","colorDark":"#00294f","angle":218.2,"snapDist":6,"label":1}},{"type":"Feature","geometry":{"type":"Point","coordinates":[23.320697,42.716671]},"properties":{"name":"ТЕЦ София","lines":"79, 309","arr":["79","309"],"terminus":0,"mode":"bus","color":"#0059a9","colorDark":"#00294f","angle":207.5,"snapDist":4,"label":1}},{"type":"Feature","geometry":{"type":"Point","coordinates":[23.324598,42.715181]},"properties":{"name":"бул. История Славянобългарска","lines":"79, 309","arr":["79","309"],"terminus":0,"mode":"bus","color":"#0059a9","colorDark":"#00294f","angle":207.7,"snapDist":4,"label":1}},{"type":"Feature","geometry":{"type":"Point","coordinates":[23.332329,42.711122]},"properties":{"name":"Централен гробищен парк","lines":"79, 309","arr":["79","309"],"terminus":0,"mode":"bus","color":"#0059a9","colorDark":"#00294f","angle":295.3,"snapDist":5,"label":1}},{"type":"Feature","geometry":{"type":"Point","coordinates":[23.332319,42.708536]},"properties":{"name":"Хладилен завод","lines":"79, 309","arr":["79","309"],"terminus":0,"mode":"bus","color":"#0059a9","colorDark":"#00294f","angle":221.1,"snapDist":6,"label":0}},{"type":"Feature","geometry":{"type":"Point","coordinates":[23.35543,42.702004]},"properties":{"name":"143-то ОУ","lines":"79, 90, 120","arr":["79","90","120"],"terminus":0,"mode":"bus","color":"#0059a9","colorDark":"#00294f","angle":199.8,"snapDist":6,"label":1}},{"type":"Feature","geometry":{"type":"Point","coordinates":[23.359936,42.701451]},"properties":{"name":"ул. Тодорини кукли","lines":"79, 90","arr":["79","90"],"terminus":0,"mode":"bus","color":"#0059a9","colorDark":"#00294f","angle":261.3,"snapDist":6,"label":1}},{"type":"Feature","geometry":{"type":"Point","coordinates":[23.360806,42.699253]},"properties":{"name":"пл. Пирдоп","lines":"79, 90","arr":["79","90"],"terminus":0,"mode":"bus","color":"#0059a9","colorDark":"#00294f","angle":220.7,"snapDist":8,"label":1}},{"type":"Feature","geometry":{"type":"Point","coordinates":[23.365266,42.699117]},"properties":{"name":"бл. 4 ж.к. Сухата река","lines":"79, 90","arr":["79","90"],"terminus":0,"mode":"bus","color":"#0059a9","colorDark":"#00294f","angle":166.2,"snapDist":5,"label":1}},{"type":"Feature","geometry":{"type":"Point","coordinates":[23.369593,42.699898]},"properties":{"name":"бл. 6 ж.к. Сухата река","lines":"79, 90","arr":["79","90"],"terminus":0,"mode":"bus","color":"#0059a9","colorDark":"#00294f","angle":166.2,"snapDist":6,"label":1}},{"type":"Feature","geometry":{"type":"Point","coordinates":[23.373979,42.70069]},"properties":{"name":"ул. Витиня","lines":"79, 90","arr":["79","90"],"terminus":0,"mode":"bus","color":"#0059a9","colorDark":"#00294f","angle":165.7,"snapDist":5,"label":1}},{"type":"Feature","geometry":{"type":"Point","coordinates":[23.375426,42.699506]},"properties":{"name":"ул. Бесарабия","lines":"79","arr":["79"],"terminus":0,"mode":"bus","color":"#0059a9","colorDark":"#00294f","angle":275.8,"snapDist":4,"label":1}},{"type":"Feature","geometry":{"type":"Point","coordinates":[23.375199,42.696728]},"properties":{"name":"ул. Княгиня Косара","lines":"79","arr":["79"],"terminus":0,"mode":"bus","color":"#0059a9","colorDark":"#00294f","angle":268.6,"snapDist":3,"label":1}},{"type":"Feature","geometry":{"type":"Point","coordinates":[23.38008,42.693131]},"properties":{"name":"ул. 503","lines":"79","arr":["79"],"terminus":0,"mode":"bus","color":"#0059a9","colorDark":"#00294f","angle":205.6,"snapDist":5,"label":1}},{"type":"Feature","geometry":{"type":"Point","coordinates":[23.382191,42.691611]},"properties":{"name":"ул. 507","lines":"79","arr":["79"],"terminus":0,"mode":"bus","color":"#0059a9","colorDark":"#00294f","angle":297.3,"snapDist":2,"label":1}},{"type":"Feature","geometry":{"type":"Point","coordinates":[23.382762,42.68943]},"properties":{"name":"кв. Христо Ботев","lines":"79","arr":["79"],"terminus":1,"mode":"bus","color":"#0059a9","colorDark":"#00294f","angle":199.5,"snapDist":6,"label":1}},{"type":"Feature","geometry":{"type":"Point","coordinates":[23.382775,42.691986]},"properties":{"name":"ул. 507","lines":"79","arr":["79"],"terminus":0,"mode":"bus","color":"#0059a9","colorDark":"#00294f","angle":5,"snapDist":3,"label":0}},{"type":"Feature","geometry":{"type":"Point","coordinates":[23.379339,42.693388]},"properties":{"name":"ул. 503","lines":"79","arr":["79"],"terminus":0,"mode":"bus","color":"#0059a9","colorDark":"#00294f","angle":24.8,"snapDist":3,"label":0}},{"type":"Feature","geometry":{"type":"Point","coordinates":[23.375182,42.697404]},"properties":{"name":"ул. Княгиня Косара","lines":"79","arr":["79"],"terminus":0,"mode":"bus","color":"#0059a9","colorDark":"#00294f","angle":91.1,"snapDist":3,"label":0}},{"type":"Feature","geometry":{"type":"Point","coordinates":[23.37295,42.698479]},"properties":{"name":"ул. Бесарабия","lines":"79","arr":["79"],"terminus":0,"mode":"bus","color":"#0059a9","colorDark":"#00294f","angle":12.1,"snapDist":0,"label":1}},{"type":"Feature","geometry":{"type":"Point","coordinates":[23.371895,42.700534]},"properties":{"name":"ул. Витиня","lines":"79, 90","arr":["79","90"],"terminus":0,"mode":"bus","color":"#0059a9","colorDark":"#00294f","angle":346.2,"snapDist":7,"label":0}},{"type":"Feature","geometry":{"type":"Point","coordinates":[23.368874,42.699988]},"properties":{"name":"бл. 6 ж.к. Сухата река","lines":"79, 90","arr":["79","90"],"terminus":0,"mode":"bus","color":"#0059a9","colorDark":"#00294f","angle":346.2,"snapDist":7,"label":0}},{"type":"Feature","geometry":{"type":"Point","coordinates":[23.364842,42.699262]},"properties":{"name":"бл. 4 ж.к. Сухата река","lines":"79, 90","arr":["79","90"],"terminus":0,"mode":"bus","color":"#0059a9","colorDark":"#00294f","angle":346.5,"snapDist":7,"label":0}},{"type":"Feature","geometry":{"type":"Point","coordinates":[23.361187,42.699156]},"properties":{"name":"пл. Пирдоп","lines":"79, 90","arr":["79","90"],"terminus":0,"mode":"bus","color":"#0059a9","colorDark":"#00294f","angle":41.8,"snapDist":4,"label":0}},{"type":"Feature","geometry":{"type":"Point","coordinates":[23.359568,42.703158]},"properties":{"name":"ул. Тодорини кукли","lines":"79, N3","arr":["79","N3"],"terminus":0,"mode":"bus","color":"#0059a9","colorDark":"#00294f","angle":76.2,"snapDist":6,"label":0}},{"type":"Feature","geometry":{"type":"Point","coordinates":[23.332808,42.711382]},"properties":{"name":"Централен гробищен парк","lines":"79, 309","arr":["79","309"],"terminus":0,"mode":"bus","color":"#0059a9","colorDark":"#00294f","angle":39.7,"snapDist":6,"label":0}},{"type":"Feature","geometry":{"type":"Point","coordinates":[23.323975,42.715669]},"properties":{"name":"бул. История Славянобългарска","lines":"79, 309","arr":["79","309"],"terminus":0,"mode":"bus","color":"#0059a9","colorDark":"#00294f","angle":27.2,"snapDist":4,"label":0}},{"type":"Feature","geometry":{"type":"Point","coordinates":[23.320223,42.717084]},"properties":{"name":"ТЕЦ София","lines":"79, 309","arr":["79","309"],"terminus":0,"mode":"bus","color":"#0059a9","colorDark":"#00294f","angle":27.8,"snapDist":6,"label":0}},{"type":"Feature","geometry":{"type":"Point","coordinates":[23.316381,42.71857]},"properties":{"name":"Котлостроене АД","lines":"79, 309","arr":["79","309"],"terminus":0,"mode":"bus","color":"#0059a9","colorDark":"#00294f","angle":27.9,"snapDist":4,"label":0}},{"type":"Feature","geometry":{"type":"Point","coordinates":[23.314012,42.721878]},"properties":{"name":"бул. Илиянци-подлеза","lines":"79, 101","arr":["79","101"],"terminus":0,"mode":"bus","color":"#0059a9","colorDark":"#00294f","angle":121.4,"snapDist":11,"label":1}},{"type":"Feature","geometry":{"type":"Point","coordinates":[23.316179,42.72454]},"properties":{"name":"ул. Просвета","lines":"79, 101","arr":["79","101"],"terminus":0,"mode":"bus","color":"#0059a9","colorDark":"#00294f","angle":120.3,"snapDist":7,"label":0}},{"type":"Feature","geometry":{"type":"Point","coordinates":[23.319129,42.729022]},"properties":{"name":"ул. Локомотив","lines":"79, 100, 101","arr":["79","100","101"],"terminus":0,"mode":"bus","color":"#0059a9","colorDark":"#00294f","angle":114.1,"snapDist":9,"label":0}},{"type":"Feature","geometry":{"type":"Point","coordinates":[23.323776,42.728025]},"properties":{"name":"Пгвад","lines":"79, 100","arr":["79","100"],"terminus":0,"mode":"bus","color":"#0059a9","colorDark":"#00294f","angle":116.7,"snapDist":3,"label":0}},{"type":"Feature","geometry":{"type":"Point","coordinates":[23.324576,42.729197]},"properties":{"name":"Производствен К-С Москва","lines":"79, 100","arr":["79","100"],"terminus":0,"mode":"bus","color":"#0059a9","colorDark":"#00294f","angle":116.7,"snapDist":3,"label":0}},{"type":"Feature","geometry":{"type":"Point","coordinates":[23.326076,42.731356]},"properties":{"name":"СТИНД","lines":"79, 100","arr":["79","100"],"terminus":0,"mode":"bus","color":"#0059a9","colorDark":"#00294f","angle":117,"snapDist":3,"label":0}},{"type":"Feature","geometry":{"type":"Point","coordinates":[23.258388,42.73843]},"properties":{"name":"Северна Промишлена зона","lines":"81","arr":["81"],"terminus":1,"mode":"bus","color":"#0059a9","colorDark":"#00294f","angle":217.5,"snapDist":6,"label":1}},{"type":"Feature","geometry":{"type":"Point","coordinates":[23.261623,42.737887]},"properties":{"name":"ул. Андрей Германов","lines":"81","arr":["81"],"terminus":0,"mode":"bus","color":"#0059a9","colorDark":"#00294f","angle":127,"snapDist":3,"label":1}},{"type":"Feature","geometry":{"type":"Point","coordinates":[23.264527,42.739052]},"properties":{"name":"Гара Обеля","lines":"81","arr":["81"],"terminus":0,"mode":"bus","color":"#0059a9","colorDark":"#00294f","angle":105.2,"snapDist":2,"label":1}},{"type":"Feature","geometry":{"type":"Point","coordinates":[23.266032,42.74251]},"properties":{"name":"кв. Обеля","lines":"81, N2","arr":["81","N2"],"terminus":1,"mode":"bus","color":"#0059a9","colorDark":"#00294f","angle":148.1,"snapDist":6,"label":1}},{"type":"Feature","geometry":{"type":"Point","coordinates":[23.265849,42.730528]},"properties":{"name":"Хит Маркет Люлин","lines":"81","arr":["81"],"terminus":0,"mode":"bus","color":"#0059a9","colorDark":"#00294f","angle":306.3,"snapDist":7,"label":1}},{"type":"Feature","geometry":{"type":"Point","coordinates":[23.26098,42.727335]},"properties":{"name":"Метростанция Сливница","lines":"81, 309, X43","arr":["81","309","X43"],"terminus":0,"mode":"bus","color":"#0059a9","colorDark":"#00294f","angle":37.3,"snapDist":10,"label":0}},{"type":"Feature","geometry":{"type":"Point","coordinates":[23.24952,42.732258]},"properties":{"name":"Магазин Мосю Бриколаж","lines":"81, 309","arr":["81","309"],"terminus":0,"mode":"bus","color":"#0059a9","colorDark":"#00294f","angle":300,"snapDist":7,"label":1}},{"type":"Feature","geometry":{"type":"Point","coordinates":[23.248173,42.730541]},"properties":{"name":"бл. 11 ж.к. Люлин-1","lines":"81, 309","arr":["81","309"],"terminus":0,"mode":"bus","color":"#0059a9","colorDark":"#00294f","angle":300.1,"snapDist":7,"label":1}},{"type":"Feature","geometry":{"type":"Point","coordinates":[23.245934,42.727705]},"properties":{"name":"бл. 264 ж.к. Люлин-2","lines":"81, 82, N1","arr":["81","82","N1"],"terminus":0,"mode":"bus","color":"#0059a9","colorDark":"#00294f","angle":299.9,"snapDist":6,"label":1}},{"type":"Feature","geometry":{"type":"Point","coordinates":[23.243735,42.724896]},"properties":{"name":"бл. 350 ж.к. Люлин-3","lines":"81, 82, 108, 111, N1","arr":["81","82","108","111","N1"],"terminus":0,"mode":"bus","color":"#0059a9","colorDark":"#00294f","angle":300,"snapDist":7,"label":1}},{"type":"Feature","geometry":{"type":"Point","coordinates":[23.240498,42.720821]},"properties":{"name":"ж.к. Люлин-3","lines":"81, 82, 108, N1","arr":["81","82","108","N1"],"terminus":0,"mode":"bus","color":"#0059a9","colorDark":"#00294f","angle":296.4,"snapDist":7,"label":0}},{"type":"Feature","geometry":{"type":"Point","coordinates":[23.2212,42.719711]},"properties":{"name":"Център кв.Филиповци","lines":"81","arr":["81"],"terminus":0,"mode":"bus","color":"#0059a9","colorDark":"#00294f","angle":323.3,"snapDist":1,"label":1}},{"type":"Feature","geometry":{"type":"Point","coordinates":[23.217926,42.717905]},"properties":{"name":"ул. Драва","lines":"81","arr":["81"],"terminus":0,"mode":"bus","color":"#0059a9","colorDark":"#00294f","angle":323.1,"snapDist":3,"label":1}},{"type":"Feature","geometry":{"type":"Point","coordinates":[23.192004,42.71155]},"properties":{"name":"По желание","lines":"81","arr":["81"],"terminus":0,"mode":"bus","color":"#0059a9","colorDark":"#00294f","angle":345.5,"snapDist":5,"label":1}},{"type":"Feature","geometry":{"type":"Point","coordinates":[23.185415,42.709795]},"properties":{"name":"Начало кв. Иваняне - по желание","lines":"81","arr":["81"],"terminus":0,"mode":"bus","color":"#0059a9","colorDark":"#00294f","angle":329,"snapDist":5,"label":1}},{"type":"Feature","geometry":{"type":"Point","coordinates":[23.182822,42.707764]},"properties":{"name":"Кметство Иваняне","lines":"81","arr":["81"],"terminus":0,"mode":"bus","color":"#0059a9","colorDark":"#00294f","angle":306.9,"snapDist":4,"label":1}},{"type":"Feature","geometry":{"type":"Point","coordinates":[23.182911,42.707851]},"properties":{"name":"Кметство Иваняне","lines":"81","arr":["81"],"terminus":0,"mode":"bus","color":"#0059a9","colorDark":"#00294f","angle":126.9,"snapDist":6,"label":0}},{"type":"Feature","geometry":{"type":"Point","coordinates":[23.185371,42.709776]},"properties":{"name":"Начало кв. Иваняне - по желание","lines":"81","arr":["81"],"terminus":0,"mode":"bus","color":"#0059a9","colorDark":"#00294f","angle":149,"snapDist":5,"label":0}},{"type":"Feature","geometry":{"type":"Point","coordinates":[23.191931,42.711536]},"properties":{"name":"По желание","lines":"81","arr":["81"],"terminus":0,"mode":"bus","color":"#0059a9","colorDark":"#00294f","angle":165.5,"snapDist":1,"label":0}},{"type":"Feature","geometry":{"type":"Point","coordinates":[23.217849,42.717863]},"properties":{"name":"ул. Драва","lines":"81","arr":["81"],"terminus":0,"mode":"bus","color":"#0059a9","colorDark":"#00294f","angle":143.1,"snapDist":6,"label":0}},{"type":"Feature","geometry":{"type":"Point","coordinates":[23.222255,42.719663]},"properties":{"name":"Център кв.Филиповци","lines":"81","arr":["81"],"terminus":0,"mode":"bus","color":"#0059a9","colorDark":"#00294f","angle":212.1,"snapDist":4,"label":0}},{"type":"Feature","geometry":{"type":"Point","coordinates":[23.241349,42.721792]},"properties":{"name":"ж.к. Люлин-3","lines":"81, 82, 108, N1","arr":["81","82","108","N1"],"terminus":0,"mode":"bus","color":"#0059a9","colorDark":"#00294f","angle":120.1,"snapDist":3,"label":0}},{"type":"Feature","geometry":{"type":"Point","coordinates":[23.244524,42.725897]},"properties":{"name":"бл. 350 ж.к. Люлин-3","lines":"81, 82, N1","arr":["81","82","N1"],"terminus":0,"mode":"bus","color":"#0059a9","colorDark":"#00294f","angle":119.5,"snapDist":7,"label":0}},{"type":"Feature","geometry":{"type":"Point","coordinates":[23.246198,42.728043]},"properties":{"name":"бл. 264 ж.к. Люлин-2","lines":"81, 82, N1","arr":["81","82","N1"],"terminus":0,"mode":"bus","color":"#0059a9","colorDark":"#00294f","angle":119.9,"snapDist":8,"label":0}},{"type":"Feature","geometry":{"type":"Point","coordinates":[23.248623,42.731119]},"properties":{"name":"бл. 11 ж.к. Люлин-1","lines":"81, 309","arr":["81","309"],"terminus":0,"mode":"bus","color":"#0059a9","colorDark":"#00294f","angle":119.4,"snapDist":7,"label":0}},{"type":"Feature","geometry":{"type":"Point","coordinates":[23.262839,42.726306]},"properties":{"name":"Метростанция Сливница","lines":"81, 82, 108, 309, X43","arr":["81","82","108","309","X43"],"terminus":1,"mode":"bus","color":"#0059a9","colorDark":"#00294f","angle":215.9,"snapDist":7,"label":0}},{"type":"Feature","geometry":{"type":"Point","coordinates":[23.266585,42.731268]},"properties":{"name":"Хит Маркет Люлин","lines":"81","arr":["81"],"terminus":0,"mode":"bus","color":"#0059a9","colorDark":"#00294f","angle":125.2,"snapDist":7,"label":0}},{"type":"Feature","geometry":{"type":"Point","coordinates":[23.265678,42.742705]},"properties":{"name":"кв. Обеля","lines":"81, N2","arr":["81","N2"],"terminus":1,"mode":"bus","color":"#0059a9","colorDark":"#00294f","angle":348.5,"snapDist":0,"label":0}},{"type":"Feature","geometry":{"type":"Point","coordinates":[23.264457,42.738861]},"properties":{"name":"Гара Обеля","lines":"81","arr":["81"],"terminus":0,"mode":"bus","color":"#0059a9","colorDark":"#00294f","angle":285.2,"snapDist":5,"label":0}},{"type":"Feature","geometry":{"type":"Point","coordinates":[23.261287,42.737557]},"properties":{"name":"ул. Андрей Германов","lines":"81","arr":["81"],"terminus":0,"mode":"bus","color":"#0059a9","colorDark":"#00294f","angle":306.9,"snapDist":5,"label":0}},{"type":"Feature","geometry":{"type":"Point","coordinates":[23.258773,42.736396]},"properties":{"name":"Метродепо","lines":"81","arr":["81"],"terminus":0,"mode":"bus","color":"#0059a9","colorDark":"#00294f","angle":37.9,"snapDist":3,"label":1}},{"type":"Feature","geometry":{"type":"Point","coordinates":[23.255704,42.738106]},"properties":{"name":"ул. Георги Караславов","lines":"81","arr":["81"],"terminus":0,"mode":"bus","color":"#0059a9","colorDark":"#00294f","angle":37.3,"snapDist":4,"label":1}},{"type":"Feature","geometry":{"type":"Point","coordinates":[23.296054,42.716482]},"properties":{"name":"М - Тел","lines":"82","arr":["82"],"terminus":0,"mode":"bus","color":"#0059a9","colorDark":"#00294f","angle":17.7,"snapDist":3,"label":1}},{"type":"Feature","geometry":{"type":"Point","coordinates":[23.29162,42.718208]},"properties":{"name":"Инжстрой София АД","lines":"82","arr":["82"],"terminus":0,"mode":"bus","color":"#0059a9","colorDark":"#00294f","angle":59,"snapDist":3,"label":1}},{"type":"Feature","geometry":{"type":"Point","coordinates":[23.286762,42.716869]},"properties":{"name":"бл. 35 ж.к. Захарна фабрика","lines":"82","arr":["82"],"terminus":0,"mode":"bus","color":"#0059a9","colorDark":"#00294f","angle":332.7,"snapDist":3,"label":1}},{"type":"Feature","geometry":{"type":"Point","coordinates":[23.284715,42.721146]},"properties":{"name":"Спиидо ЕООД","lines":"82, 108","arr":["82","108"],"terminus":0,"mode":"bus","color":"#0059a9","colorDark":"#00294f","angle":13.6,"snapDist":7,"label":1}},{"type":"Feature","geometry":{"type":"Point","coordinates":[23.280457,42.721495]},"properties":{"name":"ул. връх Манчо","lines":"82, 83","arr":["82","83"],"terminus":0,"mode":"bus","color":"#0059a9","colorDark":"#00294f","angle":283.5,"snapDist":8,"label":1}},{"type":"Feature","geometry":{"type":"Point","coordinates":[23.277913,42.718116]},"properties":{"name":"ул. Орион","lines":"82, 108, 309, X43","arr":["82","108","309","X43"],"terminus":0,"mode":"bus","color":"#0059a9","colorDark":"#00294f","angle":36.5,"snapDist":6,"label":1}},{"type":"Feature","geometry":{"type":"Point","coordinates":[23.272987,42.720769]},"properties":{"name":"ул. Луи Пастьор","lines":"82, 108, 309","arr":["82","108","309"],"terminus":0,"mode":"bus","color":"#0059a9","colorDark":"#00294f","angle":36.1,"snapDist":8,"label":1}},{"type":"Feature","geometry":{"type":"Point","coordinates":[23.270427,42.722143]},"properties":{"name":"Читалище Св.Св. Кирил и Методий","lines":"82, 108, 309","arr":["82","108","309"],"terminus":0,"mode":"bus","color":"#0059a9","colorDark":"#00294f","angle":34.8,"snapDist":9,"label":1}},{"type":"Feature","geometry":{"type":"Point","coordinates":[23.264694,42.725288]},"properties":{"name":"Триъгълника ж.к. Люлин","lines":"82, 108, 309","arr":["82","108","309"],"terminus":0,"mode":"bus","color":"#0059a9","colorDark":"#00294f","angle":37.2,"snapDist":7,"label":1}},{"type":"Feature","geometry":{"type":"Point","coordinates":[23.257749,42.724013]},"properties":{"name":"бул. Панчо Владигеров","lines":"82, 111","arr":["82","111"],"terminus":0,"mode":"bus","color":"#0059a9","colorDark":"#00294f","angle":35.8,"snapDist":6,"label":1}},{"type":"Feature","geometry":{"type":"Point","coordinates":[23.254892,42.725554]},"properties":{"name":"26-ти ДКЦ","lines":"82, 111","arr":["82","111"],"terminus":0,"mode":"bus","color":"#0059a9","colorDark":"#00294f","angle":36.1,"snapDist":6,"label":1}},{"type":"Feature","geometry":{"type":"Point","coordinates":[23.252723,42.726724]},"properties":{"name":"90-то СОУ","lines":"82, 111","arr":["82","111"],"terminus":0,"mode":"bus","color":"#0059a9","colorDark":"#00294f","angle":36.2,"snapDist":7,"label":1}},{"type":"Feature","geometry":{"type":"Point","coordinates":[23.248876,42.728796]},"properties":{"name":"бл. 21 ж.к. Люлин-1","lines":"82, 111","arr":["82","111"],"terminus":0,"mode":"bus","color":"#0059a9","colorDark":"#00294f","angle":36.2,"snapDist":7,"label":1}},{"type":"Feature","geometry":{"type":"Point","coordinates":[23.237652,42.716461]},"properties":{"name":"ж.к. Люлин-5","lines":"82, 108, 310","arr":["82","108","310"],"terminus":1,"mode":"bus","color":"#0059a9","colorDark":"#00294f","angle":32.8,"snapDist":2,"label":1}},{"type":"Feature","geometry":{"type":"Point","coordinates":[23.249569,42.728422]},"properties":{"name":"бл. 21 ж.к. Люлин-1","lines":"82, 111","arr":["82","111"],"terminus":0,"mode":"bus","color":"#0059a9","colorDark":"#00294f","angle":216.2,"snapDist":7,"label":0}},{"type":"Feature","geometry":{"type":"Point","coordinates":[23.253268,42.72643]},"properties":{"name":"90-то СОУ","lines":"82, 111","arr":["82","111"],"terminus":0,"mode":"bus","color":"#0059a9","colorDark":"#00294f","angle":216.2,"snapDist":7,"label":0}},{"type":"Feature","geometry":{"type":"Point","coordinates":[23.255632,42.725157]},"properties":{"name":"26-ти ДКЦ","lines":"82, 111","arr":["82","111"],"terminus":0,"mode":"bus","color":"#0059a9","colorDark":"#00294f","angle":216.2,"snapDist":8,"label":0}},{"type":"Feature","geometry":{"type":"Point","coordinates":[23.259138,42.723939]},"properties":{"name":"ул. проф. Ал. Станишев","lines":"82, 108","arr":["82","108"],"terminus":0,"mode":"bus","color":"#0059a9","colorDark":"#00294f","angle":125.8,"snapDist":5,"label":1}},{"type":"Feature","geometry":{"type":"Point","coordinates":[23.26557,42.724802]},"properties":{"name":"Триъгълника ж.к. Люлин","lines":"82, 108, 309","arr":["82","108","309"],"terminus":0,"mode":"bus","color":"#0059a9","colorDark":"#00294f","angle":216.5,"snapDist":7,"label":0}},{"type":"Feature","geometry":{"type":"Point","coordinates":[23.269773,42.722501]},"properties":{"name":"Читалище Св.Св. Кирил и Методий","lines":"82, 108, 309","arr":["82","108","309"],"terminus":0,"mode":"bus","color":"#0059a9","colorDark":"#00294f","angle":217.2,"snapDist":7,"label":0}},{"type":"Feature","geometry":{"type":"Point","coordinates":[23.27376,42.720353]},"properties":{"name":"ул. Луи Пастьор","lines":"82, 108, 309","arr":["82","108","309"],"terminus":0,"mode":"bus","color":"#0059a9","colorDark":"#00294f","angle":215.5,"snapDist":6,"label":0}},{"type":"Feature","geometry":{"type":"Point","coordinates":[23.279338,42.718224]},"properties":{"name":"ул. Орион","lines":"82, 83","arr":["82","83"],"terminus":0,"mode":"bus","color":"#0059a9","colorDark":"#00294f","angle":115.7,"snapDist":4,"label":0}},{"type":"Feature","geometry":{"type":"Point","coordinates":[23.281602,42.721721]},"properties":{"name":"ул. връх Манчо","lines":"82, 108","arr":["82","108"],"terminus":0,"mode":"bus","color":"#0059a9","colorDark":"#00294f","angle":194.6,"snapDist":3,"label":0}},{"type":"Feature","geometry":{"type":"Point","coordinates":[23.285351,42.720532]},"properties":{"name":"Спиидо ЕООД","lines":"82, 108","arr":["82","108"],"terminus":0,"mode":"bus","color":"#0059a9","colorDark":"#00294f","angle":265.8,"snapDist":6,"label":0}},{"type":"Feature","geometry":{"type":"Point","coordinates":[23.287492,42.717147]},"properties":{"name":"бл. 35 ж.к. Захарна фабрика","lines":"82","arr":["82"],"terminus":0,"mode":"bus","color":"#0059a9","colorDark":"#00294f","angle":152.7,"snapDist":4,"label":0}},{"type":"Feature","geometry":{"type":"Point","coordinates":[23.29184,42.717899]},"properties":{"name":"Инжстрой София АД","lines":"82","arr":["82"],"terminus":0,"mode":"bus","color":"#0059a9","colorDark":"#00294f","angle":245.7,"snapDist":5,"label":0}},{"type":"Feature","geometry":{"type":"Point","coordinates":[23.297203,42.715851]},"properties":{"name":"М - Тел","lines":"82","arr":["82"],"terminus":0,"mode":"bus","color":"#0059a9","colorDark":"#00294f","angle":248.8,"snapDist":5,"label":0}},{"type":"Feature","geometry":{"type":"Point","coordinates":[23.315863,42.659104]},"properties":{"name":"Метростанция Витоша","lines":"83","arr":["83"],"terminus":0,"mode":"bus","color":"#0059a9","colorDark":"#00294f","angle":328.7,"snapDist":4,"label":0}},{"type":"Feature","geometry":{"type":"Point","coordinates":[23.310164,42.657233]},"properties":{"name":"ул. Иван Андонов","lines":"83","arr":["83"],"terminus":0,"mode":"bus","color":"#0059a9","colorDark":"#00294f","angle":3.8,"snapDist":11,"label":1}},{"type":"Feature","geometry":{"type":"Point","coordinates":[23.305472,42.660109]},"properties":{"name":"Южен парк","lines":"83","arr":["83"],"terminus":0,"mode":"bus","color":"#0059a9","colorDark":"#00294f","angle":60.5,"snapDist":8,"label":1}},{"type":"Feature","geometry":{"type":"Point","coordinates":[23.303356,42.662787]},"properties":{"name":"ул. Луи Айер","lines":"83","arr":["83"],"terminus":0,"mode":"bus","color":"#0059a9","colorDark":"#00294f","angle":59.2,"snapDist":9,"label":1}},{"type":"Feature","geometry":{"type":"Point","coordinates":[23.300375,42.667066]},"properties":{"name":"ул. Костенски водопад","lines":"83","arr":["83"],"terminus":0,"mode":"bus","color":"#0059a9","colorDark":"#00294f","angle":48.4,"snapDist":5,"label":0}},{"type":"Feature","geometry":{"type":"Point","coordinates":[23.297419,42.669521]},"properties":{"name":"ул. Орехова гора","lines":"83","arr":["83"],"terminus":0,"mode":"bus","color":"#0059a9","colorDark":"#00294f","angle":48.6,"snapDist":5,"label":1}},{"type":"Feature","geometry":{"type":"Point","coordinates":[23.289526,42.675453]},"properties":{"name":"ул. проф. Д. Атанасов","lines":"83, 102, N4","arr":["83","102","N4"],"terminus":0,"mode":"bus","color":"#0059a9","colorDark":"#00294f","angle":43.6,"snapDist":5,"label":1}},{"type":"Feature","geometry":{"type":"Point","coordinates":[23.278683,42.682716]},"properties":{"name":"АП Земляне","lines":"83, 102","arr":["83","102"],"terminus":1,"mode":"bus","color":"#0059a9","colorDark":"#00294f","angle":44,"snapDist":4,"label":1}},{"type":"Feature","geometry":{"type":"Point","coordinates":[23.312083,42.73245]},"properties":{"name":"ПГХМБТ проф. П. Райков","lines":"83, 85, 108","arr":["83","85","108"],"terminus":0,"mode":"bus","color":"#0059a9","colorDark":"#00294f","angle":35.1,"snapDist":2,"label":1}},{"type":"Feature","geometry":{"type":"Point","coordinates":[23.30815,42.733564]},"properties":{"name":"ул. ген. Никола Жеков","lines":"83, 86","arr":["83","86"],"terminus":0,"mode":"bus","color":"#0059a9","colorDark":"#00294f","angle":357.7,"snapDist":5,"label":1}},{"type":"Feature","geometry":{"type":"Point","coordinates":[23.30181,42.733337]},"properties":{"name":"ул. Патриарх Дамян","lines":"83, 86","arr":["83","86"],"terminus":0,"mode":"bus","color":"#0059a9","colorDark":"#00294f","angle":357,"snapDist":5,"label":1}},{"type":"Feature","geometry":{"type":"Point","coordinates":[23.296671,42.732493]},"properties":{"name":"бул. Ломско шосе","lines":"83","arr":["83"],"terminus":0,"mode":"bus","color":"#0059a9","colorDark":"#00294f","angle":318.6,"snapDist":9,"label":1}},{"type":"Feature","geometry":{"type":"Point","coordinates":[23.293144,42.729765]},"properties":{"name":"ул. Царевец","lines":"83, 285","arr":["83","285"],"terminus":0,"mode":"bus","color":"#0059a9","colorDark":"#00294f","angle":312.6,"snapDist":5,"label":1}},{"type":"Feature","geometry":{"type":"Point","coordinates":[23.291245,42.728241]},"properties":{"name":"8-Ми ДКЦ","lines":"83, 285","arr":["83","285"],"terminus":0,"mode":"bus","color":"#0059a9","colorDark":"#00294f","angle":312.5,"snapDist":4,"label":1}},{"type":"Feature","geometry":{"type":"Point","coordinates":[23.289071,42.7283]},"properties":{"name":"ул. Хан Кубрат","lines":"83","arr":["83"],"terminus":0,"mode":"bus","color":"#0059a9","colorDark":"#00294f","angle":53.7,"snapDist":2,"label":0}},{"type":"Feature","geometry":{"type":"Point","coordinates":[23.285424,42.731843]},"properties":{"name":"Община Връбница","lines":"83, 108","arr":["83","108"],"terminus":0,"mode":"bus","color":"#0059a9","colorDark":"#00294f","angle":21.8,"snapDist":10,"label":0}},{"type":"Feature","geometry":{"type":"Point","coordinates":[23.28145,42.724558]},"properties":{"name":"ул. Надежда","lines":"83, 108","arr":["83","108"],"terminus":0,"mode":"bus","color":"#0059a9","colorDark":"#00294f","angle":283.4,"snapDist":6,"label":1}},{"type":"Feature","geometry":{"type":"Point","coordinates":[23.279564,42.717139]},"properties":{"name":"ул. Орион","lines":"83, 108, 309, 310, X43","arr":["83","108","309","310","X43"],"terminus":0,"mode":"bus","color":"#0059a9","colorDark":"#00294f","angle":216.2,"snapDist":7,"label":0}},{"type":"Feature","geometry":{"type":"Point","coordinates":[23.283747,42.714957]},"properties":{"name":"Западен парк","lines":"83, 309, 310","arr":["83","309","310"],"terminus":0,"mode":"bus","color":"#0059a9","colorDark":"#00294f","angle":214.7,"snapDist":10,"label":1}},{"type":"Feature","geometry":{"type":"Point","coordinates":[23.292787,42.710303]},"properties":{"name":"ул. Оряхово","lines":"83, 309, 310, X43","arr":["83","309","310","X43"],"terminus":0,"mode":"bus","color":"#0059a9","colorDark":"#00294f","angle":214.4,"snapDist":2,"label":1}},{"type":"Feature","geometry":{"type":"Point","coordinates":[23.275338,42.684788]},"properties":{"name":"Балканкар АД","lines":"83, 102","arr":["83","102"],"terminus":1,"mode":"bus","color":"#0059a9","colorDark":"#00294f","angle":211,"snapDist":5,"label":1}},{"type":"Feature","geometry":{"type":"Point","coordinates":[23.277894,42.683178]},"properties":{"name":"АП Земляне","lines":"83, 102","arr":["83","102"],"terminus":0,"mode":"bus","color":"#0059a9","colorDark":"#00294f","angle":224.8,"snapDist":8,"label":0}},{"type":"Feature","geometry":{"type":"Point","coordinates":[23.285467,42.678205]},"properties":{"name":"ж.к. Красно село","lines":"83, 102","arr":["83","102"],"terminus":0,"mode":"bus","color":"#0059a9","colorDark":"#00294f","angle":223.9,"snapDist":3,"label":0}},{"type":"Feature","geometry":{"type":"Point","coordinates":[23.290346,42.674877]},"properties":{"name":"ул. проф. Д. Атанасов","lines":"83, 102, 204, N4","arr":["83","102","204","N4"],"terminus":0,"mode":"bus","color":"#0059a9","colorDark":"#00294f","angle":223.7,"snapDist":7,"label":0}},{"type":"Feature","geometry":{"type":"Point","coordinates":[23.295258,42.671302]},"properties":{"name":"бул. България","lines":"83","arr":["83"],"terminus":0,"mode":"bus","color":"#0059a9","colorDark":"#00294f","angle":228.3,"snapDist":10,"label":0}},{"type":"Feature","geometry":{"type":"Point","coordinates":[23.29798,42.669054]},"properties":{"name":"ул. Орехова гора","lines":"83","arr":["83"],"terminus":0,"mode":"bus","color":"#0059a9","colorDark":"#00294f","angle":228.4,"snapDist":7,"label":0}},{"type":"Feature","geometry":{"type":"Point","coordinates":[23.302075,42.66574]},"properties":{"name":"ул. Костенски водопад","lines":"83","arr":["83"],"terminus":0,"mode":"bus","color":"#0059a9","colorDark":"#00294f","angle":222.6,"snapDist":9,"label":0}},{"type":"Feature","geometry":{"type":"Point","coordinates":[23.302714,42.664108]},"properties":{"name":"ул. Луи Айер","lines":"83","arr":["83"],"terminus":0,"mode":"bus","color":"#0059a9","colorDark":"#00294f","angle":270.4,"snapDist":7,"label":0}},{"type":"Feature","geometry":{"type":"Point","coordinates":[23.306363,42.658949]},"properties":{"name":"Южен парк","lines":"83","arr":["83"],"terminus":0,"mode":"bus","color":"#0059a9","colorDark":"#00294f","angle":236.2,"snapDist":6,"label":0}},{"type":"Feature","geometry":{"type":"Point","coordinates":[23.310947,42.657233]},"properties":{"name":"ул. Иван Андонов","lines":"83","arr":["83"],"terminus":0,"mode":"bus","color":"#0059a9","colorDark":"#00294f","angle":172.6,"snapDist":9,"label":0}},{"type":"Feature","geometry":{"type":"Point","coordinates":[23.314662,42.658446]},"properties":{"name":"бул. Черни връх","lines":"83","arr":["83"],"terminus":0,"mode":"bus","color":"#0059a9","colorDark":"#00294f","angle":147.8,"snapDist":5,"label":1}},{"type":"Feature","geometry":{"type":"Point","coordinates":[23.274996,42.685048]},"properties":{"name":"Балканкар АД","lines":"83, 102","arr":["83","102"],"terminus":0,"mode":"bus","color":"#0059a9","colorDark":"#00294f","angle":33.8,"snapDist":5,"label":0}},{"type":"Feature","geometry":{"type":"Point","coordinates":[23.291955,42.710933]},"properties":{"name":"ул. Оряхово","lines":"83, 309, 310, X43","arr":["83","309","310","X43"],"terminus":0,"mode":"bus","color":"#0059a9","colorDark":"#00294f","angle":34.5,"snapDist":5,"label":0}},{"type":"Feature","geometry":{"type":"Point","coordinates":[23.284009,42.71496]},"properties":{"name":"Западен парк","lines":"83, 309, 310","arr":["83","309","310"],"terminus":0,"mode":"bus","color":"#0059a9","colorDark":"#00294f","angle":35.5,"snapDist":3,"label":0}},{"type":"Feature","geometry":{"type":"Point","coordinates":[23.28067,42.722147]},"properties":{"name":"ул. връх Манчо","lines":"83, 108","arr":["83","108"],"terminus":0,"mode":"bus","color":"#0059a9","colorDark":"#00294f","angle":103.4,"snapDist":3,"label":0}},{"type":"Feature","geometry":{"type":"Point","coordinates":[23.281572,42.724947]},"properties":{"name":"ул. Надежда","lines":"83, 108","arr":["83","108"],"terminus":0,"mode":"bus","color":"#0059a9","colorDark":"#00294f","angle":102.7,"snapDist":7,"label":0}},{"type":"Feature","geometry":{"type":"Point","coordinates":[23.289964,42.727206]},"properties":{"name":"ул. Хан Кубрат","lines":"83, 285","arr":["83","285"],"terminus":0,"mode":"bus","color":"#0059a9","colorDark":"#00294f","angle":132.8,"snapDist":3,"label":0}},{"type":"Feature","geometry":{"type":"Point","coordinates":[23.293795,42.730294]},"properties":{"name":"8-Ми ДКЦ","lines":"83, 285","arr":["83","285"],"terminus":0,"mode":"bus","color":"#0059a9","colorDark":"#00294f","angle":132.3,"snapDist":5,"label":1}},{"type":"Feature","geometry":{"type":"Point","coordinates":[23.296862,42.732617]},"properties":{"name":"бул. Ломско шосе","lines":"83, 86","arr":["83","86"],"terminus":0,"mode":"bus","color":"#0059a9","colorDark":"#00294f","angle":138.6,"snapDist":6,"label":0}},{"type":"Feature","geometry":{"type":"Point","coordinates":[23.302613,42.733368]},"properties":{"name":"ул. Патриарх Дамян","lines":"83, 86","arr":["83","86"],"terminus":0,"mode":"bus","color":"#0059a9","colorDark":"#00294f","angle":177,"snapDist":4,"label":0}},{"type":"Feature","geometry":{"type":"Point","coordinates":[23.308835,42.733585]},"properties":{"name":"ул. ген. Никола Жеков","lines":"83, 86","arr":["83","86"],"terminus":0,"mode":"bus","color":"#0059a9","colorDark":"#00294f","angle":177.7,"snapDist":5,"label":0}},{"type":"Feature","geometry":{"type":"Point","coordinates":[23.312253,42.732362]},"properties":{"name":"ПГХМБТ проф. П. Райков","lines":"83, 85, 108","arr":["83","85","108"],"terminus":0,"mode":"bus","color":"#0059a9","colorDark":"#00294f","angle":215.1,"snapDist":3,"label":0}},{"type":"Feature","geometry":{"type":"Point","coordinates":[23.316957,42.738179]},"properties":{"name":"Стадион Локомотив","lines":"83","arr":["83"],"terminus":1,"mode":"bus","color":"#0059a9","colorDark":"#00294f","angle":204.5,"snapDist":6,"label":0}},{"type":"Feature","geometry":{"type":"Point","coordinates":[23.335355,42.692243]},"properties":{"name":"СУ Св.Климент Охридски","lines":"84, 94, N1","arr":["84","94","N1"],"terminus":1,"mode":"bus","color":"#0059a9","colorDark":"#00294f","angle":229.1,"snapDist":7,"label":1}},{"type":"Feature","geometry":{"type":"Point","coordinates":[23.348954,42.68238]},"properties":{"name":"бул. Пейо Яворов","lines":"84, N1","arr":["84","N1"],"terminus":0,"mode":"bus","color":"#0059a9","colorDark":"#00294f","angle":224.2,"snapDist":8,"label":1}},{"type":"Feature","geometry":{"type":"Point","coordinates":[23.355859,42.677294]},"properties":{"name":"ул. Александър Жендов","lines":"84, N1","arr":["84","N1"],"terminus":0,"mode":"bus","color":"#0059a9","colorDark":"#00294f","angle":223.6,"snapDist":6,"label":1}},{"type":"Feature","geometry":{"type":"Point","coordinates":[23.36411,42.671558]},"properties":{"name":"ж.к. Изток","lines":"84, 280, 305, N1","arr":["84","280","305","N1"],"terminus":0,"mode":"bus","color":"#0059a9","colorDark":"#00294f","angle":223,"snapDist":7,"label":1}},{"type":"Feature","geometry":{"type":"Point","coordinates":[23.384948,42.656715]},"properties":{"name":"Държавна печатница","lines":"84, 181, 183, 185, 204, 604","arr":["84","181","183","185","204","604"],"terminus":0,"mode":"bus","color":"#0059a9","colorDark":"#00294f","angle":223,"snapDist":10,"label":0}},{"type":"Feature","geometry":{"type":"Point","coordinates":[23.391282,42.665776]},"properties":{"name":"бл. 3 ж.к. Дружба-1","lines":"84, 88, 604, N4","arr":["84","88","604","N4"],"terminus":0,"mode":"bus","color":"#0059a9","colorDark":"#00294f","angle":111,"snapDist":11,"label":1}},{"type":"Feature","geometry":{"type":"Point","coordinates":[23.392329,42.66826]},"properties":{"name":"бл. 108 ж.к. Дружба-1","lines":"84, 88, 604, N4","arr":["84","88","604","N4"],"terminus":0,"mode":"bus","color":"#0059a9","colorDark":"#00294f","angle":107,"snapDist":8,"label":1}},{"type":"Feature","geometry":{"type":"Point","coordinates":[23.399601,42.678282]},"properties":{"name":"Технотест","lines":"84, N4","arr":["84","N4"],"terminus":0,"mode":"bus","color":"#0059a9","colorDark":"#00294f","angle":108.4,"snapDist":2,"label":0}},{"type":"Feature","geometry":{"type":"Point","coordinates":[23.400207,42.679792]},"properties":{"name":"Нова телевизия","lines":"84, N4","arr":["84","N4"],"terminus":0,"mode":"bus","color":"#0059a9","colorDark":"#00294f","angle":106.3,"snapDist":4,"label":1}},{"type":"Feature","geometry":{"type":"Point","coordinates":[23.401339,42.682595]},"properties":{"name":"Летищен център София","lines":"84, N4","arr":["84","N4"],"terminus":0,"mode":"bus","color":"#0059a9","colorDark":"#00294f","angle":106.5,"snapDist":3,"label":1}},{"type":"Feature","geometry":{"type":"Point","coordinates":[23.403316,42.685592]},"properties":{"name":"Р-Т Александрия","lines":"84, N4","arr":["84","N4"],"terminus":0,"mode":"bus","color":"#0059a9","colorDark":"#00294f","angle":197.7,"snapDist":7,"label":1}},{"type":"Feature","geometry":{"type":"Point","coordinates":[23.409324,42.684084]},"properties":{"name":"РВД","lines":"84, N4","arr":["84","N4"],"terminus":0,"mode":"bus","color":"#0059a9","colorDark":"#00294f","angle":199.5,"snapDist":7,"label":1}},{"type":"Feature","geometry":{"type":"Point","coordinates":[23.415101,42.688527]},"properties":{"name":"Летище София Терминал 2","lines":"84, N4","arr":["84","N4"],"terminus":1,"mode":"bus","color":"#0059a9","colorDark":"#00294f","angle":3.4,"snapDist":2,"label":1}},{"type":"Feature","geometry":{"type":"Point","coordinates":[23.413347,42.687905]},"properties":{"name":"Летище София Терминал 2","lines":"84, N4","arr":["84","N4"],"terminus":1,"mode":"bus","color":"#0059a9","colorDark":"#00294f","angle":319.7,"snapDist":4,"label":0}},{"type":"Feature","geometry":{"type":"Point","coordinates":[23.408496,42.684299]},"properties":{"name":"РВД","lines":"84, N4","arr":["84","N4"],"terminus":0,"mode":"bus","color":"#0059a9","colorDark":"#00294f","angle":19.5,"snapDist":6,"label":0}},{"type":"Feature","geometry":{"type":"Point","coordinates":[23.40202,42.685901]},"properties":{"name":"Р-Т Александрия","lines":"84, N4","arr":["84","N4"],"terminus":0,"mode":"bus","color":"#0059a9","colorDark":"#00294f","angle":18.1,"snapDist":6,"label":0}},{"type":"Feature","geometry":{"type":"Point","coordinates":[23.403032,42.688853]},"properties":{"name":"Летище София Терминал 1","lines":"84, N4","arr":["84","N4"],"terminus":0,"mode":"bus","color":"#0059a9","colorDark":"#00294f","angle":356.5,"snapDist":1,"label":1}},{"type":"Feature","geometry":{"type":"Point","coordinates":[23.402352,42.685165]},"properties":{"name":"Р-Т Александрия","lines":"84, N4","arr":["84","N4"],"terminus":0,"mode":"bus","color":"#0059a9","colorDark":"#00294f","angle":286.8,"snapDist":3,"label":0}},{"type":"Feature","geometry":{"type":"Point","coordinates":[23.401102,42.682012]},"properties":{"name":"Летищен център София","lines":"84, N4","arr":["84","N4"],"terminus":0,"mode":"bus","color":"#0059a9","colorDark":"#00294f","angle":-73.3,"snapDist":4,"label":0}},{"type":"Feature","geometry":{"type":"Point","coordinates":[23.400096,42.679513]},"properties":{"name":"Нова телевизия","lines":"84, N4","arr":["84","N4"],"terminus":0,"mode":"bus","color":"#0059a9","colorDark":"#00294f","angle":-73.7,"snapDist":4,"label":0}},{"type":"Feature","geometry":{"type":"Point","coordinates":[23.39363,42.671018]},"properties":{"name":"Разклона за летището","lines":"84, 88, 604, N4","arr":["84","88","604","N4"],"terminus":0,"mode":"bus","color":"#0059a9","colorDark":"#00294f","angle":290.6,"snapDist":6,"label":0}},{"type":"Feature","geometry":{"type":"Point","coordinates":[23.39199,42.667439]},"properties":{"name":"бл. 108 ж.к. Дружба-1","lines":"84, 88, 604, N4","arr":["84","88","604","N4"],"terminus":0,"mode":"bus","color":"#0059a9","colorDark":"#00294f","angle":286.9,"snapDist":6,"label":0}},{"type":"Feature","geometry":{"type":"Point","coordinates":[23.390863,42.664962]},"properties":{"name":"бл. 3 ж.к. Дружба-1","lines":"84, 88, 604, N4","arr":["84","88","604","N4"],"terminus":0,"mode":"bus","color":"#0059a9","colorDark":"#00294f","angle":292,"snapDist":7,"label":0}},{"type":"Feature","geometry":{"type":"Point","coordinates":[23.363934,42.672029]},"properties":{"name":"ж.к. Изток","lines":"84, 280, 305, N1","arr":["84","280","305","N1"],"terminus":0,"mode":"bus","color":"#0059a9","colorDark":"#00294f","angle":42.8,"snapDist":5,"label":0}},{"type":"Feature","geometry":{"type":"Point","coordinates":[23.355759,42.677696]},"properties":{"name":"ул. Александър Жендов","lines":"84, N1","arr":["84","N1"],"terminus":0,"mode":"bus","color":"#0059a9","colorDark":"#00294f","angle":44.3,"snapDist":8,"label":0}},{"type":"Feature","geometry":{"type":"Point","coordinates":[23.348276,42.683054]},"properties":{"name":"бул. Пейо Яворов","lines":"84, N1","arr":["84","N1"],"terminus":0,"mode":"bus","color":"#0059a9","colorDark":"#00294f","angle":43.4,"snapDist":5,"label":0}},{"type":"Feature","geometry":{"type":"Point","coordinates":[23.331881,42.689786]},"properties":{"name":"ул. ген. Гурко","lines":"84, 183","arr":["84","183"],"terminus":1,"mode":"bus","color":"#0059a9","colorDark":"#00294f","angle":37.7,"snapDist":8,"label":0}},{"type":"Feature","geometry":{"type":"Point","coordinates":[23.361605,42.710809]},"properties":{"name":"ж.к. Хаджи Димитър","lines":"85, 285","arr":["85","285"],"terminus":1,"mode":"bus","color":"#0059a9","colorDark":"#00294f","angle":1.6,"snapDist":2,"label":1}},{"type":"Feature","geometry":{"type":"Point","coordinates":[23.36112,42.708302]},"properties":{"name":"ул. Гинци","lines":"85, 285","arr":["85","285"],"terminus":0,"mode":"bus","color":"#0059a9","colorDark":"#00294f","angle":268.4,"snapDist":3,"label":1}},{"type":"Feature","geometry":{"type":"Point","coordinates":[23.35935,42.707392]},"properties":{"name":"ул. проф. Ив. Шишманов","lines":"85, 285","arr":["85","285"],"terminus":0,"mode":"bus","color":"#0059a9","colorDark":"#00294f","angle":344.8,"snapDist":5,"label":1}},{"type":"Feature","geometry":{"type":"Point","coordinates":[23.353556,42.707467]},"properties":{"name":"ул. Златица","lines":"85, 285","arr":["85","285"],"terminus":0,"mode":"bus","color":"#0059a9","colorDark":"#00294f","angle":8.1,"snapDist":1,"label":1}},{"type":"Feature","geometry":{"type":"Point","coordinates":[23.350177,42.70648]},"properties":{"name":"ул. Макгахан","lines":"85, 285","arr":["85","285"],"terminus":0,"mode":"bus","color":"#0059a9","colorDark":"#00294f","angle":2.4,"snapDist":2,"label":1}},{"type":"Feature","geometry":{"type":"Point","coordinates":[23.344998,42.70708]},"properties":{"name":"ул. Уошбърн","lines":"85, 285","arr":["85","285"],"terminus":0,"mode":"bus","color":"#0059a9","colorDark":"#00294f","angle":37.7,"snapDist":2,"label":1}},{"type":"Feature","geometry":{"type":"Point","coordinates":[23.33877,42.706915]},"properties":{"name":"София Мел АД","lines":"85, 86, 285","arr":["85","86","285"],"terminus":0,"mode":"bus","color":"#0059a9","colorDark":"#00294f","angle":351.7,"snapDist":7,"label":1}},{"type":"Feature","geometry":{"type":"Point","coordinates":[23.315697,42.713397]},"properties":{"name":"ул. Опълченска","lines":"85, 285","arr":["85","285"],"terminus":0,"mode":"bus","color":"#0059a9","colorDark":"#00294f","angle":34.1,"snapDist":3,"label":0}},{"type":"Feature","geometry":{"type":"Point","coordinates":[23.308443,42.734252]},"properties":{"name":"ул. ген. Никола Жеков","lines":"85, 108","arr":["85","108"],"terminus":0,"mode":"bus","color":"#0059a9","colorDark":"#00294f","angle":33.3,"snapDist":4,"label":0}},{"type":"Feature","geometry":{"type":"Point","coordinates":[23.305001,42.735903]},"properties":{"name":"102-Ро ОУ","lines":"85, 108","arr":["85","108"],"terminus":0,"mode":"bus","color":"#0059a9","colorDark":"#00294f","angle":31.5,"snapDist":5,"label":1}},{"type":"Feature","geometry":{"type":"Point","coordinates":[23.301023,42.736957]},"properties":{"name":"24-ти ДКЦ","lines":"85, 108","arr":["85","108"],"terminus":0,"mode":"bus","color":"#0059a9","colorDark":"#00294f","angle":14.9,"snapDist":4,"label":1}},{"type":"Feature","geometry":{"type":"Point","coordinates":[23.296769,42.737575]},"properties":{"name":"бл. 458 ж.к. Надежда-4","lines":"85, 108","arr":["85","108"],"terminus":0,"mode":"bus","color":"#0059a9","colorDark":"#00294f","angle":323.8,"snapDist":5,"label":1}},{"type":"Feature","geometry":{"type":"Point","coordinates":[23.29448,42.739289]},"properties":{"name":"бл. 603 ж.к. Връбница-2","lines":"85, 285","arr":["85","285"],"terminus":0,"mode":"bus","color":"#0059a9","colorDark":"#00294f","angle":75.2,"snapDist":3,"label":1}},{"type":"Feature","geometry":{"type":"Point","coordinates":[23.290818,42.73936]},"properties":{"name":"ж.к. Връбница-2","lines":"85, 285","arr":["85","285"],"terminus":1,"mode":"bus","color":"#0059a9","colorDark":"#00294f","angle":289.4,"snapDist":11,"label":1}},{"type":"Feature","geometry":{"type":"Point","coordinates":[23.294689,42.738707]},"properties":{"name":"бл. 603 ж.к. Връбница-2","lines":"85, 285","arr":["85","285"],"terminus":0,"mode":"bus","color":"#0059a9","colorDark":"#00294f","angle":255.2,"snapDist":3,"label":0}},{"type":"Feature","geometry":{"type":"Point","coordinates":[23.298497,42.737587]},"properties":{"name":"бл. 458 ж.к. Надежда-4","lines":"85, 108","arr":["85","108"],"terminus":0,"mode":"bus","color":"#0059a9","colorDark":"#00294f","angle":215,"snapDist":7,"label":0}},{"type":"Feature","geometry":{"type":"Point","coordinates":[23.301657,42.736832]},"properties":{"name":"24-ти ДКЦ","lines":"85, 108","arr":["85","108"],"terminus":0,"mode":"bus","color":"#0059a9","colorDark":"#00294f","angle":195.4,"snapDist":5,"label":0}},{"type":"Feature","geometry":{"type":"Point","coordinates":[23.305241,42.735793]},"properties":{"name":"102-Ро ОУ","lines":"85, 108","arr":["85","108"],"terminus":0,"mode":"bus","color":"#0059a9","colorDark":"#00294f","angle":213.1,"snapDist":5,"label":0}},{"type":"Feature","geometry":{"type":"Point","coordinates":[23.308653,42.73415]},"properties":{"name":"ул. ген. Никола Жеков","lines":"85, 108","arr":["85","108"],"terminus":0,"mode":"bus","color":"#0059a9","colorDark":"#00294f","angle":213.3,"snapDist":5,"label":0}},{"type":"Feature","geometry":{"type":"Point","coordinates":[23.334378,42.705771]},"properties":{"name":"пл. Сточна гара","lines":"85, 86, 285","arr":["85","86","285"],"terminus":0,"mode":"bus","color":"#0059a9","colorDark":"#00294f","angle":123.1,"snapDist":4,"label":0}},{"type":"Feature","geometry":{"type":"Point","coordinates":[23.339545,42.706985]},"properties":{"name":"София Мел АД","lines":"85, 86, 285","arr":["85","86","285"],"terminus":0,"mode":"bus","color":"#0059a9","colorDark":"#00294f","angle":173.6,"snapDist":5,"label":0}},{"type":"Feature","geometry":{"type":"Point","coordinates":[23.344893,42.705953]},"properties":{"name":"ул. Видини кули","lines":"85, 285","arr":["85","285"],"terminus":0,"mode":"bus","color":"#0059a9","colorDark":"#00294f","angle":187,"snapDist":3,"label":1}},{"type":"Feature","geometry":{"type":"Point","coordinates":[23.347804,42.705717]},"properties":{"name":"ул. Васил Петлешков","lines":"85, 285","arr":["85","285"],"terminus":0,"mode":"bus","color":"#0059a9","colorDark":"#00294f","angle":186.2,"snapDist":4,"label":1}},{"type":"Feature","geometry":{"type":"Point","coordinates":[23.350733,42.706313]},"properties":{"name":"ул. Макгахан","lines":"85, 100, 285","arr":["85","100","285"],"terminus":0,"mode":"bus","color":"#0059a9","colorDark":"#00294f","angle":85.2,"snapDist":11,"label":0}},{"type":"Feature","geometry":{"type":"Point","coordinates":[23.35504,42.707346]},"properties":{"name":"ул. Златица","lines":"85, 285","arr":["85","285"],"terminus":0,"mode":"bus","color":"#0059a9","colorDark":"#00294f","angle":180.2,"snapDist":5,"label":0}},{"type":"Feature","geometry":{"type":"Point","coordinates":[23.35732,42.707928]},"properties":{"name":"ул. Ангел войвода","lines":"85, 90, 285","arr":["85","90","285"],"terminus":0,"mode":"bus","color":"#0059a9","colorDark":"#00294f","angle":59.6,"snapDist":4,"label":1}},{"type":"Feature","geometry":{"type":"Point","coordinates":[23.35734,42.709718]},"properties":{"name":"ул. Теофил Ганев","lines":"85, 285","arr":["85","285"],"terminus":0,"mode":"bus","color":"#0059a9","colorDark":"#00294f","angle":156.1,"snapDist":4,"label":1}},{"type":"Feature","geometry":{"type":"Point","coordinates":[23.361519,42.710527]},"properties":{"name":"ж.к. Хаджи Димитър","lines":"85, 285","arr":["85","285"],"terminus":1,"mode":"bus","color":"#0059a9","colorDark":"#00294f","angle":181.6,"snapDist":1,"label":0}},{"type":"Feature","geometry":{"type":"Point","coordinates":[23.303211,42.738832]},"properties":{"name":"ж.к. Свобода","lines":"86","arr":["86"],"terminus":1,"mode":"bus","color":"#0059a9","colorDark":"#00294f","angle":186.4,"snapDist":6,"label":1}},{"type":"Feature","geometry":{"type":"Point","coordinates":[23.305759,42.739791]},"properties":{"name":"бл. 20 ж.к. Свобода","lines":"86","arr":["86"],"terminus":0,"mode":"bus","color":"#0059a9","colorDark":"#00294f","angle":170.1,"snapDist":4,"label":1}},{"type":"Feature","geometry":{"type":"Point","coordinates":[23.309708,42.738905]},"properties":{"name":"Стоков базар Илиянци","lines":"86","arr":["86"],"terminus":0,"mode":"bus","color":"#0059a9","colorDark":"#00294f","angle":260.2,"snapDist":6,"label":1}},{"type":"Feature","geometry":{"type":"Point","coordinates":[23.310467,42.735808]},"properties":{"name":"153-та гимназия","lines":"86","arr":["86"],"terminus":0,"mode":"bus","color":"#0059a9","colorDark":"#00294f","angle":259.1,"snapDist":6,"label":1}},{"type":"Feature","geometry":{"type":"Point","coordinates":[23.296846,42.731644]},"properties":{"name":"ул. Христо Силянов","lines":"86, N2","arr":["86","N2"],"terminus":0,"mode":"bus","color":"#0059a9","colorDark":"#00294f","angle":328.4,"snapDist":13,"label":1}},{"type":"Feature","geometry":{"type":"Point","coordinates":[23.298899,42.729901]},"properties":{"name":"ул.Сава Филаретов","lines":"86, N2","arr":["86","N2"],"terminus":0,"mode":"bus","color":"#0059a9","colorDark":"#00294f","angle":231.6,"snapDist":10,"label":1}},{"type":"Feature","geometry":{"type":"Point","coordinates":[23.302468,42.726596]},"properties":{"name":"Търговски К-С Надежда","lines":"86, N2","arr":["86","N2"],"terminus":0,"mode":"bus","color":"#0059a9","colorDark":"#00294f","angle":231.2,"snapDist":10,"label":1}},{"type":"Feature","geometry":{"type":"Point","coordinates":[23.304271,42.724902]},"properties":{"name":"ул. Хан Кубрат","lines":"86","arr":["86"],"terminus":0,"mode":"bus","color":"#0059a9","colorDark":"#00294f","angle":231.5,"snapDist":9,"label":1}},{"type":"Feature","geometry":{"type":"Point","coordinates":[23.314924,42.712581]},"properties":{"name":"бул. Княгиня Мария Луиза","lines":"86","arr":["86"],"terminus":0,"mode":"bus","color":"#0059a9","colorDark":"#00294f","angle":293.1,"snapDist":6,"label":0}},{"type":"Feature","geometry":{"type":"Point","coordinates":[23.313238,42.708732]},"properties":{"name":"ул. Охрид","lines":"86","arr":["86"],"terminus":0,"mode":"bus","color":"#0059a9","colorDark":"#00294f","angle":287.5,"snapDist":6,"label":0}},{"type":"Feature","geometry":{"type":"Point","coordinates":[23.345183,42.709472]},"properties":{"name":"ул. Ресенска поляна","lines":"86","arr":["86"],"terminus":0,"mode":"bus","color":"#0059a9","colorDark":"#00294f","angle":143.9,"snapDist":5,"label":1}},{"type":"Feature","geometry":{"type":"Point","coordinates":[23.351322,42.710962]},"properties":{"name":"Балкан Стар","lines":"86, 100","arr":["86","100"],"terminus":1,"mode":"bus","color":"#0059a9","colorDark":"#00294f","angle":170.2,"snapDist":5,"label":1}},{"type":"Feature","geometry":{"type":"Point","coordinates":[23.355012,42.711985]},"properties":{"name":"ул. Васил Кънчев","lines":"86, 90","arr":["86","90"],"terminus":0,"mode":"bus","color":"#0059a9","colorDark":"#00294f","angle":130.6,"snapDist":6,"label":1}},{"type":"Feature","geometry":{"type":"Point","coordinates":[23.358212,42.714179]},"properties":{"name":"Автосервиз","lines":"86, 90","arr":["86","90"],"terminus":0,"mode":"bus","color":"#0059a9","colorDark":"#00294f","angle":169.9,"snapDist":5,"label":1}},{"type":"Feature","geometry":{"type":"Point","coordinates":[23.360345,42.715294]},"properties":{"name":"АП Малашевци","lines":"86, 90","arr":["86","90"],"terminus":1,"mode":"bus","color":"#0059a9","colorDark":"#00294f","angle":315.6,"snapDist":3,"label":1}},{"type":"Feature","geometry":{"type":"Point","coordinates":[23.357472,42.713875]},"properties":{"name":"Автосервиз","lines":"86, 90","arr":["86","90"],"terminus":0,"mode":"bus","color":"#0059a9","colorDark":"#00294f","angle":317.6,"snapDist":5,"label":0}},{"type":"Feature","geometry":{"type":"Point","coordinates":[23.353533,42.711308]},"properties":{"name":"ул. Васил Кънчев","lines":"86","arr":["86"],"terminus":0,"mode":"bus","color":"#0059a9","colorDark":"#00294f","angle":351.9,"snapDist":10,"label":0}},{"type":"Feature","geometry":{"type":"Point","coordinates":[23.350652,42.710953]},"properties":{"name":"Балкан Стар","lines":"86","arr":["86"],"terminus":0,"mode":"bus","color":"#0059a9","colorDark":"#00294f","angle":349.9,"snapDist":3,"label":0}},{"type":"Feature","geometry":{"type":"Point","coordinates":[23.345358,42.709566]},"properties":{"name":"ул. Ресенска поляна","lines":"86","arr":["86"],"terminus":0,"mode":"bus","color":"#0059a9","colorDark":"#00294f","angle":323.9,"snapDist":6,"label":0}},{"type":"Feature","geometry":{"type":"Point","coordinates":[23.304048,42.725109]},"properties":{"name":"ул. Хан Кубрат","lines":"86","arr":["86"],"terminus":0,"mode":"bus","color":"#0059a9","colorDark":"#00294f","angle":51.7,"snapDist":8,"label":0}},{"type":"Feature","geometry":{"type":"Point","coordinates":[23.302662,42.726419]},"properties":{"name":"Търговски К-С Надежда","lines":"86, N2","arr":["86","N2"],"terminus":0,"mode":"bus","color":"#0059a9","colorDark":"#00294f","angle":52.3,"snapDist":7,"label":0}},{"type":"Feature","geometry":{"type":"Point","coordinates":[23.299169,42.729654]},"properties":{"name":"ул. Сава Филаретов","lines":"86, N2","arr":["86","N2"],"terminus":0,"mode":"bus","color":"#0059a9","colorDark":"#00294f","angle":51.6,"snapDist":7,"label":1}},{"type":"Feature","geometry":{"type":"Point","coordinates":[23.310127,42.737143]},"properties":{"name":"153-та гимназия","lines":"86","arr":["86"],"terminus":0,"mode":"bus","color":"#0059a9","colorDark":"#00294f","angle":80.1,"snapDist":1,"label":0}},{"type":"Feature","geometry":{"type":"Point","coordinates":[23.309238,42.739757]},"properties":{"name":"Стоков базар Илиянци","lines":"86","arr":["86"],"terminus":0,"mode":"bus","color":"#0059a9","colorDark":"#00294f","angle":29.7,"snapDist":5,"label":0}},{"type":"Feature","geometry":{"type":"Point","coordinates":[23.305287,42.73973]},"properties":{"name":"бл. 20 ж.к. Свобода","lines":"86","arr":["86"],"terminus":0,"mode":"bus","color":"#0059a9","colorDark":"#00294f","angle":349.7,"snapDist":1,"label":0}},{"type":"Feature","geometry":{"type":"Point","coordinates":[23.316671,42.660128]},"properties":{"name":"Метростанция Витоша","lines":"88, 120, X9","arr":["88","120","X9"],"terminus":0,"mode":"bus","color":"#0059a9","colorDark":"#00294f","angle":98.5,"snapDist":10,"label":0}},{"type":"Feature","geometry":{"type":"Point","coordinates":[23.318497,42.665162]},"properties":{"name":"бул. Никола Вапцаров","lines":"88, 120","arr":["88","120"],"terminus":0,"mode":"bus","color":"#0059a9","colorDark":"#00294f","angle":157.2,"snapDist":6,"label":1}},{"type":"Feature","geometry":{"type":"Point","coordinates":[23.327103,42.667823]},"properties":{"name":"МБАЛ Токуда болница","lines":"88, 120","arr":["88","120"],"terminus":0,"mode":"bus","color":"#0059a9","colorDark":"#00294f","angle":156.7,"snapDist":6,"label":1}},{"type":"Feature","geometry":{"type":"Point","coordinates":[23.330079,42.668746]},"properties":{"name":"НПМГ акад. Любомир Чакалов","lines":"88, 120","arr":["88","120"],"terminus":0,"mode":"bus","color":"#0059a9","colorDark":"#00294f","angle":157.4,"snapDist":9,"label":1}},{"type":"Feature","geometry":{"type":"Point","coordinates":[23.332549,42.669665]},"properties":{"name":"Ловен парк","lines":"88, 120","arr":["88","120"],"terminus":0,"mode":"bus","color":"#0059a9","colorDark":"#00294f","angle":142.5,"snapDist":9,"label":1}},{"type":"Feature","geometry":{"type":"Point","coordinates":[23.33676,42.671869]},"properties":{"name":"ул. Стоян Михайловски","lines":"88, 94, 102","arr":["88","94","102"],"terminus":0,"mode":"bus","color":"#0059a9","colorDark":"#00294f","angle":235.1,"snapDist":8,"label":0}},{"type":"Feature","geometry":{"type":"Point","coordinates":[23.33859,42.666654]},"properties":{"name":"Гара Пионер","lines":"88, 94, 102","arr":["88","94","102"],"terminus":0,"mode":"bus","color":"#0059a9","colorDark":"#00294f","angle":176.9,"snapDist":6,"label":1}},{"type":"Feature","geometry":{"type":"Point","coordinates":[23.342972,42.665219]},"properties":{"name":"ПК Диана","lines":"88, 94, 102","arr":["88","94","102"],"terminus":0,"mode":"bus","color":"#0059a9","colorDark":"#00294f","angle":240.7,"snapDist":10,"label":1}},{"type":"Feature","geometry":{"type":"Point","coordinates":[23.345484,42.662359]},"properties":{"name":"Читалище Д. Чинтулов","lines":"88, 94, 102","arr":["88","94","102"],"terminus":0,"mode":"bus","color":"#0059a9","colorDark":"#00294f","angle":234.4,"snapDist":11,"label":1}},{"type":"Feature","geometry":{"type":"Point","coordinates":[23.358101,42.662763]},"properties":{"name":"НСБАЛ по Онкология","lines":"88, 280, 294, N2","arr":["88","280","294","N2"],"terminus":0,"mode":"bus","color":"#0059a9","colorDark":"#00294f","angle":232.6,"snapDist":7,"label":0}},{"type":"Feature","geometry":{"type":"Point","coordinates":[23.359165,42.656661]},"properties":{"name":"Технически университет","lines":"88, 280, 294, N2","arr":["88","280","294","N2"],"terminus":0,"mode":"bus","color":"#0059a9","colorDark":"#00294f","angle":267.9,"snapDist":9,"label":0}},{"type":"Feature","geometry":{"type":"Point","coordinates":[23.359743,42.653142]},"properties":{"name":"Лту","lines":"88, 280, 294, N2","arr":["88","280","294","N2"],"terminus":0,"mode":"bus","color":"#0059a9","colorDark":"#00294f","angle":264.1,"snapDist":5,"label":0}},{"type":"Feature","geometry":{"type":"Point","coordinates":[23.363217,42.649863]},"properties":{"name":"бл.49 ж.к.Дървеница","lines":"88, 413","arr":["88","413"],"terminus":0,"mode":"bus","color":"#0059a9","colorDark":"#00294f","angle":180.7,"snapDist":4,"label":1}},{"type":"Feature","geometry":{"type":"Point","coordinates":[23.367416,42.649653]},"properties":{"name":"Естакада ж.к. Младост 2","lines":"88, 413","arr":["88","413"],"terminus":0,"mode":"bus","color":"#0059a9","colorDark":"#00294f","angle":185.4,"snapDist":5,"label":1}},{"type":"Feature","geometry":{"type":"Point","coordinates":[23.372182,42.649119]},"properties":{"name":"бл. 69 ж.к. Младост-1","lines":"88","arr":["88"],"terminus":0,"mode":"bus","color":"#0059a9","colorDark":"#00294f","angle":195.2,"snapDist":4,"label":1}},{"type":"Feature","geometry":{"type":"Point","coordinates":[23.375738,42.648308]},"properties":{"name":"Метростанция Ал. Малинов","lines":"88","arr":["88"],"terminus":0,"mode":"bus","color":"#0059a9","colorDark":"#00294f","angle":197.3,"snapDist":4,"label":0}},{"type":"Feature","geometry":{"type":"Point","coordinates":[23.415566,42.662035]},"properties":{"name":"кв. гара Искър","lines":"88, 187, 188","arr":["88","187","188"],"terminus":0,"mode":"bus","color":"#0059a9","colorDark":"#00294f","angle":276.5,"snapDist":9,"label":1}},{"type":"Feature","geometry":{"type":"Point","coordinates":[23.415187,42.659622]},"properties":{"name":"София Мед АД","lines":"88, 187, 188","arr":["88","187","188"],"terminus":0,"mode":"bus","color":"#0059a9","colorDark":"#00294f","angle":276.6,"snapDist":7,"label":1}},{"type":"Feature","geometry":{"type":"Point","coordinates":[23.414626,42.656048]},"properties":{"name":"Депо Искър","lines":"88, 187, 188","arr":["88","187","188"],"terminus":0,"mode":"bus","color":"#0059a9","colorDark":"#00294f","angle":276.6,"snapDist":7,"label":1}},{"type":"Feature","geometry":{"type":"Point","coordinates":[23.413788,42.650595]},"properties":{"name":"ТЕЦ Изток","lines":"88, 187, 188","arr":["88","187","188"],"terminus":0,"mode":"bus","color":"#0059a9","colorDark":"#00294f","angle":276.3,"snapDist":5,"label":1}},{"type":"Feature","geometry":{"type":"Point","coordinates":[23.41356,42.649164]},"properties":{"name":"Разклона за АП Дружба","lines":"88, 187, 188","arr":["88","187","188"],"terminus":0,"mode":"bus","color":"#0059a9","colorDark":"#00294f","angle":277.8,"snapDist":5,"label":1}},{"type":"Feature","geometry":{"type":"Point","coordinates":[23.412325,42.643237]},"properties":{"name":"бл. 501 ж.к. Дружба-2","lines":"88, 187, 188, 204, 304, 404","arr":["88","187","188","204","304","404"],"terminus":0,"mode":"bus","color":"#0059a9","colorDark":"#00294f","angle":264,"snapDist":7,"label":1}},{"type":"Feature","geometry":{"type":"Point","coordinates":[23.413,42.640348]},"properties":{"name":"ул. Димитър Пешев","lines":"88, 204, N4","arr":["88","204","N4"],"terminus":0,"mode":"bus","color":"#0059a9","colorDark":"#00294f","angle":179.5,"snapDist":4,"label":1}},{"type":"Feature","geometry":{"type":"Point","coordinates":[23.416311,42.639789]},"properties":{"name":"ж.к. Дружба-2","lines":"88, 204, 304, N4","arr":["88","204","304","N4"],"terminus":1,"mode":"bus","color":"#0059a9","colorDark":"#00294f","angle":209,"snapDist":4,"label":1}},{"type":"Feature","geometry":{"type":"Point","coordinates":[23.416241,42.640063]},"properties":{"name":"ж.к. Дружба-2","lines":"88, 204, 304, N4","arr":["88","204","304","N4"],"terminus":1,"mode":"bus","color":"#0059a9","colorDark":"#00294f","angle":357.7,"snapDist":4,"label":0}},{"type":"Feature","geometry":{"type":"Point","coordinates":[23.413096,42.640348]},"properties":{"name":"ул. Димитър Пешев","lines":"88, 204, N4","arr":["88","204","N4"],"terminus":0,"mode":"bus","color":"#0059a9","colorDark":"#00294f","angle":359.5,"snapDist":7,"label":0}},{"type":"Feature","geometry":{"type":"Point","coordinates":[23.412234,42.643971]},"properties":{"name":"бл. 501 ж.к. Дружба-2","lines":"88, 187, 188, 204, 304, 404","arr":["88","187","188","204","304","404"],"terminus":0,"mode":"bus","color":"#0059a9","colorDark":"#00294f","angle":82.8,"snapDist":3,"label":0}},{"type":"Feature","geometry":{"type":"Point","coordinates":[23.413644,42.649645]},"properties":{"name":"Разклона за АП Дружба","lines":"88, 187, 188","arr":["88","187","188"],"terminus":0,"mode":"bus","color":"#0059a9","colorDark":"#00294f","angle":96.3,"snapDist":6,"label":0}},{"type":"Feature","geometry":{"type":"Point","coordinates":[23.413846,42.650986]},"properties":{"name":"ТЕЦ Изток","lines":"88, 187, 188","arr":["88","187","188"],"terminus":0,"mode":"bus","color":"#0059a9","colorDark":"#00294f","angle":96.3,"snapDist":4,"label":0}},{"type":"Feature","geometry":{"type":"Point","coordinates":[23.41447,42.655056]},"properties":{"name":"Депо Искър","lines":"88, 187, 188","arr":["88","187","188"],"terminus":0,"mode":"bus","color":"#0059a9","colorDark":"#00294f","angle":96.6,"snapDist":4,"label":0}},{"type":"Feature","geometry":{"type":"Point","coordinates":[23.414974,42.658263]},"properties":{"name":"София Мед АД","lines":"88, 187, 188","arr":["88","187","188"],"terminus":0,"mode":"bus","color":"#0059a9","colorDark":"#00294f","angle":96.6,"snapDist":7,"label":0}},{"type":"Feature","geometry":{"type":"Point","coordinates":[23.415569,42.662056]},"properties":{"name":"кв. гара Искър","lines":"88, 187, 188","arr":["88","187","188"],"terminus":0,"mode":"bus","color":"#0059a9","colorDark":"#00294f","angle":96.5,"snapDist":3,"label":0}},{"type":"Feature","geometry":{"type":"Point","coordinates":[23.375878,42.648388]},"properties":{"name":"Метростанция Ал. Малинов","lines":"88, 184","arr":["88","184"],"terminus":0,"mode":"bus","color":"#0059a9","colorDark":"#00294f","angle":17,"snapDist":3,"label":0}},{"type":"Feature","geometry":{"type":"Point","coordinates":[23.369159,42.649619]},"properties":{"name":"бл. 69 ж.к. Младост-1","lines":"88, 184","arr":["88","184"],"terminus":0,"mode":"bus","color":"#0059a9","colorDark":"#00294f","angle":5.8,"snapDist":3,"label":1}},{"type":"Feature","geometry":{"type":"Point","coordinates":[23.367097,42.649774]},"properties":{"name":"Естакада ж.к. Младост 2","lines":"88, 413","arr":["88","413"],"terminus":0,"mode":"bus","color":"#0059a9","colorDark":"#00294f","angle":6.2,"snapDist":3,"label":0}},{"type":"Feature","geometry":{"type":"Point","coordinates":[23.362661,42.649973]},"properties":{"name":"бл.49 ж.к.Дървеница","lines":"88, 413","arr":["88","413"],"terminus":0,"mode":"bus","color":"#0059a9","colorDark":"#00294f","angle":0.4,"snapDist":4,"label":0}},{"type":"Feature","geometry":{"type":"Point","coordinates":[23.347255,42.660303]},"properties":{"name":"бул. Д-Р Г. м. Димитров","lines":"88, 94, 102","arr":["88","94","102"],"terminus":0,"mode":"bus","color":"#0059a9","colorDark":"#00294f","angle":61.3,"snapDist":9,"label":0}},{"type":"Feature","geometry":{"type":"Point","coordinates":[23.344642,42.663212]},"properties":{"name":"Читалище Д. Чинтулов","lines":"88, 94, 102","arr":["88","94","102"],"terminus":0,"mode":"bus","color":"#0059a9","colorDark":"#00294f","angle":53.8,"snapDist":11,"label":0}},{"type":"Feature","geometry":{"type":"Point","coordinates":[23.342148,42.666196]},"properties":{"name":"ПК Диана","lines":"88, 94, 102","arr":["88","94","102"],"terminus":0,"mode":"bus","color":"#0059a9","colorDark":"#00294f","angle":55.6,"snapDist":10,"label":0}},{"type":"Feature","geometry":{"type":"Point","coordinates":[23.338135,42.666635]},"properties":{"name":"Гара Пионер","lines":"88, 94, 102","arr":["88","94","102"],"terminus":0,"mode":"bus","color":"#0059a9","colorDark":"#00294f","angle":356.9,"snapDist":8,"label":0}},{"type":"Feature","geometry":{"type":"Point","coordinates":[23.335596,42.672397]},"properties":{"name":"ул. Стоян Михайловски","lines":"88","arr":["88"],"terminus":0,"mode":"bus","color":"#0059a9","colorDark":"#00294f","angle":311.3,"snapDist":5,"label":0}},{"type":"Feature","geometry":{"type":"Point","coordinates":[23.328978,42.668563]},"properties":{"name":"НПМГ акад. Любомир Чакалов","lines":"88, 120","arr":["88","120"],"terminus":0,"mode":"bus","color":"#0059a9","colorDark":"#00294f","angle":336.9,"snapDist":5,"label":0}},{"type":"Feature","geometry":{"type":"Point","coordinates":[23.325492,42.66748]},"properties":{"name":"МБАЛ Токуда болница","lines":"88, 120","arr":["88","120"],"terminus":0,"mode":"bus","color":"#0059a9","colorDark":"#00294f","angle":337.2,"snapDist":8,"label":0}},{"type":"Feature","geometry":{"type":"Point","coordinates":[23.319029,42.665477]},"properties":{"name":"бул. Никола Вапцаров","lines":"88, 120","arr":["88","120"],"terminus":0,"mode":"bus","color":"#0059a9","colorDark":"#00294f","angle":337,"snapDist":5,"label":0}},{"type":"Feature","geometry":{"type":"Point","coordinates":[23.316727,42.660444]},"properties":{"name":"ул. Кишинев","lines":"88, 120","arr":["88","120"],"terminus":0,"mode":"bus","color":"#0059a9","colorDark":"#00294f","angle":277.8,"snapDist":8,"label":1}},{"type":"Feature","geometry":{"type":"Point","coordinates":[23.569005,42.764548]},"properties":{"name":"Град Бухово","lines":"90, 117","arr":["90","117"],"terminus":1,"mode":"bus","color":"#0059a9","colorDark":"#00294f","angle":242.1,"snapDist":6,"label":1}},{"type":"Feature","geometry":{"type":"Point","coordinates":[23.565896,42.764405]},"properties":{"name":"ул. Захари Попов","lines":"90, 117","arr":["90","117"],"terminus":0,"mode":"bus","color":"#0059a9","colorDark":"#00294f","angle":323.3,"snapDist":1,"label":1}},{"type":"Feature","geometry":{"type":"Point","coordinates":[23.562298,42.761009]},"properties":{"name":"Културен дом","lines":"90, 117","arr":["90","117"],"terminus":0,"mode":"bus","color":"#0059a9","colorDark":"#00294f","angle":306.7,"snapDist":2,"label":1}},{"type":"Feature","geometry":{"type":"Point","coordinates":[23.555289,42.741797]},"properties":{"name":"По желание","lines":"90","arr":["90"],"terminus":0,"mode":"bus","color":"#0059a9","colorDark":"#00294f","angle":280.1,"snapDist":3,"label":1}},{"type":"Feature","geometry":{"type":"Point","coordinates":[23.554049,42.736659]},"properties":{"name":"Шлаков цех","lines":"90","arr":["90"],"terminus":0,"mode":"bus","color":"#0059a9","colorDark":"#00294f","angle":280,"snapDist":3,"label":1}},{"type":"Feature","geometry":{"type":"Point","coordinates":[23.554014,42.732744]},"properties":{"name":"ул. Юрий Гагарин","lines":"90, 118","arr":["90","118"],"terminus":0,"mode":"bus","color":"#0059a9","colorDark":"#00294f","angle":190.3,"snapDist":5,"label":1}},{"type":"Feature","geometry":{"type":"Point","coordinates":[23.557868,42.730889]},"properties":{"name":"Кметство село Яна","lines":"90, 118","arr":["90","118"],"terminus":0,"mode":"bus","color":"#0059a9","colorDark":"#00294f","angle":280.5,"snapDist":4,"label":1}},{"type":"Feature","geometry":{"type":"Point","coordinates":[23.55719,42.727807]},"properties":{"name":"ул. Ботевградско шосе","lines":"90, 118","arr":["90","118"],"terminus":0,"mode":"bus","color":"#0059a9","colorDark":"#00294f","angle":275.3,"snapDist":3,"label":1}},{"type":"Feature","geometry":{"type":"Point","coordinates":[23.541671,42.722644]},"properties":{"name":"Пътен възел Яна - по желание","lines":"90, 118","arr":["90","118"],"terminus":0,"mode":"bus","color":"#0059a9","colorDark":"#00294f","angle":339.3,"snapDist":4,"label":1}},{"type":"Feature","geometry":{"type":"Point","coordinates":[23.534719,42.720058]},"properties":{"name":"Каваците","lines":"90, 118","arr":["90","118"],"terminus":0,"mode":"bus","color":"#0059a9","colorDark":"#00294f","angle":327.5,"snapDist":2,"label":1}},{"type":"Feature","geometry":{"type":"Point","coordinates":[23.528722,42.717506]},"properties":{"name":"Село Горни Богров","lines":"90, 118","arr":["90","118"],"terminus":0,"mode":"bus","color":"#0059a9","colorDark":"#00294f","angle":316.7,"snapDist":3,"label":1}},{"type":"Feature","geometry":{"type":"Point","coordinates":[23.519701,42.707378]},"properties":{"name":"Ханчето","lines":"90","arr":["90"],"terminus":0,"mode":"bus","color":"#0059a9","colorDark":"#00294f","angle":292.1,"snapDist":7,"label":1}},{"type":"Feature","geometry":{"type":"Point","coordinates":[23.49866,42.707206]},"properties":{"name":"Моста на Лесновска река","lines":"90","arr":["90"],"terminus":0,"mode":"bus","color":"#0059a9","colorDark":"#00294f","angle":5,"snapDist":6,"label":1}},{"type":"Feature","geometry":{"type":"Point","coordinates":[23.489593,42.706046]},"properties":{"name":"Разклона за Д.Богров","lines":"90","arr":["90"],"terminus":0,"mode":"bus","color":"#0059a9","colorDark":"#00294f","angle":343.6,"snapDist":6,"label":1}},{"type":"Feature","geometry":{"type":"Point","coordinates":[23.418379,42.709042]},"properties":{"name":"Моста на Р. Искър","lines":"90, 117, 118, 119","arr":["90","117","118","119"],"terminus":0,"mode":"bus","color":"#0059a9","colorDark":"#00294f","angle":346.3,"snapDist":7,"label":1}},{"type":"Feature","geometry":{"type":"Point","coordinates":[23.412453,42.707969]},"properties":{"name":"Спи проф. П. Мутафчиев","lines":"90, 117, 118, 119","arr":["90","117","118","119"],"terminus":0,"mode":"bus","color":"#0059a9","colorDark":"#00294f","angle":346.1,"snapDist":7,"label":1}},{"type":"Feature","geometry":{"type":"Point","coordinates":[23.408424,42.707238]},"properties":{"name":"Разклона за летището","lines":"90, 117, 118, 119","arr":["90","117","118","119"],"terminus":0,"mode":"bus","color":"#0059a9","colorDark":"#00294f","angle":346.1,"snapDist":7,"label":1}},{"type":"Feature","geometry":{"type":"Point","coordinates":[23.38635,42.703153]},"properties":{"name":"Автостанция Изток","lines":"90","arr":["90"],"terminus":0,"mode":"bus","color":"#0059a9","colorDark":"#00294f","angle":346.3,"snapDist":6,"label":0}},{"type":"Feature","geometry":{"type":"Point","coordinates":[23.381788,42.702334]},"properties":{"name":"ул. Поп Груйо","lines":"90","arr":["90"],"terminus":0,"mode":"bus","color":"#0059a9","colorDark":"#00294f","angle":346.3,"snapDist":6,"label":1}},{"type":"Feature","geometry":{"type":"Point","coordinates":[23.376872,42.701435]},"properties":{"name":"ул. Рилска обител","lines":"90","arr":["90"],"terminus":0,"mode":"bus","color":"#0059a9","colorDark":"#00294f","angle":346.2,"snapDist":6,"label":1}},{"type":"Feature","geometry":{"type":"Point","coordinates":[23.35854,42.702159]},"properties":{"name":"ул. Тодорини кукли","lines":"90, 120","arr":["90","120"],"terminus":0,"mode":"bus","color":"#0059a9","colorDark":"#00294f","angle":74.9,"snapDist":7,"label":0}},{"type":"Feature","geometry":{"type":"Point","coordinates":[23.355223,42.702063]},"properties":{"name":"143-то ОУ","lines":"90, 120","arr":["90","120"],"terminus":0,"mode":"bus","color":"#0059a9","colorDark":"#00294f","angle":22.6,"snapDist":8,"label":0}},{"type":"Feature","geometry":{"type":"Point","coordinates":[23.358497,42.706065]},"properties":{"name":"ул. Брезник","lines":"90","arr":["90"],"terminus":0,"mode":"bus","color":"#0059a9","colorDark":"#00294f","angle":71.1,"snapDist":4,"label":1}},{"type":"Feature","geometry":{"type":"Point","coordinates":[23.355199,42.710236]},"properties":{"name":"ул. Резбарска","lines":"90","arr":["90"],"terminus":0,"mode":"bus","color":"#0059a9","colorDark":"#00294f","angle":54.9,"snapDist":4,"label":1}},{"type":"Feature","geometry":{"type":"Point","coordinates":[23.354846,42.710453]},"properties":{"name":"ул. Резбарска","lines":"90","arr":["90"],"terminus":0,"mode":"bus","color":"#0059a9","colorDark":"#00294f","angle":234.8,"snapDist":7,"label":0}},{"type":"Feature","geometry":{"type":"Point","coordinates":[23.358075,42.706633]},"properties":{"name":"ул. Ангел войвода","lines":"90","arr":["90"],"terminus":0,"mode":"bus","color":"#0059a9","colorDark":"#00294f","angle":247.2,"snapDist":6,"label":0}},{"type":"Feature","geometry":{"type":"Point","coordinates":[23.353819,42.702697]},"properties":{"name":"Метростанция Хаджи Димитър","lines":"90","arr":["90"],"terminus":0,"mode":"bus","color":"#0059a9","colorDark":"#00294f","angle":237.8,"snapDist":7,"label":0}},{"type":"Feature","geometry":{"type":"Point","coordinates":[23.3789,42.701578]},"properties":{"name":"ул. Рилска обител","lines":"90","arr":["90"],"terminus":0,"mode":"bus","color":"#0059a9","colorDark":"#00294f","angle":166.3,"snapDist":5,"label":0}},{"type":"Feature","geometry":{"type":"Point","coordinates":[23.382401,42.702206]},"properties":{"name":"ул. Поп Груйо","lines":"90","arr":["90"],"terminus":0,"mode":"bus","color":"#0059a9","colorDark":"#00294f","angle":165.6,"snapDist":4,"label":0}},{"type":"Feature","geometry":{"type":"Point","coordinates":[23.388502,42.703313]},"properties":{"name":"Автостанция Изток","lines":"90","arr":["90"],"terminus":0,"mode":"bus","color":"#0059a9","colorDark":"#00294f","angle":166,"snapDist":8,"label":0}},{"type":"Feature","geometry":{"type":"Point","coordinates":[23.407342,42.706739]},"properties":{"name":"Пътя за летище Враждебна","lines":"90, 117, 118","arr":["90","117","118"],"terminus":0,"mode":"bus","color":"#0059a9","colorDark":"#00294f","angle":166.9,"snapDist":7,"label":1}},{"type":"Feature","geometry":{"type":"Point","coordinates":[23.410547,42.707304]},"properties":{"name":"Разклона за летището","lines":"90, 117, 118, 119","arr":["90","117","118","119"],"terminus":0,"mode":"bus","color":"#0059a9","colorDark":"#00294f","angle":166.3,"snapDist":6,"label":0}},{"type":"Feature","geometry":{"type":"Point","coordinates":[23.413454,42.707826]},"properties":{"name":"Спи проф. П. Мутафчиев","lines":"90, 117, 118, 119","arr":["90","117","118","119"],"terminus":0,"mode":"bus","color":"#0059a9","colorDark":"#00294f","angle":166.2,"snapDist":5,"label":0}},{"type":"Feature","geometry":{"type":"Point","coordinates":[23.419022,42.70884]},"properties":{"name":"Моста на Р. Искър","lines":"90, 117, 118, 119","arr":["90","117","118","119"],"terminus":0,"mode":"bus","color":"#0059a9","colorDark":"#00294f","angle":166.6,"snapDist":7,"label":0}},{"type":"Feature","geometry":{"type":"Point","coordinates":[23.500166,42.706993]},"properties":{"name":"Моста на Лесновска река","lines":"90","arr":["90"],"terminus":0,"mode":"bus","color":"#0059a9","colorDark":"#00294f","angle":185.3,"snapDist":8,"label":0}},{"type":"Feature","geometry":{"type":"Point","coordinates":[23.520201,42.707991]},"properties":{"name":"Ханчето","lines":"90","arr":["90"],"terminus":0,"mode":"bus","color":"#0059a9","colorDark":"#00294f","angle":112,"snapDist":7,"label":0}},{"type":"Feature","geometry":{"type":"Point","coordinates":[23.529712,42.716298]},"properties":{"name":"Село Горни Богров","lines":"90, 118","arr":["90","118"],"terminus":0,"mode":"bus","color":"#0059a9","colorDark":"#00294f","angle":153.2,"snapDist":8,"label":0}},{"type":"Feature","geometry":{"type":"Point","coordinates":[23.535354,42.719807]},"properties":{"name":"Каваците","lines":"90, 118","arr":["90","118"],"terminus":0,"mode":"bus","color":"#0059a9","colorDark":"#00294f","angle":128.4,"snapDist":10,"label":0}},{"type":"Feature","geometry":{"type":"Point","coordinates":[23.542309,42.722704]},"properties":{"name":"Пътен възел Яна - по желание","lines":"90, 118","arr":["90","118"],"terminus":0,"mode":"bus","color":"#0059a9","colorDark":"#00294f","angle":158.9,"snapDist":4,"label":0}},{"type":"Feature","geometry":{"type":"Point","coordinates":[23.557349,42.727858]},"properties":{"name":"ул. Ботевградско шосе","lines":"90, 118","arr":["90","118"],"terminus":0,"mode":"bus","color":"#0059a9","colorDark":"#00294f","angle":95.2,"snapDist":2,"label":0}},{"type":"Feature","geometry":{"type":"Point","coordinates":[23.55797,42.731294]},"properties":{"name":"Кметство село Яна","lines":"90, 118","arr":["90","118"],"terminus":0,"mode":"bus","color":"#0059a9","colorDark":"#00294f","angle":100.5,"snapDist":3,"label":0}},{"type":"Feature","geometry":{"type":"Point","coordinates":[23.553844,42.732767]},"properties":{"name":"ул. Юрий Гагарин","lines":"90, 118","arr":["90","118"],"terminus":0,"mode":"bus","color":"#0059a9","colorDark":"#00294f","angle":10.3,"snapDist":1,"label":0}},{"type":"Feature","geometry":{"type":"Point","coordinates":[23.553996,42.736434]},"properties":{"name":"Шлаков цех","lines":"90","arr":["90"],"terminus":0,"mode":"bus","color":"#0059a9","colorDark":"#00294f","angle":100.2,"snapDist":4,"label":0}},{"type":"Feature","geometry":{"type":"Point","coordinates":[23.555192,42.741398]},"properties":{"name":"По желание","lines":"90","arr":["90"],"terminus":0,"mode":"bus","color":"#0059a9","colorDark":"#00294f","angle":100.1,"snapDist":2,"label":0}},{"type":"Feature","geometry":{"type":"Point","coordinates":[23.562684,42.760995]},"properties":{"name":"Културен дом","lines":"90, 117","arr":["90","117"],"terminus":0,"mode":"bus","color":"#0059a9","colorDark":"#00294f","angle":125.9,"snapDist":3,"label":0}},{"type":"Feature","geometry":{"type":"Point","coordinates":[23.566344,42.764247]},"properties":{"name":"ул. Захари Попов","lines":"90, 117","arr":["90","117"],"terminus":0,"mode":"bus","color":"#0059a9","colorDark":"#00294f","angle":149.4,"snapDist":5,"label":0}},{"type":"Feature","geometry":{"type":"Point","coordinates":[23.320828,42.682041]},"properties":{"name":"Хотел Хилтън","lines":"94, N2","arr":["94","N2"],"terminus":0,"mode":"bus","color":"#0059a9","colorDark":"#00294f","angle":254.6,"snapDist":6,"label":1}},{"type":"Feature","geometry":{"type":"Point","coordinates":[23.322598,42.678332]},"properties":{"name":"Хотел Хемус","lines":"94, 102, N2","arr":["94","102","N2"],"terminus":0,"mode":"bus","color":"#0059a9","colorDark":"#00294f","angle":194.6,"snapDist":4,"label":1}},{"type":"Feature","geometry":{"type":"Point","coordinates":[23.33389,42.674807]},"properties":{"name":"Семинарията","lines":"94, 102, N2","arr":["94","102","N2"],"terminus":0,"mode":"bus","color":"#0059a9","colorDark":"#00294f","angle":259.9,"snapDist":6,"label":0}},{"type":"Feature","geometry":{"type":"Point","coordinates":[23.346724,42.653608]},"properties":{"name":"Детски дом","lines":"94, 280, 294, N2","arr":["94","280","294","N2"],"terminus":0,"mode":"bus","color":"#0059a9","colorDark":"#00294f","angle":3.5,"snapDist":9,"label":1}},{"type":"Feature","geometry":{"type":"Point","coordinates":[23.342322,42.6511]},"properties":{"name":"Спортна зала Хр. Ботев","lines":"94, 280, 294, N2","arr":["94","280","294","N2"],"terminus":0,"mode":"bus","color":"#0059a9","colorDark":"#00294f","angle":279.7,"snapDist":8,"label":1}},{"type":"Feature","geometry":{"type":"Point","coordinates":[23.34162,42.647938]},"properties":{"name":"Детски ясли","lines":"94, 280, 294, N2","arr":["94","280","294","N2"],"terminus":0,"mode":"bus","color":"#0059a9","colorDark":"#00294f","angle":265.6,"snapDist":6,"label":1}},{"type":"Feature","geometry":{"type":"Point","coordinates":[23.341985,42.644573]},"properties":{"name":"Зимен дворец на спорта","lines":"94, 280, 294, N2","arr":["94","280","294","N2"],"terminus":0,"mode":"bus","color":"#0059a9","colorDark":"#00294f","angle":274.8,"snapDist":5,"label":1}},{"type":"Feature","geometry":{"type":"Point","coordinates":[23.345143,42.64402]},"properties":{"name":"СК на НСА","lines":"94, 95, 102, 280, 294, N2","arr":["94","95","102","280","294","N2"],"terminus":0,"mode":"bus","color":"#0059a9","colorDark":"#00294f","angle":93.9,"snapDist":6,"label":1}},{"type":"Feature","geometry":{"type":"Point","coordinates":[23.346421,42.646606]},"properties":{"name":"Студентски град","lines":"94, 95, 102, 280, 294","arr":["94","95","102","280","294"],"terminus":1,"mode":"bus","color":"#0059a9","colorDark":"#00294f","angle":152.4,"snapDist":6,"label":1}},{"type":"Feature","geometry":{"type":"Point","coordinates":[23.346563,42.646843]},"properties":{"name":"Студентски град","lines":"94, 95, 102, 280, 294","arr":["94","95","102","280","294"],"terminus":1,"mode":"bus","color":"#0059a9","colorDark":"#00294f","angle":66.5,"snapDist":4,"label":0}},{"type":"Feature","geometry":{"type":"Point","coordinates":[23.345123,42.643805]},"properties":{"name":"СК на НСА","lines":"94, 95, 102, 280, 294","arr":["94","95","102","280","294"],"terminus":0,"mode":"bus","color":"#0059a9","colorDark":"#00294f","angle":273.9,"snapDist":8,"label":0}},{"type":"Feature","geometry":{"type":"Point","coordinates":[23.341962,42.644363]},"properties":{"name":"Зимен дворец на спорта","lines":"94, 280, 294","arr":["94","280","294"],"terminus":0,"mode":"bus","color":"#0059a9","colorDark":"#00294f","angle":94.3,"snapDist":5,"label":0}},{"type":"Feature","geometry":{"type":"Point","coordinates":[23.341628,42.648708]},"properties":{"name":"Детски ясли","lines":"94, 280, 294","arr":["94","280","294"],"terminus":0,"mode":"bus","color":"#0059a9","colorDark":"#00294f","angle":94.1,"snapDist":5,"label":0}},{"type":"Feature","geometry":{"type":"Point","coordinates":[23.342457,42.651875]},"properties":{"name":"Спортна зала Хр. Ботев","lines":"94, 280, 294","arr":["94","280","294"],"terminus":0,"mode":"bus","color":"#0059a9","colorDark":"#00294f","angle":95.3,"snapDist":5,"label":0}},{"type":"Feature","geometry":{"type":"Point","coordinates":[23.344404,42.653712]},"properties":{"name":"Детски дом","lines":"94, 280, 294","arr":["94","280","294"],"terminus":0,"mode":"bus","color":"#0059a9","colorDark":"#00294f","angle":183.8,"snapDist":5,"label":0}},{"type":"Feature","geometry":{"type":"Point","coordinates":[23.34953,42.65622]},"properties":{"name":"Висше училище по телекомуникации и пощи","lines":"94, 294, 413","arr":["94","294","413"],"terminus":0,"mode":"bus","color":"#0059a9","colorDark":"#00294f","angle":94.4,"snapDist":7,"label":0}},{"type":"Feature","geometry":{"type":"Point","coordinates":[23.333529,42.676616]},"properties":{"name":"Семинарията","lines":"94, 102, N2","arr":["94","102","N2"],"terminus":0,"mode":"bus","color":"#0059a9","colorDark":"#00294f","angle":39.3,"snapDist":3,"label":0}},{"type":"Feature","geometry":{"type":"Point","coordinates":[23.321741,42.679108]},"properties":{"name":"Хотел Хемус","lines":"94, N2","arr":["94","N2"],"terminus":0,"mode":"bus","color":"#0059a9","colorDark":"#00294f","angle":81.4,"snapDist":8,"label":0}},{"type":"Feature","geometry":{"type":"Point","coordinates":[23.321132,42.685212]},"properties":{"name":"Хотел Хилтън","lines":"94, N2","arr":["94","N2"],"terminus":0,"mode":"bus","color":"#0059a9","colorDark":"#00294f","angle":98.5,"snapDist":7,"label":1}},{"type":"Feature","geometry":{"type":"Point","coordinates":[23.324227,42.686613]},"properties":{"name":"ул. 6-ти септември","lines":"94, N2","arr":["94","N2"],"terminus":0,"mode":"bus","color":"#0059a9","colorDark":"#00294f","angle":161.5,"snapDist":9,"label":1}},{"type":"Feature","geometry":{"type":"Point","coordinates":[23.329555,42.688645]},"properties":{"name":"Кино Одеон","lines":"94, N2","arr":["94","N2"],"terminus":0,"mode":"bus","color":"#0059a9","colorDark":"#00294f","angle":132.3,"snapDist":8,"label":1}},{"type":"Feature","geometry":{"type":"Point","coordinates":[23.344994,42.642313]},"properties":{"name":"бл. 64 ж.к. Студентски град","lines":"95, 97","arr":["95","97"],"terminus":0,"mode":"bus","color":"#0059a9","colorDark":"#00294f","angle":278.7,"snapDist":7,"label":1}},{"type":"Feature","geometry":{"type":"Point","coordinates":[23.34379,42.640429]},"properties":{"name":"ул. Тодор Йончев","lines":"95, 97","arr":["95","97"],"terminus":0,"mode":"bus","color":"#0059a9","colorDark":"#00294f","angle":299.7,"snapDist":9,"label":1}},{"type":"Feature","geometry":{"type":"Point","coordinates":[23.341939,42.638046]},"properties":{"name":"Детска градина 190","lines":"95, 97","arr":["95","97"],"terminus":0,"mode":"bus","color":"#0059a9","colorDark":"#00294f","angle":299.7,"snapDist":7,"label":1}},{"type":"Feature","geometry":{"type":"Point","coordinates":[23.338775,42.637138]},"properties":{"name":"ул. Боян Боянов","lines":"95, 97","arr":["95","97"],"terminus":0,"mode":"bus","color":"#0059a9","colorDark":"#00294f","angle":9.5,"snapDist":2,"label":1}},{"type":"Feature","geometry":{"type":"Point","coordinates":[23.333605,42.646053]},"properties":{"name":"Студентски град","lines":"95","arr":["95"],"terminus":0,"mode":"bus","color":"#0059a9","colorDark":"#00294f","angle":88.7,"snapDist":2,"label":0}},{"type":"Feature","geometry":{"type":"Point","coordinates":[23.332917,42.653235]},"properties":{"name":"ул. Чавдар Мутафов","lines":"95","arr":["95"],"terminus":0,"mode":"bus","color":"#0059a9","colorDark":"#00294f","angle":33.2,"snapDist":3,"label":1}},{"type":"Feature","geometry":{"type":"Point","coordinates":[23.329653,42.655101]},"properties":{"name":"ул. Марин Тодоров","lines":"95","arr":["95"],"terminus":0,"mode":"bus","color":"#0059a9","colorDark":"#00294f","angle":37.3,"snapDist":4,"label":1}},{"type":"Feature","geometry":{"type":"Point","coordinates":[23.327311,42.656682]},"properties":{"name":"ул. Могилата","lines":"95, 120","arr":["95","120"],"terminus":0,"mode":"bus","color":"#0059a9","colorDark":"#00294f","angle":1.4,"snapDist":5,"label":1}},{"type":"Feature","geometry":{"type":"Point","coordinates":[23.320908,42.656796]},"properties":{"name":"МБАЛ Вита","lines":"95, 120","arr":["95","120"],"terminus":0,"mode":"bus","color":"#0059a9","colorDark":"#00294f","angle":1.3,"snapDist":5,"label":1}},{"type":"Feature","geometry":{"type":"Point","coordinates":[23.315361,42.656894]},"properties":{"name":"Метростанция Витоша","lines":"95","arr":["95"],"terminus":0,"mode":"bus","color":"#0059a9","colorDark":"#00294f","angle":1.8,"snapDist":4,"label":0}},{"type":"Feature","geometry":{"type":"Point","coordinates":[23.312374,42.656938]},"properties":{"name":"ул. Емилиян Станев","lines":"95","arr":["95"],"terminus":0,"mode":"bus","color":"#0059a9","colorDark":"#00294f","angle":0.5,"snapDist":4,"label":1}},{"type":"Feature","geometry":{"type":"Point","coordinates":[23.307007,42.656981]},"properties":{"name":"ул. Никола Крушкин - Чолака","lines":"95","arr":["95"],"terminus":0,"mode":"bus","color":"#0059a9","colorDark":"#00294f","angle":1.2,"snapDist":7,"label":1}},{"type":"Feature","geometry":{"type":"Point","coordinates":[23.302261,42.658081]},"properties":{"name":"ул. Младежки проход","lines":"95","arr":["95"],"terminus":0,"mode":"bus","color":"#0059a9","colorDark":"#00294f","angle":36.2,"snapDist":14,"label":1}},{"type":"Feature","geometry":{"type":"Point","coordinates":[23.297727,42.656121]},"properties":{"name":"ул. Луи Айер","lines":"95","arr":["95"],"terminus":0,"mode":"bus","color":"#0059a9","colorDark":"#00294f","angle":278.6,"snapDist":5,"label":1}},{"type":"Feature","geometry":{"type":"Point","coordinates":[23.294376,42.65328]},"properties":{"name":"кв. Манастирски ливади","lines":"95","arr":["95"],"terminus":1,"mode":"bus","color":"#0059a9","colorDark":"#00294f","angle":78.5,"snapDist":1,"label":1}},{"type":"Feature","geometry":{"type":"Point","coordinates":[23.297678,42.655862]},"properties":{"name":"ул. Луи Айер","lines":"95","arr":["95"],"terminus":0,"mode":"bus","color":"#0059a9","colorDark":"#00294f","angle":101.3,"snapDist":3,"label":0}},{"type":"Feature","geometry":{"type":"Point","coordinates":[23.303031,42.657554]},"properties":{"name":"ул. Младежки проход","lines":"95","arr":["95"],"terminus":0,"mode":"bus","color":"#0059a9","colorDark":"#00294f","angle":208.5,"snapDist":1,"label":0}},{"type":"Feature","geometry":{"type":"Point","coordinates":[23.307127,42.656846]},"properties":{"name":"ул. Никола Крушкин - Чолака","lines":"95","arr":["95"],"terminus":0,"mode":"bus","color":"#0059a9","colorDark":"#00294f","angle":181,"snapDist":2,"label":0}},{"type":"Feature","geometry":{"type":"Point","coordinates":[23.311638,42.656805]},"properties":{"name":"ул. Емилиян Станев","lines":"95","arr":["95"],"terminus":0,"mode":"bus","color":"#0059a9","colorDark":"#00294f","angle":180.4,"snapDist":4,"label":0}},{"type":"Feature","geometry":{"type":"Point","coordinates":[23.317177,42.656718]},"properties":{"name":"Метростанция Витоша","lines":"95, 120","arr":["95","120"],"terminus":0,"mode":"bus","color":"#0059a9","colorDark":"#00294f","angle":181.4,"snapDist":7,"label":0}},{"type":"Feature","geometry":{"type":"Point","coordinates":[23.322002,42.656629]},"properties":{"name":"МБАЛ Вита","lines":"95, 120","arr":["95","120"],"terminus":0,"mode":"bus","color":"#0059a9","colorDark":"#00294f","angle":181.4,"snapDist":5,"label":0}},{"type":"Feature","geometry":{"type":"Point","coordinates":[23.327058,42.656536]},"properties":{"name":"ул. Могилата","lines":"95, 120","arr":["95","120"],"terminus":0,"mode":"bus","color":"#0059a9","colorDark":"#00294f","angle":181.4,"snapDist":5,"label":0}},{"type":"Feature","geometry":{"type":"Point","coordinates":[23.333043,42.653173]},"properties":{"name":"ул. Чавдар Мутафов","lines":"95","arr":["95"],"terminus":0,"mode":"bus","color":"#0059a9","colorDark":"#00294f","angle":214.1,"snapDist":4,"label":0}},{"type":"Feature","geometry":{"type":"Point","coordinates":[23.332192,42.646849]},"properties":{"name":"ул. Емануил Попдимитров","lines":"95","arr":["95"],"terminus":0,"mode":"bus","color":"#0059a9","colorDark":"#00294f","angle":278,"snapDist":4,"label":1}},{"type":"Feature","geometry":{"type":"Point","coordinates":[23.335463,42.637424]},"properties":{"name":"бл. 29А ж.к. Малинова долина","lines":"95","arr":["95"],"terminus":0,"mode":"bus","color":"#0059a9","colorDark":"#00294f","angle":207.3,"snapDist":4,"label":1}},{"type":"Feature","geometry":{"type":"Point","coordinates":[23.338262,42.637184]},"properties":{"name":"ул. Боян Боянов","lines":"95","arr":["95"],"terminus":0,"mode":"bus","color":"#0059a9","colorDark":"#00294f","angle":184.7,"snapDist":5,"label":0}},{"type":"Feature","geometry":{"type":"Point","coordinates":[23.341629,42.637638]},"properties":{"name":"Детска градина 190","lines":"95","arr":["95"],"terminus":0,"mode":"bus","color":"#0059a9","colorDark":"#00294f","angle":118.5,"snapDist":7,"label":0}},{"type":"Feature","geometry":{"type":"Point","coordinates":[23.343566,42.640141]},"properties":{"name":"ул. Тодор Йончев","lines":"95","arr":["95"],"terminus":0,"mode":"bus","color":"#0059a9","colorDark":"#00294f","angle":119.7,"snapDist":5,"label":0}},{"type":"Feature","geometry":{"type":"Point","coordinates":[23.344573,42.64148]},"properties":{"name":"бл. 64 ж.к. Студентски град","lines":"95","arr":["95"],"terminus":0,"mode":"bus","color":"#0059a9","colorDark":"#00294f","angle":117.2,"snapDist":7,"label":0}},{"type":"Feature","geometry":{"type":"Point","coordinates":[23.350315,42.67186]},"properties":{"name":"Метростанция Фр. Жолио-Кюри","lines":"97","arr":["97"],"terminus":1,"mode":"bus","color":"#0059a9","colorDark":"#00294f","angle":33.1,"snapDist":9,"label":1}},{"type":"Feature","geometry":{"type":"Point","coordinates":[23.336603,42.642987]},"properties":{"name":"Хотел Макси","lines":"97, 102","arr":["97","102"],"terminus":0,"mode":"bus","color":"#0059a9","colorDark":"#00294f","angle":159.7,"snapDist":4,"label":0}},{"type":"Feature","geometry":{"type":"Point","coordinates":[23.340042,42.643097]},"properties":{"name":"бл. 60 Студентски град","lines":"97, 102","arr":["97","102"],"terminus":0,"mode":"bus","color":"#0059a9","colorDark":"#00294f","angle":184.3,"snapDist":6,"label":1}},{"type":"Feature","geometry":{"type":"Point","coordinates":[23.359545,42.595717]},"properties":{"name":"Калфин дол - по желание","lines":"98","arr":["98"],"terminus":0,"mode":"bus","color":"#0059a9","colorDark":"#00294f","angle":71.9,"snapDist":1,"label":1}},{"type":"Feature","geometry":{"type":"Point","coordinates":[23.354819,42.596992]},"properties":{"name":"Хайдушки чукар - по желание","lines":"98","arr":["98"],"terminus":0,"mode":"bus","color":"#0059a9","colorDark":"#00294f","angle":67.3,"snapDist":3,"label":1}},{"type":"Feature","geometry":{"type":"Point","coordinates":[23.350048,42.601422]},"properties":{"name":"Шумако - по желание","lines":"98","arr":["98"],"terminus":0,"mode":"bus","color":"#0059a9","colorDark":"#00294f","angle":12,"snapDist":5,"label":1}},{"type":"Feature","geometry":{"type":"Point","coordinates":[23.347008,42.606553]},"properties":{"name":"ул. Зелен бор - по желание","lines":"98","arr":["98"],"terminus":0,"mode":"bus","color":"#0059a9","colorDark":"#00294f","angle":35.3,"snapDist":3,"label":1}},{"type":"Feature","geometry":{"type":"Point","coordinates":[23.342105,42.609369]},"properties":{"name":"Промишлена зона - по желание","lines":"98","arr":["98"],"terminus":0,"mode":"bus","color":"#0059a9","colorDark":"#00294f","angle":52.7,"snapDist":2,"label":1}},{"type":"Feature","geometry":{"type":"Point","coordinates":[23.339389,42.611847]},"properties":{"name":"кв. Симеоново","lines":"98","arr":["98"],"terminus":0,"mode":"bus","color":"#0059a9","colorDark":"#00294f","angle":221,"snapDist":9,"label":0}},{"type":"Feature","geometry":{"type":"Point","coordinates":[23.342272,42.609212]},"properties":{"name":"Промишлена зона - по желание","lines":"98","arr":["98"],"terminus":0,"mode":"bus","color":"#0059a9","colorDark":"#00294f","angle":231.8,"snapDist":4,"label":0}},{"type":"Feature","geometry":{"type":"Point","coordinates":[23.348317,42.605916]},"properties":{"name":"ул. Зелен бор - по желание","lines":"98","arr":["98"],"terminus":0,"mode":"bus","color":"#0059a9","colorDark":"#00294f","angle":207.6,"snapDist":5,"label":0}},{"type":"Feature","geometry":{"type":"Point","coordinates":[23.35099,42.601279]},"properties":{"name":"Шумако - по желание","lines":"98","arr":["98"],"terminus":0,"mode":"bus","color":"#0059a9","colorDark":"#00294f","angle":191.1,"snapDist":4,"label":0}},{"type":"Feature","geometry":{"type":"Point","coordinates":[23.354904,42.596842]},"properties":{"name":"Хайдушки чукар - по желание","lines":"98","arr":["98"],"terminus":0,"mode":"bus","color":"#0059a9","colorDark":"#00294f","angle":246.9,"snapDist":3,"label":0}},{"type":"Feature","geometry":{"type":"Point","coordinates":[23.359668,42.595434]},"properties":{"name":"Калфин дол - по желание","lines":"98","arr":["98"],"terminus":0,"mode":"bus","color":"#0059a9","colorDark":"#00294f","angle":256.8,"snapDist":8,"label":0}},{"type":"Feature","geometry":{"type":"Point","coordinates":[23.366142,42.533731]},"properties":{"name":"Кметство Железница","lines":"98","arr":["98"],"terminus":1,"mode":"bus","color":"#0059a9","colorDark":"#00294f","angle":258.9,"snapDist":4,"label":0}},{"type":"Feature","geometry":{"type":"Point","coordinates":[23.339183,42.736771]},"properties":{"name":"ул. Иван Кралича","lines":"100","arr":["100"],"terminus":0,"mode":"bus","color":"#0059a9","colorDark":"#00294f","angle":25.5,"snapDist":4,"label":1}},{"type":"Feature","geometry":{"type":"Point","coordinates":[23.336758,42.737619]},"properties":{"name":"ул. Хоризонт","lines":"100","arr":["100"],"terminus":0,"mode":"bus","color":"#0059a9","colorDark":"#00294f","angle":25.4,"snapDist":4,"label":1}},{"type":"Feature","geometry":{"type":"Point","coordinates":[23.328437,42.741051]},"properties":{"name":"Металснаб Холдинг","lines":"100, 101","arr":["100","101"],"terminus":0,"mode":"bus","color":"#0059a9","colorDark":"#00294f","angle":296.2,"snapDist":7,"label":1}},{"type":"Feature","geometry":{"type":"Point","coordinates":[23.327225,42.737621]},"properties":{"name":"ул. Пробуда","lines":"100","arr":["100"],"terminus":0,"mode":"bus","color":"#0059a9","colorDark":"#00294f","angle":207.9,"snapDist":4,"label":1}},{"type":"Feature","geometry":{"type":"Point","coordinates":[23.329002,42.735582]},"properties":{"name":"Терснаб","lines":"100","arr":["100"],"terminus":0,"mode":"bus","color":"#0059a9","colorDark":"#00294f","angle":297.1,"snapDist":5,"label":1}},{"type":"Feature","geometry":{"type":"Point","coordinates":[23.328027,42.734178]},"properties":{"name":"ТПК Хемус","lines":"100","arr":["100"],"terminus":0,"mode":"bus","color":"#0059a9","colorDark":"#00294f","angle":296.6,"snapDist":4,"label":1}},{"type":"Feature","geometry":{"type":"Point","coordinates":[23.317667,42.725113]},"properties":{"name":"ул. Просвета","lines":"100","arr":["100"],"terminus":0,"mode":"bus","color":"#0059a9","colorDark":"#00294f","angle":184.5,"snapDist":6,"label":0}},{"type":"Feature","geometry":{"type":"Point","coordinates":[23.322232,42.724794]},"properties":{"name":"ул. проф.И.Георгов","lines":"100","arr":["100"],"terminus":0,"mode":"bus","color":"#0059a9","colorDark":"#00294f","angle":191.7,"snapDist":9,"label":1}},{"type":"Feature","geometry":{"type":"Point","coordinates":[23.325456,42.724287]},"properties":{"name":"Моста на Суходолска река","lines":"100","arr":["100"],"terminus":0,"mode":"bus","color":"#0059a9","colorDark":"#00294f","angle":191.4,"snapDist":8,"label":1}},{"type":"Feature","geometry":{"type":"Point","coordinates":[23.331704,42.7215]},"properties":{"name":"ул. Снежник","lines":"100","arr":["100"],"terminus":0,"mode":"bus","color":"#0059a9","colorDark":"#00294f","angle":216,"snapDist":3,"label":1}},{"type":"Feature","geometry":{"type":"Point","coordinates":[23.334466,42.720024]},"properties":{"name":"ул. Ком","lines":"100","arr":["100"],"terminus":0,"mode":"bus","color":"#0059a9","colorDark":"#00294f","angle":216,"snapDist":4,"label":1}},{"type":"Feature","geometry":{"type":"Point","coordinates":[23.337303,42.718542]},"properties":{"name":"кв. Орландовци","lines":"100","arr":["100"],"terminus":0,"mode":"bus","color":"#0059a9","colorDark":"#00294f","angle":215.2,"snapDist":5,"label":0}},{"type":"Feature","geometry":{"type":"Point","coordinates":[23.343756,42.712386]},"properties":{"name":"ул. Рояк","lines":"100","arr":["100"],"terminus":0,"mode":"bus","color":"#0059a9","colorDark":"#00294f","angle":224.9,"snapDist":9,"label":0}},{"type":"Feature","geometry":{"type":"Point","coordinates":[23.370277,42.711508]},"properties":{"name":"Пътностроителна техника","lines":"100","arr":["100"],"terminus":1,"mode":"bus","color":"#0059a9","colorDark":"#00294f","angle":64.2,"snapDist":1,"label":1}},{"type":"Feature","geometry":{"type":"Point","coordinates":[23.369022,42.709068]},"properties":{"name":"ул. Витиня","lines":"100","arr":["100"],"terminus":0,"mode":"bus","color":"#0059a9","colorDark":"#00294f","angle":258.3,"snapDist":6,"label":0}},{"type":"Feature","geometry":{"type":"Point","coordinates":[23.352409,42.704232]},"properties":{"name":"ул. Острово","lines":"100","arr":["100"],"terminus":0,"mode":"bus","color":"#0059a9","colorDark":"#00294f","angle":49.2,"snapDist":7,"label":1}},{"type":"Feature","geometry":{"type":"Point","coordinates":[23.350276,42.710351]},"properties":{"name":"Балкан Стар","lines":"100","arr":["100"],"terminus":0,"mode":"bus","color":"#0059a9","colorDark":"#00294f","angle":85.2,"snapDist":8,"label":0}},{"type":"Feature","geometry":{"type":"Point","coordinates":[23.333932,42.720309]},"properties":{"name":"ул. Ком","lines":"100","arr":["100"],"terminus":0,"mode":"bus","color":"#0059a9","colorDark":"#00294f","angle":36,"snapDist":8,"label":0}},{"type":"Feature","geometry":{"type":"Point","coordinates":[23.331066,42.721841]},"properties":{"name":"ул. Снежник","lines":"100","arr":["100"],"terminus":0,"mode":"bus","color":"#0059a9","colorDark":"#00294f","angle":36,"snapDist":8,"label":0}},{"type":"Feature","geometry":{"type":"Point","coordinates":[23.324507,42.724433]},"properties":{"name":"Моста на Суходолска река","lines":"100","arr":["100"],"terminus":0,"mode":"bus","color":"#0059a9","colorDark":"#00294f","angle":12.2,"snapDist":4,"label":0}},{"type":"Feature","geometry":{"type":"Point","coordinates":[23.318788,42.725046]},"properties":{"name":"ул. проф.И.Георгов","lines":"100","arr":["100"],"terminus":0,"mode":"bus","color":"#0059a9","colorDark":"#00294f","angle":4.7,"snapDist":6,"label":1}},{"type":"Feature","geometry":{"type":"Point","coordinates":[23.317141,42.725789]},"properties":{"name":"ул. Просвета","lines":"100","arr":["100"],"terminus":0,"mode":"bus","color":"#0059a9","colorDark":"#00294f","angle":118.4,"snapDist":8,"label":0}},{"type":"Feature","geometry":{"type":"Point","coordinates":[23.328266,42.734523]},"properties":{"name":"ТПК Хемус","lines":"100","arr":["100"],"terminus":0,"mode":"bus","color":"#0059a9","colorDark":"#00294f","angle":117.3,"snapDist":5,"label":0}},{"type":"Feature","geometry":{"type":"Point","coordinates":[23.329018,42.735604]},"properties":{"name":"Терснаб","lines":"100","arr":["100"],"terminus":0,"mode":"bus","color":"#0059a9","colorDark":"#00294f","angle":117.1,"snapDist":5,"label":0}},{"type":"Feature","geometry":{"type":"Point","coordinates":[23.327223,42.737622]},"properties":{"name":"ул. Пробуда","lines":"100","arr":["100"],"terminus":0,"mode":"bus","color":"#0059a9","colorDark":"#00294f","angle":27.9,"snapDist":3,"label":0}},{"type":"Feature","geometry":{"type":"Point","coordinates":[23.328472,42.741103]},"properties":{"name":"Металснаб Холдинг","lines":"100, 101","arr":["100","101"],"terminus":0,"mode":"bus","color":"#0059a9","colorDark":"#00294f","angle":116.2,"snapDist":2,"label":0}},{"type":"Feature","geometry":{"type":"Point","coordinates":[23.336636,42.737662]},"properties":{"name":"ул. Хоризонт","lines":"100","arr":["100"],"terminus":0,"mode":"bus","color":"#0059a9","colorDark":"#00294f","angle":205.4,"snapDist":3,"label":0}},{"type":"Feature","geometry":{"type":"Point","coordinates":[23.340266,42.737224]},"properties":{"name":"ул. Иван Кралича","lines":"100","arr":["100"],"terminus":0,"mode":"bus","color":"#0059a9","colorDark":"#00294f","angle":135.7,"snapDist":5,"label":0}},{"type":"Feature","geometry":{"type":"Point","coordinates":[23.343343,42.738055]},"properties":{"name":"пл. Биримирци","lines":"100","arr":["100"],"terminus":0,"mode":"bus","color":"#0059a9","colorDark":"#00294f","angle":185.1,"snapDist":8,"label":0}},{"type":"Feature","geometry":{"type":"Point","coordinates":[23.350324,42.709927]},"properties":{"name":"Балкан Стар","lines":"100","arr":["100"],"terminus":0,"mode":"bus","color":"#0059a9","colorDark":"#00294f","angle":265.2,"snapDist":6,"label":0}},{"type":"Feature","geometry":{"type":"Point","coordinates":[23.350695,42.706654]},"properties":{"name":"ул. Макгахан","lines":"100","arr":["100"],"terminus":0,"mode":"bus","color":"#0059a9","colorDark":"#00294f","angle":265.2,"snapDist":5,"label":0}},{"type":"Feature","geometry":{"type":"Point","coordinates":[23.371136,42.710216]},"properties":{"name":"ул. Бесарабия","lines":"100","arr":["100"],"terminus":0,"mode":"bus","color":"#0059a9","colorDark":"#00294f","angle":63.5,"snapDist":3,"label":1}},{"type":"Feature","geometry":{"type":"Point","coordinates":[23.323037,42.734015]},"properties":{"name":"Ж.П.прелез","lines":"101","arr":["101"],"terminus":0,"mode":"bus","color":"#0059a9","colorDark":"#00294f","angle":119.6,"snapDist":8,"label":1}},{"type":"Feature","geometry":{"type":"Point","coordinates":[23.32503,42.736492]},"properties":{"name":"Бетонов възел","lines":"101","arr":["101"],"terminus":0,"mode":"bus","color":"#0059a9","colorDark":"#00294f","angle":120.7,"snapDist":8,"label":1}},{"type":"Feature","geometry":{"type":"Point","coordinates":[23.3295,42.743541]},"properties":{"name":"Софгеопроучване","lines":"101","arr":["101"],"terminus":0,"mode":"bus","color":"#0059a9","colorDark":"#00294f","angle":106.6,"snapDist":1,"label":1}},{"type":"Feature","geometry":{"type":"Point","coordinates":[23.330212,42.745542]},"properties":{"name":"Булавто","lines":"101","arr":["101"],"terminus":0,"mode":"bus","color":"#0059a9","colorDark":"#00294f","angle":104.9,"snapDist":2,"label":1}},{"type":"Feature","geometry":{"type":"Point","coordinates":[23.329199,42.753721]},"properties":{"name":"Фондови жилища","lines":"101","arr":["101"],"terminus":1,"mode":"bus","color":"#0059a9","colorDark":"#00294f","angle":11.2,"snapDist":2,"label":1}},{"type":"Feature","geometry":{"type":"Point","coordinates":[23.329153,42.753189]},"properties":{"name":"Фондови жилища","lines":"101","arr":["101"],"terminus":1,"mode":"bus","color":"#0059a9","colorDark":"#00294f","angle":200.2,"snapDist":4,"label":0}},{"type":"Feature","geometry":{"type":"Point","coordinates":[23.330164,42.74541]},"properties":{"name":"Булавто","lines":"101","arr":["101"],"terminus":0,"mode":"bus","color":"#0059a9","colorDark":"#00294f","angle":284.9,"snapDist":4,"label":0}},{"type":"Feature","geometry":{"type":"Point","coordinates":[23.329346,42.743148]},"properties":{"name":"Софгеопроучване","lines":"101","arr":["101"],"terminus":0,"mode":"bus","color":"#0059a9","colorDark":"#00294f","angle":284.9,"snapDist":5,"label":0}},{"type":"Feature","geometry":{"type":"Point","coordinates":[23.324921,42.736357]},"properties":{"name":"Бетонов възел","lines":"101","arr":["101"],"terminus":0,"mode":"bus","color":"#0059a9","colorDark":"#00294f","angle":300.7,"snapDist":8,"label":0}},{"type":"Feature","geometry":{"type":"Point","coordinates":[23.323084,42.734075]},"properties":{"name":"Ж.П.прелез","lines":"101","arr":["101"],"terminus":0,"mode":"bus","color":"#0059a9","colorDark":"#00294f","angle":299.6,"snapDist":6,"label":0}},{"type":"Feature","geometry":{"type":"Point","coordinates":[23.340786,42.643055]},"properties":{"name":"бл. 60 Студентски град","lines":"102","arr":["102"],"terminus":0,"mode":"bus","color":"#0059a9","colorDark":"#00294f","angle":4.3,"snapDist":4,"label":0}},{"type":"Feature","geometry":{"type":"Point","coordinates":[23.320624,42.678317]},"properties":{"name":"Хотел Хемус","lines":"102, X9","arr":["102","X9"],"terminus":0,"mode":"bus","color":"#0059a9","colorDark":"#00294f","angle":337.7,"snapDist":4,"label":0}},{"type":"Feature","geometry":{"type":"Point","coordinates":[23.314755,42.675442]},"properties":{"name":"ПК Спартак","lines":"102","arr":["102"],"terminus":0,"mode":"bus","color":"#0059a9","colorDark":"#00294f","angle":323,"snapDist":4,"label":0}},{"type":"Feature","geometry":{"type":"Point","coordinates":[23.307907,42.674952]},"properties":{"name":"Южен парк","lines":"102","arr":["102"],"terminus":0,"mode":"bus","color":"#0059a9","colorDark":"#00294f","angle":5.8,"snapDist":7,"label":1}},{"type":"Feature","geometry":{"type":"Point","coordinates":[23.266941,42.687585]},"properties":{"name":"ул. Лиляче","lines":"102","arr":["102"],"terminus":0,"mode":"bus","color":"#0059a9","colorDark":"#00294f","angle":177.5,"snapDist":4,"label":0}},{"type":"Feature","geometry":{"type":"Point","coordinates":[23.265949,42.687553]},"properties":{"name":"ул. Лиляче","lines":"102","arr":["102"],"terminus":0,"mode":"bus","color":"#0059a9","colorDark":"#00294f","angle":355.9,"snapDist":4,"label":0}},{"type":"Feature","geometry":{"type":"Point","coordinates":[23.309375,42.674653]},"properties":{"name":"Южен парк","lines":"102","arr":["102"],"terminus":0,"mode":"bus","color":"#0059a9","colorDark":"#00294f","angle":199.5,"snapDist":6,"label":0}},{"type":"Feature","geometry":{"type":"Point","coordinates":[23.315356,42.675608]},"properties":{"name":"ПК Спартак","lines":"102, X9","arr":["102","X9"],"terminus":0,"mode":"bus","color":"#0059a9","colorDark":"#00294f","angle":145.2,"snapDist":7,"label":0}},{"type":"Feature","geometry":{"type":"Point","coordinates":[23.192213,42.652185]},"properties":{"name":"Вз. Люлин","lines":"103, 803","arr":["103","803"],"terminus":1,"mode":"bus","color":"#0059a9","colorDark":"#00294f","angle":347.9,"snapDist":21,"label":1}},{"type":"Feature","geometry":{"type":"Point","coordinates":[23.197854,42.653374]},"properties":{"name":"Вилите","lines":"103","arr":["103"],"terminus":0,"mode":"bus","color":"#0059a9","colorDark":"#00294f","angle":198.8,"snapDist":4,"label":1}},{"type":"Feature","geometry":{"type":"Point","coordinates":[23.20394,42.657351]},"properties":{"name":"По желание","lines":"103","arr":["103"],"terminus":0,"mode":"bus","color":"#0059a9","colorDark":"#00294f","angle":185.7,"snapDist":5,"label":1}},{"type":"Feature","geometry":{"type":"Point","coordinates":[23.209742,42.6608]},"properties":{"name":"Кошарите","lines":"103","arr":["103"],"terminus":0,"mode":"bus","color":"#0059a9","colorDark":"#00294f","angle":146.3,"snapDist":2,"label":1}},{"type":"Feature","geometry":{"type":"Point","coordinates":[23.218811,42.667345]},"properties":{"name":"Хотел-ресторант","lines":"103","arr":["103"],"terminus":0,"mode":"bus","color":"#0059a9","colorDark":"#00294f","angle":128.9,"snapDist":1,"label":1}},{"type":"Feature","geometry":{"type":"Point","coordinates":[23.220429,42.670994]},"properties":{"name":"Кантона","lines":"103, 803","arr":["103","803"],"terminus":1,"mode":"bus","color":"#0059a9","colorDark":"#00294f","angle":288,"snapDist":4,"label":1}},{"type":"Feature","geometry":{"type":"Point","coordinates":[23.228602,42.67576]},"properties":{"name":"кв. Горна баня","lines":"103, 260, 803","arr":["103","260","803"],"terminus":1,"mode":"bus","color":"#0059a9","colorDark":"#00294f","angle":176.4,"snapDist":5,"label":1}},{"type":"Feature","geometry":{"type":"Point","coordinates":[23.232143,42.675862]},"properties":{"name":"ул. Обзор","lines":"103, 803","arr":["103","803"],"terminus":0,"mode":"bus","color":"#0059a9","colorDark":"#00294f","angle":194,"snapDist":6,"label":1}},{"type":"Feature","geometry":{"type":"Point","coordinates":[23.240907,42.677351]},"properties":{"name":"ул. Урал","lines":"103, 260, 803, 804, 806","arr":["103","260","803","804","806"],"terminus":0,"mode":"bus","color":"#0059a9","colorDark":"#00294f","angle":97.1,"snapDist":2,"label":1}},{"type":"Feature","geometry":{"type":"Point","coordinates":[23.24037,42.680037]},"properties":{"name":"Метростанция Горна баня","lines":"103, 802, 803, 804, 806","arr":["103","802","803","804","806"],"terminus":1,"mode":"bus","color":"#0059a9","colorDark":"#00294f","angle":33.3,"snapDist":2,"label":1}},{"type":"Feature","geometry":{"type":"Point","coordinates":[23.238602,42.676674]},"properties":{"name":"Хотел Горна баня","lines":"103, 260, 802, 803, 804","arr":["103","260","802","803","804"],"terminus":0,"mode":"bus","color":"#0059a9","colorDark":"#00294f","angle":216,"snapDist":3,"label":1}},{"type":"Feature","geometry":{"type":"Point","coordinates":[23.24028,42.674304]},"properties":{"name":"Гара Горна баня","lines":"103, 260, 803, 804","arr":["103","260","803","804"],"terminus":0,"mode":"bus","color":"#0059a9","colorDark":"#00294f","angle":277.9,"snapDist":7,"label":1}},{"type":"Feature","geometry":{"type":"Point","coordinates":[23.240294,42.673735]},"properties":{"name":"Гара Горна баня","lines":"103, 804","arr":["103","804"],"terminus":0,"mode":"bus","color":"#0059a9","colorDark":"#00294f","angle":265.8,"snapDist":10,"label":0}},{"type":"Feature","geometry":{"type":"Point","coordinates":[23.242207,42.67015]},"properties":{"name":"ул. Княжевска","lines":"103, 804","arr":["103","804"],"terminus":0,"mode":"bus","color":"#0059a9","colorDark":"#00294f","angle":180.4,"snapDist":5,"label":1}},{"type":"Feature","geometry":{"type":"Point","coordinates":[23.244493,42.668582]},"properties":{"name":"ул. Буря","lines":"103, 107","arr":["103","107"],"terminus":0,"mode":"bus","color":"#0059a9","colorDark":"#00294f","angle":279,"snapDist":3,"label":1}},{"type":"Feature","geometry":{"type":"Point","coordinates":[23.243946,42.665822]},"properties":{"name":"ул. Стефан Пешев","lines":"103, 107","arr":["103","107"],"terminus":0,"mode":"bus","color":"#0059a9","colorDark":"#00294f","angle":275.7,"snapDist":3,"label":1}},{"type":"Feature","geometry":{"type":"Point","coordinates":[23.24375,42.664387]},"properties":{"name":"ул. полк.Ст.Бачийски","lines":"103, 107, 804","arr":["103","107","804"],"terminus":0,"mode":"bus","color":"#0059a9","colorDark":"#00294f","angle":275.5,"snapDist":4,"label":1}},{"type":"Feature","geometry":{"type":"Point","coordinates":[23.255623,42.669301]},"properties":{"name":"бул. Никола Петков","lines":"103, 107, 111, 260","arr":["103","107","111","260"],"terminus":1,"mode":"bus","color":"#0059a9","colorDark":"#00294f","angle":246.5,"snapDist":3,"label":1}},{"type":"Feature","geometry":{"type":"Point","coordinates":[23.257821,42.670406]},"properties":{"name":"ул. Калояново","lines":"103, 107","arr":["103","107"],"terminus":0,"mode":"bus","color":"#0059a9","colorDark":"#00294f","angle":146.9,"snapDist":7,"label":1}},{"type":"Feature","geometry":{"type":"Point","coordinates":[23.262139,42.67268]},"properties":{"name":"66-то СОУ","lines":"103","arr":["103"],"terminus":0,"mode":"bus","color":"#0059a9","colorDark":"#00294f","angle":127.4,"snapDist":6,"label":1}},{"type":"Feature","geometry":{"type":"Point","coordinates":[23.264998,42.675375]},"properties":{"name":"ул. Любляна","lines":"103","arr":["103"],"terminus":0,"mode":"bus","color":"#0059a9","colorDark":"#00294f","angle":128.1,"snapDist":6,"label":1}},{"type":"Feature","geometry":{"type":"Point","coordinates":[23.268416,42.676309]},"properties":{"name":"НЦ по рехабилитация","lines":"103","arr":["103"],"terminus":0,"mode":"bus","color":"#0059a9","colorDark":"#00294f","angle":257.5,"snapDist":9,"label":0}},{"type":"Feature","geometry":{"type":"Point","coordinates":[23.272025,42.672772]},"properties":{"name":"Автостанция Овча купел","lines":"103","arr":["103"],"terminus":1,"mode":"bus","color":"#0059a9","colorDark":"#00294f","angle":44.4,"snapDist":5,"label":1}},{"type":"Feature","geometry":{"type":"Point","coordinates":[23.267444,42.67689]},"properties":{"name":"НЦ по рехабилитация","lines":"103","arr":["103"],"terminus":0,"mode":"bus","color":"#0059a9","colorDark":"#00294f","angle":336.4,"snapDist":6,"label":0}},{"type":"Feature","geometry":{"type":"Point","coordinates":[23.264335,42.674761]},"properties":{"name":"ул. Любляна","lines":"103","arr":["103"],"terminus":0,"mode":"bus","color":"#0059a9","colorDark":"#00294f","angle":308.7,"snapDist":7,"label":0}},{"type":"Feature","geometry":{"type":"Point","coordinates":[23.261814,42.672383]},"properties":{"name":"66-то СОУ","lines":"103","arr":["103"],"terminus":0,"mode":"bus","color":"#0059a9","colorDark":"#00294f","angle":312.6,"snapDist":7,"label":0}},{"type":"Feature","geometry":{"type":"Point","coordinates":[23.257189,42.670103]},"properties":{"name":"ул. Калояново","lines":"103, 107","arr":["103","107"],"terminus":0,"mode":"bus","color":"#0059a9","colorDark":"#00294f","angle":327.2,"snapDist":7,"label":0}},{"type":"Feature","geometry":{"type":"Point","coordinates":[23.243793,42.664715]},"properties":{"name":"ул. полк.Ст.Бачийски","lines":"103, 107, 804","arr":["103","107","804"],"terminus":0,"mode":"bus","color":"#0059a9","colorDark":"#00294f","angle":95.5,"snapDist":1,"label":0}},{"type":"Feature","geometry":{"type":"Point","coordinates":[23.244028,42.666418]},"properties":{"name":"ул. Стефан Пешев","lines":"103, 107","arr":["103","107"],"terminus":0,"mode":"bus","color":"#0059a9","colorDark":"#00294f","angle":96.9,"snapDist":2,"label":0}},{"type":"Feature","geometry":{"type":"Point","coordinates":[23.24469,42.669471]},"properties":{"name":"ул. Буря","lines":"103, 804","arr":["103","804"],"terminus":0,"mode":"bus","color":"#0059a9","colorDark":"#00294f","angle":103.4,"snapDist":3,"label":0}},{"type":"Feature","geometry":{"type":"Point","coordinates":[23.242443,42.670149]},"properties":{"name":"ул. Княжевска","lines":"103, 804","arr":["103","804"],"terminus":0,"mode":"bus","color":"#0059a9","colorDark":"#00294f","angle":0.4,"snapDist":2,"label":0}},{"type":"Feature","geometry":{"type":"Point","coordinates":[23.240307,42.673601]},"properties":{"name":"Гара Горна баня","lines":"103, 260, 804, 806","arr":["103","260","804","806"],"terminus":0,"mode":"bus","color":"#0059a9","colorDark":"#00294f","angle":85.8,"snapDist":3,"label":0}},{"type":"Feature","geometry":{"type":"Point","coordinates":[23.23198,42.675892]},"properties":{"name":"ул. Обзор","lines":"103, 803","arr":["103","803"],"terminus":0,"mode":"bus","color":"#0059a9","colorDark":"#00294f","angle":14,"snapDist":2,"label":0}},{"type":"Feature","geometry":{"type":"Point","coordinates":[23.228113,42.675944]},"properties":{"name":"кв. Горна баня","lines":"103, 803","arr":["103","803"],"terminus":0,"mode":"bus","color":"#0059a9","colorDark":"#00294f","angle":5.4,"snapDist":4,"label":0}},{"type":"Feature","geometry":{"type":"Point","coordinates":[23.220335,42.670743]},"properties":{"name":"Кантона","lines":"103, 803","arr":["103","803"],"terminus":0,"mode":"bus","color":"#0059a9","colorDark":"#00294f","angle":286,"snapDist":3,"label":0}},{"type":"Feature","geometry":{"type":"Point","coordinates":[23.218413,42.666984]},"properties":{"name":"Хотел-ресторант","lines":"103, 803","arr":["103","803"],"terminus":0,"mode":"bus","color":"#0059a9","colorDark":"#00294f","angle":308.9,"snapDist":4,"label":0}},{"type":"Feature","geometry":{"type":"Point","coordinates":[23.210013,42.660933]},"properties":{"name":"Кошарите","lines":"103, 803","arr":["103","803"],"terminus":0,"mode":"bus","color":"#0059a9","colorDark":"#00294f","angle":326.3,"snapDist":4,"label":0}},{"type":"Feature","geometry":{"type":"Point","coordinates":[23.203543,42.657344]},"properties":{"name":"По желание","lines":"103, 803","arr":["103","803"],"terminus":0,"mode":"bus","color":"#0059a9","colorDark":"#00294f","angle":352.8,"snapDist":4,"label":0}},{"type":"Feature","geometry":{"type":"Point","coordinates":[23.197917,42.653358]},"properties":{"name":"Вилите","lines":"103, 803","arr":["103","803"],"terminus":0,"mode":"bus","color":"#0059a9","colorDark":"#00294f","angle":18.8,"snapDist":4,"label":0}},{"type":"Feature","geometry":{"type":"Point","coordinates":[23.271974,42.671667]},"properties":{"name":"кв. Овча купел","lines":"107","arr":["107"],"terminus":1,"mode":"bus","color":"#0059a9","colorDark":"#00294f","angle":322.5,"snapDist":3,"label":0}},{"type":"Feature","geometry":{"type":"Point","coordinates":[23.266267,42.668423]},"properties":{"name":"кв. Павлово","lines":"107","arr":["107"],"terminus":0,"mode":"bus","color":"#0059a9","colorDark":"#00294f","angle":322.4,"snapDist":3,"label":0}},{"type":"Feature","geometry":{"type":"Point","coordinates":[23.263814,42.669117]},"properties":{"name":"Владайска река","lines":"107","arr":["107"],"terminus":0,"mode":"bus","color":"#0059a9","colorDark":"#00294f","angle":38.6,"snapDist":3,"label":1}},{"type":"Feature","geometry":{"type":"Point","coordinates":[23.261103,42.671194]},"properties":{"name":"ул. Любляна","lines":"107","arr":["107"],"terminus":0,"mode":"bus","color":"#0059a9","colorDark":"#00294f","angle":48.6,"snapDist":3,"label":1}},{"type":"Feature","geometry":{"type":"Point","coordinates":[23.244134,42.669051]},"properties":{"name":"ул. Буря","lines":"107, 804","arr":["107","804"],"terminus":0,"mode":"bus","color":"#0059a9","colorDark":"#00294f","angle":338,"snapDist":5,"label":0}},{"type":"Feature","geometry":{"type":"Point","coordinates":[23.24096,42.668145]},"properties":{"name":"кв. Карпузица","lines":"107, 804","arr":["107","804"],"terminus":1,"mode":"bus","color":"#0059a9","colorDark":"#00294f","angle":354.6,"snapDist":2,"label":1}},{"type":"Feature","geometry":{"type":"Point","coordinates":[23.260823,42.671427]},"properties":{"name":"ул. Любляна","lines":"107","arr":["107"],"terminus":0,"mode":"bus","color":"#0059a9","colorDark":"#00294f","angle":228.4,"snapDist":2,"label":0}},{"type":"Feature","geometry":{"type":"Point","coordinates":[23.263705,42.669181]},"properties":{"name":"Владайска река","lines":"107","arr":["107"],"terminus":0,"mode":"bus","color":"#0059a9","colorDark":"#00294f","angle":218.6,"snapDist":6,"label":0}},{"type":"Feature","geometry":{"type":"Point","coordinates":[23.294012,42.736011]},"properties":{"name":"бул. Ломско шосе","lines":"108, 285","arr":["108","285"],"terminus":0,"mode":"bus","color":"#0059a9","colorDark":"#00294f","angle":321.7,"snapDist":6,"label":1}},{"type":"Feature","geometry":{"type":"Point","coordinates":[23.283852,42.715777]},"properties":{"name":"Западен парк","lines":"108","arr":["108"],"terminus":0,"mode":"bus","color":"#0059a9","colorDark":"#00294f","angle":331.9,"snapDist":4,"label":0}},{"type":"Feature","geometry":{"type":"Point","coordinates":[23.257645,42.722599]},"properties":{"name":"ул. проф. Ал. Станишев","lines":"108, 111, N1","arr":["108","111","N1"],"terminus":0,"mode":"bus","color":"#0059a9","colorDark":"#00294f","angle":306.4,"snapDist":7,"label":0}},{"type":"Feature","geometry":{"type":"Point","coordinates":[23.255428,42.720446]},"properties":{"name":"Хипермаркет Била","lines":"108, 111, N1","arr":["108","111","N1"],"terminus":0,"mode":"bus","color":"#0059a9","colorDark":"#00294f","angle":307.5,"snapDist":5,"label":1}},{"type":"Feature","geometry":{"type":"Point","coordinates":[23.252861,42.720698]},"properties":{"name":"36-ти пощенски клон","lines":"108","arr":["108"],"terminus":0,"mode":"bus","color":"#0059a9","colorDark":"#00294f","angle":36.3,"snapDist":6,"label":1}},{"type":"Feature","geometry":{"type":"Point","coordinates":[23.248096,42.723286]},"properties":{"name":"бл. 301 ж.к. Люлин-3","lines":"108","arr":["108"],"terminus":0,"mode":"bus","color":"#0059a9","colorDark":"#00294f","angle":36.9,"snapDist":5,"label":1}},{"type":"Feature","geometry":{"type":"Point","coordinates":[23.245048,42.724939]},"properties":{"name":"бл. 350 ж.к. Люлин-3","lines":"108","arr":["108"],"terminus":0,"mode":"bus","color":"#0059a9","colorDark":"#00294f","angle":36.4,"snapDist":5,"label":0}},{"type":"Feature","geometry":{"type":"Point","coordinates":[23.244866,42.725037]},"properties":{"name":"бл. 350 ж.к. Люлин-3","lines":"108","arr":["108"],"terminus":0,"mode":"bus","color":"#0059a9","colorDark":"#00294f","angle":216.4,"snapDist":6,"label":0}},{"type":"Feature","geometry":{"type":"Point","coordinates":[23.248849,42.722877]},"properties":{"name":"бл. 301 ж.к. Люлин-3","lines":"108","arr":["108"],"terminus":0,"mode":"bus","color":"#0059a9","colorDark":"#00294f","angle":216.4,"snapDist":6,"label":0}},{"type":"Feature","geometry":{"type":"Point","coordinates":[23.25283,42.720714]},"properties":{"name":"36-ти пощенски клон","lines":"108","arr":["108"],"terminus":0,"mode":"bus","color":"#0059a9","colorDark":"#00294f","angle":216.3,"snapDist":7,"label":0}},{"type":"Feature","geometry":{"type":"Point","coordinates":[23.255627,42.720423]},"properties":{"name":"Хипермаркет Била","lines":"108, 111, N1","arr":["108","111","N1"],"terminus":0,"mode":"bus","color":"#0059a9","colorDark":"#00294f","angle":124.7,"snapDist":4,"label":0}},{"type":"Feature","geometry":{"type":"Point","coordinates":[23.285087,42.71626]},"properties":{"name":"Западен парк","lines":"108","arr":["108"],"terminus":0,"mode":"bus","color":"#0059a9","colorDark":"#00294f","angle":153,"snapDist":5,"label":0}},{"type":"Feature","geometry":{"type":"Point","coordinates":[23.294,42.736004]},"properties":{"name":"бул. Ломско шосе","lines":"108, 285","arr":["108","285"],"terminus":0,"mode":"bus","color":"#0059a9","colorDark":"#00294f","angle":141.7,"snapDist":5,"label":0}},{"type":"Feature","geometry":{"type":"Point","coordinates":[23.24706,42.729631]},"properties":{"name":"ж.к. Люлин-1,2","lines":"111, 309, N1","arr":["111","309","N1"],"terminus":1,"mode":"bus","color":"#0059a9","colorDark":"#00294f","angle":199,"snapDist":5,"label":1}},{"type":"Feature","geometry":{"type":"Point","coordinates":[23.24377,42.725732]},"properties":{"name":"бл. 350 ж.к. Люлин-3","lines":"111","arr":["111"],"terminus":0,"mode":"bus","color":"#0059a9","colorDark":"#00294f","angle":34.6,"snapDist":3,"label":0}},{"type":"Feature","geometry":{"type":"Point","coordinates":[23.23408,42.71763]},"properties":{"name":"Пътен възел Филиповци","lines":"111","arr":["111"],"terminus":0,"mode":"bus","color":"#0059a9","colorDark":"#00294f","angle":300.1,"snapDist":4,"label":0}},{"type":"Feature","geometry":{"type":"Point","coordinates":[23.230345,42.705833]},"properties":{"name":"Яз. Суходол","lines":"111","arr":["111"],"terminus":0,"mode":"bus","color":"#0059a9","colorDark":"#00294f","angle":270.1,"snapDist":6,"label":1}},{"type":"Feature","geometry":{"type":"Point","coordinates":[23.230293,42.695304]},"properties":{"name":"кв. Суходол","lines":"111","arr":["111"],"terminus":0,"mode":"bus","color":"#0059a9","colorDark":"#00294f","angle":270.4,"snapDist":7,"label":1}},{"type":"Feature","geometry":{"type":"Point","coordinates":[23.232627,42.687199]},"properties":{"name":"ул. Н. Хрелков","lines":"111","arr":["111"],"terminus":0,"mode":"bus","color":"#0059a9","colorDark":"#00294f","angle":216.7,"snapDist":5,"label":1}},{"type":"Feature","geometry":{"type":"Point","coordinates":[23.242166,42.682345]},"properties":{"name":"Метростанция Горна баня","lines":"111","arr":["111"],"terminus":0,"mode":"bus","color":"#0059a9","colorDark":"#00294f","angle":215.4,"snapDist":6,"label":1}},{"type":"Feature","geometry":{"type":"Point","coordinates":[23.246087,42.68036]},"properties":{"name":"ул. 640","lines":"111","arr":["111"],"terminus":0,"mode":"bus","color":"#0059a9","colorDark":"#00294f","angle":213.8,"snapDist":6,"label":1}},{"type":"Feature","geometry":{"type":"Point","coordinates":[23.249643,42.676306]},"properties":{"name":"РЦ по протезиране","lines":"111","arr":["111"],"terminus":0,"mode":"bus","color":"#0059a9","colorDark":"#00294f","angle":263.8,"snapDist":7,"label":1}},{"type":"Feature","geometry":{"type":"Point","coordinates":[23.367862,42.651186]},"properties":{"name":"ж.к. Младост-1","lines":"111, 184, 314","arr":["111","184","314"],"terminus":1,"mode":"bus","color":"#0059a9","colorDark":"#00294f","angle":87.6,"snapDist":4,"label":1}},{"type":"Feature","geometry":{"type":"Point","coordinates":[23.367781,42.653082]},"properties":{"name":"Посолствата","lines":"111, 184, 314","arr":["111","184","314"],"terminus":0,"mode":"bus","color":"#0059a9","colorDark":"#00294f","angle":92.5,"snapDist":5,"label":1}},{"type":"Feature","geometry":{"type":"Point","coordinates":[23.370134,42.654928]},"properties":{"name":"Онкологичен диспансер","lines":"111, 184, 314","arr":["111","184","314"],"terminus":0,"mode":"bus","color":"#0059a9","colorDark":"#00294f","angle":143.6,"snapDist":6,"label":1}},{"type":"Feature","geometry":{"type":"Point","coordinates":[23.374568,42.651999]},"properties":{"name":"Пазара Младост 1","lines":"111, 184, 314","arr":["111","184","314"],"terminus":0,"mode":"bus","color":"#0059a9","colorDark":"#00294f","angle":223.7,"snapDist":6,"label":1}},{"type":"Feature","geometry":{"type":"Point","coordinates":[23.376595,42.650573]},"properties":{"name":"бл. 66 ж.к. Младост-1","lines":"111, 184, 314","arr":["111","184","314"],"terminus":0,"mode":"bus","color":"#0059a9","colorDark":"#00294f","angle":223.7,"snapDist":3,"label":1}},{"type":"Feature","geometry":{"type":"Point","coordinates":[23.372881,42.629033]},"properties":{"name":"Метростанция Бизнес парк","lines":"111, 180, 182, 314, 413, X9, X10","arr":["111","180","182","314","413","X9","X10"],"terminus":1,"mode":"bus","color":"#0059a9","colorDark":"#00294f","angle":269.3,"snapDist":5,"label":1}},{"type":"Feature","geometry":{"type":"Point","coordinates":[23.374844,42.624145]},"properties":{"name":"Кино Арена ІІ","lines":"111, 180, 182, 314, X9, X10","arr":["111","180","182","314","X9","X10"],"terminus":0,"mode":"bus","color":"#0059a9","colorDark":"#00294f","angle":230.1,"snapDist":6,"label":1}},{"type":"Feature","geometry":{"type":"Point","coordinates":[23.37106,42.62425]},"properties":{"name":"Бизнес парк София","lines":"111, X9, X10","arr":["111","X9","X10"],"terminus":0,"mode":"bus","color":"#0059a9","colorDark":"#00294f","angle":20.2,"snapDist":4,"label":1}},{"type":"Feature","geometry":{"type":"Point","coordinates":[23.361519,42.624096]},"properties":{"name":"в.з. Малинова долина","lines":"111, X9, X10","arr":["111","X9","X10"],"terminus":0,"mode":"bus","color":"#0059a9","colorDark":"#00294f","angle":2.7,"snapDist":3,"label":1}},{"type":"Feature","geometry":{"type":"Point","coordinates":[23.357032,42.624619]},"properties":{"name":"ул. Бистришко шосе","lines":"111, X9, X10","arr":["111","X9","X10"],"terminus":0,"mode":"bus","color":"#0059a9","colorDark":"#00294f","angle":12.4,"snapDist":6,"label":1}},{"type":"Feature","geometry":{"type":"Point","coordinates":[23.332695,42.633586]},"properties":{"name":"Разклона за кв.Симеоново","lines":"111","arr":["111"],"terminus":0,"mode":"bus","color":"#0059a9","colorDark":"#00294f","angle":28.6,"snapDist":3,"label":1}},{"type":"Feature","geometry":{"type":"Point","coordinates":[23.311546,42.642214]},"properties":{"name":"Разклона за кв.Драгалевци","lines":"111","arr":["111"],"terminus":0,"mode":"bus","color":"#0059a9","colorDark":"#00294f","angle":28.6,"snapDist":6,"label":1}},{"type":"Feature","geometry":{"type":"Point","coordinates":[23.294295,42.649311]},"properties":{"name":"кв. Киноцентър","lines":"111","arr":["111"],"terminus":0,"mode":"bus","color":"#0059a9","colorDark":"#00294f","angle":28.7,"snapDist":1,"label":1}},{"type":"Feature","geometry":{"type":"Point","coordinates":[23.264539,42.660292]},"properties":{"name":"бул. Ал. Пушкин","lines":"111","arr":["111"],"terminus":0,"mode":"bus","color":"#0059a9","colorDark":"#00294f","angle":29.2,"snapDist":5,"label":1}},{"type":"Feature","geometry":{"type":"Point","coordinates":[23.259122,42.665813]},"properties":{"name":"бул. Цар Борис ІІІ","lines":"111, 260","arr":["111","260"],"terminus":0,"mode":"bus","color":"#0059a9","colorDark":"#00294f","angle":48.1,"snapDist":2,"label":1}},{"type":"Feature","geometry":{"type":"Point","coordinates":[23.251287,42.672114]},"properties":{"name":"ул. Монтевидео","lines":"111, 260","arr":["111","260"],"terminus":0,"mode":"bus","color":"#0059a9","colorDark":"#00294f","angle":48,"snapDist":4,"label":0}},{"type":"Feature","geometry":{"type":"Point","coordinates":[23.249576,42.676736]},"properties":{"name":"РЦ по протезиране","lines":"111","arr":["111"],"terminus":0,"mode":"bus","color":"#0059a9","colorDark":"#00294f","angle":82.7,"snapDist":5,"label":0}},{"type":"Feature","geometry":{"type":"Point","coordinates":[23.244713,42.681124]},"properties":{"name":"ул. 640","lines":"111","arr":["111"],"terminus":0,"mode":"bus","color":"#0059a9","colorDark":"#00294f","angle":123.3,"snapDist":7,"label":0}},{"type":"Feature","geometry":{"type":"Point","coordinates":[23.241824,42.682522]},"properties":{"name":"Метростанция Горна баня","lines":"111","arr":["111"],"terminus":0,"mode":"bus","color":"#0059a9","colorDark":"#00294f","angle":35.5,"snapDist":4,"label":0}},{"type":"Feature","geometry":{"type":"Point","coordinates":[23.232162,42.687495]},"properties":{"name":"ул. Н. Хрелков","lines":"111","arr":["111"],"terminus":0,"mode":"bus","color":"#0059a9","colorDark":"#00294f","angle":42.7,"snapDist":5,"label":0}},{"type":"Feature","geometry":{"type":"Point","coordinates":[23.230302,42.696408]},"properties":{"name":"кв. Суходол","lines":"111","arr":["111"],"terminus":0,"mode":"bus","color":"#0059a9","colorDark":"#00294f","angle":90.3,"snapDist":6,"label":0}},{"type":"Feature","geometry":{"type":"Point","coordinates":[23.230346,42.706307]},"properties":{"name":"Яз. Суходол","lines":"111","arr":["111"],"terminus":0,"mode":"bus","color":"#0059a9","colorDark":"#00294f","angle":90.1,"snapDist":4,"label":0}},{"type":"Feature","geometry":{"type":"Point","coordinates":[23.234836,42.717933]},"properties":{"name":"Пътен възел Филиповци","lines":"111","arr":["111"],"terminus":0,"mode":"bus","color":"#0059a9","colorDark":"#00294f","angle":119.4,"snapDist":1,"label":0}},{"type":"Feature","geometry":{"type":"Point","coordinates":[23.24262,42.720575]},"properties":{"name":"ж.к. Люлин-3","lines":"111","arr":["111"],"terminus":0,"mode":"bus","color":"#0059a9","colorDark":"#00294f","angle":216.4,"snapDist":7,"label":0}},{"type":"Feature","geometry":{"type":"Point","coordinates":[23.24684,42.718273]},"properties":{"name":"Културен център Люлин","lines":"111","arr":["111"],"terminus":0,"mode":"bus","color":"#0059a9","colorDark":"#00294f","angle":216.6,"snapDist":7,"label":0}},{"type":"Feature","geometry":{"type":"Point","coordinates":[23.249935,42.716587]},"properties":{"name":"Община Люлин","lines":"111","arr":["111"],"terminus":0,"mode":"bus","color":"#0059a9","colorDark":"#00294f","angle":216.4,"snapDist":7,"label":0}},{"type":"Feature","geometry":{"type":"Point","coordinates":[23.247136,42.729903]},"properties":{"name":"ж.к. Люлин-1,2","lines":"111, 309, N1","arr":["111","309","N1"],"terminus":1,"mode":"bus","color":"#0059a9","colorDark":"#00294f","angle":24.1,"snapDist":3,"label":0}},{"type":"Feature","geometry":{"type":"Point","coordinates":[23.255222,42.668739]},"properties":{"name":"бул. Никола Петков","lines":"111, 260","arr":["111","260"],"terminus":0,"mode":"bus","color":"#0059a9","colorDark":"#00294f","angle":227.5,"snapDist":3,"label":0}},{"type":"Feature","geometry":{"type":"Point","coordinates":[23.259135,42.665648]},"properties":{"name":"бул. Цар Борис ІІІ","lines":"111","arr":["111"],"terminus":0,"mode":"bus","color":"#0059a9","colorDark":"#00294f","angle":228.5,"snapDist":4,"label":0}},{"type":"Feature","geometry":{"type":"Point","coordinates":[23.265583,42.659895]},"properties":{"name":"бул. Ал. Пушкин","lines":"111","arr":["111"],"terminus":0,"mode":"bus","color":"#0059a9","colorDark":"#00294f","angle":206,"snapDist":8,"label":0}},{"type":"Feature","geometry":{"type":"Point","coordinates":[23.294787,42.648722]},"properties":{"name":"кв. Киноцентър","lines":"111","arr":["111"],"terminus":0,"mode":"bus","color":"#0059a9","colorDark":"#00294f","angle":208.8,"snapDist":3,"label":0}},{"type":"Feature","geometry":{"type":"Point","coordinates":[23.300066,42.646559]},"properties":{"name":"Ботаническа градина","lines":"111","arr":["111"],"terminus":0,"mode":"bus","color":"#0059a9","colorDark":"#00294f","angle":209.2,"snapDist":3,"label":1}},{"type":"Feature","geometry":{"type":"Point","coordinates":[23.313581,42.641026]},"properties":{"name":"Разклона за кв.Драгалевци","lines":"111, X9","arr":["111","X9"],"terminus":0,"mode":"bus","color":"#0059a9","colorDark":"#00294f","angle":209.4,"snapDist":8,"label":0}},{"type":"Feature","geometry":{"type":"Point","coordinates":[23.334489,42.632488]},"properties":{"name":"Разклона за кв.Симеоново","lines":"111","arr":["111"],"terminus":0,"mode":"bus","color":"#0059a9","colorDark":"#00294f","angle":209,"snapDist":3,"label":0}},{"type":"Feature","geometry":{"type":"Point","coordinates":[23.356511,42.624291]},"properties":{"name":"ул. Бистришко шосе","lines":"111, X9, X10","arr":["111","X9","X10"],"terminus":0,"mode":"bus","color":"#0059a9","colorDark":"#00294f","angle":195.8,"snapDist":5,"label":0}},{"type":"Feature","geometry":{"type":"Point","coordinates":[23.362013,42.623722]},"properties":{"name":"в.з. Малинова долина","lines":"111, X9, X10","arr":["111","X9","X10"],"terminus":0,"mode":"bus","color":"#0059a9","colorDark":"#00294f","angle":182.5,"snapDist":3,"label":0}},{"type":"Feature","geometry":{"type":"Point","coordinates":[23.371051,42.62317]},"properties":{"name":"Резиденшъл парк София","lines":"111, 314, X9, X10","arr":["111","314","X9","X10"],"terminus":0,"mode":"bus","color":"#0059a9","colorDark":"#00294f","angle":182.8,"snapDist":9,"label":1}},{"type":"Feature","geometry":{"type":"Point","coordinates":[23.374763,42.623025]},"properties":{"name":"Местност Камбаните","lines":"111, 314, X9, X10","arr":["111","314","X9","X10"],"terminus":0,"mode":"bus","color":"#0059a9","colorDark":"#00294f","angle":183.7,"snapDist":6,"label":1}},{"type":"Feature","geometry":{"type":"Point","coordinates":[23.37343,42.628166]},"properties":{"name":"Метростанция Бизнес парк","lines":"111, 180, 182, 314, 413, X9, X10","arr":["111","180","182","314","413","X9","X10"],"terminus":0,"mode":"bus","color":"#0059a9","colorDark":"#00294f","angle":89.5,"snapDist":4,"label":1}},{"type":"Feature","geometry":{"type":"Point","coordinates":[23.376266,42.651027]},"properties":{"name":"бл. 66 ж.к. Младост-1","lines":"111, 314","arr":["111","314"],"terminus":0,"mode":"bus","color":"#0059a9","colorDark":"#00294f","angle":44,"snapDist":4,"label":0}},{"type":"Feature","geometry":{"type":"Point","coordinates":[23.373806,42.65277]},"properties":{"name":"Пазара Младост 1","lines":"111, 314","arr":["111","314"],"terminus":0,"mode":"bus","color":"#0059a9","colorDark":"#00294f","angle":43.8,"snapDist":4,"label":0}},{"type":"Feature","geometry":{"type":"Point","coordinates":[23.371689,42.65426]},"properties":{"name":"ул. Йерусалим","lines":"111, 314","arr":["111","314"],"terminus":0,"mode":"bus","color":"#0059a9","colorDark":"#00294f","angle":44.2,"snapDist":2,"label":1}},{"type":"Feature","geometry":{"type":"Point","coordinates":[23.369099,42.654555]},"properties":{"name":"Онкологичен диспансер","lines":"111, 314","arr":["111","314"],"terminus":0,"mode":"bus","color":"#0059a9","colorDark":"#00294f","angle":338.4,"snapDist":5,"label":0}},{"type":"Feature","geometry":{"type":"Point","coordinates":[23.367787,42.652726]},"properties":{"name":"Посолствата","lines":"111, 314","arr":["111","314"],"terminus":0,"mode":"bus","color":"#0059a9","colorDark":"#00294f","angle":268.9,"snapDist":6,"label":0}},{"type":"Feature","geometry":{"type":"Point","coordinates":[23.367546,42.651087]},"properties":{"name":"ж.к. Младост-1","lines":"111, X10","arr":["111","X10"],"terminus":1,"mode":"bus","color":"#0059a9","colorDark":"#00294f","angle":295.3,"snapDist":5,"label":0}},{"type":"Feature","geometry":{"type":"Point","coordinates":[23.555495,42.757558]},"properties":{"name":"117 - то СОУ","lines":"117","arr":["117"],"terminus":0,"mode":"bus","color":"#0059a9","colorDark":"#00294f","angle":49.4,"snapDist":3,"label":1}},{"type":"Feature","geometry":{"type":"Point","coordinates":[23.543274,42.767268]},"properties":{"name":"Рудника - по желание","lines":"117","arr":["117"],"terminus":0,"mode":"bus","color":"#0059a9","colorDark":"#00294f","angle":43.7,"snapDist":1,"label":1}},{"type":"Feature","geometry":{"type":"Point","coordinates":[23.538714,42.770323]},"properties":{"name":"Кариерата - по желание","lines":"117","arr":["117"],"terminus":0,"mode":"bus","color":"#0059a9","colorDark":"#00294f","angle":37.7,"snapDist":3,"label":1}},{"type":"Feature","geometry":{"type":"Point","coordinates":[23.523438,42.777746]},"properties":{"name":"Подстанция Металургична - по желание","lines":"117","arr":["117"],"terminus":0,"mode":"bus","color":"#0059a9","colorDark":"#00294f","angle":27.1,"snapDist":3,"label":1}},{"type":"Feature","geometry":{"type":"Point","coordinates":[23.518181,42.780164]},"properties":{"name":"ул. Липа","lines":"117","arr":["117"],"terminus":0,"mode":"bus","color":"#0059a9","colorDark":"#00294f","angle":70.2,"snapDist":2,"label":1}},{"type":"Feature","geometry":{"type":"Point","coordinates":[23.518593,42.782695]},"properties":{"name":"ул. Гергана","lines":"117","arr":["117"],"terminus":0,"mode":"bus","color":"#0059a9","colorDark":"#00294f","angle":112.1,"snapDist":2,"label":1}},{"type":"Feature","geometry":{"type":"Point","coordinates":[23.520018,42.78713]},"properties":{"name":"ул. Стара планина","lines":"117","arr":["117"],"terminus":0,"mode":"bus","color":"#0059a9","colorDark":"#00294f","angle":334.6,"snapDist":3,"label":1}},{"type":"Feature","geometry":{"type":"Point","coordinates":[23.517696,42.78329]},"properties":{"name":"кв. Сеславци","lines":"117","arr":["117"],"terminus":0,"mode":"bus","color":"#0059a9","colorDark":"#00294f","angle":294.7,"snapDist":3,"label":1}},{"type":"Feature","geometry":{"type":"Point","coordinates":[23.515127,42.780275]},"properties":{"name":"Разклона за кв. Сеславци","lines":"117","arr":["117"],"terminus":0,"mode":"bus","color":"#0059a9","colorDark":"#00294f","angle":321.4,"snapDist":3,"label":1}},{"type":"Feature","geometry":{"type":"Point","coordinates":[23.511961,42.78034]},"properties":{"name":"Гробищен парк Кремиковци - по желание","lines":"117","arr":["117"],"terminus":0,"mode":"bus","color":"#0059a9","colorDark":"#00294f","angle":0.2,"snapDist":1,"label":1}},{"type":"Feature","geometry":{"type":"Point","coordinates":[23.506287,42.781479]},"properties":{"name":"бл. 8 ж.к. Кремиковци","lines":"117","arr":["117"],"terminus":0,"mode":"bus","color":"#0059a9","colorDark":"#00294f","angle":111.6,"snapDist":2,"label":1}},{"type":"Feature","geometry":{"type":"Point","coordinates":[23.505053,42.784771]},"properties":{"name":"156 - то ОУ","lines":"117","arr":["117"],"terminus":0,"mode":"bus","color":"#0059a9","colorDark":"#00294f","angle":26,"snapDist":4,"label":1}},{"type":"Feature","geometry":{"type":"Point","coordinates":[23.500312,42.785144]},"properties":{"name":"ул. Св. Петка","lines":"117","arr":["117"],"terminus":0,"mode":"bus","color":"#0059a9","colorDark":"#00294f","angle":286.3,"snapDist":5,"label":1}},{"type":"Feature","geometry":{"type":"Point","coordinates":[23.498366,42.781945]},"properties":{"name":"ул. Радивоя","lines":"117","arr":["117"],"terminus":0,"mode":"bus","color":"#0059a9","colorDark":"#00294f","angle":293.8,"snapDist":4,"label":1}},{"type":"Feature","geometry":{"type":"Point","coordinates":[23.496303,42.779144]},"properties":{"name":"кв. Кремиковци","lines":"117","arr":["117"],"terminus":0,"mode":"bus","color":"#0059a9","colorDark":"#00294f","angle":304.6,"snapDist":5,"label":1}},{"type":"Feature","geometry":{"type":"Point","coordinates":[23.493102,42.767843]},"properties":{"name":"Гара Руднична - по желание","lines":"117","arr":["117"],"terminus":0,"mode":"bus","color":"#0059a9","colorDark":"#00294f","angle":315.9,"snapDist":3,"label":1}},{"type":"Feature","geometry":{"type":"Point","coordinates":[23.487705,42.760563]},"properties":{"name":"Уникални конструкции - по желание","lines":"117","arr":["117"],"terminus":0,"mode":"bus","color":"#0059a9","colorDark":"#00294f","angle":298.5,"snapDist":3,"label":1}},{"type":"Feature","geometry":{"type":"Point","coordinates":[23.487237,42.757833]},"properties":{"name":"ЗСК Кремиковци АД","lines":"117","arr":["117"],"terminus":0,"mode":"bus","color":"#0059a9","colorDark":"#00294f","angle":220.2,"snapDist":4,"label":1}},{"type":"Feature","geometry":{"type":"Point","coordinates":[23.494607,42.753248]},"properties":{"name":"По желание - Шолц България","lines":"117","arr":["117"],"terminus":0,"mode":"bus","color":"#0059a9","colorDark":"#00294f","angle":220.2,"snapDist":1,"label":1}},{"type":"Feature","geometry":{"type":"Point","coordinates":[23.501281,42.752559]},"properties":{"name":"Ж.П.прелез - по желание","lines":"117","arr":["117"],"terminus":0,"mode":"bus","color":"#0059a9","colorDark":"#00294f","angle":130,"snapDist":5,"label":1}},{"type":"Feature","geometry":{"type":"Point","coordinates":[23.505568,42.75117]},"properties":{"name":"Електротермия - по желание","lines":"117","arr":["117"],"terminus":0,"mode":"bus","color":"#0059a9","colorDark":"#00294f","angle":220.2,"snapDist":6,"label":1}},{"type":"Feature","geometry":{"type":"Point","coordinates":[23.508711,42.747682]},"properties":{"name":"Институт по черна металургия - по желание","lines":"117","arr":["117"],"terminus":0,"mode":"bus","color":"#0059a9","colorDark":"#00294f","angle":310.1,"snapDist":2,"label":1}},{"type":"Feature","geometry":{"type":"Point","coordinates":[23.504013,42.738807]},"properties":{"name":"ж.к. Ботунец -2 - по желание","lines":"117","arr":["117"],"terminus":0,"mode":"bus","color":"#0059a9","colorDark":"#00294f","angle":306.7,"snapDist":5,"label":1}},{"type":"Feature","geometry":{"type":"Point","coordinates":[23.486522,42.736217]},"properties":{"name":"Община Кремиковци","lines":"117, 118, 119","arr":["117","118","119"],"terminus":0,"mode":"bus","color":"#0059a9","colorDark":"#00294f","angle":6.6,"snapDist":2,"label":1}},{"type":"Feature","geometry":{"type":"Point","coordinates":[23.469346,42.73714]},"properties":{"name":"Разклона кв. Кремиковци","lines":"117, 118","arr":["117","118"],"terminus":0,"mode":"bus","color":"#0059a9","colorDark":"#00294f","angle":321.9,"snapDist":4,"label":1}},{"type":"Feature","geometry":{"type":"Point","coordinates":[23.465491,42.733031]},"properties":{"name":"Моста на Лесновска река","lines":"117, 118","arr":["117","118"],"terminus":0,"mode":"bus","color":"#0059a9","colorDark":"#00294f","angle":301.6,"snapDist":3,"label":1}},{"type":"Feature","geometry":{"type":"Point","coordinates":[23.4428,42.718805]},"properties":{"name":"Промишлена зона - по желание","lines":"117, 118, 119","arr":["117","118","119"],"terminus":0,"mode":"bus","color":"#0059a9","colorDark":"#00294f","angle":319.3,"snapDist":4,"label":1}},{"type":"Feature","geometry":{"type":"Point","coordinates":[23.436374,42.714855]},"properties":{"name":"По желание","lines":"117, 118, 119","arr":["117","118","119"],"terminus":0,"mode":"bus","color":"#0059a9","colorDark":"#00294f","angle":322.6,"snapDist":4,"label":1}},{"type":"Feature","geometry":{"type":"Point","coordinates":[23.431564,42.709909]},"properties":{"name":"Махала Япаджа","lines":"117, 118, 119","arr":["117","118","119"],"terminus":0,"mode":"bus","color":"#0059a9","colorDark":"#00294f","angle":297.3,"snapDist":3,"label":1}},{"type":"Feature","geometry":{"type":"Point","coordinates":[23.386731,42.703507]},"properties":{"name":"Автостанция Изток","lines":"117, 118","arr":["117","118"],"terminus":1,"mode":"bus","color":"#0059a9","colorDark":"#00294f","angle":59.3,"snapDist":11,"label":0}},{"type":"Feature","geometry":{"type":"Point","coordinates":[23.386915,42.7039]},"properties":{"name":"Автостанция Изток","lines":"117, 118","arr":["117","118"],"terminus":1,"mode":"bus","color":"#0059a9","colorDark":"#00294f","angle":76.1,"snapDist":7,"label":0}},{"type":"Feature","geometry":{"type":"Point","coordinates":[23.431706,42.709871]},"properties":{"name":"Махала Япаджа","lines":"117, 118, 119","arr":["117","118","119"],"terminus":0,"mode":"bus","color":"#0059a9","colorDark":"#00294f","angle":117.5,"snapDist":4,"label":0}},{"type":"Feature","geometry":{"type":"Point","coordinates":[23.437185,42.715182]},"properties":{"name":"По желание","lines":"117, 118, 119","arr":["117","118","119"],"terminus":0,"mode":"bus","color":"#0059a9","colorDark":"#00294f","angle":142.1,"snapDist":4,"label":0}},{"type":"Feature","geometry":{"type":"Point","coordinates":[23.442935,42.718737]},"properties":{"name":"Промишлена зона - по желание","lines":"117, 118, 119","arr":["117","118","119"],"terminus":0,"mode":"bus","color":"#0059a9","colorDark":"#00294f","angle":139.5,"snapDist":4,"label":0}},{"type":"Feature","geometry":{"type":"Point","coordinates":[23.465988,42.733429]},"properties":{"name":"Моста на Лесновска река","lines":"117, 118","arr":["117","118"],"terminus":0,"mode":"bus","color":"#0059a9","colorDark":"#00294f","angle":121.8,"snapDist":5,"label":0}},{"type":"Feature","geometry":{"type":"Point","coordinates":[23.469609,42.737121]},"properties":{"name":"Разклона кв. Кремиковци","lines":"117, 118","arr":["117","118"],"terminus":0,"mode":"bus","color":"#0059a9","colorDark":"#00294f","angle":150.3,"snapDist":3,"label":0}},{"type":"Feature","geometry":{"type":"Point","coordinates":[23.486378,42.736106]},"properties":{"name":"Община Кремиковци","lines":"117, 118, 119","arr":["117","118","119"],"terminus":0,"mode":"bus","color":"#0059a9","colorDark":"#00294f","angle":186.4,"snapDist":3,"label":0}},{"type":"Feature","geometry":{"type":"Point","coordinates":[23.504544,42.739169]},"properties":{"name":"ж.к. Ботунец -2 - по желание","lines":"117, 119","arr":["117","119"],"terminus":0,"mode":"bus","color":"#0059a9","colorDark":"#00294f","angle":122.4,"snapDist":0,"label":0}},{"type":"Feature","geometry":{"type":"Point","coordinates":[23.508886,42.747675]},"properties":{"name":"Институт по черна металургия - по желание","lines":"117","arr":["117"],"terminus":0,"mode":"bus","color":"#0059a9","colorDark":"#00294f","angle":129.5,"snapDist":3,"label":0}},{"type":"Feature","geometry":{"type":"Point","coordinates":[23.505297,42.751338]},"properties":{"name":"Електротермия - по желание","lines":"117","arr":["117"],"terminus":0,"mode":"bus","color":"#0059a9","colorDark":"#00294f","angle":40.2,"snapDist":5,"label":0}},{"type":"Feature","geometry":{"type":"Point","coordinates":[23.501216,42.752503]},"properties":{"name":"Ж.П.прелез - по желание","lines":"117","arr":["117"],"terminus":0,"mode":"bus","color":"#0059a9","colorDark":"#00294f","angle":310,"snapDist":3,"label":0}},{"type":"Feature","geometry":{"type":"Point","coordinates":[23.493723,42.753799]},"properties":{"name":"По желание - Шолц България","lines":"117","arr":["117"],"terminus":0,"mode":"bus","color":"#0059a9","colorDark":"#00294f","angle":40.2,"snapDist":5,"label":0}},{"type":"Feature","geometry":{"type":"Point","coordinates":[23.486729,42.759249]},"properties":{"name":"Уникални конструкции - по желание","lines":"117","arr":["117"],"terminus":0,"mode":"bus","color":"#0059a9","colorDark":"#00294f","angle":119.2,"snapDist":9,"label":0}},{"type":"Feature","geometry":{"type":"Point","coordinates":[23.492523,42.767327]},"properties":{"name":"Гара Руднична - по желание","lines":"117","arr":["117"],"terminus":0,"mode":"bus","color":"#0059a9","colorDark":"#00294f","angle":122.6,"snapDist":6,"label":0}},{"type":"Feature","geometry":{"type":"Point","coordinates":[23.49638,42.779226]},"properties":{"name":"кв. Кремиковци","lines":"117","arr":["117"],"terminus":0,"mode":"bus","color":"#0059a9","colorDark":"#00294f","angle":124.6,"snapDist":4,"label":0}},{"type":"Feature","geometry":{"type":"Point","coordinates":[23.498487,42.782148]},"properties":{"name":"ул. Радивоя","lines":"117","arr":["117"],"terminus":0,"mode":"bus","color":"#0059a9","colorDark":"#00294f","angle":113.8,"snapDist":3,"label":0}},{"type":"Feature","geometry":{"type":"Point","coordinates":[23.500464,42.785518]},"properties":{"name":"ул. Св. Петка","lines":"117","arr":["117"],"terminus":0,"mode":"bus","color":"#0059a9","colorDark":"#00294f","angle":106.8,"snapDist":3,"label":0}},{"type":"Feature","geometry":{"type":"Point","coordinates":[23.504606,42.784932]},"properties":{"name":"156 - то ОУ","lines":"117","arr":["117"],"terminus":0,"mode":"bus","color":"#0059a9","colorDark":"#00294f","angle":206,"snapDist":2,"label":0}},{"type":"Feature","geometry":{"type":"Point","coordinates":[23.506247,42.781405]},"properties":{"name":"бл. 8 ж.к. Кремиковци","lines":"117","arr":["117"],"terminus":0,"mode":"bus","color":"#0059a9","colorDark":"#00294f","angle":291.6,"snapDist":4,"label":0}},{"type":"Feature","geometry":{"type":"Point","coordinates":[23.512162,42.780338]},"properties":{"name":"Гробищен парк Кремиковци - по желание","lines":"117","arr":["117"],"terminus":0,"mode":"bus","color":"#0059a9","colorDark":"#00294f","angle":181.5,"snapDist":4,"label":0}},{"type":"Feature","geometry":{"type":"Point","coordinates":[23.515713,42.780623]},"properties":{"name":"Разклона за кв. Сеславци","lines":"117","arr":["117"],"terminus":0,"mode":"bus","color":"#0059a9","colorDark":"#00294f","angle":139.8,"snapDist":2,"label":0}},{"type":"Feature","geometry":{"type":"Point","coordinates":[23.517541,42.783031]},"properties":{"name":"кв. Сеславци","lines":"117","arr":["117"],"terminus":0,"mode":"bus","color":"#0059a9","colorDark":"#00294f","angle":113,"snapDist":2,"label":0}},{"type":"Feature","geometry":{"type":"Point","coordinates":[23.520273,42.787219]},"properties":{"name":"ул. Стара планина","lines":"117","arr":["117"],"terminus":0,"mode":"bus","color":"#0059a9","colorDark":"#00294f","angle":154.8,"snapDist":4,"label":0}},{"type":"Feature","geometry":{"type":"Point","coordinates":[23.518865,42.783186]},"properties":{"name":"ул. Гергана","lines":"117","arr":["117"],"terminus":0,"mode":"bus","color":"#0059a9","colorDark":"#00294f","angle":292.9,"snapDist":5,"label":0}},{"type":"Feature","geometry":{"type":"Point","coordinates":[23.518278,42.780006]},"properties":{"name":"ул. Липа","lines":"117","arr":["117"],"terminus":0,"mode":"bus","color":"#0059a9","colorDark":"#00294f","angle":240.3,"snapDist":7,"label":0}},{"type":"Feature","geometry":{"type":"Point","coordinates":[23.5236,42.777687]},"properties":{"name":"Подстанция Металургична - по желание","lines":"117","arr":["117"],"terminus":0,"mode":"bus","color":"#0059a9","colorDark":"#00294f","angle":206.1,"snapDist":3,"label":0}},{"type":"Feature","geometry":{"type":"Point","coordinates":[23.538338,42.770537]},"properties":{"name":"Кариерата - по желание","lines":"117","arr":["117"],"terminus":0,"mode":"bus","color":"#0059a9","colorDark":"#00294f","angle":217.7,"snapDist":4,"label":0}},{"type":"Feature","geometry":{"type":"Point","coordinates":[23.543507,42.767104]},"properties":{"name":"Рудника - по желание","lines":"117","arr":["117"],"terminus":0,"mode":"bus","color":"#0059a9","colorDark":"#00294f","angle":223.7,"snapDist":4,"label":0}},{"type":"Feature","geometry":{"type":"Point","coordinates":[23.555707,42.757369]},"properties":{"name":"117 - то СОУ","lines":"117","arr":["117"],"terminus":0,"mode":"bus","color":"#0059a9","colorDark":"#00294f","angle":232.9,"snapDist":4,"label":0}},{"type":"Feature","geometry":{"type":"Point","coordinates":[23.605664,42.744534]},"properties":{"name":"Село Желява","lines":"118","arr":["118"],"terminus":1,"mode":"bus","color":"#0059a9","colorDark":"#00294f","angle":248.3,"snapDist":16,"label":1}},{"type":"Feature","geometry":{"type":"Point","coordinates":[23.607134,42.738177]},"properties":{"name":"Начало с. Желява","lines":"118","arr":["118"],"terminus":0,"mode":"bus","color":"#0059a9","colorDark":"#00294f","angle":265.6,"snapDist":3,"label":1}},{"type":"Feature","geometry":{"type":"Point","coordinates":[23.60521,42.733384]},"properties":{"name":"Разклона за магистрала Хемус","lines":"118","arr":["118"],"terminus":0,"mode":"bus","color":"#0059a9","colorDark":"#00294f","angle":323.8,"snapDist":5,"label":1}},{"type":"Feature","geometry":{"type":"Point","coordinates":[23.572572,42.731209]},"properties":{"name":"База Газстрой - по желание","lines":"118","arr":["118"],"terminus":0,"mode":"bus","color":"#0059a9","colorDark":"#00294f","angle":0.7,"snapDist":5,"label":1}},{"type":"Feature","geometry":{"type":"Point","coordinates":[23.564606,42.729524]},"properties":{"name":"ул. Стара планина","lines":"118","arr":["118"],"terminus":0,"mode":"bus","color":"#0059a9","colorDark":"#00294f","angle":339.5,"snapDist":7,"label":1}},{"type":"Feature","geometry":{"type":"Point","coordinates":[23.559998,42.727871]},"properties":{"name":"Паметника с. Яна","lines":"118","arr":["118"],"terminus":0,"mode":"bus","color":"#0059a9","colorDark":"#00294f","angle":327.4,"snapDist":5,"label":1}},{"type":"Feature","geometry":{"type":"Point","coordinates":[23.555319,42.72691]},"properties":{"name":"Гара Яна","lines":"118","arr":["118"],"terminus":0,"mode":"bus","color":"#0059a9","colorDark":"#00294f","angle":247.8,"snapDist":6,"label":1}},{"type":"Feature","geometry":{"type":"Point","coordinates":[23.529197,42.718196]},"properties":{"name":"Село Горни Богров","lines":"118","arr":["118"],"terminus":0,"mode":"bus","color":"#0059a9","colorDark":"#00294f","angle":124.6,"snapDist":9,"label":0}},{"type":"Feature","geometry":{"type":"Point","coordinates":[23.530986,42.722497]},"properties":{"name":"115-то ОУ","lines":"118","arr":["118"],"terminus":0,"mode":"bus","color":"#0059a9","colorDark":"#00294f","angle":108.7,"snapDist":4,"label":1}},{"type":"Feature","geometry":{"type":"Point","coordinates":[23.5162,42.738433]},"properties":{"name":"Металика ООД","lines":"118","arr":["118"],"terminus":0,"mode":"bus","color":"#0059a9","colorDark":"#00294f","angle":41.3,"snapDist":3,"label":1}},{"type":"Feature","geometry":{"type":"Point","coordinates":[23.511368,42.739567]},"properties":{"name":"Център кв. Ботунец","lines":"118, 119","arr":["118","119"],"terminus":0,"mode":"bus","color":"#0059a9","colorDark":"#00294f","angle":321.3,"snapDist":2,"label":1}},{"type":"Feature","geometry":{"type":"Point","coordinates":[23.50658,42.73865]},"properties":{"name":"16-ти ДКЦ","lines":"118, 119","arr":["118","119"],"terminus":0,"mode":"bus","color":"#0059a9","colorDark":"#00294f","angle":357,"snapDist":3,"label":1}},{"type":"Feature","geometry":{"type":"Point","coordinates":[23.506741,42.738656]},"properties":{"name":"16-ти ДКЦ","lines":"118, 119","arr":["118","119"],"terminus":0,"mode":"bus","color":"#0059a9","colorDark":"#00294f","angle":177,"snapDist":6,"label":0}},{"type":"Feature","geometry":{"type":"Point","coordinates":[23.511547,42.739672]},"properties":{"name":"Център кв. Ботунец","lines":"118","arr":["118"],"terminus":0,"mode":"bus","color":"#0059a9","colorDark":"#00294f","angle":141.3,"snapDist":9,"label":0}},{"type":"Feature","geometry":{"type":"Point","coordinates":[23.516599,42.738175]},"properties":{"name":"Металика ООД","lines":"118","arr":["118"],"terminus":0,"mode":"bus","color":"#0059a9","colorDark":"#00294f","angle":221.3,"snapDist":3,"label":0}},{"type":"Feature","geometry":{"type":"Point","coordinates":[23.530839,42.722186]},"properties":{"name":"115-то ОУ","lines":"118","arr":["118"],"terminus":0,"mode":"bus","color":"#0059a9","colorDark":"#00294f","angle":289.1,"snapDist":4,"label":0}},{"type":"Feature","geometry":{"type":"Point","coordinates":[23.555136,42.727208]},"properties":{"name":"Гара Яна","lines":"118","arr":["118"],"terminus":0,"mode":"bus","color":"#0059a9","colorDark":"#00294f","angle":65.3,"snapDist":3,"label":0}},{"type":"Feature","geometry":{"type":"Point","coordinates":[23.560239,42.727994]},"properties":{"name":"Паметника с. Яна","lines":"118","arr":["118"],"terminus":0,"mode":"bus","color":"#0059a9","colorDark":"#00294f","angle":141.9,"snapDist":4,"label":0}},{"type":"Feature","geometry":{"type":"Point","coordinates":[23.564737,42.72956]},"properties":{"name":"ул. Стара планина","lines":"118","arr":["118"],"terminus":0,"mode":"bus","color":"#0059a9","colorDark":"#00294f","angle":159.5,"snapDist":7,"label":0}},{"type":"Feature","geometry":{"type":"Point","coordinates":[23.57269,42.731207]},"properties":{"name":"База Газстрой - по желание","lines":"118","arr":["118"],"terminus":0,"mode":"bus","color":"#0059a9","colorDark":"#00294f","angle":184.6,"snapDist":4,"label":0}},{"type":"Feature","geometry":{"type":"Point","coordinates":[23.605345,42.733457]},"properties":{"name":"Разклона за магистрала Хемус","lines":"118","arr":["118"],"terminus":0,"mode":"bus","color":"#0059a9","colorDark":"#00294f","angle":143.8,"snapDist":4,"label":0}},{"type":"Feature","geometry":{"type":"Point","coordinates":[23.607128,42.738237]},"properties":{"name":"Начало с. Желява","lines":"118","arr":["118"],"terminus":0,"mode":"bus","color":"#0059a9","colorDark":"#00294f","angle":85.6,"snapDist":3,"label":0}},{"type":"Feature","geometry":{"type":"Point","coordinates":[23.60563,42.744597]},"properties":{"name":"ул. Герена","lines":"118","arr":["118"],"terminus":0,"mode":"bus","color":"#0059a9","colorDark":"#00294f","angle":68.3,"snapDist":2,"label":1}},{"type":"Feature","geometry":{"type":"Point","coordinates":[23.606143,42.746212]},"properties":{"name":"ул. Васил Левски","lines":"118","arr":["118"],"terminus":0,"mode":"bus","color":"#0059a9","colorDark":"#00294f","angle":0.9,"snapDist":3,"label":1}},{"type":"Feature","geometry":{"type":"Point","coordinates":[23.604524,42.746416]},"properties":{"name":"ул. 24-ти май","lines":"118","arr":["118"],"terminus":0,"mode":"bus","color":"#0059a9","colorDark":"#00294f","angle":17.3,"snapDist":3,"label":1}},{"type":"Feature","geometry":{"type":"Point","coordinates":[23.515441,42.73671]},"properties":{"name":"Супермаркет","lines":"119","arr":["119"],"terminus":1,"mode":"bus","color":"#0059a9","colorDark":"#00294f","angle":85.2,"snapDist":4,"label":1}},{"type":"Feature","geometry":{"type":"Point","coordinates":[23.476264,42.731651]},"properties":{"name":"кв. Челопечене","lines":"119","arr":["119"],"terminus":0,"mode":"bus","color":"#0059a9","colorDark":"#00294f","angle":24,"snapDist":3,"label":1}},{"type":"Feature","geometry":{"type":"Point","coordinates":[23.46615,42.732726]},"properties":{"name":"Моста на Лесновска река","lines":"119","arr":["119"],"terminus":0,"mode":"bus","color":"#0059a9","colorDark":"#00294f","angle":1.5,"snapDist":2,"label":0}},{"type":"Feature","geometry":{"type":"Point","coordinates":[23.466438,42.73272]},"properties":{"name":"Моста на Лесновска река","lines":"119","arr":["119"],"terminus":0,"mode":"bus","color":"#0059a9","colorDark":"#00294f","angle":181.5,"snapDist":5,"label":0}},{"type":"Feature","geometry":{"type":"Point","coordinates":[23.47627,42.731649]},"properties":{"name":"кв. Челопечене","lines":"119","arr":["119"],"terminus":0,"mode":"bus","color":"#0059a9","colorDark":"#00294f","angle":204,"snapDist":6,"label":0}},{"type":"Feature","geometry":{"type":"Point","coordinates":[23.510536,42.737417]},"properties":{"name":"Хлебозавод Ботунец АД","lines":"119","arr":["119"],"terminus":0,"mode":"bus","color":"#0059a9","colorDark":"#00294f","angle":193.3,"snapDist":3,"label":1}},{"type":"Feature","geometry":{"type":"Point","coordinates":[23.512841,42.735952]},"properties":{"name":"бл. 3 ж.к. Ботунец-1","lines":"119","arr":["119"],"terminus":0,"mode":"bus","color":"#0059a9","colorDark":"#00294f","angle":267.5,"snapDist":3,"label":1}},{"type":"Feature","geometry":{"type":"Point","coordinates":[23.509313,42.747295]},"properties":{"name":"Институт по черна металургия - по желание","lines":"119","arr":["119"],"terminus":0,"mode":"bus","color":"#0059a9","colorDark":"#00294f","angle":163.4,"snapDist":4,"label":0}},{"type":"Feature","geometry":{"type":"Point","coordinates":[23.518626,42.743294]},"properties":{"name":"МК Кремиковци","lines":"119","arr":["119"],"terminus":1,"mode":"bus","color":"#0059a9","colorDark":"#00294f","angle":352.3,"snapDist":5,"label":1}},{"type":"Feature","geometry":{"type":"Point","coordinates":[23.328027,42.657672]},"properties":{"name":"Зоопарка","lines":"120","arr":["120"],"terminus":1,"mode":"bus","color":"#0059a9","colorDark":"#00294f","angle":272.2,"snapDist":4,"label":0}},{"type":"Feature","geometry":{"type":"Point","coordinates":[23.351353,42.691561]},"properties":{"name":"ул. Султан тепе","lines":"120","arr":["120"],"terminus":0,"mode":"bus","color":"#0059a9","colorDark":"#00294f","angle":87.8,"snapDist":6,"label":1}},{"type":"Feature","geometry":{"type":"Point","coordinates":[23.351755,42.695966]},"properties":{"name":"бул. Мадрид","lines":"120","arr":["120"],"terminus":0,"mode":"bus","color":"#0059a9","colorDark":"#00294f","angle":96.5,"snapDist":5,"label":1}},{"type":"Feature","geometry":{"type":"Point","coordinates":[23.351437,42.700724]},"properties":{"name":"ул. Подуенска","lines":"120","arr":["120"],"terminus":0,"mode":"bus","color":"#0059a9","colorDark":"#00294f","angle":36.7,"snapDist":6,"label":1}},{"type":"Feature","geometry":{"type":"Point","coordinates":[23.360909,42.702459]},"properties":{"name":"ул. Тодорини кукли","lines":"120, N3","arr":["120","N3"],"terminus":0,"mode":"bus","color":"#0059a9","colorDark":"#00294f","angle":166,"snapDist":6,"label":0}},{"type":"Feature","geometry":{"type":"Point","coordinates":[23.364779,42.703324]},"properties":{"name":"Стадион Г. Аспарухов","lines":"120, N3","arr":["120","N3"],"terminus":0,"mode":"bus","color":"#0059a9","colorDark":"#00294f","angle":146.4,"snapDist":5,"label":1}},{"type":"Feature","geometry":{"type":"Point","coordinates":[23.369595,42.705536]},"properties":{"name":"ул. Витиня","lines":"120, N3","arr":["120","N3"],"terminus":0,"mode":"bus","color":"#0059a9","colorDark":"#00294f","angle":151.2,"snapDist":7,"label":1}},{"type":"Feature","geometry":{"type":"Point","coordinates":[23.373863,42.706805]},"properties":{"name":"ул. Бесарабия","lines":"120, N3","arr":["120","N3"],"terminus":0,"mode":"bus","color":"#0059a9","colorDark":"#00294f","angle":176.6,"snapDist":5,"label":1}},{"type":"Feature","geometry":{"type":"Point","coordinates":[23.380196,42.707115]},"properties":{"name":"ул. Поп Груйо","lines":"120, N3","arr":["120","N3"],"terminus":0,"mode":"bus","color":"#0059a9","colorDark":"#00294f","angle":184.1,"snapDist":4,"label":1}},{"type":"Feature","geometry":{"type":"Point","coordinates":[23.380213,42.712203]},"properties":{"name":"ж.к. Левски Г","lines":"120, N3","arr":["120","N3"],"terminus":1,"mode":"bus","color":"#0059a9","colorDark":"#00294f","angle":166.2,"snapDist":4,"label":0}},{"type":"Feature","geometry":{"type":"Point","coordinates":[23.379223,42.707119]},"properties":{"name":"ул. Поп Груйо","lines":"120, N3","arr":["120","N3"],"terminus":0,"mode":"bus","color":"#0059a9","colorDark":"#00294f","angle":356,"snapDist":2,"label":0}},{"type":"Feature","geometry":{"type":"Point","coordinates":[23.373505,42.706789]},"properties":{"name":"ул. Бесарабия","lines":"120, N3","arr":["120","N3"],"terminus":0,"mode":"bus","color":"#0059a9","colorDark":"#00294f","angle":356.6,"snapDist":1,"label":0}},{"type":"Feature","geometry":{"type":"Point","coordinates":[23.369216,42.70538]},"properties":{"name":"ул. Витиня","lines":"120, N3","arr":["120","N3"],"terminus":0,"mode":"bus","color":"#0059a9","colorDark":"#00294f","angle":331,"snapDist":8,"label":0}},{"type":"Feature","geometry":{"type":"Point","coordinates":[23.364302,42.70312]},"properties":{"name":"Стадион Г. Аспарухов","lines":"120, N3","arr":["120","N3"],"terminus":0,"mode":"bus","color":"#0059a9","colorDark":"#00294f","angle":331.5,"snapDist":11,"label":0}},{"type":"Feature","geometry":{"type":"Point","coordinates":[23.351525,42.700676]},"properties":{"name":"ул. Подуенска","lines":"120","arr":["120"],"terminus":0,"mode":"bus","color":"#0059a9","colorDark":"#00294f","angle":216.7,"snapDist":9,"label":0}},{"type":"Feature","geometry":{"type":"Point","coordinates":[23.351804,42.696281]},"properties":{"name":"бул. Мадрид","lines":"120","arr":["120"],"terminus":0,"mode":"bus","color":"#0059a9","colorDark":"#00294f","angle":276.5,"snapDist":4,"label":0}},{"type":"Feature","geometry":{"type":"Point","coordinates":[23.351348,42.691976]},"properties":{"name":"ул. Султан тепе","lines":"120","arr":["120"],"terminus":0,"mode":"bus","color":"#0059a9","colorDark":"#00294f","angle":274.2,"snapDist":3,"label":0}},{"type":"Feature","geometry":{"type":"Point","coordinates":[23.35,42.685443]},"properties":{"name":"Румънско посолство","lines":"120, 305, 413","arr":["120","305","413"],"terminus":0,"mode":"bus","color":"#0059a9","colorDark":"#00294f","angle":312.2,"snapDist":6,"label":0}},{"type":"Feature","geometry":{"type":"Point","coordinates":[23.332322,42.669668]},"properties":{"name":"Ловен парк","lines":"120","arr":["120"],"terminus":0,"mode":"bus","color":"#0059a9","colorDark":"#00294f","angle":326.2,"snapDist":7,"label":0}},{"type":"Feature","geometry":{"type":"Point","coordinates":[23.247872,42.753714]},"properties":{"name":"Плодохранилище","lines":"150","arr":["150"],"terminus":1,"mode":"bus","color":"#0059a9","colorDark":"#00294f","angle":253.3,"snapDist":5,"label":1}},{"type":"Feature","geometry":{"type":"Point","coordinates":[23.244441,42.757117]},"properties":{"name":"Гара Волуяк","lines":"150","arr":["150"],"terminus":0,"mode":"bus","color":"#0059a9","colorDark":"#00294f","angle":86.2,"snapDist":2,"label":1}},{"type":"Feature","geometry":{"type":"Point","coordinates":[23.244114,42.761161]},"properties":{"name":"По желание","lines":"150","arr":["150"],"terminus":0,"mode":"bus","color":"#0059a9","colorDark":"#00294f","angle":86.6,"snapDist":1,"label":1}},{"type":"Feature","geometry":{"type":"Point","coordinates":[23.243876,42.763853]},"properties":{"name":"ул. Зорница","lines":"150","arr":["150"],"terminus":0,"mode":"bus","color":"#0059a9","colorDark":"#00294f","angle":86.3,"snapDist":3,"label":1}},{"type":"Feature","geometry":{"type":"Point","coordinates":[23.243704,42.767273]},"properties":{"name":"Махала Джюлници","lines":"150","arr":["150"],"terminus":0,"mode":"bus","color":"#0059a9","colorDark":"#00294f","angle":90.8,"snapDist":3,"label":1}},{"type":"Feature","geometry":{"type":"Point","coordinates":[23.241446,42.770751]},"properties":{"name":"Моста на Селска река","lines":"150","arr":["150"],"terminus":0,"mode":"bus","color":"#0059a9","colorDark":"#00294f","angle":99,"snapDist":5,"label":1}},{"type":"Feature","geometry":{"type":"Point","coordinates":[23.24277,42.773449]},"properties":{"name":"Площада с. Волуяк","lines":"150","arr":["150"],"terminus":0,"mode":"bus","color":"#0059a9","colorDark":"#00294f","angle":118.7,"snapDist":5,"label":1}},{"type":"Feature","geometry":{"type":"Point","coordinates":[23.246874,42.774084]},"properties":{"name":"ул. Дружба","lines":"150","arr":["150"],"terminus":0,"mode":"bus","color":"#0059a9","colorDark":"#00294f","angle":171.1,"snapDist":5,"label":1}},{"type":"Feature","geometry":{"type":"Point","coordinates":[23.250458,42.775153]},"properties":{"name":"Разклона за Волуяк","lines":"150","arr":["150"],"terminus":0,"mode":"bus","color":"#0059a9","colorDark":"#00294f","angle":145.1,"snapDist":6,"label":1}},{"type":"Feature","geometry":{"type":"Point","coordinates":[23.269451,42.757445]},"properties":{"name":"Околовръстен път","lines":"150","arr":["150"],"terminus":0,"mode":"bus","color":"#0059a9","colorDark":"#00294f","angle":231.8,"snapDist":6,"label":1}},{"type":"Feature","geometry":{"type":"Point","coordinates":[23.272021,42.754874]},"properties":{"name":"Промишлена зона - Ломско шосе","lines":"150","arr":["150"],"terminus":0,"mode":"bus","color":"#0059a9","colorDark":"#00294f","angle":233.5,"snapDist":7,"label":1}},{"type":"Feature","geometry":{"type":"Point","coordinates":[23.27354,42.753297]},"properties":{"name":"ТРД","lines":"150","arr":["150"],"terminus":0,"mode":"bus","color":"#0059a9","colorDark":"#00294f","angle":235,"snapDist":5,"label":1}},{"type":"Feature","geometry":{"type":"Point","coordinates":[23.279705,42.746744]},"properties":{"name":"бл. 245 ж.к. Обеля-2","lines":"150","arr":["150"],"terminus":0,"mode":"bus","color":"#0059a9","colorDark":"#00294f","angle":232.3,"snapDist":2,"label":0}},{"type":"Feature","geometry":{"type":"Point","coordinates":[23.273178,42.753678]},"properties":{"name":"ТРД","lines":"150","arr":["150"],"terminus":0,"mode":"bus","color":"#0059a9","colorDark":"#00294f","angle":55,"snapDist":4,"label":0}},{"type":"Feature","geometry":{"type":"Point","coordinates":[23.271764,42.755145]},"properties":{"name":"Промишлена зона - Ломско шосе","lines":"150","arr":["150"],"terminus":0,"mode":"bus","color":"#0059a9","colorDark":"#00294f","angle":57.4,"snapDist":4,"label":0}},{"type":"Feature","geometry":{"type":"Point","coordinates":[23.268822,42.758015]},"properties":{"name":"Околовръстен път","lines":"150","arr":["150"],"terminus":0,"mode":"bus","color":"#0059a9","colorDark":"#00294f","angle":50.6,"snapDist":4,"label":0}},{"type":"Feature","geometry":{"type":"Point","coordinates":[23.25022,42.775031]},"properties":{"name":"Разклона за Волуяк","lines":"150","arr":["150"],"terminus":0,"mode":"bus","color":"#0059a9","colorDark":"#00294f","angle":325.1,"snapDist":3,"label":0}},{"type":"Feature","geometry":{"type":"Point","coordinates":[23.246912,42.774088]},"properties":{"name":"ул. Дружба","lines":"150","arr":["150"],"terminus":0,"mode":"bus","color":"#0059a9","colorDark":"#00294f","angle":351.1,"snapDist":3,"label":0}},{"type":"Feature","geometry":{"type":"Point","coordinates":[23.242952,42.773909]},"properties":{"name":"Площада с. Волуяк","lines":"150","arr":["150"],"terminus":0,"mode":"bus","color":"#0059a9","colorDark":"#00294f","angle":48.6,"snapDist":11,"label":0}},{"type":"Feature","geometry":{"type":"Point","coordinates":[23.241853,42.770029]},"properties":{"name":"Моста на Селска река","lines":"150","arr":["150"],"terminus":0,"mode":"bus","color":"#0059a9","colorDark":"#00294f","angle":226.8,"snapDist":4,"label":0}},{"type":"Feature","geometry":{"type":"Point","coordinates":[23.243709,42.766465]},"properties":{"name":"Махала Джюлници","lines":"150","arr":["150"],"terminus":0,"mode":"bus","color":"#0059a9","colorDark":"#00294f","angle":268.6,"snapDist":5,"label":0}},{"type":"Feature","geometry":{"type":"Point","coordinates":[23.243919,42.763366]},"properties":{"name":"ул. Зорница","lines":"150","arr":["150"],"terminus":0,"mode":"bus","color":"#0059a9","colorDark":"#00294f","angle":266.3,"snapDist":5,"label":0}},{"type":"Feature","geometry":{"type":"Point","coordinates":[23.244099,42.761344]},"properties":{"name":"По желание","lines":"150","arr":["150"],"terminus":0,"mode":"bus","color":"#0059a9","colorDark":"#00294f","angle":266.6,"snapDist":6,"label":0}},{"type":"Feature","geometry":{"type":"Point","coordinates":[23.244461,42.756896]},"properties":{"name":"Гара Волуяк","lines":"150","arr":["150"],"terminus":0,"mode":"bus","color":"#0059a9","colorDark":"#00294f","angle":266.2,"snapDist":5,"label":0}},{"type":"Feature","geometry":{"type":"Point","coordinates":[23.38564,42.622945]},"properties":{"name":"Разклона за ЖК Младост 4","lines":"180, 182","arr":["180","182"],"terminus":0,"mode":"bus","color":"#0059a9","colorDark":"#00294f","angle":182.3,"snapDist":5,"label":1}},{"type":"Feature","geometry":{"type":"Point","coordinates":[23.404238,42.622258]},"properties":{"name":"Околовръстен път","lines":"180","arr":["180"],"terminus":0,"mode":"bus","color":"#0059a9","colorDark":"#00294f","angle":182.7,"snapDist":3,"label":1}},{"type":"Feature","geometry":{"type":"Point","coordinates":[23.403343,42.619568]},"properties":{"name":"СБА - по желание","lines":"180, 181, 183, 184","arr":["180","181","183","184"],"terminus":0,"mode":"bus","color":"#0059a9","colorDark":"#00294f","angle":291.6,"snapDist":6,"label":1}},{"type":"Feature","geometry":{"type":"Point","coordinates":[23.388723,42.608659]},"properties":{"name":"в.з. Косанин дол","lines":"180","arr":["180"],"terminus":0,"mode":"bus","color":"#0059a9","colorDark":"#00294f","angle":11.3,"snapDist":2,"label":1}},{"type":"Feature","geometry":{"type":"Point","coordinates":[23.403351,42.619583]},"properties":{"name":"СБА - по желание","lines":"180, 181, 183, 184","arr":["180","181","183","184"],"terminus":0,"mode":"bus","color":"#0059a9","colorDark":"#00294f","angle":111.6,"snapDist":3,"label":0}},{"type":"Feature","geometry":{"type":"Point","coordinates":[23.404002,42.622732]},"properties":{"name":"ул. Сърнена гора","lines":"180","arr":["180"],"terminus":0,"mode":"bus","color":"#0059a9","colorDark":"#00294f","angle":3,"snapDist":2,"label":1}},{"type":"Feature","geometry":{"type":"Point","coordinates":[23.382843,42.623627]},"properties":{"name":"Разклона за ЖК Младост 4","lines":"180, 182","arr":["180","182"],"terminus":0,"mode":"bus","color":"#0059a9","colorDark":"#00294f","angle":2,"snapDist":3,"label":1}},{"type":"Feature","geometry":{"type":"Point","coordinates":[23.376026,42.623841]},"properties":{"name":"Кино Арена ІІ","lines":"180, 182, 413","arr":["180","182","413"],"terminus":0,"mode":"bus","color":"#0059a9","colorDark":"#00294f","angle":3.1,"snapDist":4,"label":0}},{"type":"Feature","geometry":{"type":"Point","coordinates":[23.37288,42.629074]},"properties":{"name":"Метростанция Бизнес парк","lines":"180, 182","arr":["180","182"],"terminus":1,"mode":"bus","color":"#0059a9","colorDark":"#00294f","angle":269.3,"snapDist":3,"label":0}},{"type":"Feature","geometry":{"type":"Point","coordinates":[23.414466,42.576851]},"properties":{"name":"Село Кокаляне","lines":"181","arr":["181"],"terminus":1,"mode":"bus","color":"#0059a9","colorDark":"#00294f","angle":104.1,"snapDist":3,"label":1}},{"type":"Feature","geometry":{"type":"Point","coordinates":[23.415591,42.578666]},"properties":{"name":"ул. Цар Иван Асен ІІ","lines":"181","arr":["181"],"terminus":0,"mode":"bus","color":"#0059a9","colorDark":"#00294f","angle":167.5,"snapDist":5,"label":1}},{"type":"Feature","geometry":{"type":"Point","coordinates":[23.418172,42.579607]},"properties":{"name":"ул. Цар Иван Шишман","lines":"181","arr":["181"],"terminus":0,"mode":"bus","color":"#0059a9","colorDark":"#00294f","angle":155.5,"snapDist":5,"label":1}},{"type":"Feature","geometry":{"type":"Point","coordinates":[23.421792,42.58163]},"properties":{"name":"ул. Латинка","lines":"181","arr":["181"],"terminus":0,"mode":"bus","color":"#0059a9","colorDark":"#00294f","angle":206.8,"snapDist":6,"label":1}},{"type":"Feature","geometry":{"type":"Point","coordinates":[23.423997,42.582853]},"properties":{"name":"Кокалянско ханче - по желание","lines":"181, 183, 184","arr":["181","183","184"],"terminus":1,"mode":"bus","color":"#0059a9","colorDark":"#00294f","angle":61.9,"snapDist":5,"label":1}},{"type":"Feature","geometry":{"type":"Point","coordinates":[23.419888,42.587911]},"properties":{"name":"Плажа Панчарево - по желание","lines":"181, 183, 184","arr":["181","183","184"],"terminus":0,"mode":"bus","color":"#0059a9","colorDark":"#00294f","angle":64.7,"snapDist":4,"label":1}},{"type":"Feature","geometry":{"type":"Point","coordinates":[23.409119,42.595594]},"properties":{"name":"83-то ОУ Панчарево","lines":"181","arr":["181"],"terminus":1,"mode":"bus","color":"#0059a9","colorDark":"#00294f","angle":7.6,"snapDist":1,"label":1}},{"type":"Feature","geometry":{"type":"Point","coordinates":[23.413466,42.596403]},"properties":{"name":"кв. Панчарево - по желание","lines":"181, 183, 184","arr":["181","183","184"],"terminus":0,"mode":"bus","color":"#0059a9","colorDark":"#00294f","angle":25.5,"snapDist":5,"label":1}},{"type":"Feature","geometry":{"type":"Point","coordinates":[23.40624,42.597961]},"properties":{"name":"Гребна база - по желание","lines":"181, 183, 184","arr":["181","183","184"],"terminus":0,"mode":"bus","color":"#0059a9","colorDark":"#00294f","angle":47.7,"snapDist":1,"label":1}},{"type":"Feature","geometry":{"type":"Point","coordinates":[23.402765,42.602642]},"properties":{"name":"Баня Панчарево - по желание","lines":"181, 183, 184","arr":["181","183","184"],"terminus":0,"mode":"bus","color":"#0059a9","colorDark":"#00294f","angle":69.3,"snapDist":1,"label":1}},{"type":"Feature","geometry":{"type":"Point","coordinates":[23.400279,42.607768]},"properties":{"name":"Разклона за с. Герман - по желание","lines":"181, 183, 184","arr":["181","183","184"],"terminus":0,"mode":"bus","color":"#0059a9","colorDark":"#00294f","angle":71,"snapDist":3,"label":1}},{"type":"Feature","geometry":{"type":"Point","coordinates":[23.400946,42.615156]},"properties":{"name":"Детско градче - по желание","lines":"181, 183, 184","arr":["181","183","184"],"terminus":0,"mode":"bus","color":"#0059a9","colorDark":"#00294f","angle":111,"snapDist":3,"label":1}},{"type":"Feature","geometry":{"type":"Point","coordinates":[23.405262,42.623143]},"properties":{"name":"Околовръстен път","lines":"181, 183, 184, 188","arr":["181","183","184","188"],"terminus":0,"mode":"bus","color":"#0059a9","colorDark":"#00294f","angle":114.3,"snapDist":7,"label":0}},{"type":"Feature","geometry":{"type":"Point","coordinates":[23.407872,42.628453]},"properties":{"name":"кв. Горубляне","lines":"181, 183, 184, 188","arr":["181","183","184","188"],"terminus":0,"mode":"bus","color":"#0059a9","colorDark":"#00294f","angle":114.5,"snapDist":4,"label":1}},{"type":"Feature","geometry":{"type":"Point","coordinates":[23.409081,42.633881]},"properties":{"name":"ул. Цветна градина","lines":"181, 183, 184","arr":["181","183","184"],"terminus":0,"mode":"bus","color":"#0059a9","colorDark":"#00294f","angle":82.5,"snapDist":6,"label":1}},{"type":"Feature","geometry":{"type":"Point","coordinates":[23.405912,42.638958]},"properties":{"name":"ул. инж. Георги Белов","lines":"181, 183","arr":["181","183"],"terminus":0,"mode":"bus","color":"#0059a9","colorDark":"#00294f","angle":60.6,"snapDist":6,"label":1}},{"type":"Feature","geometry":{"type":"Point","coordinates":[23.402722,42.641952]},"properties":{"name":"Триъгълника кв. Горубляне","lines":"181, 183","arr":["181","183"],"terminus":0,"mode":"bus","color":"#0059a9","colorDark":"#00294f","angle":49.6,"snapDist":3,"label":1}},{"type":"Feature","geometry":{"type":"Point","coordinates":[23.40062,42.644524]},"properties":{"name":"К-С Цариградски","lines":"181, 183","arr":["181","183"],"terminus":0,"mode":"bus","color":"#0059a9","colorDark":"#00294f","angle":25.6,"snapDist":3,"label":1}},{"type":"Feature","geometry":{"type":"Point","coordinates":[23.393527,42.650275]},"properties":{"name":"Метростанция Цариградско шосе","lines":"181, 183, 185","arr":["181","183","185"],"terminus":0,"mode":"bus","color":"#0059a9","colorDark":"#00294f","angle":49.3,"snapDist":3,"label":1}},{"type":"Feature","geometry":{"type":"Point","coordinates":[23.389205,42.653666]},"properties":{"name":"Комплекс на БАН","lines":"181, 183, 185","arr":["181","183","185"],"terminus":0,"mode":"bus","color":"#0059a9","colorDark":"#00294f","angle":50.1,"snapDist":9,"label":1}},{"type":"Feature","geometry":{"type":"Point","coordinates":[23.373034,42.665797]},"properties":{"name":"София Тех парк","lines":"181, 185","arr":["181","185"],"terminus":0,"mode":"bus","color":"#0059a9","colorDark":"#00294f","angle":43.8,"snapDist":4,"label":1}},{"type":"Feature","geometry":{"type":"Point","coordinates":[23.369529,42.670034]},"properties":{"name":"Площад на авиацията","lines":"181, 185","arr":["181","185"],"terminus":0,"mode":"bus","color":"#0059a9","colorDark":"#00294f","angle":128.5,"snapDist":6,"label":0}},{"type":"Feature","geometry":{"type":"Point","coordinates":[23.371651,42.671654]},"properties":{"name":"Спортна зала Арена Армеец","lines":"181, 185","arr":["181","185"],"terminus":0,"mode":"bus","color":"#0059a9","colorDark":"#00294f","angle":135,"snapDist":5,"label":1}},{"type":"Feature","geometry":{"type":"Point","coordinates":[23.375577,42.675195]},"properties":{"name":"СК ЦСКА","lines":"181, 185, N4","arr":["181","185","N4"],"terminus":0,"mode":"bus","color":"#0059a9","colorDark":"#00294f","angle":12.7,"snapDist":5,"label":1}},{"type":"Feature","geometry":{"type":"Point","coordinates":[23.375321,42.674365]},"properties":{"name":"СК ЦСКА","lines":"181, 185","arr":["181","185"],"terminus":0,"mode":"bus","color":"#0059a9","colorDark":"#00294f","angle":314.5,"snapDist":9,"label":0}},{"type":"Feature","geometry":{"type":"Point","coordinates":[23.370576,42.671276]},"properties":{"name":"Спортна зала Арена Армеец","lines":"181, 185","arr":["181","185"],"terminus":0,"mode":"bus","color":"#0059a9","colorDark":"#00294f","angle":316.2,"snapDist":4,"label":0}},{"type":"Feature","geometry":{"type":"Point","coordinates":[23.367276,42.668372]},"properties":{"name":"Площад на авиацията","lines":"181, 185, 305, N1","arr":["181","185","305","N1"],"terminus":0,"mode":"bus","color":"#0059a9","colorDark":"#00294f","angle":219.3,"snapDist":5,"label":1}},{"type":"Feature","geometry":{"type":"Point","coordinates":[23.388773,42.653797]},"properties":{"name":"Комплекс на БАН","lines":"181, 183, 185","arr":["181","183","185"],"terminus":0,"mode":"bus","color":"#0059a9","colorDark":"#00294f","angle":230.5,"snapDist":9,"label":0}},{"type":"Feature","geometry":{"type":"Point","coordinates":[23.393622,42.649195]},"properties":{"name":"Метростанция Цариградско шосе","lines":"181, 183, 185","arr":["181","183","185"],"terminus":0,"mode":"bus","color":"#0059a9","colorDark":"#00294f","angle":230.8,"snapDist":4,"label":0}},{"type":"Feature","geometry":{"type":"Point","coordinates":[23.402781,42.641901]},"properties":{"name":"Триъгълника кв. Горубляне","lines":"181, 183","arr":["181","183"],"terminus":0,"mode":"bus","color":"#0059a9","colorDark":"#00294f","angle":229.6,"snapDist":7,"label":0}},{"type":"Feature","geometry":{"type":"Point","coordinates":[23.406522,42.638081]},"properties":{"name":"ул. инж. Георги Белов","lines":"181, 183","arr":["181","183"],"terminus":0,"mode":"bus","color":"#0059a9","colorDark":"#00294f","angle":243.3,"snapDist":4,"label":0}},{"type":"Feature","geometry":{"type":"Point","coordinates":[23.409123,42.632797]},"properties":{"name":"ул. Цветна градина","lines":"181, 183, 184, 188","arr":["181","183","184","188"],"terminus":0,"mode":"bus","color":"#0059a9","colorDark":"#00294f","angle":273.5,"snapDist":7,"label":0}},{"type":"Feature","geometry":{"type":"Point","coordinates":[23.407569,42.627963]},"properties":{"name":"кв. Горубляне","lines":"181, 183, 184, 188","arr":["181","183","184","188"],"terminus":0,"mode":"bus","color":"#0059a9","colorDark":"#00294f","angle":294.5,"snapDist":4,"label":0}},{"type":"Feature","geometry":{"type":"Point","coordinates":[23.405163,42.622981]},"properties":{"name":"Околовръстен път","lines":"181, 183, 184, 188","arr":["181","183","184","188"],"terminus":0,"mode":"bus","color":"#0059a9","colorDark":"#00294f","angle":294.3,"snapDist":11,"label":0}},{"type":"Feature","geometry":{"type":"Point","coordinates":[23.401047,42.61535]},"properties":{"name":"Детско градче - по желание","lines":"181, 183, 184","arr":["181","183","184"],"terminus":0,"mode":"bus","color":"#0059a9","colorDark":"#00294f","angle":290.8,"snapDist":6,"label":0}},{"type":"Feature","geometry":{"type":"Point","coordinates":[23.400364,42.607588]},"properties":{"name":"Разклона за с. Герман - по желание","lines":"181, 183, 184","arr":["181","183","184"],"terminus":0,"mode":"bus","color":"#0059a9","colorDark":"#00294f","angle":251,"snapDist":6,"label":0}},{"type":"Feature","geometry":{"type":"Point","coordinates":[23.402638,42.60289]},"properties":{"name":"Баня Панчарево - по желание","lines":"181, 183, 184","arr":["181","183","184"],"terminus":0,"mode":"bus","color":"#0059a9","colorDark":"#00294f","angle":249.3,"snapDist":11,"label":0}},{"type":"Feature","geometry":{"type":"Point","coordinates":[23.406685,42.597623]},"properties":{"name":"Гребна база - по желание","lines":"181, 183, 184","arr":["181","183","184"],"terminus":0,"mode":"bus","color":"#0059a9","colorDark":"#00294f","angle":219.7,"snapDist":5,"label":0}},{"type":"Feature","geometry":{"type":"Point","coordinates":[23.413291,42.596371]},"properties":{"name":"кв. Панчарево - по желание","lines":"181, 183, 184","arr":["181","183","184"],"terminus":0,"mode":"bus","color":"#0059a9","colorDark":"#00294f","angle":207.3,"snapDist":5,"label":0}},{"type":"Feature","geometry":{"type":"Point","coordinates":[23.420263,42.587325]},"properties":{"name":"Плажа Панчарево - по желание","lines":"181, 183, 184","arr":["181","183","184"],"terminus":0,"mode":"bus","color":"#0059a9","colorDark":"#00294f","angle":244.2,"snapDist":4,"label":0}},{"type":"Feature","geometry":{"type":"Point","coordinates":[23.4242,42.582551]},"properties":{"name":"Кокалянско ханче","lines":"181","arr":["181"],"terminus":0,"mode":"bus","color":"#0059a9","colorDark":"#00294f","angle":244,"snapDist":8,"label":1}},{"type":"Feature","geometry":{"type":"Point","coordinates":[23.421792,42.58163]},"properties":{"name":"ул. Латинка","lines":"181","arr":["181"],"terminus":0,"mode":"bus","color":"#0059a9","colorDark":"#00294f","angle":26.8,"snapDist":1,"label":0}},{"type":"Feature","geometry":{"type":"Point","coordinates":[23.418071,42.579573]},"properties":{"name":"ул. Цар Иван Шишман","lines":"181","arr":["181"],"terminus":0,"mode":"bus","color":"#0059a9","colorDark":"#00294f","angle":335.5,"snapDist":2,"label":0}},{"type":"Feature","geometry":{"type":"Point","coordinates":[23.415522,42.578654]},"properties":{"name":"ул. Цар Иван Асен ІІ","lines":"181","arr":["181"],"terminus":0,"mode":"bus","color":"#0059a9","colorDark":"#00294f","angle":347.5,"snapDist":2,"label":0}},{"type":"Feature","geometry":{"type":"Point","coordinates":[23.441982,42.616487]},"properties":{"name":"ЖК Лозен парк","lines":"182","arr":["182"],"terminus":0,"mode":"bus","color":"#0059a9","colorDark":"#00294f","angle":329.4,"snapDist":2,"label":1}},{"type":"Feature","geometry":{"type":"Point","coordinates":[23.417492,42.617485]},"properties":{"name":"Стадиона Герман","lines":"182, 188","arr":["182","188"],"terminus":0,"mode":"bus","color":"#0059a9","colorDark":"#00294f","angle":298.2,"snapDist":5,"label":1}},{"type":"Feature","geometry":{"type":"Point","coordinates":[23.415536,42.614739]},"properties":{"name":"86-ти пощенски клон","lines":"182, 188","arr":["182","188"],"terminus":0,"mode":"bus","color":"#0059a9","colorDark":"#00294f","angle":295,"snapDist":6,"label":1}},{"type":"Feature","geometry":{"type":"Point","coordinates":[23.410497,42.609731]},"properties":{"name":"Село Герман","lines":"182, 188","arr":["182","188"],"terminus":1,"mode":"bus","color":"#0059a9","colorDark":"#00294f","angle":267.7,"snapDist":4,"label":1}},{"type":"Feature","geometry":{"type":"Point","coordinates":[23.41558,42.614808]},"properties":{"name":"86-ти пощенски клон","lines":"182, 188","arr":["182","188"],"terminus":0,"mode":"bus","color":"#0059a9","colorDark":"#00294f","angle":295,"snapDist":1,"label":0}},{"type":"Feature","geometry":{"type":"Point","coordinates":[23.417764,42.617872]},"properties":{"name":"Стадиона Герман","lines":"182, 188","arr":["182","188"],"terminus":0,"mode":"bus","color":"#0059a9","colorDark":"#00294f","angle":296.4,"snapDist":2,"label":0}},{"type":"Feature","geometry":{"type":"Point","coordinates":[23.42026,42.621121]},"properties":{"name":"Разклона за с. Герман","lines":"182, 188","arr":["182","188"],"terminus":0,"mode":"bus","color":"#0059a9","colorDark":"#00294f","angle":118.9,"snapDist":4,"label":1}},{"type":"Feature","geometry":{"type":"Point","coordinates":[23.419584,42.621987]},"properties":{"name":"Разклона за с. Герман","lines":"182, 188","arr":["182","188"],"terminus":0,"mode":"bus","color":"#0059a9","colorDark":"#00294f","angle":2.7,"snapDist":6,"label":0}},{"type":"Feature","geometry":{"type":"Point","coordinates":[23.424704,42.581835]},"properties":{"name":"Кокалянско ханче - по желание","lines":"183","arr":["183"],"terminus":0,"mode":"bus","color":"#0059a9","colorDark":"#00294f","angle":242.4,"snapDist":5,"label":0}},{"type":"Feature","geometry":{"type":"Point","coordinates":[23.432189,42.572124]},"properties":{"name":"в.з. Китката - по желание","lines":"183","arr":["183"],"terminus":0,"mode":"bus","color":"#0059a9","colorDark":"#00294f","angle":205.8,"snapDist":5,"label":1}},{"type":"Feature","geometry":{"type":"Point","coordinates":[23.422749,42.561029]},"properties":{"name":"Дяволски мост - по желание","lines":"183","arr":["183"],"terminus":0,"mode":"bus","color":"#0059a9","colorDark":"#00294f","angle":293.5,"snapDist":4,"label":1}},{"type":"Feature","geometry":{"type":"Point","coordinates":[23.428448,42.554572]},"properties":{"name":"Манастир Св. Никола - по желание","lines":"183","arr":["183"],"terminus":0,"mode":"bus","color":"#0059a9","colorDark":"#00294f","angle":196.4,"snapDist":3,"label":1}},{"type":"Feature","geometry":{"type":"Point","coordinates":[23.449966,42.558331]},"properties":{"name":"Заслон Синаница","lines":"183","arr":["183"],"terminus":0,"mode":"bus","color":"#0059a9","colorDark":"#00294f","angle":24.6,"snapDist":4,"label":1}},{"type":"Feature","geometry":{"type":"Point","coordinates":[23.4518,42.561142]},"properties":{"name":"Ресторант Златната Рибка - по желание","lines":"183","arr":["183"],"terminus":0,"mode":"bus","color":"#0059a9","colorDark":"#00294f","angle":238.9,"snapDist":6,"label":1}},{"type":"Feature","geometry":{"type":"Point","coordinates":[23.47152,42.549641]},"properties":{"name":"Баража Яз. Пасарел - по желание","lines":"183","arr":["183"],"terminus":0,"mode":"bus","color":"#0059a9","colorDark":"#00294f","angle":142.8,"snapDist":2,"label":1}},{"type":"Feature","geometry":{"type":"Point","coordinates":[23.480241,42.549166]},"properties":{"name":"Яз. Пасарел - по желание","lines":"183","arr":["183"],"terminus":0,"mode":"bus","color":"#0059a9","colorDark":"#00294f","angle":302,"snapDist":4,"label":1}},{"type":"Feature","geometry":{"type":"Point","coordinates":[23.488724,42.543027]},"properties":{"name":"ВЕЦ Пасарел - по желание","lines":"183","arr":["183"],"terminus":0,"mode":"bus","color":"#0059a9","colorDark":"#00294f","angle":201.5,"snapDist":11,"label":1}},{"type":"Feature","geometry":{"type":"Point","coordinates":[23.499804,42.538462]},"properties":{"name":"Моста Долни Пасарел","lines":"183","arr":["183"],"terminus":0,"mode":"bus","color":"#0059a9","colorDark":"#00294f","angle":126.8,"snapDist":4,"label":1}},{"type":"Feature","geometry":{"type":"Point","coordinates":[23.49796,42.541527]},"properties":{"name":"Село Долни Пасарел","lines":"183","arr":["183"],"terminus":1,"mode":"bus","color":"#0059a9","colorDark":"#00294f","angle":66.1,"snapDist":2,"label":1}},{"type":"Feature","geometry":{"type":"Point","coordinates":[23.499939,42.538695]},"properties":{"name":"Моста Долни Пасарел","lines":"183","arr":["183"],"terminus":0,"mode":"bus","color":"#0059a9","colorDark":"#00294f","angle":233.6,"snapDist":5,"label":0}},{"type":"Feature","geometry":{"type":"Point","coordinates":[23.488471,42.543105]},"properties":{"name":"ВЕЦ Пасарел - по желание","lines":"183","arr":["183"],"terminus":0,"mode":"bus","color":"#0059a9","colorDark":"#00294f","angle":28.6,"snapDist":3,"label":0}},{"type":"Feature","geometry":{"type":"Point","coordinates":[23.480421,42.549377]},"properties":{"name":"Яз. Пасарел - по желание","lines":"183","arr":["183"],"terminus":0,"mode":"bus","color":"#0059a9","colorDark":"#00294f","angle":122.3,"snapDist":5,"label":0}},{"type":"Feature","geometry":{"type":"Point","coordinates":[23.47134,42.549572]},"properties":{"name":"Баража Яз. Пасарел - по желание","lines":"183","arr":["183"],"terminus":0,"mode":"bus","color":"#0059a9","colorDark":"#00294f","angle":333.4,"snapDist":9,"label":0}},{"type":"Feature","geometry":{"type":"Point","coordinates":[23.451721,42.56124]},"properties":{"name":"Ресторант Златната Рибка - по желание","lines":"183","arr":["183"],"terminus":0,"mode":"bus","color":"#0059a9","colorDark":"#00294f","angle":62.1,"snapDist":2,"label":0}},{"type":"Feature","geometry":{"type":"Point","coordinates":[23.450218,42.558251]},"properties":{"name":"Заслон Синаница","lines":"183","arr":["183"],"terminus":0,"mode":"bus","color":"#0059a9","colorDark":"#00294f","angle":202.5,"snapDist":3,"label":0}},{"type":"Feature","geometry":{"type":"Point","coordinates":[23.428283,42.554569]},"properties":{"name":"Манастир Св. Никола - по желание","lines":"183","arr":["183"],"terminus":0,"mode":"bus","color":"#0059a9","colorDark":"#00294f","angle":344.6,"snapDist":4,"label":0}},{"type":"Feature","geometry":{"type":"Point","coordinates":[23.422634,42.560816]},"properties":{"name":"Дяволски мост - по желание","lines":"183","arr":["183"],"terminus":0,"mode":"bus","color":"#0059a9","colorDark":"#00294f","angle":110.3,"snapDist":6,"label":0}},{"type":"Feature","geometry":{"type":"Point","coordinates":[23.43237,42.57204]},"properties":{"name":"в.з. Китката - по желание","lines":"183","arr":["183"],"terminus":0,"mode":"bus","color":"#0059a9","colorDark":"#00294f","angle":41.4,"snapDist":3,"label":0}},{"type":"Feature","geometry":{"type":"Point","coordinates":[23.406951,42.635525]},"properties":{"name":"Самоковско шосе","lines":"184","arr":["184"],"terminus":0,"mode":"bus","color":"#0059a9","colorDark":"#00294f","angle":331.6,"snapDist":5,"label":1}},{"type":"Feature","geometry":{"type":"Point","coordinates":[23.404039,42.635221]},"properties":{"name":"бл. 1 ж.к. Горубляне","lines":"184","arr":["184"],"terminus":0,"mode":"bus","color":"#0059a9","colorDark":"#00294f","angle":49,"snapDist":4,"label":1}},{"type":"Feature","geometry":{"type":"Point","coordinates":[23.401184,42.635383]},"properties":{"name":"бл. 43 ж.к. Горубляне","lines":"184","arr":["184"],"terminus":0,"mode":"bus","color":"#0059a9","colorDark":"#00294f","angle":326.2,"snapDist":4,"label":1}},{"type":"Feature","geometry":{"type":"Point","coordinates":[23.398933,42.634271]},"properties":{"name":"бл. 39 ж.к. Горубляне","lines":"184","arr":["184"],"terminus":0,"mode":"bus","color":"#0059a9","colorDark":"#00294f","angle":28.9,"snapDist":4,"label":1}},{"type":"Feature","geometry":{"type":"Point","coordinates":[23.39995,42.636471]},"properties":{"name":"ул. инж. Георги Белов","lines":"184","arr":["184"],"terminus":0,"mode":"bus","color":"#0059a9","colorDark":"#00294f","angle":114.5,"snapDist":1,"label":1}},{"type":"Feature","geometry":{"type":"Point","coordinates":[23.396911,42.638607]},"properties":{"name":"Кулинарен К-Т Пейфил","lines":"184","arr":["184"],"terminus":0,"mode":"bus","color":"#0059a9","colorDark":"#00294f","angle":3.8,"snapDist":5,"label":0}},{"type":"Feature","geometry":{"type":"Point","coordinates":[23.393505,42.638762]},"properties":{"name":"Вик - ЕАД - София","lines":"184, 305","arr":["184","305"],"terminus":0,"mode":"bus","color":"#0059a9","colorDark":"#00294f","angle":3.3,"snapDist":5,"label":1}},{"type":"Feature","geometry":{"type":"Point","coordinates":[23.386761,42.640701]},"properties":{"name":"ж.к. Младост-3","lines":"184","arr":["184"],"terminus":0,"mode":"bus","color":"#0059a9","colorDark":"#00294f","angle":83.1,"snapDist":4,"label":1}},{"type":"Feature","geometry":{"type":"Point","coordinates":[23.380617,42.640786]},"properties":{"name":"Община Младост","lines":"184, 305, N1","arr":["184","305","N1"],"terminus":0,"mode":"bus","color":"#0059a9","colorDark":"#00294f","angle":350,"snapDist":6,"label":1}},{"type":"Feature","geometry":{"type":"Point","coordinates":[23.376236,42.640215]},"properties":{"name":"бл. 327 ж.к. Младост-3","lines":"184, 305, N1","arr":["184","305","N1"],"terminus":0,"mode":"bus","color":"#0059a9","colorDark":"#00294f","angle":349.6,"snapDist":6,"label":1}},{"type":"Feature","geometry":{"type":"Point","coordinates":[23.370931,42.641753]},"properties":{"name":"бл. 205 ж.к. Младост-2","lines":"184, 413, X10","arr":["184","413","X10"],"terminus":0,"mode":"bus","color":"#0059a9","colorDark":"#00294f","angle":14.2,"snapDist":4,"label":1}},{"type":"Feature","geometry":{"type":"Point","coordinates":[23.368387,42.64222]},"properties":{"name":"бл. 206 ж.к. Младост-2","lines":"184, 413, X10","arr":["184","413","X10"],"terminus":0,"mode":"bus","color":"#0059a9","colorDark":"#00294f","angle":13.9,"snapDist":4,"label":1}},{"type":"Feature","geometry":{"type":"Point","coordinates":[23.367366,42.645019]},"properties":{"name":"ж.к. Младост-2","lines":"184, 413, X10","arr":["184","413","X10"],"terminus":0,"mode":"bus","color":"#0059a9","colorDark":"#00294f","angle":117.9,"snapDist":5,"label":0}},{"type":"Feature","geometry":{"type":"Point","coordinates":[23.367969,42.647024]},"properties":{"name":"бл. 245 ж.к. Младост 2","lines":"184, 314, 413, X10","arr":["184","314","413","X10"],"terminus":0,"mode":"bus","color":"#0059a9","colorDark":"#00294f","angle":72.9,"snapDist":7,"label":1}},{"type":"Feature","geometry":{"type":"Point","coordinates":[23.368146,42.646426]},"properties":{"name":"бл. 245 ж.к. Младост 2","lines":"184, 314, 413, X10","arr":["184","314","413","X10"],"terminus":0,"mode":"bus","color":"#0059a9","colorDark":"#00294f","angle":264.3,"snapDist":7,"label":0}},{"type":"Feature","geometry":{"type":"Point","coordinates":[23.368134,42.642266]},"properties":{"name":"бл. 206 ж.к. Младост-2","lines":"184, 413, X10","arr":["184","413","X10"],"terminus":0,"mode":"bus","color":"#0059a9","colorDark":"#00294f","angle":193.9,"snapDist":4,"label":0}},{"type":"Feature","geometry":{"type":"Point","coordinates":[23.374,42.640907]},"properties":{"name":"Метростанция акад.А. Т.- Балан","lines":"184, 305, 413, N1","arr":["184","305","413","N1"],"terminus":0,"mode":"bus","color":"#0059a9","colorDark":"#00294f","angle":222.3,"snapDist":7,"label":1}},{"type":"Feature","geometry":{"type":"Point","coordinates":[23.37722,42.640347]},"properties":{"name":"бл. 327 ж.к. Младост-3","lines":"184, 305, N1","arr":["184","305","N1"],"terminus":0,"mode":"bus","color":"#0059a9","colorDark":"#00294f","angle":169.8,"snapDist":8,"label":0}},{"type":"Feature","geometry":{"type":"Point","coordinates":[23.383723,42.64113]},"properties":{"name":"Община Младост","lines":"184","arr":["184"],"terminus":0,"mode":"bus","color":"#0059a9","colorDark":"#00294f","angle":176.9,"snapDist":7,"label":1}},{"type":"Feature","geometry":{"type":"Point","coordinates":[23.386781,42.640337]},"properties":{"name":"ж.к. Младост-3","lines":"184","arr":["184"],"terminus":0,"mode":"bus","color":"#0059a9","colorDark":"#00294f","angle":273.6,"snapDist":3,"label":0}},{"type":"Feature","geometry":{"type":"Point","coordinates":[23.391721,42.638854]},"properties":{"name":"Вик - ЕАД - София","lines":"184, 305","arr":["184","305"],"terminus":0,"mode":"bus","color":"#0059a9","colorDark":"#00294f","angle":184.4,"snapDist":6,"label":0}},{"type":"Feature","geometry":{"type":"Point","coordinates":[23.397195,42.638593]},"properties":{"name":"Кулинарен К-Т Пейфил","lines":"184","arr":["184"],"terminus":0,"mode":"bus","color":"#0059a9","colorDark":"#00294f","angle":183.8,"snapDist":6,"label":0}},{"type":"Feature","geometry":{"type":"Point","coordinates":[23.399572,42.636835]},"properties":{"name":"ул. инж. Георги Белов","lines":"184","arr":["184"],"terminus":0,"mode":"bus","color":"#0059a9","colorDark":"#00294f","angle":187.2,"snapDist":5,"label":0}},{"type":"Feature","geometry":{"type":"Point","coordinates":[23.399286,42.634231]},"properties":{"name":"бл. 39 ж.к. Горубляне","lines":"184","arr":["184"],"terminus":0,"mode":"bus","color":"#0059a9","colorDark":"#00294f","angle":185.6,"snapDist":0,"label":0}},{"type":"Feature","geometry":{"type":"Point","coordinates":[23.401008,42.635296]},"properties":{"name":"бл. 43 ж.к. Горубляне","lines":"184","arr":["184"],"terminus":0,"mode":"bus","color":"#0059a9","colorDark":"#00294f","angle":146.2,"snapDist":3,"label":0}},{"type":"Feature","geometry":{"type":"Point","coordinates":[23.404259,42.635035]},"properties":{"name":"бл. 1 ж.к. Горубляне","lines":"184","arr":["184"],"terminus":0,"mode":"bus","color":"#0059a9","colorDark":"#00294f","angle":229,"snapDist":3,"label":0}},{"type":"Feature","geometry":{"type":"Point","coordinates":[23.40708,42.635576]},"properties":{"name":"Самоковско шосе","lines":"184","arr":["184"],"terminus":0,"mode":"bus","color":"#0059a9","colorDark":"#00294f","angle":151.6,"snapDist":2,"label":0}},{"type":"Feature","geometry":{"type":"Point","coordinates":[23.499888,42.599594]},"properties":{"name":"Село Долни Лозен","lines":"185","arr":["185"],"terminus":1,"mode":"bus","color":"#0059a9","colorDark":"#00294f","angle":152.7,"snapDist":4,"label":1}},{"type":"Feature","geometry":{"type":"Point","coordinates":[23.496092,42.600576]},"properties":{"name":"ул. Васил Левски","lines":"185","arr":["185"],"terminus":0,"mode":"bus","color":"#0059a9","colorDark":"#00294f","angle":74.7,"snapDist":6,"label":1}},{"type":"Feature","geometry":{"type":"Point","coordinates":[23.493984,42.603679]},"properties":{"name":"Център Долни Лозен","lines":"185, 187","arr":["185","187"],"terminus":0,"mode":"bus","color":"#0059a9","colorDark":"#00294f","angle":332.7,"snapDist":9,"label":1}},{"type":"Feature","geometry":{"type":"Point","coordinates":[23.486953,42.601704]},"properties":{"name":"Кметство Лозен","lines":"185, 187","arr":["185","187"],"terminus":0,"mode":"bus","color":"#0059a9","colorDark":"#00294f","angle":356.3,"snapDist":3,"label":1}},{"type":"Feature","geometry":{"type":"Point","coordinates":[23.482879,42.601575]},"properties":{"name":"Село Горни Лозен","lines":"185, 187","arr":["185","187"],"terminus":0,"mode":"bus","color":"#0059a9","colorDark":"#00294f","angle":346.3,"snapDist":10,"label":1}},{"type":"Feature","geometry":{"type":"Point","coordinates":[23.475185,42.603108]},"properties":{"name":"ул. Ралица","lines":"185, 187","arr":["185","187"],"terminus":0,"mode":"bus","color":"#0059a9","colorDark":"#00294f","angle":18.2,"snapDist":4,"label":1}},{"type":"Feature","geometry":{"type":"Point","coordinates":[23.470008,42.606384]},"properties":{"name":"ул. Синчец","lines":"185, 187","arr":["185","187"],"terminus":0,"mode":"bus","color":"#0059a9","colorDark":"#00294f","angle":41.8,"snapDist":3,"label":1}},{"type":"Feature","geometry":{"type":"Point","coordinates":[23.460336,42.614526]},"properties":{"name":"Промишлена зона Горни Лозен","lines":"185, 187","arr":["185","187"],"terminus":0,"mode":"bus","color":"#0059a9","colorDark":"#00294f","angle":47.3,"snapDist":2,"label":1}},{"type":"Feature","geometry":{"type":"Point","coordinates":[23.45041,42.622581]},"properties":{"name":"Опитна станция","lines":"185, 187","arr":["185","187"],"terminus":0,"mode":"bus","color":"#0059a9","colorDark":"#00294f","angle":49.2,"snapDist":3,"label":1}},{"type":"Feature","geometry":{"type":"Point","coordinates":[23.446322,42.626042]},"properties":{"name":"Авторемонтна база","lines":"185, 187","arr":["185","187"],"terminus":0,"mode":"bus","color":"#0059a9","colorDark":"#00294f","angle":51.5,"snapDist":4,"label":1}},{"type":"Feature","geometry":{"type":"Point","coordinates":[23.443201,42.633915]},"properties":{"name":"Околовръстен път","lines":"185, 187","arr":["185","187"],"terminus":0,"mode":"bus","color":"#0059a9","colorDark":"#00294f","angle":10.4,"snapDist":9,"label":1}},{"type":"Feature","geometry":{"type":"Point","coordinates":[23.436123,42.634855]},"properties":{"name":"Резиденция Врана","lines":"185, 187","arr":["185","187"],"terminus":0,"mode":"bus","color":"#0059a9","colorDark":"#00294f","angle":10.2,"snapDist":9,"label":1}},{"type":"Feature","geometry":{"type":"Point","coordinates":[23.426522,42.636114]},"properties":{"name":"Разклона за с. Герман","lines":"185, 187","arr":["185","187"],"terminus":0,"mode":"bus","color":"#0059a9","colorDark":"#00294f","angle":9.3,"snapDist":8,"label":1}},{"type":"Feature","geometry":{"type":"Point","coordinates":[23.420078,42.636845]},"properties":{"name":"Моста за резиденция Врана","lines":"185, 187","arr":["185","187"],"terminus":0,"mode":"bus","color":"#0059a9","colorDark":"#00294f","angle":8.3,"snapDist":9,"label":1}},{"type":"Feature","geometry":{"type":"Point","coordinates":[23.412143,42.638714]},"properties":{"name":"Горублянско ханче","lines":"185, 187","arr":["185","187"],"terminus":0,"mode":"bus","color":"#0059a9","colorDark":"#00294f","angle":31.6,"snapDist":8,"label":1}},{"type":"Feature","geometry":{"type":"Point","coordinates":[23.405186,42.641958]},"properties":{"name":"Корабчето","lines":"185","arr":["185"],"terminus":0,"mode":"bus","color":"#0059a9","colorDark":"#00294f","angle":32.1,"snapDist":5,"label":1}},{"type":"Feature","geometry":{"type":"Point","coordinates":[23.403172,42.642524]},"properties":{"name":"Корабчето","lines":"185","arr":["185"],"terminus":0,"mode":"bus","color":"#0059a9","colorDark":"#00294f","angle":211.4,"snapDist":9,"label":0}},{"type":"Feature","geometry":{"type":"Point","coordinates":[23.412508,42.638352]},"properties":{"name":"Горублянско ханче","lines":"185, 187","arr":["185","187"],"terminus":0,"mode":"bus","color":"#0059a9","colorDark":"#00294f","angle":211.4,"snapDist":9,"label":0}},{"type":"Feature","geometry":{"type":"Point","coordinates":[23.421089,42.636568]},"properties":{"name":"Моста за резиденция Врана","lines":"185, 187","arr":["185","187"],"terminus":0,"mode":"bus","color":"#0059a9","colorDark":"#00294f","angle":188.6,"snapDist":9,"label":0}},{"type":"Feature","geometry":{"type":"Point","coordinates":[23.426753,42.635922]},"properties":{"name":"Разклона за с. Герман","lines":"185, 187","arr":["185","187"],"terminus":0,"mode":"bus","color":"#0059a9","colorDark":"#00294f","angle":189.4,"snapDist":9,"label":0}},{"type":"Feature","geometry":{"type":"Point","coordinates":[23.435876,42.634722]},"properties":{"name":"Резиденция Врана","lines":"185, 187","arr":["185","187"],"terminus":0,"mode":"bus","color":"#0059a9","colorDark":"#00294f","angle":190.2,"snapDist":12,"label":0}},{"type":"Feature","geometry":{"type":"Point","coordinates":[23.443436,42.633716]},"properties":{"name":"Околовръстен път","lines":"185, 187","arr":["185","187"],"terminus":0,"mode":"bus","color":"#0059a9","colorDark":"#00294f","angle":192.1,"snapDist":9,"label":0}},{"type":"Feature","geometry":{"type":"Point","coordinates":[23.446866,42.625579]},"properties":{"name":"Авторемонтна база","lines":"185, 187","arr":["185","187"],"terminus":0,"mode":"bus","color":"#0059a9","colorDark":"#00294f","angle":228.9,"snapDist":4,"label":0}},{"type":"Feature","geometry":{"type":"Point","coordinates":[23.45116,42.621955]},"properties":{"name":"Опитна станция","lines":"185, 187","arr":["185","187"],"terminus":0,"mode":"bus","color":"#0059a9","colorDark":"#00294f","angle":228.3,"snapDist":4,"label":0}},{"type":"Feature","geometry":{"type":"Point","coordinates":[23.461376,42.61367]},"properties":{"name":"Промишлена зона Горни Лозен","lines":"185, 187","arr":["185","187"],"terminus":0,"mode":"bus","color":"#0059a9","colorDark":"#00294f","angle":227.5,"snapDist":4,"label":0}},{"type":"Feature","geometry":{"type":"Point","coordinates":[23.470027,42.606372]},"properties":{"name":"ул. Синчец","lines":"185, 187","arr":["185","187"],"terminus":0,"mode":"bus","color":"#0059a9","colorDark":"#00294f","angle":221.8,"snapDist":4,"label":0}},{"type":"Feature","geometry":{"type":"Point","coordinates":[23.474666,42.603323]},"properties":{"name":"ул. Ралица","lines":"185, 187","arr":["185","187"],"terminus":0,"mode":"bus","color":"#0059a9","colorDark":"#00294f","angle":217.7,"snapDist":4,"label":0}},{"type":"Feature","geometry":{"type":"Point","coordinates":[23.482948,42.601588]},"properties":{"name":"Село Горни Лозен","lines":"185, 187","arr":["185","187"],"terminus":0,"mode":"bus","color":"#0059a9","colorDark":"#00294f","angle":166.3,"snapDist":10,"label":0}},{"type":"Feature","geometry":{"type":"Point","coordinates":[23.48686,42.601699]},"properties":{"name":"Кметство Лозен","lines":"185, 187","arr":["185","187"],"terminus":0,"mode":"bus","color":"#0059a9","colorDark":"#00294f","angle":176.3,"snapDist":3,"label":0}},{"type":"Feature","geometry":{"type":"Point","coordinates":[23.494222,42.603373]},"properties":{"name":"Център Долни Лозен","lines":"185","arr":["185"],"terminus":0,"mode":"bus","color":"#0059a9","colorDark":"#00294f","angle":189.6,"snapDist":4,"label":0}},{"type":"Feature","geometry":{"type":"Point","coordinates":[23.496063,42.600655]},"properties":{"name":"ул. Васил Левски","lines":"185","arr":["185"],"terminus":0,"mode":"bus","color":"#0059a9","colorDark":"#00294f","angle":254.7,"snapDist":6,"label":0}},{"type":"Feature","geometry":{"type":"Point","coordinates":[23.499639,42.599367]},"properties":{"name":"Село Долни Лозен","lines":"185","arr":["185"],"terminus":0,"mode":"bus","color":"#0059a9","colorDark":"#00294f","angle":211.9,"snapDist":5,"label":0}},{"type":"Feature","geometry":{"type":"Point","coordinates":[23.502221,42.597563]},"properties":{"name":"Моста на Р.Блазна бара","lines":"185","arr":["185"],"terminus":0,"mode":"bus","color":"#0059a9","colorDark":"#00294f","angle":215.2,"snapDist":5,"label":1}},{"type":"Feature","geometry":{"type":"Point","coordinates":[23.507655,42.595046]},"properties":{"name":"Школа БЧК","lines":"185","arr":["185"],"terminus":1,"mode":"bus","color":"#0059a9","colorDark":"#00294f","angle":37.2,"snapDist":7,"label":1}},{"type":"Feature","geometry":{"type":"Point","coordinates":[23.521008,42.641439]},"properties":{"name":"ЖП гара Верила","lines":"187","arr":["187"],"terminus":1,"mode":"bus","color":"#0059a9","colorDark":"#00294f","angle":249.1,"snapDist":3,"label":1}},{"type":"Feature","geometry":{"type":"Point","coordinates":[23.512685,42.627298]},"properties":{"name":"Манастир Св. Апостоли Петър и Павел","lines":"187","arr":["187"],"terminus":0,"mode":"bus","color":"#0059a9","colorDark":"#00294f","angle":293.6,"snapDist":4,"label":1}},{"type":"Feature","geometry":{"type":"Point","coordinates":[23.501251,42.614232]},"properties":{"name":"Странноприемницата","lines":"187","arr":["187"],"terminus":0,"mode":"bus","color":"#0059a9","colorDark":"#00294f","angle":284.4,"snapDist":3,"label":1}},{"type":"Feature","geometry":{"type":"Point","coordinates":[23.497537,42.607956]},"properties":{"name":"Начало с.Долни Лозен","lines":"187","arr":["187"],"terminus":0,"mode":"bus","color":"#0059a9","colorDark":"#00294f","angle":307.5,"snapDist":2,"label":1}},{"type":"Feature","geometry":{"type":"Point","coordinates":[23.494061,42.603703]},"properties":{"name":"Център Долни Лозен","lines":"187","arr":["187"],"terminus":0,"mode":"bus","color":"#0059a9","colorDark":"#00294f","angle":158.2,"snapDist":8,"label":0}},{"type":"Feature","geometry":{"type":"Point","coordinates":[23.49768,42.608093]},"properties":{"name":"Начало Долни Лозен","lines":"187","arr":["187"],"terminus":0,"mode":"bus","color":"#0059a9","colorDark":"#00294f","angle":127.5,"snapDist":5,"label":1}},{"type":"Feature","geometry":{"type":"Point","coordinates":[23.501301,42.614373]},"properties":{"name":"Странноприемницата","lines":"187","arr":["187"],"terminus":0,"mode":"bus","color":"#0059a9","colorDark":"#00294f","angle":104.4,"snapDist":4,"label":0}},{"type":"Feature","geometry":{"type":"Point","coordinates":[23.512732,42.627379]},"properties":{"name":"Манастир Св. Апостоли Петър и Павел","lines":"187","arr":["187"],"terminus":0,"mode":"bus","color":"#0059a9","colorDark":"#00294f","angle":113.4,"snapDist":2,"label":0}},{"type":"Feature","geometry":{"type":"Point","coordinates":[23.465446,42.656368]},"properties":{"name":"ул. Димитър Ашов","lines":"188","arr":["188"],"terminus":0,"mode":"bus","color":"#0059a9","colorDark":"#00294f","angle":283,"snapDist":6,"label":1}},{"type":"Feature","geometry":{"type":"Point","coordinates":[23.464796,42.654171]},"properties":{"name":"ул. Цар Борис ІІІ","lines":"188","arr":["188"],"terminus":0,"mode":"bus","color":"#0059a9","colorDark":"#00294f","angle":282.6,"snapDist":6,"label":1}},{"type":"Feature","geometry":{"type":"Point","coordinates":[23.459498,42.65485]},"properties":{"name":"Гара Казичене","lines":"188","arr":["188"],"terminus":0,"mode":"bus","color":"#0059a9","colorDark":"#00294f","angle":16.8,"snapDist":4,"label":1}},{"type":"Feature","geometry":{"type":"Point","coordinates":[23.454747,42.657906]},"properties":{"name":"Езерото - село Казичене","lines":"188","arr":["188"],"terminus":0,"mode":"bus","color":"#0059a9","colorDark":"#00294f","angle":106.2,"snapDist":3,"label":1}},{"type":"Feature","geometry":{"type":"Point","coordinates":[23.453807,42.659315]},"properties":{"name":"Център кв. Видните","lines":"188","arr":["188"],"terminus":0,"mode":"bus","color":"#0059a9","colorDark":"#00294f","angle":-64.5,"snapDist":7,"label":1}},{"type":"Feature","geometry":{"type":"Point","coordinates":[23.454788,42.658009]},"properties":{"name":"Езерото - село Казичене","lines":"188","arr":["188"],"terminus":0,"mode":"bus","color":"#0059a9","colorDark":"#00294f","angle":286.2,"snapDist":4,"label":0}},{"type":"Feature","geometry":{"type":"Point","coordinates":[23.456492,42.656937]},"properties":{"name":"Разклона за кв. Видните","lines":"188","arr":["188"],"terminus":0,"mode":"bus","color":"#0059a9","colorDark":"#00294f","angle":119,"snapDist":3,"label":1}},{"type":"Feature","geometry":{"type":"Point","coordinates":[23.411287,42.637688]},"properties":{"name":"Горублянско ханче","lines":"188","arr":["188"],"terminus":0,"mode":"bus","color":"#0059a9","colorDark":"#00294f","angle":289.1,"snapDist":5,"label":0}},{"type":"Feature","geometry":{"type":"Point","coordinates":[23.420179,42.621013]},"properties":{"name":"Разклона за с. Герман","lines":"188","arr":["188"],"terminus":0,"mode":"bus","color":"#0059a9","colorDark":"#00294f","angle":298.9,"snapDist":5,"label":0}},{"type":"Feature","geometry":{"type":"Point","coordinates":[23.409596,42.634077]},"properties":{"name":"ул. Цветна градина","lines":"188","arr":["188"],"terminus":0,"mode":"bus","color":"#0059a9","colorDark":"#00294f","angle":108.8,"snapDist":6,"label":0}},{"type":"Feature","geometry":{"type":"Point","coordinates":[23.411487,42.638115]},"properties":{"name":"Горублянско ханче","lines":"188","arr":["188"],"terminus":0,"mode":"bus","color":"#0059a9","colorDark":"#00294f","angle":109,"snapDist":3,"label":0}},{"type":"Feature","geometry":{"type":"Point","coordinates":[23.456393,42.656806]},"properties":{"name":"Разклона за кв. Видните","lines":"188","arr":["188"],"terminus":0,"mode":"bus","color":"#0059a9","colorDark":"#00294f","angle":299,"snapDist":4,"label":0}},{"type":"Feature","geometry":{"type":"Point","coordinates":[23.459778,42.654788]},"properties":{"name":"Гара Казичене","lines":"188","arr":["188"],"terminus":0,"mode":"bus","color":"#0059a9","colorDark":"#00294f","angle":196.8,"snapDist":4,"label":0}},{"type":"Feature","geometry":{"type":"Point","coordinates":[23.464845,42.654333]},"properties":{"name":"ул. Цар Борис ІІІ","lines":"188","arr":["188"],"terminus":0,"mode":"bus","color":"#0059a9","colorDark":"#00294f","angle":102.6,"snapDist":3,"label":0}},{"type":"Feature","geometry":{"type":"Point","coordinates":[23.465607,42.656881]},"properties":{"name":"ул. Димитър Ашов","lines":"188","arr":["188"],"terminus":0,"mode":"bus","color":"#0059a9","colorDark":"#00294f","angle":103.1,"snapDist":3,"label":0}},{"type":"Feature","geometry":{"type":"Point","coordinates":[23.408681,42.64938]},"properties":{"name":"Техно парк София","lines":"204, 304","arr":["204","304"],"terminus":0,"mode":"bus","color":"#0059a9","colorDark":"#00294f","angle":42.5,"snapDist":10,"label":1}},{"type":"Feature","geometry":{"type":"Point","coordinates":[23.403825,42.652662]},"properties":{"name":"бл. 255 ж.к. Дружба-2","lines":"204, 304, 404, N4","arr":["204","304","404","N4"],"terminus":0,"mode":"bus","color":"#0059a9","colorDark":"#00294f","angle":43.1,"snapDist":10,"label":1}},{"type":"Feature","geometry":{"type":"Point","coordinates":[23.39891,42.655507]},"properties":{"name":"бл. 206 ж.к. Дружба-2","lines":"204, 304","arr":["204","304"],"terminus":0,"mode":"bus","color":"#0059a9","colorDark":"#00294f","angle":32.6,"snapDist":11,"label":1}},{"type":"Feature","geometry":{"type":"Point","coordinates":[23.393596,42.65813]},"properties":{"name":"Метростанция Дружба","lines":"204, 304","arr":["204","304"],"terminus":0,"mode":"bus","color":"#0059a9","colorDark":"#00294f","angle":47.2,"snapDist":5,"label":1}},{"type":"Feature","geometry":{"type":"Point","coordinates":[23.391954,42.66054]},"properties":{"name":"бул. Христофор Колумб","lines":"204","arr":["204"],"terminus":0,"mode":"bus","color":"#0059a9","colorDark":"#00294f","angle":70.2,"snapDist":4,"label":0}},{"type":"Feature","geometry":{"type":"Point","coordinates":[23.288064,42.675382]},"properties":{"name":"бул. Гоце Делчев","lines":"204","arr":["204"],"terminus":0,"mode":"bus","color":"#0059a9","colorDark":"#00294f","angle":304.5,"snapDist":10,"label":1}},{"type":"Feature","geometry":{"type":"Point","coordinates":[23.286028,42.67341]},"properties":{"name":"36-то СОУ","lines":"204, N4","arr":["204","N4"],"terminus":0,"mode":"bus","color":"#0059a9","colorDark":"#00294f","angle":315.3,"snapDist":11,"label":1}},{"type":"Feature","geometry":{"type":"Point","coordinates":[23.282456,42.670904]},"properties":{"name":"20-ти ДКЦ","lines":"204, N4","arr":["204","N4"],"terminus":0,"mode":"bus","color":"#0059a9","colorDark":"#00294f","angle":316.5,"snapDist":11,"label":1}},{"type":"Feature","geometry":{"type":"Point","coordinates":[23.279728,42.668759]},"properties":{"name":"бл. 214 ж.к. Борово","lines":"204, N4","arr":["204","N4"],"terminus":0,"mode":"bus","color":"#0059a9","colorDark":"#00294f","angle":305.1,"snapDist":9,"label":1}},{"type":"Feature","geometry":{"type":"Point","coordinates":[23.283483,42.666834]},"properties":{"name":"ул. Родопски извор","lines":"204, N4, X10","arr":["204","N4","X10"],"terminus":0,"mode":"bus","color":"#0059a9","colorDark":"#00294f","angle":205.4,"snapDist":7,"label":1}},{"type":"Feature","geometry":{"type":"Point","coordinates":[23.286184,42.665893]},"properties":{"name":"бул. България","lines":"204, N4, X10","arr":["204","N4","X10"],"terminus":0,"mode":"bus","color":"#0059a9","colorDark":"#00294f","angle":205.3,"snapDist":7,"label":1}},{"type":"Feature","geometry":{"type":"Point","coordinates":[23.292222,42.662943]},"properties":{"name":"ул. Г. Измирлиев","lines":"204, N4","arr":["204","N4"],"terminus":0,"mode":"bus","color":"#0059a9","colorDark":"#00294f","angle":214.2,"snapDist":6,"label":1}},{"type":"Feature","geometry":{"type":"Point","coordinates":[23.29565,42.661227]},"properties":{"name":"ул. Костенски водопад","lines":"204, N4","arr":["204","N4"],"terminus":0,"mode":"bus","color":"#0059a9","colorDark":"#00294f","angle":213,"snapDist":5,"label":1}},{"type":"Feature","geometry":{"type":"Point","coordinates":[23.294863,42.661798]},"properties":{"name":"ул. Костенски водопад","lines":"204, N4","arr":["204","N4"],"terminus":0,"mode":"bus","color":"#0059a9","colorDark":"#00294f","angle":34.3,"snapDist":5,"label":0}},{"type":"Feature","geometry":{"type":"Point","coordinates":[23.291489,42.663499]},"properties":{"name":"ул. Г. Измирлиев","lines":"204, N4","arr":["204","N4"],"terminus":0,"mode":"bus","color":"#0059a9","colorDark":"#00294f","angle":33.8,"snapDist":6,"label":0}},{"type":"Feature","geometry":{"type":"Point","coordinates":[23.286705,42.665711]},"properties":{"name":"бул. България","lines":"204, N4","arr":["204","N4"],"terminus":0,"mode":"bus","color":"#0059a9","colorDark":"#00294f","angle":25.4,"snapDist":5,"label":0}},{"type":"Feature","geometry":{"type":"Point","coordinates":[23.282072,42.667324]},"properties":{"name":"ул. Родопски извор","lines":"204, N4","arr":["204","N4"],"terminus":0,"mode":"bus","color":"#0059a9","colorDark":"#00294f","angle":25.1,"snapDist":5,"label":0}},{"type":"Feature","geometry":{"type":"Point","coordinates":[23.280088,42.669134]},"properties":{"name":"бл. 214 ж.к. Борово","lines":"204, N4","arr":["204","N4"],"terminus":0,"mode":"bus","color":"#0059a9","colorDark":"#00294f","angle":126.1,"snapDist":6,"label":0}},{"type":"Feature","geometry":{"type":"Point","coordinates":[23.283601,42.671702]},"properties":{"name":"20-ти ДКЦ","lines":"204, N4","arr":["204","N4"],"terminus":0,"mode":"bus","color":"#0059a9","colorDark":"#00294f","angle":136.4,"snapDist":9,"label":0}},{"type":"Feature","geometry":{"type":"Point","coordinates":[23.287115,42.674356]},"properties":{"name":"36-то СОУ","lines":"204, N4","arr":["204","N4"],"terminus":0,"mode":"bus","color":"#0059a9","colorDark":"#00294f","angle":124.9,"snapDist":9,"label":0}},{"type":"Feature","geometry":{"type":"Point","coordinates":[23.391498,42.660903]},"properties":{"name":"бул. Христофор Колумб","lines":"204, 404","arr":["204","404"],"terminus":0,"mode":"bus","color":"#0059a9","colorDark":"#00294f","angle":246.9,"snapDist":5,"label":0}},{"type":"Feature","geometry":{"type":"Point","coordinates":[23.395079,42.65717]},"properties":{"name":"Метростанция Дружба","lines":"204, 304","arr":["204","304"],"terminus":0,"mode":"bus","color":"#0059a9","colorDark":"#00294f","angle":206.1,"snapDist":9,"label":0}},{"type":"Feature","geometry":{"type":"Point","coordinates":[23.399643,42.655159]},"properties":{"name":"бл. 206 ж.к. Дружба-2","lines":"204, 304","arr":["204","304"],"terminus":0,"mode":"bus","color":"#0059a9","colorDark":"#00294f","angle":212.9,"snapDist":10,"label":0}},{"type":"Feature","geometry":{"type":"Point","coordinates":[23.401247,42.654216]},"properties":{"name":"бл. 226 ж.к. Дружба-2","lines":"204, 404, N4","arr":["204","404","N4"],"terminus":0,"mode":"bus","color":"#0059a9","colorDark":"#00294f","angle":306.9,"snapDist":3,"label":1}},{"type":"Feature","geometry":{"type":"Point","coordinates":[23.404906,42.651935]},"properties":{"name":"бл. 255 ж.к. Дружба-2","lines":"204, 304, 404, N4","arr":["204","304","404","N4"],"terminus":0,"mode":"bus","color":"#0059a9","colorDark":"#00294f","angle":222.6,"snapDist":11,"label":0}},{"type":"Feature","geometry":{"type":"Point","coordinates":[23.409265,42.648985]},"properties":{"name":"Техно парк София","lines":"204, 304","arr":["204","304"],"terminus":0,"mode":"bus","color":"#0059a9","colorDark":"#00294f","angle":222.9,"snapDist":11,"label":0}},{"type":"Feature","geometry":{"type":"Point","coordinates":[23.377046,42.646495]},"properties":{"name":"Метростанция Ал. Малинов","lines":"213, 314","arr":["213","314"],"terminus":0,"mode":"bus","color":"#0059a9","colorDark":"#00294f","angle":216.7,"snapDist":10,"label":0}},{"type":"Feature","geometry":{"type":"Point","coordinates":[23.379687,42.643454]},"properties":{"name":"144-то СОУ","lines":"213, 314","arr":["213","314"],"terminus":0,"mode":"bus","color":"#0059a9","colorDark":"#00294f","angle":238.3,"snapDist":11,"label":1}},{"type":"Feature","geometry":{"type":"Point","coordinates":[23.381661,42.640227]},"properties":{"name":"Община Младост","lines":"213, 305, 314, N1","arr":["213","305","314","N1"],"terminus":0,"mode":"bus","color":"#0059a9","colorDark":"#00294f","angle":263.9,"snapDist":11,"label":0}},{"type":"Feature","geometry":{"type":"Point","coordinates":[23.38047,42.636946]},"properties":{"name":"бл. 411 ж.к. Младост-4","lines":"213, 314, N1","arr":["213","314","N1"],"terminus":0,"mode":"bus","color":"#0059a9","colorDark":"#00294f","angle":289.8,"snapDist":8,"label":1}},{"type":"Feature","geometry":{"type":"Point","coordinates":[23.380196,42.634659]},"properties":{"name":"131-Во СОУ","lines":"213, 314, N1","arr":["213","314","N1"],"terminus":0,"mode":"bus","color":"#0059a9","colorDark":"#00294f","angle":359.1,"snapDist":8,"label":1}},{"type":"Feature","geometry":{"type":"Point","coordinates":[23.378134,42.630586]},"properties":{"name":"бл. 442 ж.к. Младост-4","lines":"213, 314, N1","arr":["213","314","N1"],"terminus":0,"mode":"bus","color":"#0059a9","colorDark":"#00294f","angle":353.6,"snapDist":4,"label":1}},{"type":"Feature","geometry":{"type":"Point","coordinates":[23.375106,42.628738]},"properties":{"name":"Бизнес парк София","lines":"213, N1","arr":["213","N1"],"terminus":0,"mode":"bus","color":"#0059a9","colorDark":"#00294f","angle":270.2,"snapDist":6,"label":1}},{"type":"Feature","geometry":{"type":"Point","coordinates":[23.378625,42.627171]},"properties":{"name":"бл. 472 ж.к. Младост-4","lines":"213, N1","arr":["213","N1"],"terminus":0,"mode":"bus","color":"#0059a9","colorDark":"#00294f","angle":183.7,"snapDist":6,"label":1}},{"type":"Feature","geometry":{"type":"Point","coordinates":[23.381734,42.626512]},"properties":{"name":"бл. 480 ж.к. Младост-4","lines":"213","arr":["213"],"terminus":1,"mode":"bus","color":"#0059a9","colorDark":"#00294f","angle":200.9,"snapDist":4,"label":1}},{"type":"Feature","geometry":{"type":"Point","coordinates":[23.382375,42.626396]},"properties":{"name":"бл. 480 ж.к. Младост-4","lines":"213, N1","arr":["213","N1"],"terminus":1,"mode":"bus","color":"#0059a9","colorDark":"#00294f","angle":188.7,"snapDist":4,"label":0}},{"type":"Feature","geometry":{"type":"Point","coordinates":[23.381605,42.626548]},"properties":{"name":"бл. 480 ж.к. Младост-4","lines":"213, N1","arr":["213","N1"],"terminus":0,"mode":"bus","color":"#0059a9","colorDark":"#00294f","angle":21.7,"snapDist":5,"label":0}},{"type":"Feature","geometry":{"type":"Point","coordinates":[23.378646,42.62717]},"properties":{"name":"бл. 472 ж.к. Младост-4","lines":"213, N1","arr":["213","N1"],"terminus":0,"mode":"bus","color":"#0059a9","colorDark":"#00294f","angle":3.7,"snapDist":4,"label":0}},{"type":"Feature","geometry":{"type":"Point","coordinates":[23.375106,42.628647]},"properties":{"name":"Бизнес парк София","lines":"213, N1","arr":["213","N1"],"terminus":0,"mode":"bus","color":"#0059a9","colorDark":"#00294f","angle":90.2,"snapDist":3,"label":0}},{"type":"Feature","geometry":{"type":"Point","coordinates":[23.379033,42.630632]},"properties":{"name":"бл. 442 ж.к. Младост-4","lines":"213, 314, N1","arr":["213","314","N1"],"terminus":0,"mode":"bus","color":"#0059a9","colorDark":"#00294f","angle":178,"snapDist":3,"label":0}},{"type":"Feature","geometry":{"type":"Point","coordinates":[23.380324,42.636103]},"properties":{"name":"131-Во СОУ","lines":"213, 314, N1","arr":["213","314","N1"],"terminus":0,"mode":"bus","color":"#0059a9","colorDark":"#00294f","angle":91.8,"snapDist":9,"label":0}},{"type":"Feature","geometry":{"type":"Point","coordinates":[23.381096,42.638]},"properties":{"name":"бл. 411 ж.к. Младост-4","lines":"213, 305, 314, N1","arr":["213","305","314","N1"],"terminus":0,"mode":"bus","color":"#0059a9","colorDark":"#00294f","angle":115.3,"snapDist":7,"label":0}},{"type":"Feature","geometry":{"type":"Point","coordinates":[23.381244,42.641481]},"properties":{"name":"Община Младост","lines":"213, 314","arr":["213","314"],"terminus":0,"mode":"bus","color":"#0059a9","colorDark":"#00294f","angle":64.8,"snapDist":9,"label":0}},{"type":"Feature","geometry":{"type":"Point","coordinates":[23.378684,42.644745]},"properties":{"name":"144-то СОУ","lines":"213, 314","arr":["213","314"],"terminus":0,"mode":"bus","color":"#0059a9","colorDark":"#00294f","angle":58.6,"snapDist":3,"label":0}},{"type":"Feature","geometry":{"type":"Point","coordinates":[23.232502,42.676186]},"properties":{"name":"ул. мак","lines":"260, 802","arr":["260","802"],"terminus":0,"mode":"bus","color":"#0059a9","colorDark":"#00294f","angle":162.8,"snapDist":3,"label":1}},{"type":"Feature","geometry":{"type":"Point","coordinates":[23.235162,42.677151]},"properties":{"name":"53-то ОУ","lines":"260, 802","arr":["260","802"],"terminus":0,"mode":"bus","color":"#0059a9","colorDark":"#00294f","angle":108.6,"snapDist":2,"label":1}},{"type":"Feature","geometry":{"type":"Point","coordinates":[23.243015,42.671899]},"properties":{"name":"Институт по ортопедия","lines":"260","arr":["260"],"terminus":0,"mode":"bus","color":"#0059a9","colorDark":"#00294f","angle":148.7,"snapDist":5,"label":1}},{"type":"Feature","geometry":{"type":"Point","coordinates":[23.246555,42.672985]},"properties":{"name":"Дипломатически клуб","lines":"260","arr":["260"],"terminus":0,"mode":"bus","color":"#0059a9","colorDark":"#00294f","angle":181.9,"snapDist":5,"label":1}},{"type":"Feature","geometry":{"type":"Point","coordinates":[23.260765,42.665512]},"properties":{"name":"бул. Цар Борис ІІІ","lines":"260","arr":["260"],"terminus":0,"mode":"bus","color":"#0059a9","colorDark":"#00294f","angle":153.4,"snapDist":9,"label":0}},{"type":"Feature","geometry":{"type":"Point","coordinates":[23.265574,42.667836]},"properties":{"name":"кв. Павлово","lines":"260","arr":["260"],"terminus":0,"mode":"bus","color":"#0059a9","colorDark":"#00294f","angle":142.4,"snapDist":9,"label":0}},{"type":"Feature","geometry":{"type":"Point","coordinates":[23.301115,42.687476]},"properties":{"name":"бул. Цар Борис ІІІ","lines":"260","arr":["260"],"terminus":0,"mode":"bus","color":"#0059a9","colorDark":"#00294f","angle":144.8,"snapDist":8,"label":0}},{"type":"Feature","geometry":{"type":"Point","coordinates":[23.311237,42.691613]},"properties":{"name":"пл. Руски паметник","lines":"260","arr":["260"],"terminus":0,"mode":"bus","color":"#0059a9","colorDark":"#00294f","angle":227.4,"snapDist":10,"label":1}},{"type":"Feature","geometry":{"type":"Point","coordinates":[23.313376,42.689045]},"properties":{"name":"бул. Прага","lines":"260, N4","arr":["260","N4"],"terminus":1,"mode":"bus","color":"#0059a9","colorDark":"#00294f","angle":316,"snapDist":9,"label":1}},{"type":"Feature","geometry":{"type":"Point","coordinates":[23.310769,42.687344]},"properties":{"name":"бул. Пенчо Славейков","lines":"260, N4","arr":["260","N4"],"terminus":0,"mode":"bus","color":"#0059a9","colorDark":"#00294f","angle":35.2,"snapDist":5,"label":1}},{"type":"Feature","geometry":{"type":"Point","coordinates":[23.265477,42.667781]},"properties":{"name":"кв. Павлово","lines":"260","arr":["260"],"terminus":0,"mode":"bus","color":"#0059a9","colorDark":"#00294f","angle":322.4,"snapDist":7,"label":0}},{"type":"Feature","geometry":{"type":"Point","coordinates":[23.244656,42.672658]},"properties":{"name":"Институт по ортопедия","lines":"260","arr":["260"],"terminus":0,"mode":"bus","color":"#0059a9","colorDark":"#00294f","angle":327.6,"snapDist":8,"label":0}},{"type":"Feature","geometry":{"type":"Point","coordinates":[23.237551,42.677487]},"properties":{"name":"Хотел Горна баня","lines":"260","arr":["260"],"terminus":0,"mode":"bus","color":"#0059a9","colorDark":"#00294f","angle":78.7,"snapDist":2,"label":0}},{"type":"Feature","geometry":{"type":"Point","coordinates":[23.235012,42.676825]},"properties":{"name":"53-то ОУ","lines":"260, 806","arr":["260","806"],"terminus":0,"mode":"bus","color":"#0059a9","colorDark":"#00294f","angle":289.9,"snapDist":4,"label":0}},{"type":"Feature","geometry":{"type":"Point","coordinates":[23.232053,42.676083]},"properties":{"name":"ул. мак","lines":"260, 806","arr":["260","806"],"terminus":0,"mode":"bus","color":"#0059a9","colorDark":"#00294f","angle":342.8,"snapDist":4,"label":0}},{"type":"Feature","geometry":{"type":"Point","coordinates":[23.364331,42.666573]},"properties":{"name":"Републикански невродиспансер","lines":"280","arr":["280"],"terminus":0,"mode":"bus","color":"#0059a9","colorDark":"#00294f","angle":318.5,"snapDist":5,"label":1}},{"type":"Feature","geometry":{"type":"Point","coordinates":[23.359571,42.664235]},"properties":{"name":"Техническа библиотека","lines":"280","arr":["280"],"terminus":0,"mode":"bus","color":"#0059a9","colorDark":"#00294f","angle":331.7,"snapDist":8,"label":1}},{"type":"Feature","geometry":{"type":"Point","coordinates":[23.35775,42.651329]},"properties":{"name":"ж.к. Дървеница","lines":"280, 294, 413, N2","arr":["280","294","413","N2"],"terminus":0,"mode":"bus","color":"#0059a9","colorDark":"#00294f","angle":11.7,"snapDist":6,"label":0}},{"type":"Feature","geometry":{"type":"Point","coordinates":[23.347396,42.652414]},"properties":{"name":"УНСС","lines":"280, 294, 413, N2","arr":["280","294","413","N2"],"terminus":0,"mode":"bus","color":"#0059a9","colorDark":"#00294f","angle":93.5,"snapDist":4,"label":0}},{"type":"Feature","geometry":{"type":"Point","coordinates":[23.35855,42.662461]},"properties":{"name":"НСБАЛ по Онкология","lines":"280, N2","arr":["280","N2"],"terminus":0,"mode":"bus","color":"#0059a9","colorDark":"#00294f","angle":63.5,"snapDist":7,"label":0}},{"type":"Feature","geometry":{"type":"Point","coordinates":[23.36069,42.664529]},"properties":{"name":"Техническа библиотека","lines":"280","arr":["280"],"terminus":0,"mode":"bus","color":"#0059a9","colorDark":"#00294f","angle":148.1,"snapDist":3,"label":0}},{"type":"Feature","geometry":{"type":"Point","coordinates":[23.365181,42.666989]},"properties":{"name":"Републикански невродиспансер","lines":"280","arr":["280"],"terminus":0,"mode":"bus","color":"#0059a9","colorDark":"#00294f","angle":138.5,"snapDist":2,"label":0}},{"type":"Feature","geometry":{"type":"Point","coordinates":[23.368479,42.669616]},"properties":{"name":"Площад на авиацията","lines":"280, 305, N1","arr":["280","305","N1"],"terminus":0,"mode":"bus","color":"#0059a9","colorDark":"#00294f","angle":32.2,"snapDist":6,"label":0}},{"type":"Feature","geometry":{"type":"Point","coordinates":[23.338731,42.689627]},"properties":{"name":"пл. Орлов мост","lines":"280, N1","arr":["280","N1"],"terminus":0,"mode":"bus","color":"#0059a9","colorDark":"#00294f","angle":45.1,"snapDist":15,"label":0}},{"type":"Feature","geometry":{"type":"Point","coordinates":[23.295826,42.732749]},"properties":{"name":"ул. Христо Силянов","lines":"285, N2","arr":["285","N2"],"terminus":0,"mode":"bus","color":"#0059a9","colorDark":"#00294f","angle":50.6,"snapDist":7,"label":0}},{"type":"Feature","geometry":{"type":"Point","coordinates":[23.295618,42.731756]},"properties":{"name":"ул. Христо Силянов","lines":"285","arr":["285"],"terminus":0,"mode":"bus","color":"#0059a9","colorDark":"#00294f","angle":312.9,"snapDist":7,"label":0}},{"type":"Feature","geometry":{"type":"Point","coordinates":[23.277597,42.654994]},"properties":{"name":"Национална футболна база","lines":"304","arr":["304"],"terminus":0,"mode":"bus","color":"#0059a9","colorDark":"#00294f","angle":35.5,"snapDist":2,"label":1}},{"type":"Feature","geometry":{"type":"Point","coordinates":[23.271776,42.657042]},"properties":{"name":"НИМ","lines":"304","arr":["304"],"terminus":1,"mode":"bus","color":"#0059a9","colorDark":"#00294f","angle":13.5,"snapDist":1,"label":0}},{"type":"Feature","geometry":{"type":"Point","coordinates":[23.381419,42.63725]},"properties":{"name":"бл. 411 ж.к. Младост-4","lines":"305","arr":["305"],"terminus":0,"mode":"bus","color":"#0059a9","colorDark":"#00294f","angle":198.4,"snapDist":4,"label":0}},{"type":"Feature","geometry":{"type":"Point","coordinates":[23.385207,42.637831]},"properties":{"name":"бл. 351Б ж.к. Младост-3","lines":"305","arr":["305"],"terminus":0,"mode":"bus","color":"#0059a9","colorDark":"#00294f","angle":125.3,"snapDist":5,"label":1}},{"type":"Feature","geometry":{"type":"Point","coordinates":[23.386277,42.638922]},"properties":{"name":"ж.к. Младост-3","lines":"305","arr":["305"],"terminus":0,"mode":"bus","color":"#0059a9","colorDark":"#00294f","angle":122.4,"snapDist":3,"label":0}},{"type":"Feature","geometry":{"type":"Point","coordinates":[23.397778,42.639131]},"properties":{"name":"Кулинарен К-Т Пейфил","lines":"305","arr":["305"],"terminus":1,"mode":"bus","color":"#0059a9","colorDark":"#00294f","angle":92,"snapDist":3,"label":1}},{"type":"Feature","geometry":{"type":"Point","coordinates":[23.397521,42.638784]},"properties":{"name":"Кулинарен К-Т Пейфил","lines":"305","arr":["305"],"terminus":1,"mode":"bus","color":"#0059a9","colorDark":"#00294f","angle":272.6,"snapDist":7,"label":0}},{"type":"Feature","geometry":{"type":"Point","coordinates":[23.386182,42.638812]},"properties":{"name":"ж.к. Младост-3","lines":"305","arr":["305"],"terminus":0,"mode":"bus","color":"#0059a9","colorDark":"#00294f","angle":302.4,"snapDist":4,"label":0}},{"type":"Feature","geometry":{"type":"Point","coordinates":[23.384677,42.63728]},"properties":{"name":"бл. 351Б ж.к. Младост-3","lines":"305","arr":["305"],"terminus":0,"mode":"bus","color":"#0059a9","colorDark":"#00294f","angle":305.2,"snapDist":3,"label":0}},{"type":"Feature","geometry":{"type":"Point","coordinates":[23.354413,42.697524]},"properties":{"name":"Гара Подуяне","lines":"305, 413","arr":["305","413"],"terminus":0,"mode":"bus","color":"#0059a9","colorDark":"#00294f","angle":47.4,"snapDist":4,"label":0}},{"type":"Feature","geometry":{"type":"Point","coordinates":[23.299979,42.706757]},"properties":{"name":"бул. К. Величков","lines":"309, 310, X43","arr":["309","310","X43"],"terminus":0,"mode":"bus","color":"#0059a9","colorDark":"#00294f","angle":214.2,"snapDist":9,"label":0}},{"type":"Feature","geometry":{"type":"Point","coordinates":[23.322157,42.705342]},"properties":{"name":"ул. Княз Борис I","lines":"309, 310, N2","arr":["309","310","N2"],"terminus":0,"mode":"bus","color":"#0059a9","colorDark":"#00294f","angle":6.9,"snapDist":5,"label":0}},{"type":"Feature","geometry":{"type":"Point","coordinates":[23.299926,42.706937]},"properties":{"name":"бул. К. Величков","lines":"309, 310, X43","arr":["309","310","X43"],"terminus":0,"mode":"bus","color":"#0059a9","colorDark":"#00294f","angle":34.5,"snapDist":8,"label":0}},{"type":"Feature","geometry":{"type":"Point","coordinates":[23.278342,42.717096]},"properties":{"name":"ул. Орион","lines":"310","arr":["310"],"terminus":0,"mode":"bus","color":"#0059a9","colorDark":"#00294f","angle":304.3,"snapDist":7,"label":0}},{"type":"Feature","geometry":{"type":"Point","coordinates":[23.276567,42.715052]},"properties":{"name":"бл. 135 ж.к. Люлин-10","lines":"310","arr":["310"],"terminus":0,"mode":"bus","color":"#0059a9","colorDark":"#00294f","angle":303,"snapDist":12,"label":1}},{"type":"Feature","geometry":{"type":"Point","coordinates":[23.273952,42.712486]},"properties":{"name":"ул. Гоце Делчев","lines":"310","arr":["310"],"terminus":0,"mode":"bus","color":"#0059a9","colorDark":"#00294f","angle":317.8,"snapDist":10,"label":1}},{"type":"Feature","geometry":{"type":"Point","coordinates":[23.271461,42.71131]},"properties":{"name":"бул. Царица Йоана","lines":"310","arr":["310"],"terminus":0,"mode":"bus","color":"#0059a9","colorDark":"#00294f","angle":331.7,"snapDist":12,"label":1}},{"type":"Feature","geometry":{"type":"Point","coordinates":[23.265122,42.709941]},"properties":{"name":"бл. 703 ж.к. Люлин-7","lines":"310","arr":["310"],"terminus":0,"mode":"bus","color":"#0059a9","colorDark":"#00294f","angle":350.8,"snapDist":4,"label":1}},{"type":"Feature","geometry":{"type":"Point","coordinates":[23.259976,42.709529]},"properties":{"name":"ул. Индира Ганди","lines":"310","arr":["310"],"terminus":0,"mode":"bus","color":"#0059a9","colorDark":"#00294f","angle":352.9,"snapDist":7,"label":1}},{"type":"Feature","geometry":{"type":"Point","coordinates":[23.255431,42.708895]},"properties":{"name":"бл. 648 ж.к. Люлин 6","lines":"310","arr":["310"],"terminus":0,"mode":"bus","color":"#0059a9","colorDark":"#00294f","angle":351.4,"snapDist":4,"label":1}},{"type":"Feature","geometry":{"type":"Point","coordinates":[23.251779,42.708625]},"properties":{"name":"бл. 630 ж.к. Люлин-6","lines":"310","arr":["310"],"terminus":0,"mode":"bus","color":"#0059a9","colorDark":"#00294f","angle":12.9,"snapDist":9,"label":1}},{"type":"Feature","geometry":{"type":"Point","coordinates":[23.247391,42.708789]},"properties":{"name":"бл. 620 ж.к. Люлин-6","lines":"310","arr":["310"],"terminus":0,"mode":"bus","color":"#0059a9","colorDark":"#00294f","angle":13.6,"snapDist":2,"label":1}},{"type":"Feature","geometry":{"type":"Point","coordinates":[23.24565,42.710241]},"properties":{"name":"бул. Д-Р Петър Дертлиев","lines":"310","arr":["310"],"terminus":0,"mode":"bus","color":"#0059a9","colorDark":"#00294f","angle":126,"snapDist":4,"label":1}},{"type":"Feature","geometry":{"type":"Point","coordinates":[23.247206,42.713103]},"properties":{"name":"Магазин Витоша","lines":"310, N1","arr":["310","N1"],"terminus":0,"mode":"bus","color":"#0059a9","colorDark":"#00294f","angle":36.6,"snapDist":6,"label":0}},{"type":"Feature","geometry":{"type":"Point","coordinates":[23.24466,42.714498]},"properties":{"name":"ул. кап. В. Данаджиев","lines":"310, N1","arr":["310","N1"],"terminus":0,"mode":"bus","color":"#0059a9","colorDark":"#00294f","angle":36.7,"snapDist":6,"label":0}},{"type":"Feature","geometry":{"type":"Point","coordinates":[23.239814,42.718371]},"properties":{"name":"ул. Поручик Гр. Загорски","lines":"310, N1","arr":["310","N1"],"terminus":0,"mode":"bus","color":"#0059a9","colorDark":"#00294f","angle":37.7,"snapDist":6,"label":0}},{"type":"Feature","geometry":{"type":"Point","coordinates":[23.247233,42.712135]},"properties":{"name":"Магазин Витоша","lines":"310","arr":["310"],"terminus":0,"mode":"bus","color":"#0059a9","colorDark":"#00294f","angle":306,"snapDist":4,"label":0}},{"type":"Feature","geometry":{"type":"Point","coordinates":[23.246011,42.710897]},"properties":{"name":"бул. Д-Р Петър Дертлиев","lines":"310","arr":["310"],"terminus":0,"mode":"bus","color":"#0059a9","colorDark":"#00294f","angle":306,"snapDist":4,"label":0}},{"type":"Feature","geometry":{"type":"Point","coordinates":[23.248354,42.708693]},"properties":{"name":"бл. 620 ж.к. Люлин-6","lines":"310","arr":["310"],"terminus":0,"mode":"bus","color":"#0059a9","colorDark":"#00294f","angle":181.7,"snapDist":5,"label":0}},{"type":"Feature","geometry":{"type":"Point","coordinates":[23.251928,42.7086]},"properties":{"name":"бл. 630 ж.к. Люлин-6","lines":"310","arr":["310"],"terminus":0,"mode":"bus","color":"#0059a9","colorDark":"#00294f","angle":192.9,"snapDist":5,"label":0}},{"type":"Feature","geometry":{"type":"Point","coordinates":[23.255834,42.70894]},"properties":{"name":"бл. 648 ж.к. Люлин 6","lines":"310","arr":["310"],"terminus":0,"mode":"bus","color":"#0059a9","colorDark":"#00294f","angle":171.6,"snapDist":4,"label":0}},{"type":"Feature","geometry":{"type":"Point","coordinates":[23.260382,42.709566]},"properties":{"name":"ул. Индира Ганди","lines":"310","arr":["310"],"terminus":0,"mode":"bus","color":"#0059a9","colorDark":"#00294f","angle":172.8,"snapDist":2,"label":0}},{"type":"Feature","geometry":{"type":"Point","coordinates":[23.265947,42.71004]},"properties":{"name":"бл. 703 ж.к. Люлин-7","lines":"310","arr":["310"],"terminus":0,"mode":"bus","color":"#0059a9","colorDark":"#00294f","angle":170.7,"snapDist":3,"label":0}},{"type":"Feature","geometry":{"type":"Point","coordinates":[23.271836,42.711459]},"properties":{"name":"бул. Царица Йоана","lines":"310","arr":["310"],"terminus":0,"mode":"bus","color":"#0059a9","colorDark":"#00294f","angle":151.1,"snapDist":10,"label":0}},{"type":"Feature","geometry":{"type":"Point","coordinates":[23.274387,42.712787]},"properties":{"name":"ул. Гоце Делчев","lines":"310","arr":["310"],"terminus":0,"mode":"bus","color":"#0059a9","colorDark":"#00294f","angle":135.3,"snapDist":11,"label":0}},{"type":"Feature","geometry":{"type":"Point","coordinates":[23.276592,42.715079]},"properties":{"name":"бл. 135 ж.к. Люлин-10","lines":"310","arr":["310"],"terminus":0,"mode":"bus","color":"#0059a9","colorDark":"#00294f","angle":123,"snapDist":12,"label":0}},{"type":"Feature","geometry":{"type":"Point","coordinates":[23.365034,42.616563]},"properties":{"name":"ул. Бистришко шосе","lines":"314","arr":["314"],"terminus":0,"mode":"bus","color":"#0059a9","colorDark":"#00294f","angle":173.8,"snapDist":3,"label":1}},{"type":"Feature","geometry":{"type":"Point","coordinates":[23.369142,42.619733]},"properties":{"name":"ж.к. София парк","lines":"314","arr":["314"],"terminus":0,"mode":"bus","color":"#0059a9","colorDark":"#00294f","angle":94.8,"snapDist":1,"label":1}},{"type":"Feature","geometry":{"type":"Point","coordinates":[23.369828,42.621541]},"properties":{"name":"ул. Рачо Петков Казанджията","lines":"314","arr":["314"],"terminus":0,"mode":"bus","color":"#0059a9","colorDark":"#00294f","angle":93,"snapDist":2,"label":1}},{"type":"Feature","geometry":{"type":"Point","coordinates":[23.367874,42.650973]},"properties":{"name":"ж.к. Младост-1","lines":"314","arr":["314"],"terminus":0,"mode":"bus","color":"#0059a9","colorDark":"#00294f","angle":267.6,"snapDist":7,"label":0}},{"type":"Feature","geometry":{"type":"Point","coordinates":[23.367477,42.645588]},"properties":{"name":"ж.к. Младост-2","lines":"314","arr":["314"],"terminus":1,"mode":"bus","color":"#0059a9","colorDark":"#00294f","angle":276.7,"snapDist":4,"label":1}},{"type":"Feature","geometry":{"type":"Point","coordinates":[23.372471,42.623118]},"properties":{"name":"Резиденшъл парк София","lines":"314","arr":["314"],"terminus":0,"mode":"bus","color":"#0059a9","colorDark":"#00294f","angle":3.1,"snapDist":6,"label":0}},{"type":"Feature","geometry":{"type":"Point","coordinates":[23.369855,42.62193]},"properties":{"name":"ул. Рачо Петков Казанджията","lines":"314","arr":["314"],"terminus":0,"mode":"bus","color":"#0059a9","colorDark":"#00294f","angle":273,"snapDist":6,"label":0}},{"type":"Feature","geometry":{"type":"Point","coordinates":[23.369108,42.619529]},"properties":{"name":"ж.к. София парк","lines":"314","arr":["314"],"terminus":0,"mode":"bus","color":"#0059a9","colorDark":"#00294f","angle":278.4,"snapDist":6,"label":0}},{"type":"Feature","geometry":{"type":"Point","coordinates":[23.364642,42.616532]},"properties":{"name":"Бистришко шосе","lines":"314","arr":["314"],"terminus":0,"mode":"bus","color":"#0059a9","colorDark":"#00294f","angle":353.8,"snapDist":4,"label":1}},{"type":"Feature","geometry":{"type":"Point","coordinates":[23.381293,42.673428]},"properties":{"name":"бул. проф.Цв. Лазаров","lines":"404","arr":["404"],"terminus":0,"mode":"bus","color":"#0059a9","colorDark":"#00294f","angle":279.8,"snapDist":7,"label":0}},{"type":"Feature","geometry":{"type":"Point","coordinates":[23.382278,42.671128]},"properties":{"name":"Промишлена зона ж.к. Дружба 1","lines":"404","arr":["404"],"terminus":0,"mode":"bus","color":"#0059a9","colorDark":"#00294f","angle":240.1,"snapDist":4,"label":1}},{"type":"Feature","geometry":{"type":"Point","coordinates":[23.385691,42.667456]},"properties":{"name":"ул. кап. Д. Списаревски","lines":"404","arr":["404"],"terminus":0,"mode":"bus","color":"#0059a9","colorDark":"#00294f","angle":236.5,"snapDist":11,"label":1}},{"type":"Feature","geometry":{"type":"Point","coordinates":[23.389166,42.663708]},"properties":{"name":"бул. Брюксел","lines":"404","arr":["404"],"terminus":0,"mode":"bus","color":"#0059a9","colorDark":"#00294f","angle":234.2,"snapDist":5,"label":1}},{"type":"Feature","geometry":{"type":"Point","coordinates":[23.3956,42.659269]},"properties":{"name":"Метростанция Дружба","lines":"404, 604, N4","arr":["404","604","N4"],"terminus":0,"mode":"bus","color":"#0059a9","colorDark":"#00294f","angle":229.9,"snapDist":11,"label":0}},{"type":"Feature","geometry":{"type":"Point","coordinates":[23.397457,42.658077]},"properties":{"name":"бл. 155 ж.к. Дружба-1","lines":"404, 604, N4","arr":["404","604","N4"],"terminus":0,"mode":"bus","color":"#0059a9","colorDark":"#00294f","angle":215.7,"snapDist":5,"label":1}},{"type":"Feature","geometry":{"type":"Point","coordinates":[23.403878,42.648304]},"properties":{"name":"ул. Обиколна","lines":"404, N4","arr":["404","N4"],"terminus":0,"mode":"bus","color":"#0059a9","colorDark":"#00294f","angle":292.4,"snapDist":7,"label":1}},{"type":"Feature","geometry":{"type":"Point","coordinates":[23.404877,42.645226]},"properties":{"name":"163-то ОУ","lines":"404, N4","arr":["404","N4"],"terminus":0,"mode":"bus","color":"#0059a9","colorDark":"#00294f","angle":269.8,"snapDist":8,"label":1}},{"type":"Feature","geometry":{"type":"Point","coordinates":[23.407257,42.642408]},"properties":{"name":"бл. 405 ж.к. Дружба-2","lines":"404, N4","arr":["404","N4"],"terminus":0,"mode":"bus","color":"#0059a9","colorDark":"#00294f","angle":211.1,"snapDist":7,"label":1}},{"type":"Feature","geometry":{"type":"Point","coordinates":[23.409915,42.641221]},"properties":{"name":"Хипермаркет Практикер","lines":"404, N4","arr":["404","N4"],"terminus":0,"mode":"bus","color":"#0059a9","colorDark":"#00294f","angle":211.6,"snapDist":6,"label":1}},{"type":"Feature","geometry":{"type":"Point","coordinates":[23.416165,42.649318]},"properties":{"name":"АП Дружба","lines":"404","arr":["404"],"terminus":1,"mode":"bus","color":"#0059a9","colorDark":"#00294f","angle":182.5,"snapDist":16,"label":1}},{"type":"Feature","geometry":{"type":"Point","coordinates":[23.416368,42.649312]},"properties":{"name":"АП Дружба","lines":"404","arr":["404"],"terminus":1,"mode":"bus","color":"#0059a9","colorDark":"#00294f","angle":-177.5,"snapDist":9,"label":0}},{"type":"Feature","geometry":{"type":"Point","coordinates":[23.409043,42.641612]},"properties":{"name":"Хипермаркет Практикер","lines":"404, N4","arr":["404","N4"],"terminus":0,"mode":"bus","color":"#0059a9","colorDark":"#00294f","angle":31.5,"snapDist":6,"label":0}},{"type":"Feature","geometry":{"type":"Point","coordinates":[23.406852,42.642588]},"properties":{"name":"бл. 405 ж.к. Дружба-2","lines":"404, N4","arr":["404","N4"],"terminus":0,"mode":"bus","color":"#0059a9","colorDark":"#00294f","angle":31.1,"snapDist":5,"label":0}},{"type":"Feature","geometry":{"type":"Point","coordinates":[23.404877,42.645367]},"properties":{"name":"163-то ОУ","lines":"404, N4","arr":["404","N4"],"terminus":0,"mode":"bus","color":"#0059a9","colorDark":"#00294f","angle":89.8,"snapDist":4,"label":0}},{"type":"Feature","geometry":{"type":"Point","coordinates":[23.404459,42.64876]},"properties":{"name":"ул. Обиколна","lines":"404, N4","arr":["404","N4"],"terminus":0,"mode":"bus","color":"#0059a9","colorDark":"#00294f","angle":112.5,"snapDist":4,"label":0}},{"type":"Feature","geometry":{"type":"Point","coordinates":[23.397884,42.657856]},"properties":{"name":"бл. 155 ж.к. Дружба-1","lines":"404, 604, N4","arr":["404","604","N4"],"terminus":0,"mode":"bus","color":"#0059a9","colorDark":"#00294f","angle":34.9,"snapDist":4,"label":0}},{"type":"Feature","geometry":{"type":"Point","coordinates":[23.393945,42.660767]},"properties":{"name":"Метростанция Дружба","lines":"404, N4","arr":["404","N4"],"terminus":0,"mode":"bus","color":"#0059a9","colorDark":"#00294f","angle":51.6,"snapDist":11,"label":1}},{"type":"Feature","geometry":{"type":"Point","coordinates":[23.389424,42.663969]},"properties":{"name":"бул. Брюксел","lines":"404","arr":["404"],"terminus":0,"mode":"bus","color":"#0059a9","colorDark":"#00294f","angle":50.7,"snapDist":5,"label":0}},{"type":"Feature","geometry":{"type":"Point","coordinates":[23.384991,42.668214]},"properties":{"name":"ул. кап. Д. Списаревски","lines":"404","arr":["404"],"terminus":0,"mode":"bus","color":"#0059a9","colorDark":"#00294f","angle":56,"snapDist":10,"label":0}},{"type":"Feature","geometry":{"type":"Point","coordinates":[23.382219,42.67146]},"properties":{"name":"Промишлена зона ж.к. Дружба 1","lines":"404","arr":["404"],"terminus":0,"mode":"bus","color":"#0059a9","colorDark":"#00294f","angle":64,"snapDist":5,"label":0}},{"type":"Feature","geometry":{"type":"Point","coordinates":[23.381961,42.675261]},"properties":{"name":"бул. проф.Цв. Лазаров","lines":"404","arr":["404"],"terminus":0,"mode":"bus","color":"#0059a9","colorDark":"#00294f","angle":102,"snapDist":5,"label":0}},{"type":"Feature","geometry":{"type":"Point","coordinates":[23.379918,42.623684]},"properties":{"name":"Технополис ж.к. Младост-4","lines":"413","arr":["413"],"terminus":1,"mode":"bus","color":"#0059a9","colorDark":"#00294f","angle":47.7,"snapDist":5,"label":1}},{"type":"Feature","geometry":{"type":"Point","coordinates":[23.374967,42.636031]},"properties":{"name":"бл. 325 ж.к. Младост-3","lines":"413, X9","arr":["413","X9"],"terminus":0,"mode":"bus","color":"#0059a9","colorDark":"#00294f","angle":89.2,"snapDist":8,"label":1}},{"type":"Feature","geometry":{"type":"Point","coordinates":[23.37493,42.639271]},"properties":{"name":"бл. 323 ж.к. Младост-3","lines":"413, X9","arr":["413","X9"],"terminus":0,"mode":"bus","color":"#0059a9","colorDark":"#00294f","angle":90,"snapDist":7,"label":1}},{"type":"Feature","geometry":{"type":"Point","coordinates":[23.3424,42.677866]},"properties":{"name":"Телевизионна кула","lines":"413","arr":["413"],"terminus":0,"mode":"bus","color":"#0059a9","colorDark":"#00294f","angle":131.9,"snapDist":5,"label":0}},{"type":"Feature","geometry":{"type":"Point","coordinates":[23.374933,42.638794]},"properties":{"name":"бл. 323 ж.к. Младост-3","lines":"413","arr":["413"],"terminus":0,"mode":"bus","color":"#0059a9","colorDark":"#00294f","angle":269.5,"snapDist":6,"label":0}},{"type":"Feature","geometry":{"type":"Point","coordinates":[23.374993,42.634656]},"properties":{"name":"бл. 325 ж.к. Младост-3","lines":"413","arr":["413"],"terminus":0,"mode":"bus","color":"#0059a9","colorDark":"#00294f","angle":269.4,"snapDist":10,"label":0}},{"type":"Feature","geometry":{"type":"Point","coordinates":[23.376832,42.62381]},"properties":{"name":"Кино Арена ІІ","lines":"413","arr":["413"],"terminus":0,"mode":"bus","color":"#0059a9","colorDark":"#00294f","angle":183,"snapDist":5,"label":0}},{"type":"Feature","geometry":{"type":"Point","coordinates":[23.379666,42.623563]},"properties":{"name":"Технополис ж.к. Младост-4","lines":"413","arr":["413"],"terminus":1,"mode":"bus","color":"#0059a9","colorDark":"#00294f","angle":250.3,"snapDist":8,"label":0}},{"type":"Feature","geometry":{"type":"Point","coordinates":[23.305619,42.689547]},"properties":{"name":"УМБАЛСМ Пирогов","lines":"604","arr":["604"],"terminus":1,"mode":"bus","color":"#0059a9","colorDark":"#00294f","angle":146.3,"snapDist":2,"label":1}},{"type":"Feature","geometry":{"type":"Point","coordinates":[23.401588,42.667309]},"properties":{"name":"бул. Кръстьо Пастухов","lines":"604","arr":["604"],"terminus":0,"mode":"bus","color":"#0059a9","colorDark":"#00294f","angle":304.8,"snapDist":7,"label":0}},{"type":"Feature","geometry":{"type":"Point","coordinates":[23.39904,42.664614]},"properties":{"name":"Дом на културата Искър","lines":"604","arr":["604"],"terminus":0,"mode":"bus","color":"#0059a9","colorDark":"#00294f","angle":304.8,"snapDist":7,"label":1}},{"type":"Feature","geometry":{"type":"Point","coordinates":[23.396841,42.661831]},"properties":{"name":"Езерото","lines":"604","arr":["604"],"terminus":0,"mode":"bus","color":"#0059a9","colorDark":"#00294f","angle":305.2,"snapDist":7,"label":1}},{"type":"Feature","geometry":{"type":"Point","coordinates":[23.402134,42.658138]},"properties":{"name":"бл. 162 ж.к. Дружба-1","lines":"604","arr":["604"],"terminus":0,"mode":"bus","color":"#0059a9","colorDark":"#00294f","angle":117.3,"snapDist":4,"label":1}},{"type":"Feature","geometry":{"type":"Point","coordinates":[23.404794,42.662186]},"properties":{"name":"ул. Илия Бешков","lines":"604","arr":["604"],"terminus":0,"mode":"bus","color":"#0059a9","colorDark":"#00294f","angle":114.3,"snapDist":7,"label":1}},{"type":"Feature","geometry":{"type":"Point","coordinates":[23.406169,42.664794]},"properties":{"name":"28-Ми ДКЦ","lines":"604","arr":["604"],"terminus":0,"mode":"bus","color":"#0059a9","colorDark":"#00294f","angle":291.6,"snapDist":4,"label":0}},{"type":"Feature","geometry":{"type":"Point","coordinates":[23.404774,42.662154]},"properties":{"name":"ул. Илия Бешков","lines":"604","arr":["604"],"terminus":0,"mode":"bus","color":"#0059a9","colorDark":"#00294f","angle":294.3,"snapDist":6,"label":0}},{"type":"Feature","geometry":{"type":"Point","coordinates":[23.401558,42.657307]},"properties":{"name":"бл. 162 ж.к. Дружба-1","lines":"604","arr":["604"],"terminus":0,"mode":"bus","color":"#0059a9","colorDark":"#00294f","angle":296.7,"snapDist":7,"label":0}},{"type":"Feature","geometry":{"type":"Point","coordinates":[23.396778,42.661766]},"properties":{"name":"Езерото","lines":"604","arr":["604"],"terminus":0,"mode":"bus","color":"#0059a9","colorDark":"#00294f","angle":125.2,"snapDist":5,"label":0}},{"type":"Feature","geometry":{"type":"Point","coordinates":[23.399327,42.664917]},"properties":{"name":"Дом на културата Искър","lines":"604","arr":["604"],"terminus":0,"mode":"bus","color":"#0059a9","colorDark":"#00294f","angle":124.9,"snapDist":5,"label":0}},{"type":"Feature","geometry":{"type":"Point","coordinates":[23.300809,42.687082]},"properties":{"name":"бул. Цар Борис ІІІ","lines":"604","arr":["604"],"terminus":0,"mode":"bus","color":"#0059a9","colorDark":"#00294f","angle":144.8,"snapDist":2,"label":0}},{"type":"Feature","geometry":{"type":"Point","coordinates":[23.240546,42.679949]},"properties":{"name":"Метростанция Горна баня","lines":"802, 806","arr":["802","806"],"terminus":1,"mode":"bus","color":"#0059a9","colorDark":"#00294f","angle":318.7,"snapDist":1,"label":0}},{"type":"Feature","geometry":{"type":"Point","coordinates":[23.242829,42.661186]},"properties":{"name":"пл. Сред село","lines":"804","arr":["804"],"terminus":0,"mode":"bus","color":"#0059a9","colorDark":"#00294f","angle":36.1,"snapDist":16,"label":0}},{"type":"Feature","geometry":{"type":"Point","coordinates":[23.241487,42.66822]},"properties":{"name":"кв. Карпузица","lines":"804","arr":["804"],"terminus":0,"mode":"bus","color":"#0059a9","colorDark":"#00294f","angle":157.6,"snapDist":4,"label":0}},{"type":"Feature","geometry":{"type":"Point","coordinates":[23.330321,42.694776]},"properties":{"name":"ул. 6-ти септември","lines":"N1, N2, N3, N4","arr":["N1","N2","N3","N4"],"terminus":0,"mode":"bus","color":"#0059a9","colorDark":"#00294f","angle":28.5,"snapDist":5,"label":1}},{"type":"Feature","geometry":{"type":"Point","coordinates":[23.326185,42.696424]},"properties":{"name":"пл. Княз Александър І","lines":"N1, N2, N3, N4","arr":["N1","N2","N3","N4"],"terminus":0,"mode":"bus","color":"#0059a9","colorDark":"#00294f","angle":28.7,"snapDist":8,"label":1}},{"type":"Feature","geometry":{"type":"Point","coordinates":[23.326123,42.696449]},"properties":{"name":"пл. Княз Александър І","lines":"N1, N2, N3, N4","arr":["N1","N2","N3","N4"],"terminus":0,"mode":"bus","color":"#0059a9","colorDark":"#00294f","angle":28.7,"snapDist":7,"label":0}},{"type":"Feature","geometry":{"type":"Point","coordinates":[23.297306,42.702119]},"properties":{"name":"Метростанция К. Величков","lines":"N1","arr":["N1"],"terminus":0,"mode":"bus","color":"#0059a9","colorDark":"#00294f","angle":13.9,"snapDist":2,"label":0}},{"type":"Feature","geometry":{"type":"Point","coordinates":[23.284046,42.706245]},"properties":{"name":"Метростанция Вардар","lines":"N1","arr":["N1"],"terminus":0,"mode":"bus","color":"#0059a9","colorDark":"#00294f","angle":20.5,"snapDist":3,"label":0}},{"type":"Feature","geometry":{"type":"Point","coordinates":[23.269544,42.711809]},"properties":{"name":"бул. Д-Р Петър Дертлиев","lines":"N1","arr":["N1"],"terminus":0,"mode":"bus","color":"#0059a9","colorDark":"#00294f","angle":36.7,"snapDist":4,"label":1}},{"type":"Feature","geometry":{"type":"Point","coordinates":[23.265435,42.714065]},"properties":{"name":"ул. Луи Пастьор","lines":"N1","arr":["N1"],"terminus":0,"mode":"bus","color":"#0059a9","colorDark":"#00294f","angle":36.9,"snapDist":4,"label":1}},{"type":"Feature","geometry":{"type":"Point","coordinates":[23.261321,42.722878]},"properties":{"name":"ул. Търново","lines":"N1","arr":["N1"],"terminus":0,"mode":"bus","color":"#0059a9","colorDark":"#00294f","angle":34.8,"snapDist":7,"label":0}},{"type":"Feature","geometry":{"type":"Point","coordinates":[23.259262,42.723186]},"properties":{"name":"бул. Панчо Владигеров","lines":"N1","arr":["N1"],"terminus":0,"mode":"bus","color":"#0059a9","colorDark":"#00294f","angle":210.6,"snapDist":7,"label":0}},{"type":"Feature","geometry":{"type":"Point","coordinates":[23.266245,42.713486]},"properties":{"name":"ул. Луи Пастьор","lines":"N1","arr":["N1"],"terminus":0,"mode":"bus","color":"#0059a9","colorDark":"#00294f","angle":217,"snapDist":5,"label":0}},{"type":"Feature","geometry":{"type":"Point","coordinates":[23.268829,42.712059]},"properties":{"name":"бул. Д-Р Петър Дертлиев","lines":"N1","arr":["N1"],"terminus":0,"mode":"bus","color":"#0059a9","colorDark":"#00294f","angle":216.9,"snapDist":5,"label":0}},{"type":"Feature","geometry":{"type":"Point","coordinates":[23.285866,42.705602]},"properties":{"name":"Метростанция Вардар","lines":"N1","arr":["N1"],"terminus":0,"mode":"bus","color":"#0059a9","colorDark":"#00294f","angle":199.6,"snapDist":3,"label":0}},{"type":"Feature","geometry":{"type":"Point","coordinates":[23.298489,42.701798]},"properties":{"name":"Метростанция К. Величков","lines":"N1","arr":["N1"],"terminus":0,"mode":"bus","color":"#0059a9","colorDark":"#00294f","angle":193.2,"snapDist":3,"label":0}},{"type":"Feature","geometry":{"type":"Point","coordinates":[23.310689,42.699759]},"properties":{"name":"Метростанция Опълченска","lines":"N1","arr":["N1"],"terminus":0,"mode":"bus","color":"#0059a9","colorDark":"#00294f","angle":193.4,"snapDist":4,"label":0}},{"type":"Feature","geometry":{"type":"Point","coordinates":[23.315958,42.698787]},"properties":{"name":"бул. Христо Ботев","lines":"N1, N4","arr":["N1","N4"],"terminus":0,"mode":"bus","color":"#0059a9","colorDark":"#00294f","angle":194.2,"snapDist":6,"label":0}},{"type":"Feature","geometry":{"type":"Point","coordinates":[23.320278,42.697984]},"properties":{"name":"Метростанция Сердика","lines":"N1, N4","arr":["N1","N4"],"terminus":0,"mode":"bus","color":"#0059a9","colorDark":"#00294f","angle":194.8,"snapDist":5,"label":0}},{"type":"Feature","geometry":{"type":"Point","coordinates":[23.326324,42.696368]},"properties":{"name":"пл. Княз Александър І","lines":"N1, N2, N3, N4","arr":["N1","N2","N3","N4"],"terminus":0,"mode":"bus","color":"#0059a9","colorDark":"#00294f","angle":208.7,"snapDist":10,"label":0}},{"type":"Feature","geometry":{"type":"Point","coordinates":[23.326378,42.696346]},"properties":{"name":"пл. Княз Александър І","lines":"N1, N2, N3, N4","arr":["N1","N2","N3","N4"],"terminus":0,"mode":"bus","color":"#0059a9","colorDark":"#00294f","angle":208.7,"snapDist":10,"label":0}},{"type":"Feature","geometry":{"type":"Point","coordinates":[23.330352,42.694764]},"properties":{"name":"ул. 6-ти септември","lines":"N1, N2, N3, N4","arr":["N1","N2","N3","N4"],"terminus":0,"mode":"bus","color":"#0059a9","colorDark":"#00294f","angle":208.5,"snapDist":6,"label":0}},{"type":"Feature","geometry":{"type":"Point","coordinates":[23.345542,42.64734]},"properties":{"name":"Студентски град","lines":"N2","arr":["N2"],"terminus":1,"mode":"bus","color":"#0059a9","colorDark":"#00294f","angle":107.8,"snapDist":6,"label":0}},{"type":"Feature","geometry":{"type":"Point","coordinates":[23.34652,42.649564]},"properties":{"name":"ул. Атанас Манчев","lines":"N2","arr":["N2"],"terminus":0,"mode":"bus","color":"#0059a9","colorDark":"#00294f","angle":107.5,"snapDist":6,"label":1}},{"type":"Feature","geometry":{"type":"Point","coordinates":[23.322467,42.700011]},"properties":{"name":"Централни хали","lines":"N2","arr":["N2"],"terminus":0,"mode":"bus","color":"#0059a9","colorDark":"#00294f","angle":102.7,"snapDist":4,"label":1}},{"type":"Feature","geometry":{"type":"Point","coordinates":[23.323819,42.704494]},"properties":{"name":"пл. Лъвов мост","lines":"N2","arr":["N2"],"terminus":0,"mode":"bus","color":"#0059a9","colorDark":"#00294f","angle":104.3,"snapDist":3,"label":0}},{"type":"Feature","geometry":{"type":"Point","coordinates":[23.293648,42.734745]},"properties":{"name":"Метростанция Бели Дунав","lines":"N2","arr":["N2"],"terminus":0,"mode":"bus","color":"#0059a9","colorDark":"#00294f","angle":50.5,"snapDist":6,"label":1}},{"type":"Feature","geometry":{"type":"Point","coordinates":[23.293428,42.734913]},"properties":{"name":"Метростанция Бели Дунав","lines":"N2","arr":["N2"],"terminus":0,"mode":"bus","color":"#0059a9","colorDark":"#00294f","angle":224.7,"snapDist":4,"label":0}},{"type":"Feature","geometry":{"type":"Point","coordinates":[23.323556,42.704036]},"properties":{"name":"пл. Лъвов мост","lines":"N2","arr":["N2"],"terminus":0,"mode":"bus","color":"#0059a9","colorDark":"#00294f","angle":283.1,"snapDist":1,"label":0}},{"type":"Feature","geometry":{"type":"Point","coordinates":[23.32246,42.700387]},"properties":{"name":"Централни хали","lines":"N2","arr":["N2"],"terminus":0,"mode":"bus","color":"#0059a9","colorDark":"#00294f","angle":281.9,"snapDist":1,"label":0}},{"type":"Feature","geometry":{"type":"Point","coordinates":[23.330876,42.68972]},"properties":{"name":"ул. ген. Гурко","lines":"N2","arr":["N2"],"terminus":0,"mode":"bus","color":"#0059a9","colorDark":"#00294f","angle":312.1,"snapDist":10,"label":0}},{"type":"Feature","geometry":{"type":"Point","coordinates":[23.327285,42.688246]},"properties":{"name":"Кино Одеон","lines":"N2","arr":["N2"],"terminus":0,"mode":"bus","color":"#0059a9","colorDark":"#00294f","angle":7,"snapDist":7,"label":0}},{"type":"Feature","geometry":{"type":"Point","coordinates":[23.321175,42.686216]},"properties":{"name":"ул. Професор Фритьоф Нансен","lines":"N2","arr":["N2"],"terminus":0,"mode":"bus","color":"#0059a9","colorDark":"#00294f","angle":283.7,"snapDist":5,"label":1}},{"type":"Feature","geometry":{"type":"Point","coordinates":[23.299936,42.700005]},"properties":{"name":"ул. Димитър Петков","lines":"N3","arr":["N3"],"terminus":0,"mode":"bus","color":"#0059a9","colorDark":"#00294f","angle":191.8,"snapDist":5,"label":1}},{"type":"Feature","geometry":{"type":"Point","coordinates":[23.303881,42.699406]},"properties":{"name":"ул. Одрин","lines":"N3","arr":["N3"],"terminus":0,"mode":"bus","color":"#0059a9","colorDark":"#00294f","angle":191.9,"snapDist":4,"label":0}},{"type":"Feature","geometry":{"type":"Point","coordinates":[23.308898,42.698633]},"properties":{"name":"ул. Опълченска","lines":"N3","arr":["N3"],"terminus":0,"mode":"bus","color":"#0059a9","colorDark":"#00294f","angle":192,"snapDist":3,"label":1}},{"type":"Feature","geometry":{"type":"Point","coordinates":[23.315771,42.697613]},"properties":{"name":"пл. Възраждане","lines":"N3","arr":["N3"],"terminus":0,"mode":"bus","color":"#0059a9","colorDark":"#00294f","angle":191.7,"snapDist":9,"label":1}},{"type":"Feature","geometry":{"type":"Point","coordinates":[23.334085,42.695642]},"properties":{"name":"пл. Св. Александър Невски","lines":"N3, N4, X43","arr":["N3","N4","X43"],"terminus":1,"mode":"bus","color":"#0059a9","colorDark":"#00294f","angle":189.8,"snapDist":8,"label":1}},{"type":"Feature","geometry":{"type":"Point","coordinates":[23.334914,42.698121]},"properties":{"name":"пл. Васил Левски","lines":"N3, X43","arr":["N3","X43"],"terminus":0,"mode":"bus","color":"#0059a9","colorDark":"#00294f","angle":77.5,"snapDist":5,"label":1}},{"type":"Feature","geometry":{"type":"Point","coordinates":[23.339153,42.699122]},"properties":{"name":"ул. Бяло море","lines":"N3","arr":["N3"],"terminus":0,"mode":"bus","color":"#0059a9","colorDark":"#00294f","angle":172.4,"snapDist":8,"label":0}},{"type":"Feature","geometry":{"type":"Point","coordinates":[23.337913,42.697238]},"properties":{"name":"ул. Кракра","lines":"N3","arr":["N3"],"terminus":0,"mode":"bus","color":"#0059a9","colorDark":"#00294f","angle":272,"snapDist":4,"label":1}},{"type":"Feature","geometry":{"type":"Point","coordinates":[23.333919,42.695663]},"properties":{"name":"пл. Св. Александър Невски","lines":"N3, N4","arr":["N3","N4"],"terminus":0,"mode":"bus","color":"#0059a9","colorDark":"#00294f","angle":9.8,"snapDist":8,"label":0}},{"type":"Feature","geometry":{"type":"Point","coordinates":[23.316342,42.697525]},"properties":{"name":"пл. Възраждане","lines":"N3","arr":["N3"],"terminus":0,"mode":"bus","color":"#0059a9","colorDark":"#00294f","angle":11.9,"snapDist":9,"label":0}},{"type":"Feature","geometry":{"type":"Point","coordinates":[23.310025,42.698543]},"properties":{"name":"ул. Опълченска","lines":"N3","arr":["N3"],"terminus":0,"mode":"bus","color":"#0059a9","colorDark":"#00294f","angle":12.1,"snapDist":2,"label":0}},{"type":"Feature","geometry":{"type":"Point","coordinates":[23.304293,42.699438]},"properties":{"name":"ул. Одрин","lines":"N3","arr":["N3"],"terminus":0,"mode":"bus","color":"#0059a9","colorDark":"#00294f","angle":12,"snapDist":2,"label":0}},{"type":"Feature","geometry":{"type":"Point","coordinates":[23.30059,42.700011]},"properties":{"name":"ул. Димитър Петков","lines":"N3","arr":["N3"],"terminus":0,"mode":"bus","color":"#0059a9","colorDark":"#00294f","angle":12.1,"snapDist":2,"label":0}},{"type":"Feature","geometry":{"type":"Point","coordinates":[23.38626,42.673213]},"properties":{"name":"ул. кап. Д. Списаревски","lines":"N4","arr":["N4"],"terminus":0,"mode":"bus","color":"#0059a9","colorDark":"#00294f","angle":14.1,"snapDist":9,"label":1}},{"type":"Feature","geometry":{"type":"Point","coordinates":[23.380533,42.674276]},"properties":{"name":"бул. проф.Цв. Лазаров","lines":"N4","arr":["N4"],"terminus":0,"mode":"bus","color":"#0059a9","colorDark":"#00294f","angle":14.3,"snapDist":8,"label":0}},{"type":"Feature","geometry":{"type":"Point","coordinates":[23.36968,42.676727]},"properties":{"name":"ж.к. Гео Милев","lines":"N4","arr":["N4"],"terminus":0,"mode":"bus","color":"#0059a9","colorDark":"#00294f","angle":27.7,"snapDist":1,"label":1}},{"type":"Feature","geometry":{"type":"Point","coordinates":[23.349528,42.696448]},"properties":{"name":"ул. Алеко Константинов","lines":"N4","arr":["N4"],"terminus":0,"mode":"bus","color":"#0059a9","colorDark":"#00294f","angle":348.1,"snapDist":1,"label":1}},{"type":"Feature","geometry":{"type":"Point","coordinates":[23.346044,42.696313]},"properties":{"name":"Театър София","lines":"N4","arr":["N4"],"terminus":0,"mode":"bus","color":"#0059a9","colorDark":"#00294f","angle":4,"snapDist":6,"label":0}},{"type":"Feature","geometry":{"type":"Point","coordinates":[23.340377,42.696544]},"properties":{"name":"ул. Сан Стефано","lines":"N4","arr":["N4"],"terminus":0,"mode":"bus","color":"#0059a9","colorDark":"#00294f","angle":3.3,"snapDist":4,"label":1}},{"type":"Feature","geometry":{"type":"Point","coordinates":[23.314966,42.693829]},"properties":{"name":"пл. Македония","lines":"N4","arr":["N4"],"terminus":0,"mode":"bus","color":"#0059a9","colorDark":"#00294f","angle":278.6,"snapDist":3,"label":1}},{"type":"Feature","geometry":{"type":"Point","coordinates":[23.297286,42.659948]},"properties":{"name":"ж.к. Гоце Делчев","lines":"N4","arr":["N4"],"terminus":1,"mode":"bus","color":"#0059a9","colorDark":"#00294f","angle":266.4,"snapDist":5,"label":0}},{"type":"Feature","geometry":{"type":"Point","coordinates":[23.311033,42.687418]},"properties":{"name":"бул. Пенчо Славейков","lines":"N4","arr":["N4"],"terminus":0,"mode":"bus","color":"#0059a9","colorDark":"#00294f","angle":137.5,"snapDist":8,"label":0}},{"type":"Feature","geometry":{"type":"Point","coordinates":[23.313032,42.688805]},"properties":{"name":"бул. Прага","lines":"N4","arr":["N4"],"terminus":0,"mode":"bus","color":"#0059a9","colorDark":"#00294f","angle":136.9,"snapDist":9,"label":0}},{"type":"Feature","geometry":{"type":"Point","coordinates":[23.315167,42.694085]},"properties":{"name":"пл. Македония","lines":"N4","arr":["N4"],"terminus":0,"mode":"bus","color":"#0059a9","colorDark":"#00294f","angle":101,"snapDist":4,"label":0}},{"type":"Feature","geometry":{"type":"Point","coordinates":[23.339913,42.696461]},"properties":{"name":"ул. Сан Стефано","lines":"N4","arr":["N4"],"terminus":0,"mode":"bus","color":"#0059a9","colorDark":"#00294f","angle":183.4,"snapDist":4,"label":0}},{"type":"Feature","geometry":{"type":"Point","coordinates":[23.345942,42.696194]},"properties":{"name":"Театър София","lines":"N4","arr":["N4"],"terminus":0,"mode":"bus","color":"#0059a9","colorDark":"#00294f","angle":183.8,"snapDist":4,"label":0}},{"type":"Feature","geometry":{"type":"Point","coordinates":[23.349277,42.696304]},"properties":{"name":"ул. Алеко Константинов","lines":"N4","arr":["N4"],"terminus":0,"mode":"bus","color":"#0059a9","colorDark":"#00294f","angle":168.1,"snapDist":5,"label":0}},{"type":"Feature","geometry":{"type":"Point","coordinates":[23.361766,42.679157]},"properties":{"name":"бул. Шипченски проход","lines":"N4","arr":["N4"],"terminus":0,"mode":"bus","color":"#0059a9","colorDark":"#00294f","angle":189.5,"snapDist":4,"label":0}},{"type":"Feature","geometry":{"type":"Point","coordinates":[23.368728,42.677012]},"properties":{"name":"ж.к. Гео Милев","lines":"N4","arr":["N4"],"terminus":0,"mode":"bus","color":"#0059a9","colorDark":"#00294f","angle":210.9,"snapDist":2,"label":0}},{"type":"Feature","geometry":{"type":"Point","coordinates":[23.376848,42.674829]},"properties":{"name":"СК ЦСКА","lines":"N4","arr":["N4"],"terminus":0,"mode":"bus","color":"#0059a9","colorDark":"#00294f","angle":193.4,"snapDist":5,"label":0}},{"type":"Feature","geometry":{"type":"Point","coordinates":[23.382589,42.67381]},"properties":{"name":"бул. проф.Цв. Лазаров","lines":"N4","arr":["N4"],"terminus":0,"mode":"bus","color":"#0059a9","colorDark":"#00294f","angle":189.3,"snapDist":7,"label":0}},{"type":"Feature","geometry":{"type":"Point","coordinates":[23.388112,42.672875]},"properties":{"name":"ул. кап. Д. Списаревски","lines":"N4","arr":["N4"],"terminus":0,"mode":"bus","color":"#0059a9","colorDark":"#00294f","angle":193.7,"snapDist":8,"label":0}},{"type":"Feature","geometry":{"type":"Point","coordinates":[23.39163,42.662953]},"properties":{"name":"бул. Христофор Колумб","lines":"N4","arr":["N4"],"terminus":0,"mode":"bus","color":"#0059a9","colorDark":"#00294f","angle":237.1,"snapDist":9,"label":1}},{"type":"Feature","geometry":{"type":"Point","coordinates":[23.372894,42.640386]},"properties":{"name":"Метростанция акад. А. Т.- Балан","lines":"X9, X10","arr":["X9","X10"],"terminus":1,"mode":"bus","color":"#0059a9","colorDark":"#00294f","angle":269.1,"snapDist":8,"label":1}},{"type":"Feature","geometry":{"type":"Point","coordinates":[23.312928,42.642845]},"properties":{"name":"Околовръстен път","lines":"X9","arr":["X9"],"terminus":0,"mode":"bus","color":"#0059a9","colorDark":"#00294f","angle":113.7,"snapDist":3,"label":0}},{"type":"Feature","geometry":{"type":"Point","coordinates":[23.317452,42.664374]},"properties":{"name":"бул. Никола Вапцаров","lines":"X9","arr":["X9"],"terminus":0,"mode":"bus","color":"#0059a9","colorDark":"#00294f","angle":97.5,"snapDist":2,"label":0}},{"type":"Feature","geometry":{"type":"Point","coordinates":[23.319251,42.668503]},"properties":{"name":"ул. Люботрън","lines":"X9","arr":["X9"],"terminus":0,"mode":"bus","color":"#0059a9","colorDark":"#00294f","angle":112.8,"snapDist":1,"label":1}},{"type":"Feature","geometry":{"type":"Point","coordinates":[23.320482,42.670662]},"properties":{"name":"Читалище Пенчо П.Славейков 1921","lines":"X9","arr":["X9"],"terminus":0,"mode":"bus","color":"#0059a9","colorDark":"#00294f","angle":112.2,"snapDist":1,"label":1}},{"type":"Feature","geometry":{"type":"Point","coordinates":[23.32219,42.675143]},"properties":{"name":"ул. Презвитер Козма","lines":"X9","arr":["X9"],"terminus":0,"mode":"bus","color":"#0059a9","colorDark":"#00294f","angle":85.1,"snapDist":7,"label":1}},{"type":"Feature","geometry":{"type":"Point","coordinates":[23.314716,42.675783]},"properties":{"name":"ж.к. Лозенец","lines":"X9","arr":["X9"],"terminus":1,"mode":"bus","color":"#0059a9","colorDark":"#00294f","angle":0.9,"snapDist":3,"label":1}},{"type":"Feature","geometry":{"type":"Point","coordinates":[23.314303,42.675368]},"properties":{"name":"ж.к. Лозенец","lines":"X9","arr":["X9"],"terminus":1,"mode":"bus","color":"#0059a9","colorDark":"#00294f","angle":206.4,"snapDist":4,"label":0}},{"type":"Feature","geometry":{"type":"Point","coordinates":[23.321917,42.677552]},"properties":{"name":"Хотел Хемус","lines":"X9","arr":["X9"],"terminus":0,"mode":"bus","color":"#0059a9","colorDark":"#00294f","angle":264.1,"snapDist":13,"label":0}},{"type":"Feature","geometry":{"type":"Point","coordinates":[23.322216,42.674906]},"properties":{"name":"ул. Презвитер Козма","lines":"X9","arr":["X9"],"terminus":0,"mode":"bus","color":"#0059a9","colorDark":"#00294f","angle":265.4,"snapDist":8,"label":0}},{"type":"Feature","geometry":{"type":"Point","coordinates":[23.320342,42.670409]},"properties":{"name":"Читалище Пенчо П. Славейков 1921","lines":"X9","arr":["X9"],"terminus":0,"mode":"bus","color":"#0059a9","colorDark":"#00294f","angle":292.2,"snapDist":4,"label":1}},{"type":"Feature","geometry":{"type":"Point","coordinates":[23.319368,42.668712]},"properties":{"name":"ул. Люботрън","lines":"X9","arr":["X9"],"terminus":0,"mode":"bus","color":"#0059a9","colorDark":"#00294f","angle":292.1,"snapDist":2,"label":0}},{"type":"Feature","geometry":{"type":"Point","coordinates":[23.317625,42.665364]},"properties":{"name":"бул. Никола Вапцаров","lines":"X9","arr":["X9"],"terminus":0,"mode":"bus","color":"#0059a9","colorDark":"#00294f","angle":277.3,"snapDist":3,"label":0}},{"type":"Feature","geometry":{"type":"Point","coordinates":[23.367747,42.65068]},"properties":{"name":"ж.к. Младост-1","lines":"X10","arr":["X10"],"terminus":1,"mode":"bus","color":"#0059a9","colorDark":"#00294f","angle":199.9,"snapDist":7,"label":0}},{"type":"Feature","geometry":{"type":"Point","coordinates":[23.277422,42.669301]},"properties":{"name":"ул. Т. Каблешков","lines":"X10","arr":["X10"],"terminus":0,"mode":"bus","color":"#0059a9","colorDark":"#00294f","angle":209.4,"snapDist":7,"label":0}},{"type":"Feature","geometry":{"type":"Point","coordinates":[23.335038,42.697225]},"properties":{"name":"пл. Васил Левски","lines":"X43","arr":["X43"],"terminus":0,"mode":"bus","color":"#0059a9","colorDark":"#00294f","angle":265.4,"snapDist":7,"label":0}},{"type":"Feature","geometry":{"type":"Point","coordinates":[23.370277,42.711508]},"properties":{"name":"Пътностроителна техника","lines":"ТБ1, ТБ3","arr":["ТБ1","ТБ3"],"terminus":1,"mode":"bus","color":"#149a3f","colorDark":"#0a5121","angle":64.2,"snapDist":1,"label":0}},{"type":"Feature","geometry":{"type":"Point","coordinates":[23.369022,42.709068]},"properties":{"name":"ул. Витиня","lines":"ТБ1, ТБ3","arr":["ТБ1","ТБ3"],"terminus":0,"mode":"bus","color":"#149a3f","colorDark":"#0a5121","angle":258.3,"snapDist":6,"label":0}},{"type":"Feature","geometry":{"type":"Point","coordinates":[23.362159,42.706731]},"properties":{"name":"Стадион Г. Аспарухов","lines":"ТБ1, ТБ3","arr":["ТБ1","ТБ3"],"terminus":0,"mode":"bus","color":"#149a3f","colorDark":"#0a5121","angle":320.3,"snapDist":7,"label":0}},{"type":"Feature","geometry":{"type":"Point","coordinates":[23.35765,42.70494]},"properties":{"name":"ул. Васил Кънчев","lines":"ТБ1, ТБ3","arr":["ТБ1","ТБ3"],"terminus":0,"mode":"bus","color":"#149a3f","colorDark":"#0a5121","angle":334.3,"snapDist":8,"label":0}},{"type":"Feature","geometry":{"type":"Point","coordinates":[23.352275,42.702934]},"properties":{"name":"Метростанция Хаджи Димитър","lines":"ТБ1, ТБ3","arr":["ТБ1","ТБ3"],"terminus":0,"mode":"bus","color":"#149a3f","colorDark":"#0a5121","angle":327.9,"snapDist":3,"label":0}},{"type":"Feature","geometry":{"type":"Point","coordinates":[23.345498,42.700472]},"properties":{"name":"Моста Чавдар","lines":"ТБ1, ТБ2, ТБ3, ТБ4","arr":["ТБ1","ТБ2","ТБ3","ТБ4"],"terminus":0,"mode":"bus","color":"#149a3f","colorDark":"#0a5121","angle":322.3,"snapDist":2,"label":0}},{"type":"Feature","geometry":{"type":"Point","coordinates":[23.339742,42.69918]},"properties":{"name":"ул. Бяло море","lines":"ТБ1, ТБ2, ТБ3, ТБ4","arr":["ТБ1","ТБ2","ТБ3","ТБ4"],"terminus":0,"mode":"bus","color":"#149a3f","colorDark":"#0a5121","angle":352.4,"snapDist":10,"label":0}},{"type":"Feature","geometry":{"type":"Point","coordinates":[23.337913,42.697238]},"properties":{"name":"ул. Кракра","lines":"ТБ1, ТБ2, ТБ3, ТБ4","arr":["ТБ1","ТБ2","ТБ3","ТБ4"],"terminus":0,"mode":"bus","color":"#149a3f","colorDark":"#0a5121","angle":272,"snapDist":4,"label":0}},{"type":"Feature","geometry":{"type":"Point","coordinates":[23.334756,42.694705]},"properties":{"name":"СУ Св.Климент Охридски","lines":"ТБ1, ТБ2, ТБ3, ТБ4, ТБ6, ТБ8, ТБ11","arr":["ТБ1","ТБ2","ТБ3","ТБ4","ТБ6","ТБ8","ТБ11"],"terminus":1,"mode":"bus","color":"#149a3f","colorDark":"#0a5121","angle":282.3,"snapDist":8,"label":0}},{"type":"Feature","geometry":{"type":"Point","coordinates":[23.333616,42.691961]},"properties":{"name":"Метростанция СУ Св. Климент Охридски","lines":"ТБ1, ТБ2, ТБ5, ТБ6, ТБ8","arr":["ТБ1","ТБ2","ТБ5","ТБ6","ТБ8"],"terminus":0,"mode":"bus","color":"#149a3f","colorDark":"#0a5121","angle":311.8,"snapDist":9,"label":1}},{"type":"Feature","geometry":{"type":"Point","coordinates":[23.330876,42.68972]},"properties":{"name":"ул. ген. Гурко","lines":"ТБ1, ТБ2, ТБ5, ТБ6, ТБ8","arr":["ТБ1","ТБ2","ТБ5","ТБ6","ТБ8"],"terminus":0,"mode":"bus","color":"#149a3f","colorDark":"#0a5121","angle":312.1,"snapDist":10,"label":0}},{"type":"Feature","geometry":{"type":"Point","coordinates":[23.327285,42.688246]},"properties":{"name":"Кино Одеон","lines":"ТБ1, ТБ2, ТБ5, ТБ6, ТБ7, ТБ8","arr":["ТБ1","ТБ2","ТБ5","ТБ6","ТБ7","ТБ8"],"terminus":0,"mode":"bus","color":"#149a3f","colorDark":"#0a5121","angle":7,"snapDist":7,"label":0}},{"type":"Feature","geometry":{"type":"Point","coordinates":[23.319792,42.688914]},"properties":{"name":"НДК","lines":"ТБ1, ТБ2, ТБ5, ТБ7, ТБ8, ТБ9","arr":["ТБ1","ТБ2","ТБ5","ТБ7","ТБ8","ТБ9"],"terminus":0,"mode":"bus","color":"#149a3f","colorDark":"#0a5121","angle":6.7,"snapDist":9,"label":1}},{"type":"Feature","geometry":{"type":"Point","coordinates":[23.313419,42.689878]},"properties":{"name":"бул. Прага","lines":"ТБ1, ТБ5, ТБ7","arr":["ТБ1","ТБ5","ТБ7"],"terminus":0,"mode":"bus","color":"#149a3f","colorDark":"#0a5121","angle":46.7,"snapDist":9,"label":0}},{"type":"Feature","geometry":{"type":"Point","coordinates":[23.311172,42.691669]},"properties":{"name":"пл. Руски паметник","lines":"ТБ1, ТБ5, ТБ7","arr":["ТБ1","ТБ5","ТБ7"],"terminus":0,"mode":"bus","color":"#149a3f","colorDark":"#0a5121","angle":54.8,"snapDist":8,"label":0}},{"type":"Feature","geometry":{"type":"Point","coordinates":[23.309985,42.693077]},"properties":{"name":"пл. Руски паметник","lines":"ТБ1, ТБ5, ТБ7, ТБ74","arr":["ТБ1","ТБ5","ТБ7","ТБ74"],"terminus":0,"mode":"bus","color":"#149a3f","colorDark":"#0a5121","angle":65.6,"snapDist":4,"label":0}},{"type":"Feature","geometry":{"type":"Point","coordinates":[23.309972,42.699172]},"properties":{"name":"бул. Ал. Стамболийски","lines":"ТБ1, ТБ5, ТБ7, ТБ74","arr":["ТБ1","ТБ5","ТБ7","ТБ74"],"terminus":0,"mode":"bus","color":"#149a3f","colorDark":"#0a5121","angle":101.5,"snapDist":6,"label":1}},{"type":"Feature","geometry":{"type":"Point","coordinates":[23.310732,42.701812]},"properties":{"name":"ул. Пиротска","lines":"ТБ1, ТБ5, ТБ7, ТБ60, ТБ74","arr":["ТБ1","ТБ5","ТБ7","ТБ60","ТБ74"],"terminus":1,"mode":"bus","color":"#149a3f","colorDark":"#0a5121","angle":101,"snapDist":3,"label":1}},{"type":"Feature","geometry":{"type":"Point","coordinates":[23.311459,42.704687]},"properties":{"name":"ул. Св.Св. Кирил и Методий","lines":"ТБ1, ТБ5, ТБ74","arr":["ТБ1","ТБ5","ТБ74"],"terminus":0,"mode":"bus","color":"#149a3f","colorDark":"#0a5121","angle":103,"snapDist":5,"label":1}},{"type":"Feature","geometry":{"type":"Point","coordinates":[23.312486,42.708452]},"properties":{"name":"ул. Охрид","lines":"ТБ1, ТБ5","arr":["ТБ1","ТБ5"],"terminus":0,"mode":"bus","color":"#149a3f","colorDark":"#0a5121","angle":17.1,"snapDist":3,"label":0}},{"type":"Feature","geometry":{"type":"Point","coordinates":[23.310325,42.711149]},"properties":{"name":"бул. ген.Н.Столетов","lines":"ТБ1","arr":["ТБ1"],"terminus":0,"mode":"bus","color":"#149a3f","colorDark":"#0a5121","angle":150.6,"snapDist":9,"label":0}},{"type":"Feature","geometry":{"type":"Point","coordinates":[23.312616,42.712229]},"properties":{"name":"Пета градска болница","lines":"ТБ1","arr":["ТБ1"],"terminus":1,"mode":"bus","color":"#149a3f","colorDark":"#0a5121","angle":117.7,"snapDist":4,"label":1}},{"type":"Feature","geometry":{"type":"Point","coordinates":[23.313281,42.713195]},"properties":{"name":"Пета градска болница","lines":"ТБ1","arr":["ТБ1"],"terminus":1,"mode":"bus","color":"#149a3f","colorDark":"#0a5121","angle":118.5,"snapDist":9,"label":0}},{"type":"Feature","geometry":{"type":"Point","coordinates":[23.314924,42.712581]},"properties":{"name":"бул. Княгиня Мария Луиза","lines":"ТБ1, ТБ5, ТБ60","arr":["ТБ1","ТБ5","ТБ60"],"terminus":0,"mode":"bus","color":"#149a3f","colorDark":"#0a5121","angle":293.1,"snapDist":6,"label":0}},{"type":"Feature","geometry":{"type":"Point","coordinates":[23.313238,42.708732]},"properties":{"name":"ул. Охрид","lines":"ТБ1, ТБ5, ТБ60","arr":["ТБ1","ТБ5","ТБ60"],"terminus":0,"mode":"bus","color":"#149a3f","colorDark":"#0a5121","angle":287.5,"snapDist":6,"label":0}},{"type":"Feature","geometry":{"type":"Point","coordinates":[23.31142,42.70501]},"properties":{"name":"ул. Св.Св. Кирил и Методий","lines":"ТБ1, ТБ5, ТБ7, ТБ60, ТБ74","arr":["ТБ1","ТБ5","ТБ7","ТБ60","ТБ74"],"terminus":0,"mode":"bus","color":"#149a3f","colorDark":"#0a5121","angle":287.2,"snapDist":4,"label":0}},{"type":"Feature","geometry":{"type":"Point","coordinates":[23.31046,42.701352]},"properties":{"name":"ул. Пиротска","lines":"ТБ1, ТБ5, ТБ7, ТБ60, ТБ74","arr":["ТБ1","ТБ5","ТБ7","ТБ60","ТБ74"],"terminus":0,"mode":"bus","color":"#149a3f","colorDark":"#0a5121","angle":281.9,"snapDist":6,"label":0}},{"type":"Feature","geometry":{"type":"Point","coordinates":[23.309511,42.698006]},"properties":{"name":"бул. Ал. Стамболийски","lines":"ТБ1, ТБ5, ТБ7, ТБ74","arr":["ТБ1","ТБ5","ТБ7","ТБ74"],"terminus":0,"mode":"bus","color":"#149a3f","colorDark":"#0a5121","angle":281.9,"snapDist":6,"label":0}},{"type":"Feature","geometry":{"type":"Point","coordinates":[23.310028,42.692778]},"properties":{"name":"пл. Руски паметник","lines":"ТБ1, ТБ5, ТБ7, ТБ74","arr":["ТБ1","ТБ5","ТБ7","ТБ74"],"terminus":0,"mode":"bus","color":"#149a3f","colorDark":"#0a5121","angle":245.7,"snapDist":5,"label":0}},{"type":"Feature","geometry":{"type":"Point","coordinates":[23.311237,42.691613]},"properties":{"name":"пл. Руски паметник","lines":"ТБ1, ТБ5, ТБ7","arr":["ТБ1","ТБ5","ТБ7"],"terminus":0,"mode":"bus","color":"#149a3f","colorDark":"#0a5121","angle":227.4,"snapDist":10,"label":0}},{"type":"Feature","geometry":{"type":"Point","coordinates":[23.314826,42.68881]},"properties":{"name":"бул. Прага","lines":"ТБ1, ТБ2, ТБ5, ТБ7, ТБ8, ТБ9","arr":["ТБ1","ТБ2","ТБ5","ТБ7","ТБ8","ТБ9"],"terminus":0,"mode":"bus","color":"#149a3f","colorDark":"#0a5121","angle":240.8,"snapDist":3,"label":0}},{"type":"Feature","geometry":{"type":"Point","coordinates":[23.319377,42.685954]},"properties":{"name":"Национален дворец на културата","lines":"ТБ1, ТБ2, ТБ5, ТБ7, ТБ8, ТБ9","arr":["ТБ1","ТБ2","ТБ5","ТБ7","ТБ8","ТБ9"],"terminus":0,"mode":"bus","color":"#149a3f","colorDark":"#0a5121","angle":188.2,"snapDist":3,"label":1}},{"type":"Feature","geometry":{"type":"Point","coordinates":[23.324227,42.686613]},"properties":{"name":"ул. 6-ти септември","lines":"ТБ1, ТБ2, ТБ5, ТБ6, ТБ7, ТБ8","arr":["ТБ1","ТБ2","ТБ5","ТБ6","ТБ7","ТБ8"],"terminus":0,"mode":"bus","color":"#149a3f","colorDark":"#0a5121","angle":161.5,"snapDist":9,"label":0}},{"type":"Feature","geometry":{"type":"Point","coordinates":[23.329555,42.688645]},"properties":{"name":"Кино Одеон","lines":"ТБ1, ТБ2, ТБ5, ТБ6, ТБ8","arr":["ТБ1","ТБ2","ТБ5","ТБ6","ТБ8"],"terminus":0,"mode":"bus","color":"#149a3f","colorDark":"#0a5121","angle":132.3,"snapDist":8,"label":0}},{"type":"Feature","geometry":{"type":"Point","coordinates":[23.332014,42.690647]},"properties":{"name":"ул. ген. Гурко","lines":"ТБ1, ТБ2, ТБ5, ТБ6, ТБ8","arr":["ТБ1","ТБ2","ТБ5","ТБ6","ТБ8"],"terminus":1,"mode":"bus","color":"#149a3f","colorDark":"#0a5121","angle":131.8,"snapDist":8,"label":0}},{"type":"Feature","geometry":{"type":"Point","coordinates":[23.33482,42.694922]},"properties":{"name":"СУ Св.Климент Охридски","lines":"ТБ1, ТБ2, ТБ3, ТБ4, ТБ6, ТБ8, ТБ11","arr":["ТБ1","ТБ2","ТБ3","ТБ4","ТБ6","ТБ8","ТБ11"],"terminus":0,"mode":"bus","color":"#149a3f","colorDark":"#0a5121","angle":101.5,"snapDist":10,"label":0}},{"type":"Feature","geometry":{"type":"Point","coordinates":[23.334914,42.698121]},"properties":{"name":"пл. Васил Левски","lines":"ТБ1, ТБ2, ТБ3, ТБ4, ТБ6, ТБ8, ТБ11","arr":["ТБ1","ТБ2","ТБ3","ТБ4","ТБ6","ТБ8","ТБ11"],"terminus":0,"mode":"bus","color":"#149a3f","colorDark":"#0a5121","angle":77.5,"snapDist":5,"label":0}},{"type":"Feature","geometry":{"type":"Point","coordinates":[23.339153,42.699122]},"properties":{"name":"ул. Бяло море","lines":"ТБ1, ТБ2, ТБ3, ТБ4","arr":["ТБ1","ТБ2","ТБ3","ТБ4"],"terminus":0,"mode":"bus","color":"#149a3f","colorDark":"#0a5121","angle":172.4,"snapDist":8,"label":0}},{"type":"Feature","geometry":{"type":"Point","coordinates":[23.345989,42.700527]},"properties":{"name":"Моста Чавдар","lines":"ТБ1, ТБ2, ТБ3, ТБ4","arr":["ТБ1","ТБ2","ТБ3","ТБ4"],"terminus":0,"mode":"bus","color":"#149a3f","colorDark":"#0a5121","angle":145.3,"snapDist":8,"label":0}},{"type":"Feature","geometry":{"type":"Point","coordinates":[23.352286,42.702547]},"properties":{"name":"Метростанция Хаджи Димитър","lines":"ТБ1, ТБ2, ТБ3, ТБ4","arr":["ТБ1","ТБ2","ТБ3","ТБ4"],"terminus":0,"mode":"bus","color":"#149a3f","colorDark":"#0a5121","angle":147.3,"snapDist":5,"label":0}},{"type":"Feature","geometry":{"type":"Point","coordinates":[23.354512,42.703489]},"properties":{"name":"Метростанция Хаджи Димитър","lines":"ТБ1, ТБ3","arr":["ТБ1","ТБ3"],"terminus":0,"mode":"bus","color":"#149a3f","colorDark":"#0a5121","angle":154.5,"snapDist":8,"label":0}},{"type":"Feature","geometry":{"type":"Point","coordinates":[23.359784,42.705359]},"properties":{"name":"ул. Васил Кънчев","lines":"ТБ1, ТБ3","arr":["ТБ1","ТБ3"],"terminus":0,"mode":"bus","color":"#149a3f","colorDark":"#0a5121","angle":152.8,"snapDist":10,"label":0}},{"type":"Feature","geometry":{"type":"Point","coordinates":[23.364362,42.707689]},"properties":{"name":"Стадион Г. Аспарухов","lines":"ТБ1, ТБ3","arr":["ТБ1","ТБ3"],"terminus":0,"mode":"bus","color":"#149a3f","colorDark":"#0a5121","angle":139.5,"snapDist":9,"label":0}},{"type":"Feature","geometry":{"type":"Point","coordinates":[23.369679,42.708482]},"properties":{"name":"ул. Витиня","lines":"ТБ1, ТБ3","arr":["ТБ1","ТБ3"],"terminus":0,"mode":"bus","color":"#149a3f","colorDark":"#0a5121","angle":184.7,"snapDist":7,"label":0}},{"type":"Feature","geometry":{"type":"Point","coordinates":[23.371136,42.710216]},"properties":{"name":"ул. Бесарабия","lines":"ТБ1, ТБ3","arr":["ТБ1","ТБ3"],"terminus":0,"mode":"bus","color":"#149a3f","colorDark":"#0a5121","angle":63.5,"snapDist":3,"label":0}},{"type":"Feature","geometry":{"type":"Point","coordinates":[23.349089,42.710151]},"properties":{"name":"ж.к. Хаджи Димитър","lines":"ТБ2, ТБ4","arr":["ТБ2","ТБ4"],"terminus":1,"mode":"bus","color":"#149a3f","colorDark":"#0a5121","angle":255,"snapDist":3,"label":1}},{"type":"Feature","geometry":{"type":"Point","coordinates":[23.347006,42.706441]},"properties":{"name":"ул. Уошбърн","lines":"ТБ2, ТБ4","arr":["ТБ2","ТБ4"],"terminus":0,"mode":"bus","color":"#149a3f","colorDark":"#0a5121","angle":277.2,"snapDist":2,"label":0}},{"type":"Feature","geometry":{"type":"Point","coordinates":[23.347076,42.703825]},"properties":{"name":"ул. Панайот Хитов","lines":"ТБ2, ТБ4","arr":["ТБ2","ТБ4"],"terminus":0,"mode":"bus","color":"#149a3f","colorDark":"#0a5121","angle":192.9,"snapDist":3,"label":1}},{"type":"Feature","geometry":{"type":"Point","coordinates":[23.351281,42.703072]},"properties":{"name":"ул. Макгахан","lines":"ТБ2, ТБ4","arr":["ТБ2","ТБ4"],"terminus":0,"mode":"bus","color":"#149a3f","colorDark":"#0a5121","angle":192.4,"snapDist":4,"label":1}},{"type":"Feature","geometry":{"type":"Point","coordinates":[23.313376,42.689045]},"properties":{"name":"бул. Прага","lines":"ТБ2, ТБ8, ТБ9","arr":["ТБ2","ТБ8","ТБ9"],"terminus":0,"mode":"bus","color":"#149a3f","colorDark":"#0a5121","angle":316,"snapDist":9,"label":0}},{"type":"Feature","geometry":{"type":"Point","coordinates":[23.310884,42.687318]},"properties":{"name":"бул. Пенчо Славейков","lines":"ТБ2, ТБ8, ТБ9","arr":["ТБ2","ТБ8","ТБ9"],"terminus":0,"mode":"bus","color":"#149a3f","colorDark":"#0a5121","angle":317.5,"snapDist":10,"label":0}},{"type":"Feature","geometry":{"type":"Point","coordinates":[23.306339,42.685796]},"properties":{"name":"УМБАЛ Александровска","lines":"ТБ2, ТБ8, ТБ9","arr":["ТБ2","ТБ8","ТБ9"],"terminus":0,"mode":"bus","color":"#149a3f","colorDark":"#0a5121","angle":340.7,"snapDist":8,"label":0}},{"type":"Feature","geometry":{"type":"Point","coordinates":[23.302089,42.684673]},"properties":{"name":"ВМА","lines":"ТБ2, ТБ8, ТБ9","arr":["ТБ2","ТБ8","ТБ9"],"terminus":0,"mode":"bus","color":"#149a3f","colorDark":"#0a5121","angle":340.2,"snapDist":7,"label":0}},{"type":"Feature","geometry":{"type":"Point","coordinates":[23.301554,42.681835]},"properties":{"name":"Център по хигиена","lines":"ТБ2, ТБ8, ТБ9, ТБ74","arr":["ТБ2","ТБ8","ТБ9","ТБ74"],"terminus":0,"mode":"bus","color":"#149a3f","colorDark":"#0a5121","angle":257,"snapDist":6,"label":0}},{"type":"Feature","geometry":{"type":"Point","coordinates":[23.301333,42.679325]},"properties":{"name":"бул. акад. Ив. Ев. Гешов","lines":"ТБ2, ТБ9","arr":["ТБ2","ТБ9"],"terminus":0,"mode":"bus","color":"#149a3f","colorDark":"#0a5121","angle":346.8,"snapDist":3,"label":1}},{"type":"Feature","geometry":{"type":"Point","coordinates":[23.297829,42.678329]},"properties":{"name":"пл. Ручей","lines":"ТБ2, ТБ9","arr":["ТБ2","ТБ9"],"terminus":0,"mode":"bus","color":"#149a3f","colorDark":"#0a5121","angle":334.4,"snapDist":5,"label":0}},{"type":"Feature","geometry":{"type":"Point","coordinates":[23.290806,42.678296]},"properties":{"name":"ул. Дойран","lines":"ТБ2, ТБ9","arr":["ТБ2","ТБ9"],"terminus":0,"mode":"bus","color":"#149a3f","colorDark":"#0a5121","angle":305,"snapDist":10,"label":1}},{"type":"Feature","geometry":{"type":"Point","coordinates":[23.288064,42.675382]},"properties":{"name":"бул. Гоце Делчев","lines":"ТБ2, ТБ9","arr":["ТБ2","ТБ9"],"terminus":0,"mode":"bus","color":"#149a3f","colorDark":"#0a5121","angle":304.5,"snapDist":10,"label":0}},{"type":"Feature","geometry":{"type":"Point","coordinates":[23.28589,42.673411]},"properties":{"name":"36-то СОУ","lines":"ТБ2, ТБ9","arr":["ТБ2","ТБ9"],"terminus":0,"mode":"bus","color":"#149a3f","colorDark":"#0a5121","angle":44.3,"snapDist":9,"label":0}},{"type":"Feature","geometry":{"type":"Point","coordinates":[23.282456,42.670904]},"properties":{"name":"20-ти ДКЦ","lines":"ТБ2, ТБ9","arr":["ТБ2","ТБ9"],"terminus":0,"mode":"bus","color":"#149a3f","colorDark":"#0a5121","angle":316.5,"snapDist":11,"label":0}},{"type":"Feature","geometry":{"type":"Point","coordinates":[23.279728,42.668759]},"properties":{"name":"бл. 214 ж.к. Борово","lines":"ТБ2","arr":["ТБ2"],"terminus":0,"mode":"bus","color":"#149a3f","colorDark":"#0a5121","angle":305.1,"snapDist":9,"label":0}},{"type":"Feature","geometry":{"type":"Point","coordinates":[23.276481,42.668618]},"properties":{"name":"ул. Т. Каблешков","lines":"ТБ2","arr":["ТБ2"],"terminus":0,"mode":"bus","color":"#149a3f","colorDark":"#0a5121","angle":280.4,"snapDist":4,"label":0}},{"type":"Feature","geometry":{"type":"Point","coordinates":[23.274983,42.664721]},"properties":{"name":"ул. Вихрен","lines":"ТБ2","arr":["ТБ2"],"terminus":0,"mode":"bus","color":"#149a3f","colorDark":"#0a5121","angle":288.1,"snapDist":4,"label":0}},{"type":"Feature","geometry":{"type":"Point","coordinates":[23.273587,42.661648]},"properties":{"name":"Параклис Св.Ив.Рилски","lines":"ТБ2","arr":["ТБ2"],"terminus":0,"mode":"bus","color":"#149a3f","colorDark":"#0a5121","angle":288.9,"snapDist":4,"label":0}},{"type":"Feature","geometry":{"type":"Point","coordinates":[23.272824,42.658515]},"properties":{"name":"ж.к. Бъкстон","lines":"ТБ2","arr":["ТБ2"],"terminus":1,"mode":"bus","color":"#149a3f","colorDark":"#0a5121","angle":190.5,"snapDist":6,"label":0}},{"type":"Feature","geometry":{"type":"Point","coordinates":[23.272778,42.659273]},"properties":{"name":"ж.к. Бъкстон","lines":"ТБ2","arr":["ТБ2"],"terminus":1,"mode":"bus","color":"#149a3f","colorDark":"#0a5121","angle":55.1,"snapDist":4,"label":0}},{"type":"Feature","geometry":{"type":"Point","coordinates":[23.273648,42.661781]},"properties":{"name":"Параклис Св.Ив.Рилски","lines":"ТБ2, ТБ801","arr":["ТБ2","ТБ801"],"terminus":0,"mode":"bus","color":"#149a3f","colorDark":"#0a5121","angle":108.8,"snapDist":5,"label":0}},{"type":"Feature","geometry":{"type":"Point","coordinates":[23.275251,42.665323]},"properties":{"name":"ул. Вихрен","lines":"ТБ2","arr":["ТБ2"],"terminus":0,"mode":"bus","color":"#149a3f","colorDark":"#0a5121","angle":108.1,"snapDist":5,"label":0}},{"type":"Feature","geometry":{"type":"Point","coordinates":[23.277422,42.669301]},"properties":{"name":"ул. Т. Каблешков","lines":"ТБ2, ТБ73","arr":["ТБ2","ТБ73"],"terminus":0,"mode":"bus","color":"#149a3f","colorDark":"#0a5121","angle":209.4,"snapDist":7,"label":0}},{"type":"Feature","geometry":{"type":"Point","coordinates":[23.280088,42.669134]},"properties":{"name":"бл. 214 ж.к. Борово","lines":"ТБ2","arr":["ТБ2"],"terminus":0,"mode":"bus","color":"#149a3f","colorDark":"#0a5121","angle":126.1,"snapDist":6,"label":0}},{"type":"Feature","geometry":{"type":"Point","coordinates":[23.283601,42.671702]},"properties":{"name":"20-ти ДКЦ","lines":"ТБ2, ТБ9","arr":["ТБ2","ТБ9"],"terminus":0,"mode":"bus","color":"#149a3f","colorDark":"#0a5121","angle":136.4,"snapDist":9,"label":0}},{"type":"Feature","geometry":{"type":"Point","coordinates":[23.287115,42.674356]},"properties":{"name":"36-то СОУ","lines":"ТБ2, ТБ9","arr":["ТБ2","ТБ9"],"terminus":0,"mode":"bus","color":"#149a3f","colorDark":"#0a5121","angle":124.9,"snapDist":9,"label":0}},{"type":"Feature","geometry":{"type":"Point","coordinates":[23.289185,42.676578]},"properties":{"name":"бул. Гоце Делчев","lines":"ТБ2, ТБ9","arr":["ТБ2","ТБ9"],"terminus":0,"mode":"bus","color":"#149a3f","colorDark":"#0a5121","angle":124.7,"snapDist":9,"label":0}},{"type":"Feature","geometry":{"type":"Point","coordinates":[23.292225,42.678689]},"properties":{"name":"ул. Дойран","lines":"ТБ2, ТБ9","arr":["ТБ2","ТБ9"],"terminus":0,"mode":"bus","color":"#149a3f","colorDark":"#0a5121","angle":197.1,"snapDist":6,"label":0}},{"type":"Feature","geometry":{"type":"Point","coordinates":[23.298331,42.678308]},"properties":{"name":"пл. Ручей","lines":"ТБ2, ТБ9","arr":["ТБ2","ТБ9"],"terminus":0,"mode":"bus","color":"#149a3f","colorDark":"#0a5121","angle":138.5,"snapDist":5,"label":0}},{"type":"Feature","geometry":{"type":"Point","coordinates":[23.301887,42.679426]},"properties":{"name":"бул. акад. Ив. Ев. Гешов","lines":"ТБ2, ТБ9","arr":["ТБ2","ТБ9"],"terminus":0,"mode":"bus","color":"#149a3f","colorDark":"#0a5121","angle":165,"snapDist":4,"label":0}},{"type":"Feature","geometry":{"type":"Point","coordinates":[23.301684,42.682627]},"properties":{"name":"Център по хигиена","lines":"ТБ2, ТБ8, ТБ9, ТБ74","arr":["ТБ2","ТБ8","ТБ9","ТБ74"],"terminus":0,"mode":"bus","color":"#149a3f","colorDark":"#0a5121","angle":77.5,"snapDist":3,"label":0}},{"type":"Feature","geometry":{"type":"Point","coordinates":[23.302919,42.684889]},"properties":{"name":"ВМА","lines":"ТБ2, ТБ8, ТБ9","arr":["ТБ2","ТБ8","ТБ9"],"terminus":0,"mode":"bus","color":"#149a3f","colorDark":"#0a5121","angle":160.4,"snapDist":7,"label":0}},{"type":"Feature","geometry":{"type":"Point","coordinates":[23.308262,42.686296]},"properties":{"name":"УМБАЛ Александровска","lines":"ТБ2, ТБ8, ТБ9","arr":["ТБ2","ТБ8","ТБ9"],"terminus":0,"mode":"bus","color":"#149a3f","colorDark":"#0a5121","angle":160.7,"snapDist":2,"label":0}},{"type":"Feature","geometry":{"type":"Point","coordinates":[23.311033,42.687418]},"properties":{"name":"бул. Пенчо Славейков","lines":"ТБ2, ТБ8, ТБ9","arr":["ТБ2","ТБ8","ТБ9"],"terminus":0,"mode":"bus","color":"#149a3f","colorDark":"#0a5121","angle":137.5,"snapDist":8,"label":0}},{"type":"Feature","geometry":{"type":"Point","coordinates":[23.352409,42.704232]},"properties":{"name":"ул. Острово","lines":"ТБ2, ТБ4","arr":["ТБ2","ТБ4"],"terminus":0,"mode":"bus","color":"#149a3f","colorDark":"#0a5121","angle":49.2,"snapDist":7,"label":0}},{"type":"Feature","geometry":{"type":"Point","coordinates":[23.350733,42.706313]},"properties":{"name":"ул. Макгахан","lines":"ТБ2, ТБ4","arr":["ТБ2","ТБ4"],"terminus":0,"mode":"bus","color":"#149a3f","colorDark":"#0a5121","angle":85.2,"snapDist":11,"label":0}},{"type":"Feature","geometry":{"type":"Point","coordinates":[23.349539,42.710351]},"properties":{"name":"ж.к. Хаджи Димитър","lines":"ТБ2, ТБ4","arr":["ТБ2","ТБ4"],"terminus":1,"mode":"bus","color":"#149a3f","colorDark":"#0a5121","angle":345.2,"snapDist":4,"label":0}},{"type":"Feature","geometry":{"type":"Point","coordinates":[23.374056,42.660171]},"properties":{"name":"УМБАЛ Св. Анна-ухо","lines":"ТБ3, ТБ5, ТБ73","arr":["ТБ3","ТБ5","ТБ73"],"terminus":1,"mode":"bus","color":"#149a3f","colorDark":"#0a5121","angle":45,"snapDist":4,"label":1}},{"type":"Feature","geometry":{"type":"Point","coordinates":[23.37552,42.66214]},"properties":{"name":"УМБАЛ Св. Анна","lines":"ТБ3, ТБ5, ТБ73","arr":["ТБ3","ТБ5","ТБ73"],"terminus":0,"mode":"bus","color":"#149a3f","colorDark":"#0a5121","angle":134,"snapDist":6,"label":0}},{"type":"Feature","geometry":{"type":"Point","coordinates":[23.371557,42.665864]},"properties":{"name":"София Тех парк","lines":"ТБ3, ТБ5, ТБ73","arr":["ТБ3","ТБ5","ТБ73"],"terminus":0,"mode":"bus","color":"#149a3f","colorDark":"#0a5121","angle":43.3,"snapDist":9,"label":0}},{"type":"Feature","geometry":{"type":"Point","coordinates":[23.368479,42.669616]},"properties":{"name":"Площад на авиацията","lines":"ТБ3, ТБ5, ТБ73","arr":["ТБ3","ТБ5","ТБ73"],"terminus":0,"mode":"bus","color":"#149a3f","colorDark":"#0a5121","angle":32.2,"snapDist":6,"label":0}},{"type":"Feature","geometry":{"type":"Point","coordinates":[23.363934,42.672029]},"properties":{"name":"ж.к. Изток","lines":"ТБ3, ТБ4, ТБ5, ТБ11","arr":["ТБ3","ТБ4","ТБ5","ТБ11"],"terminus":0,"mode":"bus","color":"#149a3f","colorDark":"#0a5121","angle":42.8,"snapDist":5,"label":0}},{"type":"Feature","geometry":{"type":"Point","coordinates":[23.358828,42.675508]},"properties":{"name":"Хотел Плиска","lines":"ТБ3, ТБ4, ТБ5, ТБ11, ТБ73","arr":["ТБ3","ТБ4","ТБ5","ТБ11","ТБ73"],"terminus":0,"mode":"bus","color":"#149a3f","colorDark":"#0a5121","angle":44.2,"snapDist":8,"label":0}},{"type":"Feature","geometry":{"type":"Point","coordinates":[23.355759,42.677696]},"properties":{"name":"ул. Александър Жендов","lines":"ТБ3, ТБ4, ТБ5, ТБ11","arr":["ТБ3","ТБ4","ТБ5","ТБ11"],"terminus":0,"mode":"bus","color":"#149a3f","colorDark":"#0a5121","angle":44.3,"snapDist":8,"label":0}},{"type":"Feature","geometry":{"type":"Point","coordinates":[23.348276,42.683054]},"properties":{"name":"бул. Пейо Яворов","lines":"ТБ3, ТБ4, ТБ5, ТБ11","arr":["ТБ3","ТБ4","ТБ5","ТБ11"],"terminus":0,"mode":"bus","color":"#149a3f","colorDark":"#0a5121","angle":43.4,"snapDist":5,"label":0}},{"type":"Feature","geometry":{"type":"Point","coordinates":[23.344183,42.685887]},"properties":{"name":"Българска телеграфна агенция","lines":"ТБ3, ТБ4, ТБ5, ТБ11","arr":["ТБ3","ТБ4","ТБ5","ТБ11"],"terminus":0,"mode":"bus","color":"#149a3f","colorDark":"#0a5121","angle":43.6,"snapDist":9,"label":0}},{"type":"Feature","geometry":{"type":"Point","coordinates":[23.338731,42.689627]},"properties":{"name":"пл. Орлов мост","lines":"ТБ3, ТБ4, ТБ5, ТБ11","arr":["ТБ3","ТБ4","ТБ5","ТБ11"],"terminus":0,"mode":"bus","color":"#149a3f","colorDark":"#0a5121","angle":45.1,"snapDist":15,"label":0}},{"type":"Feature","geometry":{"type":"Point","coordinates":[23.377848,42.709873]},"properties":{"name":"ж.к. Левски-В","lines":"ТБ3","arr":["ТБ3"],"terminus":0,"mode":"bus","color":"#149a3f","colorDark":"#0a5121","angle":165.1,"snapDist":5,"label":0}},{"type":"Feature","geometry":{"type":"Point","coordinates":[23.382967,42.710647]},"properties":{"name":"ул. Поп Груйо","lines":"ТБ3","arr":["ТБ3"],"terminus":0,"mode":"bus","color":"#149a3f","colorDark":"#0a5121","angle":3.8,"snapDist":10,"label":0}},{"type":"Feature","geometry":{"type":"Point","coordinates":[23.386197,42.710306]},"properties":{"name":"ул. Ст. Доспевски","lines":"ТБ3","arr":["ТБ3"],"terminus":0,"mode":"bus","color":"#149a3f","colorDark":"#0a5121","angle":188.9,"snapDist":5,"label":1}},{"type":"Feature","geometry":{"type":"Point","coordinates":[23.388024,42.712099]},"properties":{"name":"ж.к. Левски Г","lines":"ТБ3","arr":["ТБ3"],"terminus":1,"mode":"bus","color":"#149a3f","colorDark":"#0a5121","angle":62.8,"snapDist":3,"label":0}},{"type":"Feature","geometry":{"type":"Point","coordinates":[23.369529,42.670034]},"properties":{"name":"Площад на авиацията","lines":"ТБ3, ТБ4, ТБ5, ТБ11, ТБ123, ТБ288, ТБE186","arr":["ТБ3","ТБ4","ТБ5","ТБ11","ТБ123","ТБ288","ТБE186"],"terminus":1,"mode":"bus","color":"#149a3f","colorDark":"#0a5121","angle":128.5,"snapDist":6,"label":1}},{"type":"Feature","geometry":{"type":"Point","coordinates":[23.335355,42.692243]},"properties":{"name":"СУ Св.Климент Охридски","lines":"ТБ3, ТБ4, ТБ5, ТБ11","arr":["ТБ3","ТБ4","ТБ5","ТБ11"],"terminus":0,"mode":"bus","color":"#149a3f","colorDark":"#0a5121","angle":229.1,"snapDist":7,"label":0}},{"type":"Feature","geometry":{"type":"Point","coordinates":[23.339013,42.689408]},"properties":{"name":"пл. Орлов мост","lines":"ТБ3, ТБ4, ТБ5, ТБ11","arr":["ТБ3","ТБ4","ТБ5","ТБ11"],"terminus":0,"mode":"bus","color":"#149a3f","colorDark":"#0a5121","angle":230.2,"snapDist":12,"label":0}},{"type":"Feature","geometry":{"type":"Point","coordinates":[23.344011,42.68586]},"properties":{"name":"Българска телеграфна агенция","lines":"ТБ3, ТБ4, ТБ5, ТБ11","arr":["ТБ3","ТБ4","ТБ5","ТБ11"],"terminus":0,"mode":"bus","color":"#149a3f","colorDark":"#0a5121","angle":223.5,"snapDist":8,"label":0}},{"type":"Feature","geometry":{"type":"Point","coordinates":[23.348954,42.68238]},"properties":{"name":"бул. Пейо Яворов","lines":"ТБ3, ТБ4, ТБ5, ТБ11","arr":["ТБ3","ТБ4","ТБ5","ТБ11"],"terminus":0,"mode":"bus","color":"#149a3f","colorDark":"#0a5121","angle":224.2,"snapDist":8,"label":0}},{"type":"Feature","geometry":{"type":"Point","coordinates":[23.355968,42.677377]},"properties":{"name":"ул. Александър Жендов","lines":"ТБ3, ТБ4, ТБ5, ТБ11","arr":["ТБ3","ТБ4","ТБ5","ТБ11"],"terminus":0,"mode":"bus","color":"#149a3f","colorDark":"#0a5121","angle":224.3,"snapDist":7,"label":0}},{"type":"Feature","geometry":{"type":"Point","coordinates":[23.35921,42.675065]},"properties":{"name":"Хотел Плиска","lines":"ТБ3, ТБ4, ТБ5, ТБ11, ТБ73","arr":["ТБ3","ТБ4","ТБ5","ТБ11","ТБ73"],"terminus":0,"mode":"bus","color":"#149a3f","colorDark":"#0a5121","angle":224.1,"snapDist":7,"label":0}},{"type":"Feature","geometry":{"type":"Point","coordinates":[23.36411,42.671558]},"properties":{"name":"ж.к. Изток","lines":"ТБ3, ТБ4, ТБ5, ТБ11","arr":["ТБ3","ТБ4","ТБ5","ТБ11"],"terminus":0,"mode":"bus","color":"#149a3f","colorDark":"#0a5121","angle":223,"snapDist":7,"label":0}},{"type":"Feature","geometry":{"type":"Point","coordinates":[23.367276,42.668372]},"properties":{"name":"Площад на авиацията","lines":"ТБ3, ТБ4, ТБ5, ТБ11, ТБE186","arr":["ТБ3","ТБ4","ТБ5","ТБ11","ТБE186"],"terminus":0,"mode":"bus","color":"#149a3f","colorDark":"#0a5121","angle":219.3,"snapDist":5,"label":0}},{"type":"Feature","geometry":{"type":"Point","coordinates":[23.371925,42.665613]},"properties":{"name":"София Тех парк","lines":"ТБ3, ТБ5","arr":["ТБ3","ТБ5"],"terminus":0,"mode":"bus","color":"#149a3f","colorDark":"#0a5121","angle":222.7,"snapDist":10,"label":0}},{"type":"Feature","geometry":{"type":"Point","coordinates":[23.375232,42.661925]},"properties":{"name":"УМБАЛ Св. Анна","lines":"ТБ3, ТБ5","arr":["ТБ3","ТБ5"],"terminus":0,"mode":"bus","color":"#149a3f","colorDark":"#0a5121","angle":314.7,"snapDist":2,"label":0}},{"type":"Feature","geometry":{"type":"Point","coordinates":[23.374098,42.659948]},"properties":{"name":"УМБАЛ Св. Анна-ухо","lines":"ТБ3, ТБ5","arr":["ТБ3","ТБ5"],"terminus":1,"mode":"bus","color":"#149a3f","colorDark":"#0a5121","angle":226.4,"snapDist":2,"label":0}},{"type":"Feature","geometry":{"type":"Point","coordinates":[23.371651,42.671654]},"properties":{"name":"Спортна зала Арена Армеец","lines":"ТБ4, ТБ11, ТБ123, ТБ288, ТБE186","arr":["ТБ4","ТБ11","ТБ123","ТБ288","ТБE186"],"terminus":0,"mode":"bus","color":"#149a3f","colorDark":"#0a5121","angle":135,"snapDist":5,"label":0}},{"type":"Feature","geometry":{"type":"Point","coordinates":[23.376848,42.674829]},"properties":{"name":"СК ЦСКА","lines":"ТБ4, ТБ11","arr":["ТБ4","ТБ11"],"terminus":0,"mode":"bus","color":"#149a3f","colorDark":"#0a5121","angle":193.4,"snapDist":5,"label":0}},{"type":"Feature","geometry":{"type":"Point","coordinates":[23.382589,42.67381]},"properties":{"name":"бул. проф.Цв. Лазаров","lines":"ТБ4, ТБ11","arr":["ТБ4","ТБ11"],"terminus":1,"mode":"bus","color":"#149a3f","colorDark":"#0a5121","angle":189.3,"snapDist":7,"label":1}},{"type":"Feature","geometry":{"type":"Point","coordinates":[23.416241,42.640063]},"properties":{"name":"ж.к. Дружба-2","lines":"ТБ4","arr":["ТБ4"],"terminus":1,"mode":"bus","color":"#149a3f","colorDark":"#0a5121","angle":357.7,"snapDist":4,"label":0}},{"type":"Feature","geometry":{"type":"Point","coordinates":[23.413096,42.640348]},"properties":{"name":"ул. Димитър Пешев","lines":"ТБ4","arr":["ТБ4"],"terminus":0,"mode":"bus","color":"#149a3f","colorDark":"#0a5121","angle":359.5,"snapDist":7,"label":0}},{"type":"Feature","geometry":{"type":"Point","coordinates":[23.409043,42.641612]},"properties":{"name":"Хипермаркет Практикер","lines":"ТБ4","arr":["ТБ4"],"terminus":0,"mode":"bus","color":"#149a3f","colorDark":"#0a5121","angle":31.5,"snapDist":6,"label":0}},{"type":"Feature","geometry":{"type":"Point","coordinates":[23.406852,42.642588]},"properties":{"name":"бл. 405 ж.к. Дружба-2","lines":"ТБ4","arr":["ТБ4"],"terminus":0,"mode":"bus","color":"#149a3f","colorDark":"#0a5121","angle":31.1,"snapDist":5,"label":0}},{"type":"Feature","geometry":{"type":"Point","coordinates":[23.404877,42.645367]},"properties":{"name":"163-то ОУ","lines":"ТБ4","arr":["ТБ4"],"terminus":0,"mode":"bus","color":"#149a3f","colorDark":"#0a5121","angle":89.8,"snapDist":4,"label":0}},{"type":"Feature","geometry":{"type":"Point","coordinates":[23.404459,42.64876]},"properties":{"name":"ул. Обиколна","lines":"ТБ4","arr":["ТБ4"],"terminus":0,"mode":"bus","color":"#149a3f","colorDark":"#0a5121","angle":112.5,"snapDist":4,"label":0}},{"type":"Feature","geometry":{"type":"Point","coordinates":[23.403825,42.652662]},"properties":{"name":"бл. 255 ж.к. Дружба-2","lines":"ТБ4","arr":["ТБ4"],"terminus":0,"mode":"bus","color":"#149a3f","colorDark":"#0a5121","angle":43.1,"snapDist":10,"label":0}},{"type":"Feature","geometry":{"type":"Point","coordinates":[23.39891,42.655507]},"properties":{"name":"бл. 206 ж.к. Дружба-2","lines":"ТБ4","arr":["ТБ4"],"terminus":0,"mode":"bus","color":"#149a3f","colorDark":"#0a5121","angle":32.6,"snapDist":11,"label":0}},{"type":"Feature","geometry":{"type":"Point","coordinates":[23.393596,42.65813]},"properties":{"name":"Метростанция Дружба","lines":"ТБ4","arr":["ТБ4"],"terminus":0,"mode":"bus","color":"#149a3f","colorDark":"#0a5121","angle":47.2,"snapDist":5,"label":0}},{"type":"Feature","geometry":{"type":"Point","coordinates":[23.391954,42.66054]},"properties":{"name":"бул. Христофор Колумб","lines":"ТБ4","arr":["ТБ4"],"terminus":1,"mode":"bus","color":"#149a3f","colorDark":"#0a5121","angle":70.2,"snapDist":4,"label":1}},{"type":"Feature","geometry":{"type":"Point","coordinates":[23.381293,42.673428]},"properties":{"name":"бул. проф.Цв. Лазаров","lines":"ТБ4","arr":["ТБ4"],"terminus":0,"mode":"bus","color":"#149a3f","colorDark":"#0a5121","angle":279.8,"snapDist":7,"label":0}},{"type":"Feature","geometry":{"type":"Point","coordinates":[23.382278,42.671128]},"properties":{"name":"Промишлена зона ж.к. Дружба 1","lines":"ТБ4","arr":["ТБ4"],"terminus":0,"mode":"bus","color":"#149a3f","colorDark":"#0a5121","angle":240.1,"snapDist":4,"label":0}},{"type":"Feature","geometry":{"type":"Point","coordinates":[23.385691,42.667456]},"properties":{"name":"ул. кап. Д. Списаревски","lines":"ТБ4","arr":["ТБ4"],"terminus":0,"mode":"bus","color":"#149a3f","colorDark":"#0a5121","angle":236.5,"snapDist":11,"label":0}},{"type":"Feature","geometry":{"type":"Point","coordinates":[23.389166,42.663708]},"properties":{"name":"бул. Брюксел","lines":"ТБ4","arr":["ТБ4"],"terminus":0,"mode":"bus","color":"#149a3f","colorDark":"#0a5121","angle":234.2,"snapDist":5,"label":0}},{"type":"Feature","geometry":{"type":"Point","coordinates":[23.391498,42.660903]},"properties":{"name":"бул. Христофор Колумб","lines":"ТБ4","arr":["ТБ4"],"terminus":0,"mode":"bus","color":"#149a3f","colorDark":"#0a5121","angle":246.9,"snapDist":5,"label":0}},{"type":"Feature","geometry":{"type":"Point","coordinates":[23.395079,42.65717]},"properties":{"name":"Метростанция Дружба","lines":"ТБ4","arr":["ТБ4"],"terminus":0,"mode":"bus","color":"#149a3f","colorDark":"#0a5121","angle":206.1,"snapDist":9,"label":0}},{"type":"Feature","geometry":{"type":"Point","coordinates":[23.399643,42.655159]},"properties":{"name":"бл. 206 ж.к. Дружба-2","lines":"ТБ4","arr":["ТБ4"],"terminus":0,"mode":"bus","color":"#149a3f","colorDark":"#0a5121","angle":212.9,"snapDist":10,"label":0}},{"type":"Feature","geometry":{"type":"Point","coordinates":[23.401247,42.654216]},"properties":{"name":"бл. 226 ж.к. Дружба-2","lines":"ТБ4","arr":["ТБ4"],"terminus":0,"mode":"bus","color":"#149a3f","colorDark":"#0a5121","angle":306.9,"snapDist":3,"label":0}},{"type":"Feature","geometry":{"type":"Point","coordinates":[23.404906,42.651935]},"properties":{"name":"бл. 255 ж.к. Дружба-2","lines":"ТБ4","arr":["ТБ4"],"terminus":0,"mode":"bus","color":"#149a3f","colorDark":"#0a5121","angle":222.6,"snapDist":11,"label":0}},{"type":"Feature","geometry":{"type":"Point","coordinates":[23.403878,42.648304]},"properties":{"name":"ул. Обиколна","lines":"ТБ4","arr":["ТБ4"],"terminus":0,"mode":"bus","color":"#149a3f","colorDark":"#0a5121","angle":292.4,"snapDist":7,"label":0}},{"type":"Feature","geometry":{"type":"Point","coordinates":[23.404877,42.645226]},"properties":{"name":"163-то ОУ","lines":"ТБ4","arr":["ТБ4"],"terminus":0,"mode":"bus","color":"#149a3f","colorDark":"#0a5121","angle":269.8,"snapDist":8,"label":0}},{"type":"Feature","geometry":{"type":"Point","coordinates":[23.407257,42.642408]},"properties":{"name":"бл. 405 ж.к. Дружба-2","lines":"ТБ4","arr":["ТБ4"],"terminus":0,"mode":"bus","color":"#149a3f","colorDark":"#0a5121","angle":211.1,"snapDist":7,"label":0}},{"type":"Feature","geometry":{"type":"Point","coordinates":[23.409915,42.641221]},"properties":{"name":"Хипермаркет Практикер","lines":"ТБ4","arr":["ТБ4"],"terminus":0,"mode":"bus","color":"#149a3f","colorDark":"#0a5121","angle":211.6,"snapDist":6,"label":0}},{"type":"Feature","geometry":{"type":"Point","coordinates":[23.413,42.640348]},"properties":{"name":"ул. Димитър Пешев","lines":"ТБ4","arr":["ТБ4"],"terminus":0,"mode":"bus","color":"#149a3f","colorDark":"#0a5121","angle":179.5,"snapDist":4,"label":0}},{"type":"Feature","geometry":{"type":"Point","coordinates":[23.416311,42.639789]},"properties":{"name":"ж.к. Дружба-2","lines":"ТБ4","arr":["ТБ4"],"terminus":1,"mode":"bus","color":"#149a3f","colorDark":"#0a5121","angle":209,"snapDist":4,"label":0}},{"type":"Feature","geometry":{"type":"Point","coordinates":[23.389424,42.663969]},"properties":{"name":"бул. Брюксел","lines":"ТБ4","arr":["ТБ4"],"terminus":0,"mode":"bus","color":"#149a3f","colorDark":"#0a5121","angle":50.7,"snapDist":5,"label":0}},{"type":"Feature","geometry":{"type":"Point","coordinates":[23.384991,42.668214]},"properties":{"name":"ул. кап. Д. Списаревски","lines":"ТБ4","arr":["ТБ4"],"terminus":0,"mode":"bus","color":"#149a3f","colorDark":"#0a5121","angle":56,"snapDist":10,"label":0}},{"type":"Feature","geometry":{"type":"Point","coordinates":[23.382219,42.67146]},"properties":{"name":"Промишлена зона ж.к. Дружба 1","lines":"ТБ4","arr":["ТБ4"],"terminus":0,"mode":"bus","color":"#149a3f","colorDark":"#0a5121","angle":64,"snapDist":5,"label":0}},{"type":"Feature","geometry":{"type":"Point","coordinates":[23.380533,42.674276]},"properties":{"name":"бул. проф.Цв. Лазаров","lines":"ТБ4, ТБ11","arr":["ТБ4","ТБ11"],"terminus":0,"mode":"bus","color":"#149a3f","colorDark":"#0a5121","angle":14.3,"snapDist":8,"label":0}},{"type":"Feature","geometry":{"type":"Point","coordinates":[23.375321,42.674365]},"properties":{"name":"СК ЦСКА","lines":"ТБ4, ТБ11, ТБ123, ТБ288, ТБE186","arr":["ТБ4","ТБ11","ТБ123","ТБ288","ТБE186"],"terminus":0,"mode":"bus","color":"#149a3f","colorDark":"#0a5121","angle":314.5,"snapDist":9,"label":0}},{"type":"Feature","geometry":{"type":"Point","coordinates":[23.370576,42.671276]},"properties":{"name":"Спортна зала Арена Армеец","lines":"ТБ4, ТБ11, ТБ123, ТБ288, ТБE186","arr":["ТБ4","ТБ11","ТБ123","ТБ288","ТБE186"],"terminus":0,"mode":"bus","color":"#149a3f","colorDark":"#0a5121","angle":316.2,"snapDist":4,"label":0}},{"type":"Feature","geometry":{"type":"Point","coordinates":[23.30941,42.711187]},"properties":{"name":"бул. ген.Н.Столетов","lines":"ТБ5","arr":["ТБ5"],"terminus":0,"mode":"bus","color":"#149a3f","colorDark":"#0a5121","angle":61.7,"snapDist":7,"label":0}},{"type":"Feature","geometry":{"type":"Point","coordinates":[23.308117,42.712924]},"properties":{"name":"ул. Вишовград","lines":"ТБ5","arr":["ТБ5"],"terminus":1,"mode":"bus","color":"#149a3f","colorDark":"#0a5121","angle":61.7,"snapDist":8,"label":1}},{"type":"Feature","geometry":{"type":"Point","coordinates":[23.308181,42.714079]},"properties":{"name":"Надлез Надежда","lines":"ТБ5","arr":["ТБ5"],"terminus":1,"mode":"bus","color":"#149a3f","colorDark":"#0a5121","angle":150.6,"snapDist":4,"label":1}},{"type":"Feature","geometry":{"type":"Point","coordinates":[23.240493,42.721706]},"properties":{"name":"ж.к. Люлин-3 - ухо","lines":"ТБ6, ТБ7","arr":["ТБ6","ТБ7"],"terminus":1,"mode":"bus","color":"#149a3f","colorDark":"#0a5121","angle":34.3,"snapDist":3,"label":1}},{"type":"Feature","geometry":{"type":"Point","coordinates":[23.241349,42.721792]},"properties":{"name":"ж.к. Люлин-3","lines":"ТБ6","arr":["ТБ6"],"terminus":0,"mode":"bus","color":"#149a3f","colorDark":"#0a5121","angle":120.1,"snapDist":3,"label":0}},{"type":"Feature","geometry":{"type":"Point","coordinates":[23.244524,42.725897]},"properties":{"name":"бл. 350 ж.к. Люлин-3","lines":"ТБ6","arr":["ТБ6"],"terminus":0,"mode":"bus","color":"#149a3f","colorDark":"#0a5121","angle":119.5,"snapDist":7,"label":0}},{"type":"Feature","geometry":{"type":"Point","coordinates":[23.246198,42.728043]},"properties":{"name":"бл. 264 ж.к. Люлин-2","lines":"ТБ6","arr":["ТБ6"],"terminus":0,"mode":"bus","color":"#149a3f","colorDark":"#0a5121","angle":119.9,"snapDist":8,"label":0}},{"type":"Feature","geometry":{"type":"Point","coordinates":[23.249569,42.728422]},"properties":{"name":"бл. 21 ж.к. Люлин-1","lines":"ТБ6","arr":["ТБ6"],"terminus":0,"mode":"bus","color":"#149a3f","colorDark":"#0a5121","angle":216.2,"snapDist":7,"label":0}},{"type":"Feature","geometry":{"type":"Point","coordinates":[23.253268,42.72643]},"properties":{"name":"90-то СОУ","lines":"ТБ6","arr":["ТБ6"],"terminus":0,"mode":"bus","color":"#149a3f","colorDark":"#0a5121","angle":216.2,"snapDist":7,"label":0}},{"type":"Feature","geometry":{"type":"Point","coordinates":[23.255632,42.725157]},"properties":{"name":"26-ти ДКЦ","lines":"ТБ6","arr":["ТБ6"],"terminus":0,"mode":"bus","color":"#149a3f","colorDark":"#0a5121","angle":216.2,"snapDist":8,"label":0}},{"type":"Feature","geometry":{"type":"Point","coordinates":[23.259262,42.723186]},"properties":{"name":"бул. Панчо Владигеров","lines":"ТБ6","arr":["ТБ6"],"terminus":0,"mode":"bus","color":"#149a3f","colorDark":"#0a5121","angle":210.6,"snapDist":7,"label":0}},{"type":"Feature","geometry":{"type":"Point","coordinates":[23.262043,42.722509]},"properties":{"name":"ул. Търново","lines":"ТБ6","arr":["ТБ6"],"terminus":0,"mode":"bus","color":"#149a3f","colorDark":"#0a5121","angle":214.9,"snapDist":4,"label":0}},{"type":"Feature","geometry":{"type":"Point","coordinates":[23.265293,42.72083]},"properties":{"name":"ул. ген. Ас. Николов","lines":"ТБ6","arr":["ТБ6"],"terminus":0,"mode":"bus","color":"#149a3f","colorDark":"#0a5121","angle":215,"snapDist":4,"label":0}},{"type":"Feature","geometry":{"type":"Point","coordinates":[23.268968,42.718815]},"properties":{"name":"12-ти ДКЦ","lines":"ТБ6","arr":["ТБ6"],"terminus":0,"mode":"bus","color":"#149a3f","colorDark":"#0a5121","angle":219.1,"snapDist":4,"label":1}},{"type":"Feature","geometry":{"type":"Point","coordinates":[23.274197,42.717321]},"properties":{"name":"ул. ген. Вл. Динчев","lines":"ТБ6, ТБ7","arr":["ТБ6","ТБ7"],"terminus":0,"mode":"bus","color":"#149a3f","colorDark":"#0a5121","angle":216.4,"snapDist":6,"label":1}},{"type":"Feature","geometry":{"type":"Point","coordinates":[23.279564,42.717139]},"properties":{"name":"ул. Орион","lines":"ТБ6, ТБ7","arr":["ТБ6","ТБ7"],"terminus":0,"mode":"bus","color":"#149a3f","colorDark":"#0a5121","angle":216.2,"snapDist":7,"label":0}},{"type":"Feature","geometry":{"type":"Point","coordinates":[23.283747,42.714957]},"properties":{"name":"Западен парк","lines":"ТБ6, ТБ7","arr":["ТБ6","ТБ7"],"terminus":0,"mode":"bus","color":"#149a3f","colorDark":"#0a5121","angle":214.7,"snapDist":10,"label":0}},{"type":"Feature","geometry":{"type":"Point","coordinates":[23.292787,42.710303]},"properties":{"name":"ул. Оряхово","lines":"ТБ6, ТБ7","arr":["ТБ6","ТБ7"],"terminus":0,"mode":"bus","color":"#149a3f","colorDark":"#0a5121","angle":214.4,"snapDist":2,"label":0}},{"type":"Feature","geometry":{"type":"Point","coordinates":[23.299979,42.706757]},"properties":{"name":"бул. К. Величков","lines":"ТБ6, ТБ7","arr":["ТБ6","ТБ7"],"terminus":1,"mode":"bus","color":"#149a3f","colorDark":"#0a5121","angle":214.2,"snapDist":9,"label":1}},{"type":"Feature","geometry":{"type":"Point","coordinates":[23.314985,42.675569]},"properties":{"name":"ПК Спартак","lines":"ТБ6, ТБ7","arr":["ТБ6","ТБ7"],"terminus":1,"mode":"bus","color":"#149a3f","colorDark":"#0a5121","angle":143,"snapDist":3,"label":1}},{"type":"Feature","geometry":{"type":"Point","coordinates":[23.321192,42.678494]},"properties":{"name":"Хотел Хемус","lines":"ТБ6, ТБ7","arr":["ТБ6","ТБ7"],"terminus":0,"mode":"bus","color":"#149a3f","colorDark":"#0a5121","angle":157,"snapDist":3,"label":0}},{"type":"Feature","geometry":{"type":"Point","coordinates":[23.320856,42.682373]},"properties":{"name":"Хотел Хилтън","lines":"ТБ6, ТБ7","arr":["ТБ6","ТБ7"],"terminus":0,"mode":"bus","color":"#149a3f","colorDark":"#0a5121","angle":74.8,"snapDist":3,"label":0}},{"type":"Feature","geometry":{"type":"Point","coordinates":[23.321132,42.685212]},"properties":{"name":"Хотел Хилтън","lines":"ТБ6, ТБ7","arr":["ТБ6","ТБ7"],"terminus":0,"mode":"bus","color":"#149a3f","colorDark":"#0a5121","angle":98.5,"snapDist":7,"label":0}},{"type":"Feature","geometry":{"type":"Point","coordinates":[23.333878,42.701685]},"properties":{"name":"Софийска Математическа гимназия Паисий","lines":"ТБ6, ТБ8, ТБ11","arr":["ТБ6","ТБ8","ТБ11"],"terminus":0,"mode":"bus","color":"#149a3f","colorDark":"#0a5121","angle":77.8,"snapDist":3,"label":1}},{"type":"Feature","geometry":{"type":"Point","coordinates":[23.3331,42.704321]},"properties":{"name":"пл. Сточна гара","lines":"ТБ6, ТБ8, ТБ11","arr":["ТБ6","ТБ8","ТБ11"],"terminus":1,"mode":"bus","color":"#149a3f","colorDark":"#0a5121","angle":76.9,"snapDist":5,"label":1}},{"type":"Feature","geometry":{"type":"Point","coordinates":[23.330937,42.704995]},"properties":{"name":"пл. Сточна гара","lines":"ТБ6","arr":["ТБ6"],"terminus":0,"mode":"bus","color":"#149a3f","colorDark":"#0a5121","angle":350.8,"snapDist":7,"label":0}},{"type":"Feature","geometry":{"type":"Point","coordinates":[23.322157,42.705342]},"properties":{"name":"ул. Княз Борис I","lines":"ТБ6","arr":["ТБ6"],"terminus":0,"mode":"bus","color":"#149a3f","colorDark":"#0a5121","angle":6.9,"snapDist":5,"label":0}},{"type":"Feature","geometry":{"type":"Point","coordinates":[23.31687,42.705679]},"properties":{"name":"бул. Христо Ботев","lines":"ТБ6, ТБ74","arr":["ТБ6","ТБ74"],"terminus":0,"mode":"bus","color":"#149a3f","colorDark":"#0a5121","angle":4.9,"snapDist":9,"label":0}},{"type":"Feature","geometry":{"type":"Point","coordinates":[23.311038,42.706101]},"properties":{"name":"ул. Опълченска","lines":"ТБ6, ТБ7","arr":["ТБ6","ТБ7"],"terminus":0,"mode":"bus","color":"#149a3f","colorDark":"#0a5121","angle":5.6,"snapDist":8,"label":0}},{"type":"Feature","geometry":{"type":"Point","coordinates":[23.307342,42.706341]},"properties":{"name":"ж.к. Банишора","lines":"ТБ6, ТБ7","arr":["ТБ6","ТБ7"],"terminus":1,"mode":"bus","color":"#149a3f","colorDark":"#0a5121","angle":357.4,"snapDist":6,"label":1}},{"type":"Feature","geometry":{"type":"Point","coordinates":[23.307361,42.705908]},"properties":{"name":"ж.к. Банишора","lines":"ТБ6, ТБ7","arr":["ТБ6","ТБ7"],"terminus":0,"mode":"bus","color":"#149a3f","colorDark":"#0a5121","angle":185.3,"snapDist":8,"label":0}},{"type":"Feature","geometry":{"type":"Point","coordinates":[23.313497,42.705469]},"properties":{"name":"ул. Опълченска","lines":"ТБ6, ТБ60","arr":["ТБ6","ТБ60"],"terminus":0,"mode":"bus","color":"#149a3f","colorDark":"#0a5121","angle":185.3,"snapDist":10,"label":0}},{"type":"Feature","geometry":{"type":"Point","coordinates":[23.31866,42.705106]},"properties":{"name":"бул. Христо Ботев","lines":"ТБ6","arr":["ТБ6"],"terminus":0,"mode":"bus","color":"#149a3f","colorDark":"#0a5121","angle":185.3,"snapDist":9,"label":0}},{"type":"Feature","geometry":{"type":"Point","coordinates":[23.322842,42.704759]},"properties":{"name":"ул. Княз Борис I","lines":"ТБ6","arr":["ТБ6"],"terminus":0,"mode":"bus","color":"#149a3f","colorDark":"#0a5121","angle":185.1,"snapDist":4,"label":0}},{"type":"Feature","geometry":{"type":"Point","coordinates":[23.330536,42.704495]},"properties":{"name":"пл. Сточна гара","lines":"ТБ6","arr":["ТБ6"],"terminus":0,"mode":"bus","color":"#149a3f","colorDark":"#0a5121","angle":170.4,"snapDist":8,"label":0}},{"type":"Feature","geometry":{"type":"Point","coordinates":[23.333022,42.70418]},"properties":{"name":"пл. Сточна гара","lines":"ТБ6, ТБ8, ТБ11","arr":["ТБ6","ТБ8","ТБ11"],"terminus":1,"mode":"bus","color":"#149a3f","colorDark":"#0a5121","angle":258.8,"snapDist":8,"label":0}},{"type":"Feature","geometry":{"type":"Point","coordinates":[23.333972,42.700926]},"properties":{"name":"Софийска Математическа гимназия Паисий","lines":"ТБ6, ТБ8, ТБ11","arr":["ТБ6","ТБ8","ТБ11"],"terminus":0,"mode":"bus","color":"#149a3f","colorDark":"#0a5121","angle":257.3,"snapDist":5,"label":0}},{"type":"Feature","geometry":{"type":"Point","coordinates":[23.335038,42.697225]},"properties":{"name":"пл. Васил Левски","lines":"ТБ6, ТБ8, ТБ11","arr":["ТБ6","ТБ8","ТБ11"],"terminus":0,"mode":"bus","color":"#149a3f","colorDark":"#0a5121","angle":265.4,"snapDist":7,"label":0}},{"type":"Feature","geometry":{"type":"Point","coordinates":[23.321175,42.686216]},"properties":{"name":"ул. Професор Фритьоф Нансен","lines":"ТБ6","arr":["ТБ6"],"terminus":0,"mode":"bus","color":"#149a3f","colorDark":"#0a5121","angle":283.7,"snapDist":5,"label":0}},{"type":"Feature","geometry":{"type":"Point","coordinates":[23.32098,42.682009]},"properties":{"name":"Хотел Хилтън","lines":"ТБ6, ТБ7","arr":["ТБ6","ТБ7"],"terminus":0,"mode":"bus","color":"#149a3f","colorDark":"#0a5121","angle":257,"snapDist":3,"label":0}},{"type":"Feature","geometry":{"type":"Point","coordinates":[23.320624,42.678317]},"properties":{"name":"Хотел Хемус","lines":"ТБ6, ТБ7","arr":["ТБ6","ТБ7"],"terminus":0,"mode":"bus","color":"#149a3f","colorDark":"#0a5121","angle":337.7,"snapDist":4,"label":0}},{"type":"Feature","geometry":{"type":"Point","coordinates":[23.314716,42.675783]},"properties":{"name":"ж.к. Лозенец","lines":"ТБ6","arr":["ТБ6"],"terminus":1,"mode":"bus","color":"#149a3f","colorDark":"#0a5121","angle":0.9,"snapDist":3,"label":0}},{"type":"Feature","geometry":{"type":"Point","coordinates":[23.299926,42.706937]},"properties":{"name":"бул. К. Величков","lines":"ТБ6, ТБ7","arr":["ТБ6","ТБ7"],"terminus":0,"mode":"bus","color":"#149a3f","colorDark":"#0a5121","angle":34.5,"snapDist":8,"label":0}},{"type":"Feature","geometry":{"type":"Point","coordinates":[23.291955,42.710933]},"properties":{"name":"ул. Оряхово","lines":"ТБ6, ТБ7","arr":["ТБ6","ТБ7"],"terminus":0,"mode":"bus","color":"#149a3f","colorDark":"#0a5121","angle":34.5,"snapDist":5,"label":0}},{"type":"Feature","geometry":{"type":"Point","coordinates":[23.284009,42.71496]},"properties":{"name":"Западен парк","lines":"ТБ6, ТБ7","arr":["ТБ6","ТБ7"],"terminus":0,"mode":"bus","color":"#149a3f","colorDark":"#0a5121","angle":35.5,"snapDist":3,"label":0}},{"type":"Feature","geometry":{"type":"Point","coordinates":[23.278342,42.717096]},"properties":{"name":"ул. Орион","lines":"ТБ6, ТБ7","arr":["ТБ6","ТБ7"],"terminus":0,"mode":"bus","color":"#149a3f","colorDark":"#0a5121","angle":304.3,"snapDist":7,"label":0}},{"type":"Feature","geometry":{"type":"Point","coordinates":[23.275523,42.716602]},"properties":{"name":"бл. 115 ж.к. Люлин-10","lines":"ТБ6, ТБ7","arr":["ТБ6","ТБ7"],"terminus":0,"mode":"bus","color":"#149a3f","colorDark":"#0a5121","angle":36.5,"snapDist":4,"label":1}},{"type":"Feature","geometry":{"type":"Point","coordinates":[23.273111,42.7179]},"properties":{"name":"ул. ген. Вл. Динчев","lines":"ТБ6, ТБ7","arr":["ТБ6","ТБ7"],"terminus":0,"mode":"bus","color":"#149a3f","colorDark":"#0a5121","angle":35.7,"snapDist":6,"label":0}},{"type":"Feature","geometry":{"type":"Point","coordinates":[23.268278,42.719225]},"properties":{"name":"12-ти ДКЦ","lines":"ТБ6","arr":["ТБ6"],"terminus":0,"mode":"bus","color":"#149a3f","colorDark":"#0a5121","angle":38.6,"snapDist":2,"label":0}},{"type":"Feature","geometry":{"type":"Point","coordinates":[23.26442,42.721277]},"properties":{"name":"ул. ген. Ас. Николов","lines":"ТБ6","arr":["ТБ6"],"terminus":0,"mode":"bus","color":"#149a3f","colorDark":"#0a5121","angle":35,"snapDist":3,"label":0}},{"type":"Feature","geometry":{"type":"Point","coordinates":[23.261321,42.722878]},"properties":{"name":"ул. Търново","lines":"ТБ6","arr":["ТБ6"],"terminus":0,"mode":"bus","color":"#149a3f","colorDark":"#0a5121","angle":34.8,"snapDist":7,"label":0}},{"type":"Feature","geometry":{"type":"Point","coordinates":[23.257749,42.724013]},"properties":{"name":"бул. Панчо Владигеров","lines":"ТБ6","arr":["ТБ6"],"terminus":0,"mode":"bus","color":"#149a3f","colorDark":"#0a5121","angle":35.8,"snapDist":6,"label":0}},{"type":"Feature","geometry":{"type":"Point","coordinates":[23.254892,42.725554]},"properties":{"name":"26-ти ДКЦ","lines":"ТБ6","arr":["ТБ6"],"terminus":0,"mode":"bus","color":"#149a3f","colorDark":"#0a5121","angle":36.1,"snapDist":6,"label":0}},{"type":"Feature","geometry":{"type":"Point","coordinates":[23.252723,42.726724]},"properties":{"name":"90-то СОУ","lines":"ТБ6","arr":["ТБ6"],"terminus":0,"mode":"bus","color":"#149a3f","colorDark":"#0a5121","angle":36.2,"snapDist":7,"label":0}},{"type":"Feature","geometry":{"type":"Point","coordinates":[23.248876,42.728796]},"properties":{"name":"бл. 21 ж.к. Люлин-1","lines":"ТБ6","arr":["ТБ6"],"terminus":0,"mode":"bus","color":"#149a3f","colorDark":"#0a5121","angle":36.2,"snapDist":7,"label":0}},{"type":"Feature","geometry":{"type":"Point","coordinates":[23.245934,42.727705]},"properties":{"name":"бл. 264 ж.к. Люлин-2","lines":"ТБ6","arr":["ТБ6"],"terminus":0,"mode":"bus","color":"#149a3f","colorDark":"#0a5121","angle":299.9,"snapDist":6,"label":0}},{"type":"Feature","geometry":{"type":"Point","coordinates":[23.243735,42.724896]},"properties":{"name":"бл. 350 ж.к. Люлин-3","lines":"ТБ6","arr":["ТБ6"],"terminus":0,"mode":"bus","color":"#149a3f","colorDark":"#0a5121","angle":300,"snapDist":7,"label":0}},{"type":"Feature","geometry":{"type":"Point","coordinates":[23.24262,42.720575]},"properties":{"name":"ж.к. Люлин-3","lines":"ТБ7","arr":["ТБ7"],"terminus":0,"mode":"bus","color":"#149a3f","colorDark":"#0a5121","angle":216.4,"snapDist":7,"label":0}},{"type":"Feature","geometry":{"type":"Point","coordinates":[23.24684,42.718273]},"properties":{"name":"Културен център Люлин","lines":"ТБ7","arr":["ТБ7"],"terminus":0,"mode":"bus","color":"#149a3f","colorDark":"#0a5121","angle":216.6,"snapDist":7,"label":0}},{"type":"Feature","geometry":{"type":"Point","coordinates":[23.249935,42.716587]},"properties":{"name":"Община Люлин","lines":"ТБ7","arr":["ТБ7"],"terminus":0,"mode":"bus","color":"#149a3f","colorDark":"#0a5121","angle":216.4,"snapDist":7,"label":0}},{"type":"Feature","geometry":{"type":"Point","coordinates":[23.253862,42.714548]},"properties":{"name":"Храм Св. Климент Охридски","lines":"ТБ7","arr":["ТБ7"],"terminus":0,"mode":"bus","color":"#149a3f","colorDark":"#0a5121","angle":207.2,"snapDist":7,"label":1}},{"type":"Feature","geometry":{"type":"Point","coordinates":[23.260117,42.71484]},"properties":{"name":"бл. 715 ж.к. Люлин-7","lines":"ТБ7","arr":["ТБ7"],"terminus":0,"mode":"bus","color":"#149a3f","colorDark":"#0a5121","angle":165.2,"snapDist":7,"label":1}},{"type":"Feature","geometry":{"type":"Point","coordinates":[23.264694,42.71352]},"properties":{"name":"бл. 706 ж.к. Люлин-7","lines":"ТБ7","arr":["ТБ7"],"terminus":0,"mode":"bus","color":"#149a3f","colorDark":"#0a5121","angle":216.2,"snapDist":7,"label":1}},{"type":"Feature","geometry":{"type":"Point","coordinates":[23.268249,42.716273]},"properties":{"name":"ул. ген. Никола Генев","lines":"ТБ7","arr":["ТБ7"],"terminus":0,"mode":"bus","color":"#149a3f","colorDark":"#0a5121","angle":126.2,"snapDist":7,"label":1}},{"type":"Feature","geometry":{"type":"Point","coordinates":[23.297841,42.66005]},"properties":{"name":"ж.к. Гоце Делчев","lines":"ТБ7, ТБ8","arr":["ТБ7","ТБ8"],"terminus":1,"mode":"bus","color":"#149a3f","colorDark":"#0a5121","angle":118.4,"snapDist":2,"label":0}},{"type":"Feature","geometry":{"type":"Point","coordinates":[23.295737,42.662214]},"properties":{"name":"ул. Т. Каблешков","lines":"ТБ7, ТБ8, ТБ73, ТБ74, ТБ801","arr":["ТБ7","ТБ8","ТБ73","ТБ74","ТБ801"],"terminus":0,"mode":"bus","color":"#149a3f","colorDark":"#0a5121","angle":113.8,"snapDist":7,"label":0}},{"type":"Feature","geometry":{"type":"Point","coordinates":[23.297644,42.664344]},"properties":{"name":"29-ти ДКЦ","lines":"ТБ7, ТБ8, ТБ73, ТБ74, ТБ801","arr":["ТБ7","ТБ8","ТБ73","ТБ74","ТБ801"],"terminus":0,"mode":"bus","color":"#149a3f","colorDark":"#0a5121","angle":134,"snapDist":6,"label":0}},{"type":"Feature","geometry":{"type":"Point","coordinates":[23.300269,42.666354]},"properties":{"name":"ул. Костенски водопад","lines":"ТБ7, ТБ8, ТБ73, ТБ74, ТБ801","arr":["ТБ7","ТБ8","ТБ73","ТБ74","ТБ801"],"terminus":0,"mode":"bus","color":"#149a3f","colorDark":"#0a5121","angle":134.5,"snapDist":7,"label":0}},{"type":"Feature","geometry":{"type":"Point","coordinates":[23.303016,42.665903]},"properties":{"name":"бул. Гоце Делчев","lines":"ТБ7, ТБ8, ТБ74","arr":["ТБ7","ТБ8","ТБ74"],"terminus":0,"mode":"bus","color":"#149a3f","colorDark":"#0a5121","angle":98.4,"snapDist":10,"label":0}},{"type":"Feature","geometry":{"type":"Point","coordinates":[23.303833,42.669949]},"properties":{"name":"ул. Нишава","lines":"ТБ7, ТБ8, ТБ74","arr":["ТБ7","ТБ8","ТБ74"],"terminus":0,"mode":"bus","color":"#149a3f","colorDark":"#0a5121","angle":98.5,"snapDist":6,"label":0}},{"type":"Feature","geometry":{"type":"Point","coordinates":[23.309375,42.674653]},"properties":{"name":"Южен парк","lines":"ТБ7","arr":["ТБ7"],"terminus":0,"mode":"bus","color":"#149a3f","colorDark":"#0a5121","angle":199.5,"snapDist":6,"label":0}},{"type":"Feature","geometry":{"type":"Point","coordinates":[23.314755,42.675442]},"properties":{"name":"ПК Спартак","lines":"ТБ7","arr":["ТБ7"],"terminus":0,"mode":"bus","color":"#149a3f","colorDark":"#0a5121","angle":323,"snapDist":4,"label":0}},{"type":"Feature","geometry":{"type":"Point","coordinates":[23.307907,42.674952]},"properties":{"name":"Южен парк","lines":"ТБ7","arr":["ТБ7"],"terminus":0,"mode":"bus","color":"#149a3f","colorDark":"#0a5121","angle":5.8,"snapDist":7,"label":0}},{"type":"Feature","geometry":{"type":"Point","coordinates":[23.303704,42.669309]},"properties":{"name":"ул. Нишава","lines":"ТБ7, ТБ8, ТБ74","arr":["ТБ7","ТБ8","ТБ74"],"terminus":0,"mode":"bus","color":"#149a3f","colorDark":"#0a5121","angle":278.4,"snapDist":8,"label":0}},{"type":"Feature","geometry":{"type":"Point","coordinates":[23.301895,42.665861]},"properties":{"name":"Бул. Гоце Делчев","lines":"ТБ7, ТБ8, ТБ74, ТБ801","arr":["ТБ7","ТБ8","ТБ74","ТБ801"],"terminus":0,"mode":"bus","color":"#149a3f","colorDark":"#0a5121","angle":42.6,"snapDist":9,"label":1}},{"type":"Feature","geometry":{"type":"Point","coordinates":[23.299959,42.66612]},"properties":{"name":"ул. Костенски водопад","lines":"ТБ7, ТБ8, ТБ73, ТБ74, ТБ801","arr":["ТБ7","ТБ8","ТБ73","ТБ74","ТБ801"],"terminus":0,"mode":"bus","color":"#149a3f","colorDark":"#0a5121","angle":314.2,"snapDist":6,"label":0}},{"type":"Feature","geometry":{"type":"Point","coordinates":[23.296946,42.663824]},"properties":{"name":"29-ти ДКЦ","lines":"ТБ7, ТБ8, ТБ73, ТБ74, ТБ801","arr":["ТБ7","ТБ8","ТБ73","ТБ74","ТБ801"],"terminus":0,"mode":"bus","color":"#149a3f","colorDark":"#0a5121","angle":315.5,"snapDist":7,"label":0}},{"type":"Feature","geometry":{"type":"Point","coordinates":[23.295656,42.662079]},"properties":{"name":"ул. Т. Каблешков","lines":"ТБ7, ТБ8, ТБ74, ТБ801","arr":["ТБ7","ТБ8","ТБ74","ТБ801"],"terminus":0,"mode":"bus","color":"#149a3f","colorDark":"#0a5121","angle":293.8,"snapDist":7,"label":0}},{"type":"Feature","geometry":{"type":"Point","coordinates":[23.297286,42.659948]},"properties":{"name":"ж.к. Гоце Делчев","lines":"ТБ7, ТБ8, ТБ74","arr":["ТБ7","ТБ8","ТБ74"],"terminus":1,"mode":"bus","color":"#149a3f","colorDark":"#0a5121","angle":266.4,"snapDist":5,"label":0}},{"type":"Feature","geometry":{"type":"Point","coordinates":[23.267801,42.715824]},"properties":{"name":"ул. ген. Никола Генев","lines":"ТБ7","arr":["ТБ7"],"terminus":0,"mode":"bus","color":"#149a3f","colorDark":"#0a5121","angle":306.1,"snapDist":7,"label":0}},{"type":"Feature","geometry":{"type":"Point","coordinates":[23.264639,42.71355]},"properties":{"name":"бл. 706 ж.к. Люлин-7","lines":"ТБ7","arr":["ТБ7"],"terminus":0,"mode":"bus","color":"#149a3f","colorDark":"#0a5121","angle":36.2,"snapDist":6,"label":0}},{"type":"Feature","geometry":{"type":"Point","coordinates":[23.258674,42.714685]},"properties":{"name":"бл. 715 ж.к. Люлин-7","lines":"ТБ7","arr":["ТБ7"],"terminus":0,"mode":"bus","color":"#149a3f","colorDark":"#0a5121","angle":351.4,"snapDist":7,"label":0}},{"type":"Feature","geometry":{"type":"Point","coordinates":[23.252823,42.715022]},"properties":{"name":"Храм Св. Климент Охридски","lines":"ТБ7","arr":["ТБ7"],"terminus":0,"mode":"bus","color":"#149a3f","colorDark":"#0a5121","angle":36.7,"snapDist":9,"label":0}},{"type":"Feature","geometry":{"type":"Point","coordinates":[23.250367,42.716352]},"properties":{"name":"Община Люлин","lines":"ТБ7","arr":["ТБ7"],"terminus":0,"mode":"bus","color":"#149a3f","colorDark":"#0a5121","angle":36.4,"snapDist":10,"label":0}},{"type":"Feature","geometry":{"type":"Point","coordinates":[23.246446,42.718488]},"properties":{"name":"Културен център Люлин","lines":"ТБ7","arr":["ТБ7"],"terminus":0,"mode":"bus","color":"#149a3f","colorDark":"#0a5121","angle":36.7,"snapDist":7,"label":0}},{"type":"Feature","geometry":{"type":"Point","coordinates":[23.242027,42.720895]},"properties":{"name":"ж.к. Люлин-3","lines":"ТБ7","arr":["ТБ7"],"terminus":0,"mode":"bus","color":"#149a3f","colorDark":"#0a5121","angle":36,"snapDist":7,"label":0}},{"type":"Feature","geometry":{"type":"Point","coordinates":[23.302572,42.678594]},"properties":{"name":"бул. акад. Ив. Гешов","lines":"ТБ8, ТБ74","arr":["ТБ8","ТБ74"],"terminus":0,"mode":"bus","color":"#149a3f","colorDark":"#0a5121","angle":256.6,"snapDist":6,"label":0}},{"type":"Feature","geometry":{"type":"Point","coordinates":[23.303631,42.675264]},"properties":{"name":"ж.к. Иван Вазов","lines":"ТБ8, ТБ74","arr":["ТБ8","ТБ74"],"terminus":0,"mode":"bus","color":"#149a3f","colorDark":"#0a5121","angle":255.7,"snapDist":8,"label":0}},{"type":"Feature","geometry":{"type":"Point","coordinates":[23.303256,42.677016]},"properties":{"name":"ж.к. Иван Вазов","lines":"ТБ8, ТБ74","arr":["ТБ8","ТБ74"],"terminus":0,"mode":"bus","color":"#149a3f","colorDark":"#0a5121","angle":98.6,"snapDist":5,"label":0}},{"type":"Feature","geometry":{"type":"Point","coordinates":[23.302449,42.680033]},"properties":{"name":"бул. акад. Ив. Гешов","lines":"ТБ8, ТБ74","arr":["ТБ8","ТБ74"],"terminus":0,"mode":"bus","color":"#149a3f","colorDark":"#0a5121","angle":77.4,"snapDist":5,"label":0}},{"type":"Feature","geometry":{"type":"Point","coordinates":[23.332531,42.705844]},"properties":{"name":"пл. Сточна гара","lines":"ТБ9","arr":["ТБ9"],"terminus":1,"mode":"bus","color":"#149a3f","colorDark":"#0a5121","angle":258.6,"snapDist":4,"label":0}},{"type":"Feature","geometry":{"type":"Point","coordinates":[23.328996,42.703152]},"properties":{"name":"ул. Поп Богомил","lines":"ТБ9","arr":["ТБ9"],"terminus":0,"mode":"bus","color":"#149a3f","colorDark":"#0a5121","angle":262.5,"snapDist":7,"label":1}},{"type":"Feature","geometry":{"type":"Point","coordinates":[23.329635,42.699538]},"properties":{"name":"ул. Искър","lines":"ТБ9","arr":["ТБ9"],"terminus":0,"mode":"bus","color":"#149a3f","colorDark":"#0a5121","angle":261.8,"snapDist":5,"label":1}},{"type":"Feature","geometry":{"type":"Point","coordinates":[23.330137,42.69636]},"properties":{"name":"пл. Ал.Невски","lines":"ТБ9","arr":["ТБ9"],"terminus":0,"mode":"bus","color":"#149a3f","colorDark":"#0a5121","angle":275.8,"snapDist":6,"label":1}},{"type":"Feature","geometry":{"type":"Point","coordinates":[23.325583,42.691827]},"properties":{"name":"Сатиричен театър","lines":"ТБ9","arr":["ТБ9"],"terminus":0,"mode":"bus","color":"#149a3f","colorDark":"#0a5121","angle":316.9,"snapDist":6,"label":1}},{"type":"Feature","geometry":{"type":"Point","coordinates":[23.323183,42.688914]},"properties":{"name":"Първа градска болница","lines":"ТБ9","arr":["ТБ9"],"terminus":0,"mode":"bus","color":"#149a3f","colorDark":"#0a5121","angle":277.6,"snapDist":5,"label":1}},{"type":"Feature","geometry":{"type":"Point","coordinates":[23.279785,42.669383]},"properties":{"name":"ж.к. Борово","lines":"ТБ9","arr":["ТБ9"],"terminus":1,"mode":"bus","color":"#149a3f","colorDark":"#0a5121","angle":333,"snapDist":5,"label":1}},{"type":"Feature","geometry":{"type":"Point","coordinates":[23.27981,42.669075]},"properties":{"name":"ж.к. Борово","lines":"ТБ9","arr":["ТБ9"],"terminus":1,"mode":"bus","color":"#149a3f","colorDark":"#0a5121","angle":187.6,"snapDist":5,"label":0}},{"type":"Feature","geometry":{"type":"Point","coordinates":[23.322822,42.686733]},"properties":{"name":"ул. Георги Раковски","lines":"ТБ9","arr":["ТБ9"],"terminus":0,"mode":"bus","color":"#149a3f","colorDark":"#0a5121","angle":97.1,"snapDist":3,"label":1}},{"type":"Feature","geometry":{"type":"Point","coordinates":[23.323298,42.689548]},"properties":{"name":"Първа градска болница","lines":"ТБ9","arr":["ТБ9"],"terminus":0,"mode":"bus","color":"#149a3f","colorDark":"#0a5121","angle":97.6,"snapDist":3,"label":0}},{"type":"Feature","geometry":{"type":"Point","coordinates":[23.326275,42.692305]},"properties":{"name":"Сатиричен театър","lines":"ТБ9","arr":["ТБ9"],"terminus":0,"mode":"bus","color":"#149a3f","colorDark":"#0a5121","angle":136.7,"snapDist":6,"label":0}},{"type":"Feature","geometry":{"type":"Point","coordinates":[23.330161,42.69653]},"properties":{"name":"пл. Ал.Невски","lines":"ТБ9","arr":["ТБ9"],"terminus":0,"mode":"bus","color":"#149a3f","colorDark":"#0a5121","angle":95.8,"snapDist":5,"label":0}},{"type":"Feature","geometry":{"type":"Point","coordinates":[23.329523,42.700132]},"properties":{"name":"ул. Искър","lines":"ТБ9","arr":["ТБ9"],"terminus":0,"mode":"bus","color":"#149a3f","colorDark":"#0a5121","angle":82.2,"snapDist":5,"label":0}},{"type":"Feature","geometry":{"type":"Point","coordinates":[23.328944,42.703438]},"properties":{"name":"ул. Поп Богомил","lines":"ТБ9","arr":["ТБ9"],"terminus":0,"mode":"bus","color":"#149a3f","colorDark":"#0a5121","angle":82.3,"snapDist":3,"label":0}},{"type":"Feature","geometry":{"type":"Point","coordinates":[23.328515,42.705709]},"properties":{"name":"ул. Тимок","lines":"ТБ9","arr":["ТБ9"],"terminus":0,"mode":"bus","color":"#149a3f","colorDark":"#0a5121","angle":82,"snapDist":5,"label":1}},{"type":"Feature","geometry":{"type":"Point","coordinates":[23.329748,42.70783]},"properties":{"name":"ул. Дунав","lines":"ТБ9","arr":["ТБ9"],"terminus":0,"mode":"bus","color":"#149a3f","colorDark":"#0a5121","angle":167.2,"snapDist":5,"label":1}},{"type":"Feature","geometry":{"type":"Point","coordinates":[23.386887,42.671626]},"properties":{"name":"ул. кап. Д. Списаревски","lines":"ТБ11","arr":["ТБ11"],"terminus":0,"mode":"bus","color":"#149a3f","colorDark":"#0a5121","angle":296.6,"snapDist":2,"label":0}},{"type":"Feature","geometry":{"type":"Point","coordinates":[23.386619,42.667421]},"properties":{"name":"бл. 98 ж.к. Дружба-1","lines":"ТБ11","arr":["ТБ11"],"terminus":0,"mode":"bus","color":"#149a3f","colorDark":"#0a5121","angle":230.9,"snapDist":9,"label":1}},{"type":"Feature","geometry":{"type":"Point","coordinates":[23.39163,42.662953]},"properties":{"name":"бул. Христофор Колумб","lines":"ТБ11","arr":["ТБ11"],"terminus":0,"mode":"bus","color":"#149a3f","colorDark":"#0a5121","angle":237.1,"snapDist":9,"label":0}},{"type":"Feature","geometry":{"type":"Point","coordinates":[23.3956,42.659269]},"properties":{"name":"Метростанция Дружба","lines":"ТБ11","arr":["ТБ11"],"terminus":0,"mode":"bus","color":"#149a3f","colorDark":"#0a5121","angle":229.9,"snapDist":11,"label":0}},{"type":"Feature","geometry":{"type":"Point","coordinates":[23.397457,42.658077]},"properties":{"name":"бл. 155 ж.к. Дружба-1","lines":"ТБ11","arr":["ТБ11"],"terminus":0,"mode":"bus","color":"#149a3f","colorDark":"#0a5121","angle":215.7,"snapDist":5,"label":0}},{"type":"Feature","geometry":{"type":"Point","coordinates":[23.402787,42.657436]},"properties":{"name":"бл. 162 ж.к. Дружба-1","lines":"ТБ11","arr":["ТБ11"],"terminus":0,"mode":"bus","color":"#149a3f","colorDark":"#0a5121","angle":206,"snapDist":7,"label":0}},{"type":"Feature","geometry":{"type":"Point","coordinates":[23.407342,42.655804]},"properties":{"name":"бл. 170 ж.к. Дружба-1","lines":"ТБ11","arr":["ТБ11"],"terminus":0,"mode":"bus","color":"#149a3f","colorDark":"#0a5121","angle":206.3,"snapDist":9,"label":1}},{"type":"Feature","geometry":{"type":"Point","coordinates":[23.411068,42.654465]},"properties":{"name":"Депо Искър","lines":"ТБ11","arr":["ТБ11"],"terminus":0,"mode":"bus","color":"#149a3f","colorDark":"#0a5121","angle":205.8,"snapDist":7,"label":0}},{"type":"Feature","geometry":{"type":"Point","coordinates":[23.413613,42.653756]},"properties":{"name":"ж.к. Дружба-1","lines":"ТБ11","arr":["ТБ11"],"terminus":0,"mode":"bus","color":"#149a3f","colorDark":"#0a5121","angle":328.4,"snapDist":5,"label":1}},{"type":"Feature","geometry":{"type":"Point","coordinates":[23.411492,42.654314]},"properties":{"name":"ж.к. Дружба -1","lines":"ТБ11","arr":["ТБ11"],"terminus":1,"mode":"bus","color":"#149a3f","colorDark":"#0a5121","angle":205.8,"snapDist":5,"label":1}},{"type":"Feature","geometry":{"type":"Point","coordinates":[23.411108,42.654451]},"properties":{"name":"Депо Искър","lines":"ТБ11","arr":["ТБ11"],"terminus":1,"mode":"bus","color":"#149a3f","colorDark":"#0a5121","angle":25.8,"snapDist":5,"label":1}},{"type":"Feature","geometry":{"type":"Point","coordinates":[23.405845,42.656341]},"properties":{"name":"бл. 170 ж.к. Дружба-1","lines":"ТБ11","arr":["ТБ11"],"terminus":0,"mode":"bus","color":"#149a3f","colorDark":"#0a5121","angle":26.2,"snapDist":4,"label":0}},{"type":"Feature","geometry":{"type":"Point","coordinates":[23.401558,42.657307]},"properties":{"name":"бл. 162 ж.к. Дружба-1","lines":"ТБ11","arr":["ТБ11"],"terminus":0,"mode":"bus","color":"#149a3f","colorDark":"#0a5121","angle":296.7,"snapDist":7,"label":0}},{"type":"Feature","geometry":{"type":"Point","coordinates":[23.397884,42.657856]},"properties":{"name":"бл. 155 ж.к. Дружба-1","lines":"ТБ11","arr":["ТБ11"],"terminus":0,"mode":"bus","color":"#149a3f","colorDark":"#0a5121","angle":34.9,"snapDist":4,"label":0}},{"type":"Feature","geometry":{"type":"Point","coordinates":[23.393945,42.660767]},"properties":{"name":"Метростанция Дружба","lines":"ТБ11","arr":["ТБ11"],"terminus":0,"mode":"bus","color":"#149a3f","colorDark":"#0a5121","angle":51.6,"snapDist":11,"label":0}},{"type":"Feature","geometry":{"type":"Point","coordinates":[23.389822,42.66458]},"properties":{"name":"бул. Христофор Колумб","lines":"ТБ11","arr":["ТБ11"],"terminus":0,"mode":"bus","color":"#149a3f","colorDark":"#0a5121","angle":46.4,"snapDist":8,"label":1}},{"type":"Feature","geometry":{"type":"Point","coordinates":[23.386234,42.667769]},"properties":{"name":"бл. 98 ж.к. Дружба-1","lines":"ТБ11","arr":["ТБ11"],"terminus":0,"mode":"bus","color":"#149a3f","colorDark":"#0a5121","angle":50.9,"snapDist":6,"label":0}},{"type":"Feature","geometry":{"type":"Point","coordinates":[23.386443,42.670815]},"properties":{"name":"бл. 89 ж.к. Дружба-1","lines":"ТБ11","arr":["ТБ11"],"terminus":0,"mode":"bus","color":"#149a3f","colorDark":"#0a5121","angle":104,"snapDist":4,"label":1}},{"type":"Feature","geometry":{"type":"Point","coordinates":[23.38626,42.673213]},"properties":{"name":"ул. кап. Д. Списаревски","lines":"ТБ11","arr":["ТБ11"],"terminus":0,"mode":"bus","color":"#149a3f","colorDark":"#0a5121","angle":14.1,"snapDist":9,"label":0}},{"type":"Feature","geometry":{"type":"Point","coordinates":[23.243626,42.682974]},"properties":{"name":"ж.к. Овча купел-2","lines":"ТБ60, ТБ73","arr":["ТБ60","ТБ73"],"terminus":1,"mode":"bus","color":"#149a3f","colorDark":"#0a5121","angle":34.8,"snapDist":6,"label":0}},{"type":"Feature","geometry":{"type":"Point","coordinates":[23.241161,42.684218]},"properties":{"name":"Пазара Овча купел","lines":"ТБ60, ТБ73","arr":["ТБ60","ТБ73"],"terminus":0,"mode":"bus","color":"#149a3f","colorDark":"#0a5121","angle":33.6,"snapDist":7,"label":0}},{"type":"Feature","geometry":{"type":"Point","coordinates":[23.242845,42.688897]},"properties":{"name":"бл. 25 ж.к. Овча купел-2","lines":"ТБ60, ТБ73","arr":["ТБ60","ТБ73"],"terminus":0,"mode":"bus","color":"#149a3f","colorDark":"#0a5121","angle":170.1,"snapDist":7,"label":0}},{"type":"Feature","geometry":{"type":"Point","coordinates":[23.246632,42.689385]},"properties":{"name":"бл. 32 ж.к. Овча купел-2","lines":"ТБ60, ТБ73","arr":["ТБ60","ТБ73"],"terminus":0,"mode":"bus","color":"#149a3f","colorDark":"#0a5121","angle":170.1,"snapDist":8,"label":0}},{"type":"Feature","geometry":{"type":"Point","coordinates":[23.250805,42.689802]},"properties":{"name":"ул. Промишлена","lines":"ТБ60, ТБ73","arr":["ТБ60","ТБ73"],"terminus":0,"mode":"bus","color":"#149a3f","colorDark":"#0a5121","angle":-9.8,"snapDist":6,"label":0}},{"type":"Feature","geometry":{"type":"Point","coordinates":[23.254792,42.689046]},"properties":{"name":"бл. 527 ж.к. Овча купел-1","lines":"ТБ60, ТБ73","arr":["ТБ60","ТБ73"],"terminus":0,"mode":"bus","color":"#149a3f","colorDark":"#0a5121","angle":259.4,"snapDist":8,"label":1}},{"type":"Feature","geometry":{"type":"Point","coordinates":[23.255654,42.685689]},"properties":{"name":"бл. 505 ж.к. Овча купел-1","lines":"ТБ60, ТБ73","arr":["ТБ60","ТБ73"],"terminus":0,"mode":"bus","color":"#149a3f","colorDark":"#0a5121","angle":259.8,"snapDist":8,"label":1}},{"type":"Feature","geometry":{"type":"Point","coordinates":[23.255433,42.68226]},"properties":{"name":"Метростанция Мизия","lines":"ТБ60, ТБ73","arr":["ТБ60","ТБ73"],"terminus":0,"mode":"bus","color":"#149a3f","colorDark":"#0a5121","angle":285.2,"snapDist":8,"label":0}},{"type":"Feature","geometry":{"type":"Point","coordinates":[23.254461,42.67956]},"properties":{"name":"ПГСС","lines":"ТБ60, ТБ73","arr":["ТБ60","ТБ73"],"terminus":0,"mode":"bus","color":"#149a3f","colorDark":"#0a5121","angle":286.1,"snapDist":7,"label":0}},{"type":"Feature","geometry":{"type":"Point","coordinates":[23.253307,42.676528]},"properties":{"name":"Нбу","lines":"ТБ60, ТБ73","arr":["ТБ60","ТБ73"],"terminus":0,"mode":"bus","color":"#149a3f","colorDark":"#0a5121","angle":285.6,"snapDist":7,"label":0}},{"type":"Feature","geometry":{"type":"Point","coordinates":[23.251838,42.67153]},"properties":{"name":"ул. Монтевидео","lines":"ТБ60","arr":["ТБ60"],"terminus":0,"mode":"bus","color":"#149a3f","colorDark":"#0a5121","angle":330.9,"snapDist":8,"label":0}},{"type":"Feature","geometry":{"type":"Point","coordinates":[23.255616,42.669359]},"properties":{"name":"бул. Никола Петков","lines":"ТБ60","arr":["ТБ60"],"terminus":0,"mode":"bus","color":"#149a3f","colorDark":"#0a5121","angle":147.2,"snapDist":6,"label":0}},{"type":"Feature","geometry":{"type":"Point","coordinates":[23.257821,42.670406]},"properties":{"name":"ул. Калояново","lines":"ТБ60","arr":["ТБ60"],"terminus":0,"mode":"bus","color":"#149a3f","colorDark":"#0a5121","angle":146.9,"snapDist":7,"label":0}},{"type":"Feature","geometry":{"type":"Point","coordinates":[23.262139,42.67268]},"properties":{"name":"66-то СОУ","lines":"ТБ60","arr":["ТБ60"],"terminus":0,"mode":"bus","color":"#149a3f","colorDark":"#0a5121","angle":127.4,"snapDist":6,"label":0}},{"type":"Feature","geometry":{"type":"Point","coordinates":[23.264998,42.675375]},"properties":{"name":"ул. Любляна","lines":"ТБ60","arr":["ТБ60"],"terminus":0,"mode":"bus","color":"#149a3f","colorDark":"#0a5121","angle":128.1,"snapDist":6,"label":0}},{"type":"Feature","geometry":{"type":"Point","coordinates":[23.268338,42.677648]},"properties":{"name":"НЦ по рехабилитация","lines":"ТБ60, ТБ73","arr":["ТБ60","ТБ73"],"terminus":1,"mode":"bus","color":"#149a3f","colorDark":"#0a5121","angle":103.8,"snapDist":6,"label":1}},{"type":"Feature","geometry":{"type":"Point","coordinates":[23.269454,42.68092]},"properties":{"name":"ул. Народно хоро","lines":"ТБ60","arr":["ТБ60"],"terminus":0,"mode":"bus","color":"#149a3f","colorDark":"#0a5121","angle":104.8,"snapDist":5,"label":1}},{"type":"Feature","geometry":{"type":"Point","coordinates":[23.27092,42.682301]},"properties":{"name":"Метростанция Овча купел","lines":"ТБ60","arr":["ТБ60"],"terminus":0,"mode":"bus","color":"#149a3f","colorDark":"#0a5121","angle":134.4,"snapDist":7,"label":0}},{"type":"Feature","geometry":{"type":"Point","coordinates":[23.274781,42.686155]},"properties":{"name":"Балканкар АД","lines":"ТБ60","arr":["ТБ60"],"terminus":0,"mode":"bus","color":"#149a3f","colorDark":"#0a5121","angle":119.8,"snapDist":3,"label":0}},{"type":"Feature","geometry":{"type":"Point","coordinates":[23.278829,42.691163]},"properties":{"name":"ж.к. Красна поляна","lines":"ТБ60","arr":["ТБ60"],"terminus":0,"mode":"bus","color":"#149a3f","colorDark":"#0a5121","angle":136.6,"snapDist":4,"label":0}},{"type":"Feature","geometry":{"type":"Point","coordinates":[23.282184,42.693526]},"properties":{"name":"ул. Добротич","lines":"ТБ60","arr":["ТБ60"],"terminus":0,"mode":"bus","color":"#149a3f","colorDark":"#0a5121","angle":135.9,"snapDist":6,"label":0}},{"type":"Feature","geometry":{"type":"Point","coordinates":[23.288073,42.695575]},"properties":{"name":"Бул. Вардар","lines":"ТБ60","arr":["ТБ60"],"terminus":0,"mode":"bus","color":"#149a3f","colorDark":"#0a5121","angle":188.5,"snapDist":6,"label":1}},{"type":"Feature","geometry":{"type":"Point","coordinates":[23.29204,42.69451]},"properties":{"name":"Бул. Възкресение","lines":"ТБ60","arr":["ТБ60"],"terminus":0,"mode":"bus","color":"#149a3f","colorDark":"#0a5121","angle":202.1,"snapDist":5,"label":1}},{"type":"Feature","geometry":{"type":"Point","coordinates":[23.295916,42.692547]},"properties":{"name":"Ул. Гюешево","lines":"ТБ60","arr":["ТБ60"],"terminus":0,"mode":"bus","color":"#149a3f","colorDark":"#0a5121","angle":140.1,"snapDist":3,"label":1}},{"type":"Feature","geometry":{"type":"Point","coordinates":[23.300455,42.695494]},"properties":{"name":"ул. Камен Андреев","lines":"ТБ60","arr":["ТБ60"],"terminus":0,"mode":"bus","color":"#149a3f","colorDark":"#0a5121","angle":143.3,"snapDist":3,"label":1}},{"type":"Feature","geometry":{"type":"Point","coordinates":[23.302863,42.69854]},"properties":{"name":"бул. Ал. Стамболийски","lines":"ТБ60","arr":["ТБ60"],"terminus":0,"mode":"bus","color":"#149a3f","colorDark":"#0a5121","angle":101.9,"snapDist":2,"label":1}},{"type":"Feature","geometry":{"type":"Point","coordinates":[23.318279,42.708622]},"properties":{"name":"ул. Клокотница","lines":"ТБ60","arr":["ТБ60"],"terminus":0,"mode":"bus","color":"#149a3f","colorDark":"#0a5121","angle":97.9,"snapDist":3,"label":0}},{"type":"Feature","geometry":{"type":"Point","coordinates":[23.319016,42.710779]},"properties":{"name":"Централна гара","lines":"ТБ60","arr":["ТБ60"],"terminus":0,"mode":"bus","color":"#149a3f","colorDark":"#0a5121","angle":116.8,"snapDist":6,"label":0}},{"type":"Feature","geometry":{"type":"Point","coordinates":[23.318423,42.711922]},"properties":{"name":"бул. Кн. Мария Луиза","lines":"ТБ60","arr":["ТБ60"],"terminus":1,"mode":"bus","color":"#149a3f","colorDark":"#0a5121","angle":32.1,"snapDist":8,"label":1}},{"type":"Feature","geometry":{"type":"Point","coordinates":[23.303935,42.698811]},"properties":{"name":"бул. Ал. Стамболийски","lines":"ТБ60","arr":["ТБ60"],"terminus":0,"mode":"bus","color":"#149a3f","colorDark":"#0a5121","angle":282,"snapDist":4,"label":0}},{"type":"Feature","geometry":{"type":"Point","coordinates":[23.302342,42.69509]},"properties":{"name":"ул. Камен Андреев","lines":"ТБ60","arr":["ТБ60"],"terminus":0,"mode":"bus","color":"#149a3f","colorDark":"#0a5121","angle":323.2,"snapDist":6,"label":0}},{"type":"Feature","geometry":{"type":"Point","coordinates":[23.299446,42.693509]},"properties":{"name":"ДАНОН Сердика АД","lines":"ТБ60","arr":["ТБ60"],"terminus":0,"mode":"bus","color":"#149a3f","colorDark":"#0a5121","angle":323.9,"snapDist":5,"label":1}},{"type":"Feature","geometry":{"type":"Point","coordinates":[23.295038,42.692782]},"properties":{"name":"Ул. Гюешево","lines":"ТБ60","arr":["ТБ60"],"terminus":0,"mode":"bus","color":"#149a3f","colorDark":"#0a5121","angle":72,"snapDist":5,"label":0}},{"type":"Feature","geometry":{"type":"Point","coordinates":[23.293013,42.694439]},"properties":{"name":"Бул. Възкресение","lines":"ТБ60","arr":["ТБ60"],"terminus":0,"mode":"bus","color":"#149a3f","colorDark":"#0a5121","angle":18.6,"snapDist":5,"label":0}},{"type":"Feature","geometry":{"type":"Point","coordinates":[23.286153,42.69584]},"properties":{"name":"Бул. Вардар","lines":"ТБ60","arr":["ТБ60"],"terminus":0,"mode":"bus","color":"#149a3f","colorDark":"#0a5121","angle":3.1,"snapDist":7,"label":0}},{"type":"Feature","geometry":{"type":"Point","coordinates":[23.280867,42.692671]},"properties":{"name":"ул. Добротич","lines":"ТБ60","arr":["ТБ60"],"terminus":0,"mode":"bus","color":"#149a3f","colorDark":"#0a5121","angle":316.5,"snapDist":4,"label":0}},{"type":"Feature","geometry":{"type":"Point","coordinates":[23.278099,42.690709]},"properties":{"name":"ж.к. Красна поляна","lines":"ТБ60","arr":["ТБ60"],"terminus":0,"mode":"bus","color":"#149a3f","colorDark":"#0a5121","angle":312.5,"snapDist":4,"label":0}},{"type":"Feature","geometry":{"type":"Point","coordinates":[23.275029,42.68663]},"properties":{"name":"Балканкар АД","lines":"ТБ60","arr":["ТБ60"],"terminus":0,"mode":"bus","color":"#149a3f","colorDark":"#0a5121","angle":297.7,"snapDist":5,"label":0}},{"type":"Feature","geometry":{"type":"Point","coordinates":[23.270681,42.682122]},"properties":{"name":"Метростанция Овча купел","lines":"ТБ60","arr":["ТБ60"],"terminus":0,"mode":"bus","color":"#149a3f","colorDark":"#0a5121","angle":314.4,"snapDist":6,"label":0}},{"type":"Feature","geometry":{"type":"Point","coordinates":[23.269106,42.679914]},"properties":{"name":"ул. Народно хоро","lines":"ТБ60","arr":["ТБ60"],"terminus":0,"mode":"bus","color":"#149a3f","colorDark":"#0a5121","angle":283.8,"snapDist":8,"label":0}},{"type":"Feature","geometry":{"type":"Point","coordinates":[23.267444,42.67689]},"properties":{"name":"НЦ по рехабилитация","lines":"ТБ60, ТБ73","arr":["ТБ60","ТБ73"],"terminus":0,"mode":"bus","color":"#149a3f","colorDark":"#0a5121","angle":336.4,"snapDist":6,"label":0}},{"type":"Feature","geometry":{"type":"Point","coordinates":[23.264335,42.674761]},"properties":{"name":"ул. Любляна","lines":"ТБ60","arr":["ТБ60"],"terminus":0,"mode":"bus","color":"#149a3f","colorDark":"#0a5121","angle":308.7,"snapDist":7,"label":0}},{"type":"Feature","geometry":{"type":"Point","coordinates":[23.261814,42.672383]},"properties":{"name":"66-то СОУ","lines":"ТБ60","arr":["ТБ60"],"terminus":0,"mode":"bus","color":"#149a3f","colorDark":"#0a5121","angle":312.6,"snapDist":7,"label":0}},{"type":"Feature","geometry":{"type":"Point","coordinates":[23.257189,42.670103]},"properties":{"name":"ул. Калояново","lines":"ТБ60","arr":["ТБ60"],"terminus":0,"mode":"bus","color":"#149a3f","colorDark":"#0a5121","angle":327.2,"snapDist":7,"label":0}},{"type":"Feature","geometry":{"type":"Point","coordinates":[23.254367,42.66962]},"properties":{"name":"бул. Никола Петков","lines":"ТБ60","arr":["ТБ60"],"terminus":0,"mode":"bus","color":"#149a3f","colorDark":"#0a5121","angle":47.8,"snapDist":4,"label":0}},{"type":"Feature","geometry":{"type":"Point","coordinates":[23.252315,42.673888]},"properties":{"name":"ул. Боряна","lines":"ТБ60, ТБ73","arr":["ТБ60","ТБ73"],"terminus":0,"mode":"bus","color":"#149a3f","colorDark":"#0a5121","angle":103.7,"snapDist":7,"label":0}},{"type":"Feature","geometry":{"type":"Point","coordinates":[23.253754,42.677705]},"properties":{"name":"Нбу","lines":"ТБ60, ТБ73","arr":["ТБ60","ТБ73"],"terminus":0,"mode":"bus","color":"#149a3f","colorDark":"#0a5121","angle":105.1,"snapDist":7,"label":0}},{"type":"Feature","geometry":{"type":"Point","coordinates":[23.254688,42.680132]},"properties":{"name":"ПГСС","lines":"ТБ60, ТБ73","arr":["ТБ60","ТБ73"],"terminus":0,"mode":"bus","color":"#149a3f","colorDark":"#0a5121","angle":106.7,"snapDist":7,"label":0}},{"type":"Feature","geometry":{"type":"Point","coordinates":[23.255741,42.683101]},"properties":{"name":"Метростанция Мизия","lines":"ТБ60, ТБ73","arr":["ТБ60","ТБ73"],"terminus":0,"mode":"bus","color":"#149a3f","colorDark":"#0a5121","angle":104.7,"snapDist":8,"label":0}},{"type":"Feature","geometry":{"type":"Point","coordinates":[23.25538,42.686746]},"properties":{"name":"бл. 505 ж.к. Овча купел-1","lines":"ТБ60, ТБ73","arr":["ТБ60","ТБ73"],"terminus":0,"mode":"bus","color":"#149a3f","colorDark":"#0a5121","angle":79.4,"snapDist":6,"label":0}},{"type":"Feature","geometry":{"type":"Point","coordinates":[23.254702,42.689396]},"properties":{"name":"бл. 527 ж.к. Овча купел-1","lines":"ТБ60, ТБ73","arr":["ТБ60","ТБ73"],"terminus":0,"mode":"bus","color":"#149a3f","colorDark":"#0a5121","angle":79.3,"snapDist":7,"label":0}},{"type":"Feature","geometry":{"type":"Point","coordinates":[23.248719,42.689653]},"properties":{"name":"Ул. Промишлена","lines":"ТБ60, ТБ73","arr":["ТБ60","ТБ73"],"terminus":0,"mode":"bus","color":"#149a3f","colorDark":"#0a5121","angle":350.1,"snapDist":7,"label":1}},{"type":"Feature","geometry":{"type":"Point","coordinates":[23.245353,42.68922]},"properties":{"name":"бл. 32 ж.к. Овча купел-2","lines":"ТБ60, ТБ73","arr":["ТБ60","ТБ73"],"terminus":0,"mode":"bus","color":"#149a3f","colorDark":"#0a5121","angle":350,"snapDist":6,"label":0}},{"type":"Feature","geometry":{"type":"Point","coordinates":[23.241658,42.688596]},"properties":{"name":"бл. 25 ж.к. Овча купел-2","lines":"ТБ60, ТБ73","arr":["ТБ60","ТБ73"],"terminus":0,"mode":"bus","color":"#149a3f","colorDark":"#0a5121","angle":329.7,"snapDist":8,"label":0}},{"type":"Feature","geometry":{"type":"Point","coordinates":[23.241803,42.683897]},"properties":{"name":"Пазара Овча купел","lines":"ТБ60, ТБ73","arr":["ТБ60","ТБ73"],"terminus":0,"mode":"bus","color":"#149a3f","colorDark":"#0a5121","angle":214.9,"snapDist":7,"label":0}},{"type":"Feature","geometry":{"type":"Point","coordinates":[23.243659,42.682698]},"properties":{"name":"ж.к. Овча купел-2","lines":"ТБ60, ТБ73","arr":["ТБ60","ТБ73"],"terminus":1,"mode":"bus","color":"#149a3f","colorDark":"#0a5121","angle":228.6,"snapDist":6,"label":0}},{"type":"Feature","geometry":{"type":"Point","coordinates":[23.367747,42.65068]},"properties":{"name":"ж.к. Младост-1","lines":"ТБ73","arr":["ТБ73"],"terminus":1,"mode":"bus","color":"#149a3f","colorDark":"#0a5121","angle":199.9,"snapDist":7,"label":0}},{"type":"Feature","geometry":{"type":"Point","coordinates":[23.368146,42.646426]},"properties":{"name":"бл. 245 ж.к. Младост 2","lines":"ТБ73","arr":["ТБ73"],"terminus":0,"mode":"bus","color":"#149a3f","colorDark":"#0a5121","angle":-95.7,"snapDist":7,"label":0}},{"type":"Feature","geometry":{"type":"Point","coordinates":[23.367477,42.645588]},"properties":{"name":"ж.к. Младост-2","lines":"ТБ73","arr":["ТБ73"],"terminus":0,"mode":"bus","color":"#149a3f","colorDark":"#0a5121","angle":276.7,"snapDist":4,"label":0}},{"type":"Feature","geometry":{"type":"Point","coordinates":[23.367969,42.647024]},"properties":{"name":"бл. 245 ж.к. Младост 2","lines":"ТБ73","arr":["ТБ73"],"terminus":0,"mode":"bus","color":"#149a3f","colorDark":"#0a5121","angle":72.9,"snapDist":7,"label":0}},{"type":"Feature","geometry":{"type":"Point","coordinates":[23.367862,42.651186]},"properties":{"name":"ж.к. Младост-1","lines":"ТБ73","arr":["ТБ73"],"terminus":0,"mode":"bus","color":"#149a3f","colorDark":"#0a5121","angle":87.6,"snapDist":4,"label":0}},{"type":"Feature","geometry":{"type":"Point","coordinates":[23.367781,42.653082]},"properties":{"name":"Посолствата","lines":"ТБ73","arr":["ТБ73"],"terminus":0,"mode":"bus","color":"#149a3f","colorDark":"#0a5121","angle":92.5,"snapDist":5,"label":0}},{"type":"Feature","geometry":{"type":"Point","coordinates":[23.370134,42.654928]},"properties":{"name":"Онкологичен диспансер","lines":"ТБ73","arr":["ТБ73"],"terminus":0,"mode":"bus","color":"#149a3f","colorDark":"#0a5121","angle":143.6,"snapDist":6,"label":0}},{"type":"Feature","geometry":{"type":"Point","coordinates":[23.372695,42.654476]},"properties":{"name":"ул. Йерусалим","lines":"ТБ73","arr":["ТБ73"],"terminus":0,"mode":"bus","color":"#149a3f","colorDark":"#0a5121","angle":133.7,"snapDist":9,"label":0}},{"type":"Feature","geometry":{"type":"Point","coordinates":[23.376198,42.656627]},"properties":{"name":"бл. 41 ж.к. Младост-1","lines":"ТБ73","arr":["ТБ73"],"terminus":1,"mode":"bus","color":"#149a3f","colorDark":"#0a5121","angle":132.6,"snapDist":7,"label":1}},{"type":"Feature","geometry":{"type":"Point","coordinates":[23.253041,42.673454]},"properties":{"name":"ул. Боряна","lines":"ТБ73","arr":["ТБ73"],"terminus":0,"mode":"bus","color":"#149a3f","colorDark":"#0a5121","angle":169.4,"snapDist":4,"label":0}},{"type":"Feature","geometry":{"type":"Point","coordinates":[23.260417,42.674471]},"properties":{"name":"ул. народен герой","lines":"ТБ73","arr":["ТБ73"],"terminus":0,"mode":"bus","color":"#149a3f","colorDark":"#0a5121","angle":169.3,"snapDist":2,"label":1}},{"type":"Feature","geometry":{"type":"Point","coordinates":[23.263893,42.674951]},"properties":{"name":"ул. Любляна","lines":"ТБ73","arr":["ТБ73"],"terminus":0,"mode":"bus","color":"#149a3f","colorDark":"#0a5121","angle":169.4,"snapDist":2,"label":0}},{"type":"Feature","geometry":{"type":"Point","coordinates":[23.268416,42.676309]},"properties":{"name":"НЦ по рехабилитация","lines":"ТБ73","arr":["ТБ73"],"terminus":0,"mode":"bus","color":"#149a3f","colorDark":"#0a5121","angle":257.5,"snapDist":9,"label":0}},{"type":"Feature","geometry":{"type":"Point","coordinates":[23.273104,42.671235]},"properties":{"name":"кв. Овча купел","lines":"ТБ73","arr":["ТБ73"],"terminus":0,"mode":"bus","color":"#149a3f","colorDark":"#0a5121","angle":226.6,"snapDist":4,"label":0}},{"type":"Feature","geometry":{"type":"Point","coordinates":[23.283483,42.666834]},"properties":{"name":"ул. Родопски извор","lines":"ТБ73","arr":["ТБ73"],"terminus":0,"mode":"bus","color":"#149a3f","colorDark":"#0a5121","angle":205.4,"snapDist":7,"label":0}},{"type":"Feature","geometry":{"type":"Point","coordinates":[23.286184,42.665893]},"properties":{"name":"бул. България","lines":"ТБ73","arr":["ТБ73"],"terminus":0,"mode":"bus","color":"#149a3f","colorDark":"#0a5121","angle":205.3,"snapDist":7,"label":0}},{"type":"Feature","geometry":{"type":"Point","coordinates":[23.292222,42.662943]},"properties":{"name":"ул. Г. Измирлиев","lines":"ТБ73","arr":["ТБ73"],"terminus":0,"mode":"bus","color":"#149a3f","colorDark":"#0a5121","angle":214.2,"snapDist":6,"label":0}},{"type":"Feature","geometry":{"type":"Point","coordinates":[23.302714,42.664108]},"properties":{"name":"ул. Луи Айер","lines":"ТБ73, ТБ801","arr":["ТБ73","ТБ801"],"terminus":0,"mode":"bus","color":"#149a3f","colorDark":"#0a5121","angle":270.4,"snapDist":7,"label":0}},{"type":"Feature","geometry":{"type":"Point","coordinates":[23.310947,42.657233]},"properties":{"name":"ул. Иван Андонов","lines":"ТБ73","arr":["ТБ73"],"terminus":0,"mode":"bus","color":"#149a3f","colorDark":"#0a5121","angle":172.6,"snapDist":9,"label":0}},{"type":"Feature","geometry":{"type":"Point","coordinates":[23.314662,42.658446]},"properties":{"name":"бул. Черни връх","lines":"ТБ73","arr":["ТБ73"],"terminus":0,"mode":"bus","color":"#149a3f","colorDark":"#0a5121","angle":147.8,"snapDist":5,"label":0}},{"type":"Feature","geometry":{"type":"Point","coordinates":[23.317653,42.659843]},"properties":{"name":"Метростанция Витоша","lines":"ТБ73","arr":["ТБ73"],"terminus":0,"mode":"bus","color":"#149a3f","colorDark":"#0a5121","angle":147.3,"snapDist":4,"label":0}},{"type":"Feature","geometry":{"type":"Point","coordinates":[23.326479,42.665095]},"properties":{"name":"Аджибадем сити клиник","lines":"ТБ73","arr":["ТБ73"],"terminus":0,"mode":"bus","color":"#149a3f","colorDark":"#0a5121","angle":124.6,"snapDist":5,"label":1}},{"type":"Feature","geometry":{"type":"Point","coordinates":[23.327103,42.667823]},"properties":{"name":"МБАЛ Токуда болница","lines":"ТБ73","arr":["ТБ73"],"terminus":0,"mode":"bus","color":"#149a3f","colorDark":"#0a5121","angle":156.7,"snapDist":6,"label":0}},{"type":"Feature","geometry":{"type":"Point","coordinates":[23.330079,42.668746]},"properties":{"name":"НПМГ акад. Любомир Чакалов","lines":"ТБ73","arr":["ТБ73"],"terminus":0,"mode":"bus","color":"#149a3f","colorDark":"#0a5121","angle":157.4,"snapDist":9,"label":0}},{"type":"Feature","geometry":{"type":"Point","coordinates":[23.332549,42.669665]},"properties":{"name":"Ловен парк","lines":"ТБ73","arr":["ТБ73"],"terminus":0,"mode":"bus","color":"#149a3f","colorDark":"#0a5121","angle":142.5,"snapDist":9,"label":0}},{"type":"Feature","geometry":{"type":"Point","coordinates":[23.376525,42.662713]},"properties":{"name":"УМБАЛ Св. Анна","lines":"ТБ73, ТБE186","arr":["ТБ73","ТБE186"],"terminus":1,"mode":"bus","color":"#149a3f","colorDark":"#0a5121","angle":224.1,"snapDist":10,"label":1}},{"type":"Feature","geometry":{"type":"Point","coordinates":[23.377816,42.65813]},"properties":{"name":"бл. 6 ж.к. Младост-1","lines":"ТБ73","arr":["ТБ73"],"terminus":0,"mode":"bus","color":"#149a3f","colorDark":"#0a5121","angle":313.9,"snapDist":7,"label":1}},{"type":"Feature","geometry":{"type":"Point","coordinates":[23.375232,42.655869]},"properties":{"name":"бл. 41 ж.к. Младост-1","lines":"ТБ73","arr":["ТБ73"],"terminus":0,"mode":"bus","color":"#149a3f","colorDark":"#0a5121","angle":313.7,"snapDist":7,"label":0}},{"type":"Feature","geometry":{"type":"Point","coordinates":[23.371689,42.65426]},"properties":{"name":"ул. Йерусалим","lines":"ТБ73","arr":["ТБ73"],"terminus":0,"mode":"bus","color":"#149a3f","colorDark":"#0a5121","angle":44.2,"snapDist":2,"label":0}},{"type":"Feature","geometry":{"type":"Point","coordinates":[23.369099,42.654555]},"properties":{"name":"Онкологичен диспансер","lines":"ТБ73","arr":["ТБ73"],"terminus":0,"mode":"bus","color":"#149a3f","colorDark":"#0a5121","angle":338.4,"snapDist":5,"label":0}},{"type":"Feature","geometry":{"type":"Point","coordinates":[23.367787,42.652726]},"properties":{"name":"Посолствата","lines":"ТБ73","arr":["ТБ73"],"terminus":0,"mode":"bus","color":"#149a3f","colorDark":"#0a5121","angle":268.9,"snapDist":6,"label":0}},{"type":"Feature","geometry":{"type":"Point","coordinates":[23.367546,42.651087]},"properties":{"name":"ж.к. Младост-1","lines":"ТБ73","arr":["ТБ73"],"terminus":1,"mode":"bus","color":"#149a3f","colorDark":"#0a5121","angle":295.3,"snapDist":5,"label":0}},{"type":"Feature","geometry":{"type":"Point","coordinates":[23.328978,42.668563]},"properties":{"name":"НПМГ акад. Любомир Чакалов","lines":"ТБ73","arr":["ТБ73"],"terminus":0,"mode":"bus","color":"#149a3f","colorDark":"#0a5121","angle":336.9,"snapDist":5,"label":0}},{"type":"Feature","geometry":{"type":"Point","coordinates":[23.326799,42.667185]},"properties":{"name":"МБАЛ Токуда болница","lines":"ТБ73","arr":["ТБ73"],"terminus":0,"mode":"bus","color":"#149a3f","colorDark":"#0a5121","angle":246.8,"snapDist":7,"label":0}},{"type":"Feature","geometry":{"type":"Point","coordinates":[23.325967,42.664641]},"properties":{"name":"Аджибадем сити клиник","lines":"ТБ73","arr":["ТБ73"],"terminus":0,"mode":"bus","color":"#149a3f","colorDark":"#0a5121","angle":304.1,"snapDist":3,"label":0}},{"type":"Feature","geometry":{"type":"Point","coordinates":[23.318061,42.660156]},"properties":{"name":"Метростанция Витоша","lines":"ТБ73","arr":["ТБ73"],"terminus":0,"mode":"bus","color":"#149a3f","colorDark":"#0a5121","angle":327.3,"snapDist":5,"label":0}},{"type":"Feature","geometry":{"type":"Point","coordinates":[23.315863,42.659104]},"properties":{"name":"Метростанция Витоша","lines":"ТБ73","arr":["ТБ73"],"terminus":0,"mode":"bus","color":"#149a3f","colorDark":"#0a5121","angle":328.7,"snapDist":4,"label":0}},{"type":"Feature","geometry":{"type":"Point","coordinates":[23.310164,42.657233]},"properties":{"name":"ул. Иван Андонов","lines":"ТБ73","arr":["ТБ73"],"terminus":0,"mode":"bus","color":"#149a3f","colorDark":"#0a5121","angle":3.8,"snapDist":11,"label":0}},{"type":"Feature","geometry":{"type":"Point","coordinates":[23.303356,42.662787]},"properties":{"name":"ул. Луи Айер","lines":"ТБ73","arr":["ТБ73"],"terminus":0,"mode":"bus","color":"#149a3f","colorDark":"#0a5121","angle":59.2,"snapDist":9,"label":0}},{"type":"Feature","geometry":{"type":"Point","coordinates":[23.294863,42.661798]},"properties":{"name":"ул. Костенски водопад","lines":"ТБ73","arr":["ТБ73"],"terminus":0,"mode":"bus","color":"#149a3f","colorDark":"#0a5121","angle":34.3,"snapDist":5,"label":0}},{"type":"Feature","geometry":{"type":"Point","coordinates":[23.291489,42.663499]},"properties":{"name":"ул. Г. Измирлиев","lines":"ТБ73","arr":["ТБ73"],"terminus":0,"mode":"bus","color":"#149a3f","colorDark":"#0a5121","angle":33.8,"snapDist":6,"label":0}},{"type":"Feature","geometry":{"type":"Point","coordinates":[23.286705,42.665711]},"properties":{"name":"бул. България","lines":"ТБ73","arr":["ТБ73"],"terminus":0,"mode":"bus","color":"#149a3f","colorDark":"#0a5121","angle":25.4,"snapDist":5,"label":0}},{"type":"Feature","geometry":{"type":"Point","coordinates":[23.282072,42.667324]},"properties":{"name":"ул. Родопски извор","lines":"ТБ73","arr":["ТБ73"],"terminus":0,"mode":"bus","color":"#149a3f","colorDark":"#0a5121","angle":25.1,"snapDist":5,"label":0}},{"type":"Feature","geometry":{"type":"Point","coordinates":[23.276293,42.669721]},"properties":{"name":"ул. Т. Каблешков","lines":"ТБ73, ТБ801","arr":["ТБ73","ТБ801"],"terminus":0,"mode":"bus","color":"#149a3f","colorDark":"#0a5121","angle":25.8,"snapDist":6,"label":0}},{"type":"Feature","geometry":{"type":"Point","coordinates":[23.272009,42.672201]},"properties":{"name":"кв. Овча купел","lines":"ТБ73","arr":["ТБ73"],"terminus":0,"mode":"bus","color":"#149a3f","colorDark":"#0a5121","angle":42.9,"snapDist":6,"label":0}},{"type":"Feature","geometry":{"type":"Point","coordinates":[23.263142,42.674901]},"properties":{"name":"ул. Любляна","lines":"ТБ73","arr":["ТБ73"],"terminus":0,"mode":"bus","color":"#149a3f","colorDark":"#0a5121","angle":349.4,"snapDist":7,"label":0}},{"type":"Feature","geometry":{"type":"Point","coordinates":[23.258763,42.674302]},"properties":{"name":"ул. народен герой","lines":"ТБ73","arr":["ТБ73"],"terminus":0,"mode":"bus","color":"#149a3f","colorDark":"#0a5121","angle":349.5,"snapDist":5,"label":0}},{"type":"Feature","geometry":{"type":"Point","coordinates":[23.297201,42.660656]},"properties":{"name":"ж.к. Гоце Делчев","lines":"ТБ74, ТБ288","arr":["ТБ74","ТБ288"],"terminus":1,"mode":"bus","color":"#149a3f","colorDark":"#0a5121","angle":32.1,"snapDist":6,"label":0}},{"type":"Feature","geometry":{"type":"Point","coordinates":[23.301115,42.687476]},"properties":{"name":"бул. Цар Борис ІІІ","lines":"ТБ74","arr":["ТБ74"],"terminus":0,"mode":"bus","color":"#149a3f","colorDark":"#0a5121","angle":144.8,"snapDist":8,"label":0}},{"type":"Feature","geometry":{"type":"Point","coordinates":[23.313878,42.709877]},"properties":{"name":"ул. Охрид","lines":"ТБ74","arr":["ТБ74"],"terminus":0,"mode":"bus","color":"#149a3f","colorDark":"#0a5121","angle":107.6,"snapDist":4,"label":0}},{"type":"Feature","geometry":{"type":"Point","coordinates":[23.316333,42.712637]},"properties":{"name":"ул. Опълченска","lines":"ТБ74","arr":["ТБ74"],"terminus":0,"mode":"bus","color":"#149a3f","colorDark":"#0a5121","angle":214.6,"snapDist":9,"label":0}},{"type":"Feature","geometry":{"type":"Point","coordinates":[23.317383,42.712097]},"properties":{"name":"бул. Кн. Мария Луиза","lines":"ТБ74","arr":["ТБ74"],"terminus":1,"mode":"bus","color":"#149a3f","colorDark":"#0a5121","angle":215.5,"snapDist":6,"label":0}},{"type":"Feature","geometry":{"type":"Point","coordinates":[23.318594,42.710672]},"properties":{"name":"Централна гара","lines":"ТБ74","arr":["ТБ74"],"terminus":0,"mode":"bus","color":"#149a3f","colorDark":"#0a5121","angle":292.6,"snapDist":7,"label":0}},{"type":"Feature","geometry":{"type":"Point","coordinates":[23.300203,42.686183]},"properties":{"name":"бул. Цар Борис ІІІ","lines":"ТБ74","arr":["ТБ74"],"terminus":0,"mode":"bus","color":"#149a3f","colorDark":"#0a5121","angle":243.5,"snapDist":5,"label":0}},{"type":"Feature","geometry":{"type":"Point","coordinates":[23.348959,42.617068]},"properties":{"name":"Лифта Симеоново","lines":"ТБ123","arr":["ТБ123"],"terminus":1,"mode":"bus","color":"#149a3f","colorDark":"#0a5121","angle":222.3,"snapDist":6,"label":1}},{"type":"Feature","geometry":{"type":"Point","coordinates":[23.350166,42.62445]},"properties":{"name":"Разклона за лифт Симеоново","lines":"ТБ123","arr":["ТБ123"],"terminus":0,"mode":"bus","color":"#149a3f","colorDark":"#0a5121","angle":165.4,"snapDist":6,"label":1}},{"type":"Feature","geometry":{"type":"Point","coordinates":[23.356511,42.624291]},"properties":{"name":"ул. Бистришко шосе","lines":"ТБ123","arr":["ТБ123"],"terminus":0,"mode":"bus","color":"#149a3f","colorDark":"#0a5121","angle":195.8,"snapDist":5,"label":0}},{"type":"Feature","geometry":{"type":"Point","coordinates":[23.358152,42.624281]},"properties":{"name":"Околовръстен път","lines":"ТБ123","arr":["ТБ123"],"terminus":0,"mode":"bus","color":"#149a3f","colorDark":"#0a5121","angle":99.4,"snapDist":4,"label":0}},{"type":"Feature","geometry":{"type":"Point","coordinates":[23.358581,42.626777]},"properties":{"name":"Ханчето - по желание","lines":"ТБ123","arr":["ТБ123"],"terminus":0,"mode":"bus","color":"#149a3f","colorDark":"#0a5121","angle":60.1,"snapDist":3,"label":0}},{"type":"Feature","geometry":{"type":"Point","coordinates":[23.354799,42.63231]},"properties":{"name":"НЦ по радиобиология - по желание","lines":"ТБ123","arr":["ТБ123"],"terminus":0,"mode":"bus","color":"#149a3f","colorDark":"#0a5121","angle":67.2,"snapDist":2,"label":0}},{"type":"Feature","geometry":{"type":"Point","coordinates":[23.353895,42.635013]},"properties":{"name":"ул. 9 - по желание","lines":"ТБ123","arr":["ТБ123"],"terminus":0,"mode":"bus","color":"#149a3f","colorDark":"#0a5121","angle":79.3,"snapDist":3,"label":0}},{"type":"Feature","geometry":{"type":"Point","coordinates":[23.353297,42.637949]},"properties":{"name":"кв. Малинова долина - по желание","lines":"ТБ123","arr":["ТБ123"],"terminus":0,"mode":"bus","color":"#149a3f","colorDark":"#0a5121","angle":83.9,"snapDist":2,"label":0}},{"type":"Feature","geometry":{"type":"Point","coordinates":[23.35339,42.644071]},"properties":{"name":"СК на НСА - по желание","lines":"ТБ123","arr":["ТБ123"],"terminus":0,"mode":"bus","color":"#149a3f","colorDark":"#0a5121","angle":98.6,"snapDist":4,"label":0}},{"type":"Feature","geometry":{"type":"Point","coordinates":[23.358901,42.651053]},"properties":{"name":"ж.к. Дървеница","lines":"ТБ123","arr":["ТБ123"],"terminus":0,"mode":"bus","color":"#149a3f","colorDark":"#0a5121","angle":126.7,"snapDist":2,"label":0}},{"type":"Feature","geometry":{"type":"Point","coordinates":[23.359699,42.653834]},"properties":{"name":"Лту","lines":"ТБ123","arr":["ТБ123"],"terminus":0,"mode":"bus","color":"#149a3f","colorDark":"#0a5121","angle":78.8,"snapDist":5,"label":0}},{"type":"Feature","geometry":{"type":"Point","coordinates":[23.359123,42.657634]},"properties":{"name":"Технически университет","lines":"ТБ123","arr":["ТБ123"],"terminus":0,"mode":"bus","color":"#149a3f","colorDark":"#0a5121","angle":87.3,"snapDist":11,"label":0}},{"type":"Feature","geometry":{"type":"Point","coordinates":[23.35855,42.662461]},"properties":{"name":"НСБАЛ по Онкология","lines":"ТБ123","arr":["ТБ123"],"terminus":0,"mode":"bus","color":"#149a3f","colorDark":"#0a5121","angle":63.5,"snapDist":7,"label":0}},{"type":"Feature","geometry":{"type":"Point","coordinates":[23.36069,42.664529]},"properties":{"name":"Техническа библиотека","lines":"ТБ123, ТБ288","arr":["ТБ123","ТБ288"],"terminus":0,"mode":"bus","color":"#149a3f","colorDark":"#0a5121","angle":148.1,"snapDist":3,"label":0}},{"type":"Feature","geometry":{"type":"Point","coordinates":[23.365181,42.666989]},"properties":{"name":"Републикански невродиспансер","lines":"ТБ123, ТБ288","arr":["ТБ123","ТБ288"],"terminus":0,"mode":"bus","color":"#149a3f","colorDark":"#0a5121","angle":138.5,"snapDist":2,"label":0}},{"type":"Feature","geometry":{"type":"Point","coordinates":[23.375577,42.675195]},"properties":{"name":"СК ЦСКА","lines":"ТБ123, ТБ288, ТБE186","arr":["ТБ123","ТБ288","ТБE186"],"terminus":0,"mode":"bus","color":"#149a3f","colorDark":"#0a5121","angle":12.7,"snapDist":5,"label":0}},{"type":"Feature","geometry":{"type":"Point","coordinates":[23.370672,42.677568]},"properties":{"name":"Автостанция Гео Милев","lines":"ТБ123, ТБ288, ТБE186","arr":["ТБ123","ТБ288","ТБE186"],"terminus":1,"mode":"bus","color":"#149a3f","colorDark":"#0a5121","angle":210.7,"snapDist":4,"label":0}},{"type":"Feature","geometry":{"type":"Point","coordinates":[23.370401,42.678007]},"properties":{"name":"Автостанция Гео Милев","lines":"ТБ123, ТБ288, ТБE186","arr":["ТБ123","ТБ288","ТБE186"],"terminus":1,"mode":"bus","color":"#149a3f","colorDark":"#0a5121","angle":30.7,"snapDist":7,"label":0}},{"type":"Feature","geometry":{"type":"Point","coordinates":[23.36704,42.669308]},"properties":{"name":"Площад на авиацията","lines":"ТБ123, ТБ288","arr":["ТБ123","ТБ288"],"terminus":0,"mode":"bus","color":"#149a3f","colorDark":"#0a5121","angle":298.2,"snapDist":4,"label":0}},{"type":"Feature","geometry":{"type":"Point","coordinates":[23.364331,42.666573]},"properties":{"name":"Републикански невродиспансер","lines":"ТБ123, ТБ288","arr":["ТБ123","ТБ288"],"terminus":0,"mode":"bus","color":"#149a3f","colorDark":"#0a5121","angle":318.5,"snapDist":5,"label":0}},{"type":"Feature","geometry":{"type":"Point","coordinates":[23.359571,42.664235]},"properties":{"name":"Техническа библиотека","lines":"ТБ123, ТБ288","arr":["ТБ123","ТБ288"],"terminus":0,"mode":"bus","color":"#149a3f","colorDark":"#0a5121","angle":331.7,"snapDist":8,"label":0}},{"type":"Feature","geometry":{"type":"Point","coordinates":[23.358101,42.662763]},"properties":{"name":"НСБАЛ по Онкология","lines":"ТБ123","arr":["ТБ123"],"terminus":0,"mode":"bus","color":"#149a3f","colorDark":"#0a5121","angle":232.6,"snapDist":7,"label":0}},{"type":"Feature","geometry":{"type":"Point","coordinates":[23.359165,42.656661]},"properties":{"name":"Технически университет","lines":"ТБ123","arr":["ТБ123"],"terminus":0,"mode":"bus","color":"#149a3f","colorDark":"#0a5121","angle":267.9,"snapDist":9,"label":0}},{"type":"Feature","geometry":{"type":"Point","coordinates":[23.359743,42.653142]},"properties":{"name":"Лту","lines":"ТБ123","arr":["ТБ123"],"terminus":0,"mode":"bus","color":"#149a3f","colorDark":"#0a5121","angle":264.1,"snapDist":5,"label":0}},{"type":"Feature","geometry":{"type":"Point","coordinates":[23.35791,42.65035]},"properties":{"name":"ж.к. Дървеница","lines":"ТБ123","arr":["ТБ123"],"terminus":0,"mode":"bus","color":"#149a3f","colorDark":"#0a5121","angle":305.8,"snapDist":3,"label":0}},{"type":"Feature","geometry":{"type":"Point","coordinates":[23.353364,42.643946]},"properties":{"name":"СК на НСА - по желание","lines":"ТБ123","arr":["ТБ123"],"terminus":0,"mode":"bus","color":"#149a3f","colorDark":"#0a5121","angle":278.6,"snapDist":4,"label":0}},{"type":"Feature","geometry":{"type":"Point","coordinates":[23.353308,42.637878]},"properties":{"name":"кв. Малинова долина - по желание","lines":"ТБ123","arr":["ТБ123"],"terminus":0,"mode":"bus","color":"#149a3f","colorDark":"#0a5121","angle":263.9,"snapDist":4,"label":0}},{"type":"Feature","geometry":{"type":"Point","coordinates":[23.35398,42.634681]},"properties":{"name":"ул. 9 - по желание","lines":"ТБ123","arr":["ТБ123"],"terminus":0,"mode":"bus","color":"#149a3f","colorDark":"#0a5121","angle":259.3,"snapDist":4,"label":0}},{"type":"Feature","geometry":{"type":"Point","coordinates":[23.35485,42.632218]},"properties":{"name":"НЦ по радиобиология - по желание","lines":"ТБ123","arr":["ТБ123"],"terminus":0,"mode":"bus","color":"#149a3f","colorDark":"#0a5121","angle":249.4,"snapDist":5,"label":0}},{"type":"Feature","geometry":{"type":"Point","coordinates":[23.358784,42.626499]},"properties":{"name":"Ханчето - по желание","lines":"ТБ123","arr":["ТБ123"],"terminus":0,"mode":"bus","color":"#149a3f","colorDark":"#0a5121","angle":243.7,"snapDist":4,"label":0}},{"type":"Feature","geometry":{"type":"Point","coordinates":[23.357032,42.624619]},"properties":{"name":"ул. Бистришко шосе","lines":"ТБ123","arr":["ТБ123"],"terminus":0,"mode":"bus","color":"#149a3f","colorDark":"#0a5121","angle":12.4,"snapDist":6,"label":0}},{"type":"Feature","geometry":{"type":"Point","coordinates":[23.349715,42.624604]},"properties":{"name":"Разклона за лифт Симеоново","lines":"ТБ123","arr":["ТБ123"],"terminus":0,"mode":"bus","color":"#149a3f","colorDark":"#0a5121","angle":291.9,"snapDist":3,"label":0}},{"type":"Feature","geometry":{"type":"Point","coordinates":[23.29565,42.661227]},"properties":{"name":"ул. Костенски водопад","lines":"ТБ288","arr":["ТБ288"],"terminus":0,"mode":"bus","color":"#149a3f","colorDark":"#0a5121","angle":213,"snapDist":5,"label":0}},{"type":"Feature","geometry":{"type":"Point","coordinates":[23.298887,42.659699]},"properties":{"name":"ул. Тодор Каблешков","lines":"ТБ288","arr":["ТБ288"],"terminus":0,"mode":"bus","color":"#149a3f","colorDark":"#0a5121","angle":211.5,"snapDist":5,"label":1}},{"type":"Feature","geometry":{"type":"Point","coordinates":[23.303031,42.657554]},"properties":{"name":"ул. Младежки проход","lines":"ТБ288","arr":["ТБ288"],"terminus":0,"mode":"bus","color":"#149a3f","colorDark":"#0a5121","angle":208.5,"snapDist":1,"label":0}},{"type":"Feature","geometry":{"type":"Point","coordinates":[23.307127,42.656846]},"properties":{"name":"ул. Никола Крушкин - Чолака","lines":"ТБ288","arr":["ТБ288"],"terminus":0,"mode":"bus","color":"#149a3f","colorDark":"#0a5121","angle":181,"snapDist":2,"label":0}},{"type":"Feature","geometry":{"type":"Point","coordinates":[23.311638,42.656805]},"properties":{"name":"ул. Емилиян Станев","lines":"ТБ288","arr":["ТБ288"],"terminus":0,"mode":"bus","color":"#149a3f","colorDark":"#0a5121","angle":180.4,"snapDist":4,"label":0}},{"type":"Feature","geometry":{"type":"Point","coordinates":[23.317177,42.656718]},"properties":{"name":"Метростанция Витоша","lines":"ТБ288","arr":["ТБ288"],"terminus":0,"mode":"bus","color":"#149a3f","colorDark":"#0a5121","angle":181.4,"snapDist":7,"label":0}},{"type":"Feature","geometry":{"type":"Point","coordinates":[23.322002,42.656629]},"properties":{"name":"МБАЛ Вита","lines":"ТБ288","arr":["ТБ288"],"terminus":0,"mode":"bus","color":"#149a3f","colorDark":"#0a5121","angle":181.4,"snapDist":5,"label":0}},{"type":"Feature","geometry":{"type":"Point","coordinates":[23.327058,42.656536]},"properties":{"name":"ул. Могилата","lines":"ТБ288","arr":["ТБ288"],"terminus":0,"mode":"bus","color":"#149a3f","colorDark":"#0a5121","angle":181.4,"snapDist":5,"label":0}},{"type":"Feature","geometry":{"type":"Point","coordinates":[23.333223,42.655719]},"properties":{"name":"Ул. Чавдар Мутафов","lines":"ТБ288","arr":["ТБ288"],"terminus":0,"mode":"bus","color":"#149a3f","colorDark":"#0a5121","angle":158.2,"snapDist":6,"label":1}},{"type":"Feature","geometry":{"type":"Point","coordinates":[23.337715,42.657428]},"properties":{"name":"ж.к. Дианабад","lines":"ТБ288","arr":["ТБ288"],"terminus":0,"mode":"bus","color":"#149a3f","colorDark":"#0a5121","angle":181.5,"snapDist":6,"label":0}},{"type":"Feature","geometry":{"type":"Point","coordinates":[23.342561,42.658217]},"properties":{"name":"бл. 22 ж.к. Дианабад бл. 1","lines":"ТБ288","arr":["ТБ288"],"terminus":0,"mode":"bus","color":"#149a3f","colorDark":"#0a5121","angle":163.7,"snapDist":3,"label":0}},{"type":"Feature","geometry":{"type":"Point","coordinates":[23.348965,42.660005]},"properties":{"name":"бул. Д-Р Г. м. Димитров","lines":"ТБ288","arr":["ТБ288"],"terminus":0,"mode":"bus","color":"#149a3f","colorDark":"#0a5121","angle":151.7,"snapDist":6,"label":0}},{"type":"Feature","geometry":{"type":"Point","coordinates":[23.351987,42.661175]},"properties":{"name":"МГУ Св.Ив.Рилски","lines":"ТБ288","arr":["ТБ288"],"terminus":0,"mode":"bus","color":"#149a3f","colorDark":"#0a5121","angle":152.1,"snapDist":3,"label":0}},{"type":"Feature","geometry":{"type":"Point","coordinates":[23.356167,42.662759]},"properties":{"name":"Метростанция Г. М. Димитров","lines":"ТБ288","arr":["ТБ288"],"terminus":0,"mode":"bus","color":"#149a3f","colorDark":"#0a5121","angle":155,"snapDist":6,"label":1}},{"type":"Feature","geometry":{"type":"Point","coordinates":[23.356463,42.663023]},"properties":{"name":"НСБАЛ по Онкология","lines":"ТБ288","arr":["ТБ288"],"terminus":0,"mode":"bus","color":"#149a3f","colorDark":"#0a5121","angle":332.5,"snapDist":6,"label":0}},{"type":"Feature","geometry":{"type":"Point","coordinates":[23.351498,42.661098]},"properties":{"name":"МГУ Св.Ив.Рилски","lines":"ТБ288","arr":["ТБ288"],"terminus":0,"mode":"bus","color":"#149a3f","colorDark":"#0a5121","angle":332.2,"snapDist":3,"label":0}},{"type":"Feature","geometry":{"type":"Point","coordinates":[23.345003,42.658831]},"properties":{"name":"бул. Д-Р Г. м. Димитров","lines":"ТБ288","arr":["ТБ288"],"terminus":0,"mode":"bus","color":"#149a3f","colorDark":"#0a5121","angle":344.1,"snapDist":7,"label":0}},{"type":"Feature","geometry":{"type":"Point","coordinates":[23.342013,42.658204]},"properties":{"name":"бл. 22 ж.к. Дианабад","lines":"ТБ288","arr":["ТБ288"],"terminus":0,"mode":"bus","color":"#149a3f","colorDark":"#0a5121","angle":344.1,"snapDist":5,"label":0}},{"type":"Feature","geometry":{"type":"Point","coordinates":[23.333111,42.655841]},"properties":{"name":"ул. Чавдар Мутафов","lines":"ТБ288","arr":["ТБ288"],"terminus":0,"mode":"bus","color":"#149a3f","colorDark":"#0a5121","angle":337.3,"snapDist":6,"label":1}},{"type":"Feature","geometry":{"type":"Point","coordinates":[23.327311,42.656682]},"properties":{"name":"ул. Могилата","lines":"ТБ288","arr":["ТБ288"],"terminus":0,"mode":"bus","color":"#149a3f","colorDark":"#0a5121","angle":1.4,"snapDist":5,"label":0}},{"type":"Feature","geometry":{"type":"Point","coordinates":[23.320908,42.656796]},"properties":{"name":"МБАЛ Вита","lines":"ТБ288","arr":["ТБ288"],"terminus":0,"mode":"bus","color":"#149a3f","colorDark":"#0a5121","angle":1.3,"snapDist":5,"label":0}},{"type":"Feature","geometry":{"type":"Point","coordinates":[23.315361,42.656894]},"properties":{"name":"Метростанция Витоша","lines":"ТБ288","arr":["ТБ288"],"terminus":0,"mode":"bus","color":"#149a3f","colorDark":"#0a5121","angle":1.8,"snapDist":4,"label":0}},{"type":"Feature","geometry":{"type":"Point","coordinates":[23.312374,42.656938]},"properties":{"name":"ул. Емилиян Станев","lines":"ТБ288","arr":["ТБ288"],"terminus":0,"mode":"bus","color":"#149a3f","colorDark":"#0a5121","angle":0.5,"snapDist":4,"label":0}},{"type":"Feature","geometry":{"type":"Point","coordinates":[23.307007,42.656981]},"properties":{"name":"ул. Никола Крушкин - Чолака","lines":"ТБ288","arr":["ТБ288"],"terminus":0,"mode":"bus","color":"#149a3f","colorDark":"#0a5121","angle":1.2,"snapDist":7,"label":0}},{"type":"Feature","geometry":{"type":"Point","coordinates":[23.302261,42.658081]},"properties":{"name":"ул. Младежки проход","lines":"ТБ288","arr":["ТБ288"],"terminus":0,"mode":"bus","color":"#149a3f","colorDark":"#0a5121","angle":36.2,"snapDist":14,"label":0}},{"type":"Feature","geometry":{"type":"Point","coordinates":[23.299386,42.659651]},"properties":{"name":"ул. Тодор Каблешков","lines":"ТБ288","arr":["ТБ288"],"terminus":0,"mode":"bus","color":"#149a3f","colorDark":"#0a5121","angle":32.8,"snapDist":5,"label":0}},{"type":"Feature","geometry":{"type":"Point","coordinates":[23.294376,42.65328]},"properties":{"name":"кв. Манастирски ливади","lines":"ТБ801","arr":["ТБ801"],"terminus":1,"mode":"bus","color":"#149a3f","colorDark":"#0a5121","angle":78.5,"snapDist":1,"label":0}},{"type":"Feature","geometry":{"type":"Point","coordinates":[23.297678,42.655862]},"properties":{"name":"ул. Луи Айер","lines":"ТБ801","arr":["ТБ801"],"terminus":0,"mode":"bus","color":"#149a3f","colorDark":"#0a5121","angle":101.3,"snapDist":3,"label":0}},{"type":"Feature","geometry":{"type":"Point","coordinates":[23.300444,42.660213]},"properties":{"name":"бл. 254 ж.к. Гоце Делчев","lines":"ТБ801","arr":["ТБ801"],"terminus":0,"mode":"bus","color":"#149a3f","colorDark":"#0a5121","angle":123.5,"snapDist":3,"label":1}},{"type":"Feature","geometry":{"type":"Point","coordinates":[23.293183,42.659515]},"properties":{"name":"ул. Иван Кирков","lines":"ТБ801","arr":["ТБ801"],"terminus":0,"mode":"bus","color":"#149a3f","colorDark":"#0a5121","angle":285.9,"snapDist":2,"label":1}},{"type":"Feature","geometry":{"type":"Point","coordinates":[23.291424,42.655736]},"properties":{"name":"ЖК Елизиум","lines":"ТБ801","arr":["ТБ801"],"terminus":0,"mode":"bus","color":"#149a3f","colorDark":"#0a5121","angle":286,"snapDist":3,"label":1}},{"type":"Feature","geometry":{"type":"Point","coordinates":[23.28772,42.655732]},"properties":{"name":"ул. Спас Соколов","lines":"ТБ801","arr":["ТБ801"],"terminus":0,"mode":"bus","color":"#149a3f","colorDark":"#0a5121","angle":27,"snapDist":7,"label":1}},{"type":"Feature","geometry":{"type":"Point","coordinates":[23.266162,42.667119]},"properties":{"name":"Кв. Павлово","lines":"ТБ801","arr":["ТБ801"],"terminus":0,"mode":"bus","color":"#149a3f","colorDark":"#0a5121","angle":94,"snapDist":7,"label":1}},{"type":"Feature","geometry":{"type":"Point","coordinates":[23.273172,42.672138]},"properties":{"name":"Кв. Овча купел","lines":"ТБ801","arr":["ТБ801"],"terminus":0,"mode":"bus","color":"#149a3f","colorDark":"#0a5121","angle":142.3,"snapDist":7,"label":1}},{"type":"Feature","geometry":{"type":"Point","coordinates":[23.284186,42.678398]},"properties":{"name":"Ж.к. Красно село","lines":"ТБ801","arr":["ТБ801"],"terminus":1,"mode":"bus","color":"#149a3f","colorDark":"#0a5121","angle":322.9,"snapDist":6,"label":1}},{"type":"Feature","geometry":{"type":"Point","coordinates":[23.278864,42.674558]},"properties":{"name":"Бул. Братя Бъкстон","lines":"ТБ801","arr":["ТБ801"],"terminus":0,"mode":"bus","color":"#149a3f","colorDark":"#0a5121","angle":289.5,"snapDist":5,"label":1}},{"type":"Feature","geometry":{"type":"Point","coordinates":[23.274751,42.669116]},"properties":{"name":"ул. Казбек","lines":"ТБ801","arr":["ТБ801"],"terminus":0,"mode":"bus","color":"#149a3f","colorDark":"#0a5121","angle":290.2,"snapDist":1,"label":1}},{"type":"Feature","geometry":{"type":"Point","coordinates":[23.283173,42.661206]},"properties":{"name":"кв. Манастирски ливади - запад","lines":"ТБ801","arr":["ТБ801"],"terminus":0,"mode":"bus","color":"#149a3f","colorDark":"#0a5121","angle":308.3,"snapDist":4,"label":1}},{"type":"Feature","geometry":{"type":"Point","coordinates":[23.282217,42.658243]},"properties":{"name":"ул. проф. Велизар Велков","lines":"ТБ801","arr":["ТБ801"],"terminus":0,"mode":"bus","color":"#149a3f","colorDark":"#0a5121","angle":216.8,"snapDist":3,"label":1}},{"type":"Feature","geometry":{"type":"Point","coordinates":[23.285771,42.656466]},"properties":{"name":"бул. България","lines":"ТБ801","arr":["ТБ801"],"terminus":0,"mode":"bus","color":"#149a3f","colorDark":"#0a5121","angle":207.3,"snapDist":5,"label":1}},{"type":"Feature","geometry":{"type":"Point","coordinates":[23.287621,42.655769]},"properties":{"name":"ул. Спас Соколов","lines":"ТБ801","arr":["ТБ801"],"terminus":0,"mode":"bus","color":"#149a3f","colorDark":"#0a5121","angle":207,"snapDist":6,"label":0}},{"type":"Feature","geometry":{"type":"Point","coordinates":[23.29149,42.655906]},"properties":{"name":"ЖК Елизиум","lines":"ТБ801","arr":["ТБ801"],"terminus":0,"mode":"bus","color":"#149a3f","colorDark":"#0a5121","angle":106,"snapDist":4,"label":0}},{"type":"Feature","geometry":{"type":"Point","coordinates":[23.293342,42.659946]},"properties":{"name":"ул. Иван Кирков","lines":"ТБ801","arr":["ТБ801"],"terminus":0,"mode":"bus","color":"#149a3f","colorDark":"#0a5121","angle":102.5,"snapDist":4,"label":0}},{"type":"Feature","geometry":{"type":"Point","coordinates":[23.302075,42.66574]},"properties":{"name":"ул. Костенски водопад","lines":"ТБ801","arr":["ТБ801"],"terminus":0,"mode":"bus","color":"#149a3f","colorDark":"#0a5121","angle":222.6,"snapDist":9,"label":0}},{"type":"Feature","geometry":{"type":"Point","coordinates":[23.300489,42.66027]},"properties":{"name":"бл. 254 ж.к. Гоце Делчев","lines":"ТБ801","arr":["ТБ801"],"terminus":0,"mode":"bus","color":"#149a3f","colorDark":"#0a5121","angle":300.3,"snapDist":3,"label":0}},{"type":"Feature","geometry":{"type":"Point","coordinates":[23.297727,42.656121]},"properties":{"name":"ул. Луи Айер","lines":"ТБ801","arr":["ТБ801"],"terminus":0,"mode":"bus","color":"#149a3f","colorDark":"#0a5121","angle":278.6,"snapDist":5,"label":0}},{"type":"Feature","geometry":{"type":"Point","coordinates":[23.410497,42.609731]},"properties":{"name":"село Герман","lines":"ТБE186","arr":["ТБE186"],"terminus":1,"mode":"bus","color":"#149a3f","colorDark":"#0a5121","angle":267.7,"snapDist":4,"label":1}},{"type":"Feature","geometry":{"type":"Point","coordinates":[23.41558,42.614808]},"properties":{"name":"86-ти пощенски клон","lines":"ТБE186","arr":["ТБE186"],"terminus":0,"mode":"bus","color":"#149a3f","colorDark":"#0a5121","angle":115,"snapDist":1,"label":0}},{"type":"Feature","geometry":{"type":"Point","coordinates":[23.417764,42.617872]},"properties":{"name":"Стадиона Герман","lines":"ТБE186","arr":["ТБE186"],"terminus":0,"mode":"bus","color":"#149a3f","colorDark":"#0a5121","angle":116.4,"snapDist":2,"label":0}},{"type":"Feature","geometry":{"type":"Point","coordinates":[23.42026,42.621121]},"properties":{"name":"Разклона за с. Герман","lines":"ТБE186","arr":["ТБE186"],"terminus":0,"mode":"bus","color":"#149a3f","colorDark":"#0a5121","angle":118.9,"snapDist":4,"label":0}},{"type":"Feature","geometry":{"type":"Point","coordinates":[23.422305,42.62493]},"properties":{"name":"в.з. Герман","lines":"ТБE186","arr":["ТБE186"],"terminus":0,"mode":"bus","color":"#149a3f","colorDark":"#0a5121","angle":111.8,"snapDist":2,"label":1}},{"type":"Feature","geometry":{"type":"Point","coordinates":[23.427611,42.632912]},"properties":{"name":"Корията","lines":"ТБE186","arr":["ТБE186"],"terminus":0,"mode":"bus","color":"#149a3f","colorDark":"#0a5121","angle":119.9,"snapDist":4,"label":1}},{"type":"Feature","geometry":{"type":"Point","coordinates":[23.426522,42.636114]},"properties":{"name":"Разклона за с. Герман","lines":"ТБE186","arr":["ТБE186"],"terminus":0,"mode":"bus","color":"#149a3f","colorDark":"#0a5121","angle":9.3,"snapDist":8,"label":0}},{"type":"Feature","geometry":{"type":"Point","coordinates":[23.420078,42.636845]},"properties":{"name":"Моста за резиденция Врана","lines":"ТБE186","arr":["ТБE186"],"terminus":0,"mode":"bus","color":"#149a3f","colorDark":"#0a5121","angle":8.3,"snapDist":9,"label":0}},{"type":"Feature","geometry":{"type":"Point","coordinates":[23.412143,42.638714]},"properties":{"name":"Горублянско ханче","lines":"ТБE186","arr":["ТБE186"],"terminus":0,"mode":"bus","color":"#149a3f","colorDark":"#0a5121","angle":31.6,"snapDist":8,"label":0}},{"type":"Feature","geometry":{"type":"Point","coordinates":[23.405186,42.641958]},"properties":{"name":"Корабчето","lines":"ТБE186","arr":["ТБE186"],"terminus":0,"mode":"bus","color":"#149a3f","colorDark":"#0a5121","angle":32.1,"snapDist":5,"label":0}},{"type":"Feature","geometry":{"type":"Point","coordinates":[23.393527,42.650275]},"properties":{"name":"Метростанция Цариградско шосе","lines":"ТБE186","arr":["ТБE186"],"terminus":0,"mode":"bus","color":"#149a3f","colorDark":"#0a5121","angle":49.3,"snapDist":3,"label":0}},{"type":"Feature","geometry":{"type":"Point","coordinates":[23.389205,42.653666]},"properties":{"name":"Комплекс на БАН","lines":"ТБE186","arr":["ТБE186"],"terminus":0,"mode":"bus","color":"#149a3f","colorDark":"#0a5121","angle":50.1,"snapDist":9,"label":0}},{"type":"Feature","geometry":{"type":"Point","coordinates":[23.385138,42.656823]},"properties":{"name":"Държавна печатница","lines":"ТБE186","arr":["ТБE186"],"terminus":0,"mode":"bus","color":"#149a3f","colorDark":"#0a5121","angle":44.5,"snapDist":7,"label":0}},{"type":"Feature","geometry":{"type":"Point","coordinates":[23.380747,42.659942]},"properties":{"name":"Хермес парк","lines":"ТБE186","arr":["ТБE186"],"terminus":0,"mode":"bus","color":"#149a3f","colorDark":"#0a5121","angle":44.1,"snapDist":11,"label":0}},{"type":"Feature","geometry":{"type":"Point","coordinates":[23.376833,42.662709]},"properties":{"name":"УМБАЛ Св. Анна","lines":"ТБE186","arr":["ТБE186"],"terminus":0,"mode":"bus","color":"#149a3f","colorDark":"#0a5121","angle":44,"snapDist":8,"label":0}},{"type":"Feature","geometry":{"type":"Point","coordinates":[23.373034,42.665797]},"properties":{"name":"София Тех парк","lines":"ТБE186","arr":["ТБE186"],"terminus":0,"mode":"bus","color":"#149a3f","colorDark":"#0a5121","angle":43.8,"snapDist":4,"label":0}},{"type":"Feature","geometry":{"type":"Point","coordinates":[23.384948,42.656715]},"properties":{"name":"Държавна печатница","lines":"ТБE186","arr":["ТБE186"],"terminus":0,"mode":"bus","color":"#149a3f","colorDark":"#0a5121","angle":223,"snapDist":10,"label":0}},{"type":"Feature","geometry":{"type":"Point","coordinates":[23.388773,42.653797]},"properties":{"name":"Комплекс на БАН","lines":"ТБE186","arr":["ТБE186"],"terminus":0,"mode":"bus","color":"#149a3f","colorDark":"#0a5121","angle":230.5,"snapDist":9,"label":0}},{"type":"Feature","geometry":{"type":"Point","coordinates":[23.393622,42.649195]},"properties":{"name":"Метростанция Цариградско шосе","lines":"ТБE186","arr":["ТБE186"],"terminus":0,"mode":"bus","color":"#149a3f","colorDark":"#0a5121","angle":230.8,"snapDist":4,"label":0}},{"type":"Feature","geometry":{"type":"Point","coordinates":[23.403172,42.642524]},"properties":{"name":"Корабчето","lines":"ТБE186","arr":["ТБE186"],"terminus":0,"mode":"bus","color":"#149a3f","colorDark":"#0a5121","angle":211.4,"snapDist":9,"label":0}},{"type":"Feature","geometry":{"type":"Point","coordinates":[23.412508,42.638352]},"properties":{"name":"Горублянско ханче","lines":"ТБE186","arr":["ТБE186"],"terminus":0,"mode":"bus","color":"#149a3f","colorDark":"#0a5121","angle":211.4,"snapDist":9,"label":0}},{"type":"Feature","geometry":{"type":"Point","coordinates":[23.421051,42.6364]},"properties":{"name":"Моста за резиденция Врана","lines":"ТБE186","arr":["ТБE186"],"terminus":0,"mode":"bus","color":"#149a3f","colorDark":"#0a5121","angle":10.1,"snapDist":10,"label":0}},{"type":"Feature","geometry":{"type":"Point","coordinates":[23.426753,42.635922]},"properties":{"name":"Разклона за с. Герман","lines":"ТБE186","arr":["ТБE186"],"terminus":0,"mode":"bus","color":"#149a3f","colorDark":"#0a5121","angle":189.4,"snapDist":9,"label":0}},{"type":"Feature","geometry":{"type":"Point","coordinates":[23.427426,42.632676]},"properties":{"name":"Корията","lines":"ТБE186","arr":["ТБE186"],"terminus":0,"mode":"bus","color":"#149a3f","colorDark":"#0a5121","angle":299.9,"snapDist":3,"label":0}},{"type":"Feature","geometry":{"type":"Point","coordinates":[23.422699,42.625642]},"properties":{"name":"в.з. Герман","lines":"ТБE186","arr":["ТБE186"],"terminus":0,"mode":"bus","color":"#149a3f","colorDark":"#0a5121","angle":292.2,"snapDist":4,"label":0}},{"type":"Feature","geometry":{"type":"Point","coordinates":[23.421433,42.623303]},"properties":{"name":"Околовръстен път","lines":"ТБE186","arr":["ТБE186"],"terminus":0,"mode":"bus","color":"#149a3f","colorDark":"#0a5121","angle":291,"snapDist":4,"label":1}},{"type":"Feature","geometry":{"type":"Point","coordinates":[23.420179,42.621013]},"properties":{"name":"Разклона за с. Герман","lines":"ТБE186","arr":["ТБE186"],"terminus":0,"mode":"bus","color":"#149a3f","colorDark":"#0a5121","angle":298.9,"snapDist":5,"label":0}},{"type":"Feature","geometry":{"type":"Point","coordinates":[23.417492,42.617485]},"properties":{"name":"Стадиона Герман","lines":"ТБE186","arr":["ТБE186"],"terminus":0,"mode":"bus","color":"#149a3f","colorDark":"#0a5121","angle":298.2,"snapDist":5,"label":0}},{"type":"Feature","geometry":{"type":"Point","coordinates":[23.415536,42.614739]},"properties":{"name":"86-ти пощенски клон","lines":"ТБE186","arr":["ТБE186"],"terminus":0,"mode":"bus","color":"#149a3f","colorDark":"#0a5121","angle":295,"snapDist":6,"label":0}},{"type":"Feature","geometry":{"type":"Point","coordinates":[23.304798,42.676712]},"properties":{"name":"ж.к. Иван Вазов","lines":"ТМ1, ТМ6","arr":["ТМ1","ТМ6"],"terminus":1,"mode":"tram","color":"#d6212b","colorDark":"#7c1116","angle":333.5,"snapDist":3,"label":1}},{"type":"Feature","geometry":{"type":"Point","coordinates":[23.309025,42.676145]},"properties":{"name":"Читалище Д-Р П. Берон","lines":"ТМ1, ТМ6","arr":["ТМ1","ТМ6"],"terminus":0,"mode":"tram","color":"#d6212b","colorDark":"#7c1116","angle":195.4,"snapDist":2,"label":1}},{"type":"Feature","geometry":{"type":"Point","coordinates":[23.311349,42.679726]},"properties":{"name":"14-ти ДКЦ","lines":"ТМ1, ТМ6","arr":["ТМ1","ТМ6"],"terminus":0,"mode":"tram","color":"#d6212b","colorDark":"#7c1116","angle":128,"snapDist":1,"label":1}},{"type":"Feature","geometry":{"type":"Point","coordinates":[23.315543,42.683768]},"properties":{"name":"бул. Пенчо Славейков","lines":"ТМ1, ТМ6, ТМ7, ТМ27","arr":["ТМ1","ТМ6","ТМ7","ТМ27"],"terminus":0,"mode":"tram","color":"#d6212b","colorDark":"#7c1116","angle":123.7,"snapDist":1,"label":1}},{"type":"Feature","geometry":{"type":"Point","coordinates":[23.317705,42.685854]},"properties":{"name":"НДК","lines":"ТМ1, ТМ6, ТМ7, ТМ27","arr":["ТМ1","ТМ6","ТМ7","ТМ27"],"terminus":0,"mode":"tram","color":"#d6212b","colorDark":"#7c1116","angle":135.8,"snapDist":2,"label":1}},{"type":"Feature","geometry":{"type":"Point","coordinates":[23.314145,42.68924]},"properties":{"name":"бул. Прага","lines":"ТМ1, ТМ6, ТМ7, ТМ27","arr":["ТМ1","ТМ6","ТМ7","ТМ27"],"terminus":0,"mode":"tram","color":"#d6212b","colorDark":"#7c1116","angle":48.4,"snapDist":2,"label":1}},{"type":"Feature","geometry":{"type":"Point","coordinates":[23.315131,42.69409]},"properties":{"name":"пл. Македония","lines":"ТМ1, ТМ6, ТМ7, ТМ27","arr":["ТМ1","ТМ6","ТМ7","ТМ27"],"terminus":1,"mode":"tram","color":"#d6212b","colorDark":"#7c1116","angle":99.1,"snapDist":1,"label":1}},{"type":"Feature","geometry":{"type":"Point","coordinates":[23.3143,42.697411]},"properties":{"name":"пл. Възраждане","lines":"ТМ1, ТМ6, ТМ8, ТМ10, ТМ13","arr":["ТМ1","ТМ6","ТМ8","ТМ10","ТМ13"],"terminus":0,"mode":"tram","color":"#d6212b","colorDark":"#7c1116","angle":11.7,"snapDist":2,"label":1}},{"type":"Feature","geometry":{"type":"Point","coordinates":[23.310017,42.698518]},"properties":{"name":"ул. Опълченска","lines":"ТМ1, ТМ3, ТМ6, ТМ8, ТМ10, ТМ13, ТМ22А","arr":["ТМ1","ТМ3","ТМ6","ТМ8","ТМ10","ТМ13","ТМ22А"],"terminus":0,"mode":"tram","color":"#d6212b","colorDark":"#7c1116","angle":11.9,"snapDist":1,"label":1}},{"type":"Feature","geometry":{"type":"Point","coordinates":[23.304283,42.699404]},"properties":{"name":"ул. Одрин","lines":"ТМ1, ТМ3, ТМ6, ТМ8, ТМ10, ТМ13, ТМ22А","arr":["ТМ1","ТМ3","ТМ6","ТМ8","ТМ10","ТМ13","ТМ22А"],"terminus":0,"mode":"tram","color":"#d6212b","colorDark":"#7c1116","angle":12,"snapDist":2,"label":1}},{"type":"Feature","geometry":{"type":"Point","coordinates":[23.30058,42.699976]},"properties":{"name":"ул. Димитър Петков","lines":"ТМ1, ТМ3, ТМ6, ТМ8, ТМ10, ТМ13, ТМ22А","arr":["ТМ1","ТМ3","ТМ6","ТМ8","ТМ10","ТМ13","ТМ22А"],"terminus":1,"mode":"tram","color":"#d6212b","colorDark":"#7c1116","angle":12,"snapDist":2,"label":1}},{"type":"Feature","geometry":{"type":"Point","coordinates":[23.296457,42.700613]},"properties":{"name":"бул. К. Величков","lines":"ТМ1, ТМ8, ТМ10","arr":["ТМ1","ТМ8","ТМ10"],"terminus":0,"mode":"tram","color":"#d6212b","colorDark":"#7c1116","angle":11.9,"snapDist":1,"label":0}},{"type":"Feature","geometry":{"type":"Point","coordinates":[23.291743,42.701341]},"properties":{"name":"10-ти ДКЦ","lines":"ТМ1, ТМ8, ТМ10","arr":["ТМ1","ТМ8","ТМ10"],"terminus":0,"mode":"tram","color":"#d6212b","colorDark":"#7c1116","angle":11.8,"snapDist":0,"label":1}},{"type":"Feature","geometry":{"type":"Point","coordinates":[23.286005,42.702224]},"properties":{"name":"бул. Вардар","lines":"ТМ1, ТМ8, ТМ10","arr":["ТМ1","ТМ8","ТМ10"],"terminus":0,"mode":"tram","color":"#d6212b","colorDark":"#7c1116","angle":10.8,"snapDist":0,"label":1}},{"type":"Feature","geometry":{"type":"Point","coordinates":[23.28172,42.701844]},"properties":{"name":"бл. 13 ж.к.Западен парк","lines":"ТМ1, ТМ10","arr":["ТМ1","ТМ10"],"terminus":0,"mode":"tram","color":"#d6212b","colorDark":"#7c1116","angle":350.7,"snapDist":3,"label":1}},{"type":"Feature","geometry":{"type":"Point","coordinates":[23.277754,42.701694]},"properties":{"name":"ж.к. Западен парк","lines":"ТМ1, ТМ10","arr":["ТМ1","ТМ10"],"terminus":1,"mode":"tram","color":"#d6212b","colorDark":"#7c1116","angle":31.7,"snapDist":1,"label":1}},{"type":"Feature","geometry":{"type":"Point","coordinates":[23.278182,42.701426]},"properties":{"name":"ж.к. Западен парк","lines":"ТМ1, ТМ10","arr":["ТМ1","ТМ10"],"terminus":1,"mode":"tram","color":"#d6212b","colorDark":"#7c1116","angle":172,"snapDist":1,"label":0}},{"type":"Feature","geometry":{"type":"Point","coordinates":[23.281621,42.701809]},"properties":{"name":"бл. 13 ж.к.Западен парк","lines":"ТМ1, ТМ10","arr":["ТМ1","ТМ10"],"terminus":0,"mode":"tram","color":"#d6212b","colorDark":"#7c1116","angle":171,"snapDist":2,"label":0}},{"type":"Feature","geometry":{"type":"Point","coordinates":[23.286449,42.70213]},"properties":{"name":"бул. Вардар","lines":"ТМ1, ТМ8, ТМ10","arr":["ТМ1","ТМ8","ТМ10"],"terminus":0,"mode":"tram","color":"#d6212b","colorDark":"#7c1116","angle":191.6,"snapDist":1,"label":0}},{"type":"Feature","geometry":{"type":"Point","coordinates":[23.292716,42.70116]},"properties":{"name":"10-ти ДКЦ","lines":"ТМ1, ТМ8, ТМ10","arr":["ТМ1","ТМ8","ТМ10"],"terminus":0,"mode":"tram","color":"#d6212b","colorDark":"#7c1116","angle":191.7,"snapDist":1,"label":0}},{"type":"Feature","geometry":{"type":"Point","coordinates":[23.296842,42.700524]},"properties":{"name":"бул. К. Величков","lines":"ТМ1, ТМ8, ТМ10","arr":["ТМ1","ТМ8","ТМ10"],"terminus":1,"mode":"tram","color":"#d6212b","colorDark":"#7c1116","angle":191.8,"snapDist":0,"label":1}},{"type":"Feature","geometry":{"type":"Point","coordinates":[23.299947,42.700042]},"properties":{"name":"ул. Димитър Петков","lines":"ТМ1, ТМ3, ТМ8, ТМ10, ТМ13, ТМ22А","arr":["ТМ1","ТМ3","ТМ8","ТМ10","ТМ13","ТМ22А"],"terminus":0,"mode":"tram","color":"#d6212b","colorDark":"#7c1116","angle":191.5,"snapDist":0,"label":0}},{"type":"Feature","geometry":{"type":"Point","coordinates":[23.303889,42.699435]},"properties":{"name":"ул. Одрин","lines":"ТМ1, ТМ3, ТМ8, ТМ10, ТМ13, ТМ22А","arr":["ТМ1","ТМ3","ТМ8","ТМ10","ТМ13","ТМ22А"],"terminus":0,"mode":"tram","color":"#d6212b","colorDark":"#7c1116","angle":191.8,"snapDist":1,"label":0}},{"type":"Feature","geometry":{"type":"Point","coordinates":[23.308905,42.698658]},"properties":{"name":"ул. Опълченска","lines":"ТМ1, ТМ3, ТМ8, ТМ10, ТМ13, ТМ22А","arr":["ТМ1","ТМ3","ТМ8","ТМ10","ТМ13","ТМ22А"],"terminus":0,"mode":"tram","color":"#d6212b","colorDark":"#7c1116","angle":191.7,"snapDist":0,"label":0}},{"type":"Feature","geometry":{"type":"Point","coordinates":[23.314871,42.697296]},"properties":{"name":"пл. Възраждане","lines":"ТМ1, ТМ8, ТМ10, ТМ13","arr":["ТМ1","ТМ8","ТМ10","ТМ13"],"terminus":0,"mode":"tram","color":"#d6212b","colorDark":"#7c1116","angle":191.7,"snapDist":1,"label":0}},{"type":"Feature","geometry":{"type":"Point","coordinates":[23.315023,42.693822]},"properties":{"name":"пл. Македония","lines":"ТМ1, ТМ6, ТМ7, ТМ27","arr":["ТМ1","ТМ6","ТМ7","ТМ27"],"terminus":0,"mode":"tram","color":"#d6212b","colorDark":"#7c1116","angle":280.6,"snapDist":2,"label":0}},{"type":"Feature","geometry":{"type":"Point","coordinates":[23.314515,42.688913]},"properties":{"name":"бул. Прага","lines":"ТМ1, ТМ6, ТМ7, ТМ27","arr":["ТМ1","ТМ6","ТМ7","ТМ27"],"terminus":0,"mode":"tram","color":"#d6212b","colorDark":"#7c1116","angle":226.3,"snapDist":2,"label":0}},{"type":"Feature","geometry":{"type":"Point","coordinates":[23.317262,42.685605]},"properties":{"name":"НДК","lines":"ТМ1, ТМ6, ТМ7, ТМ27","arr":["ТМ1","ТМ6","ТМ7","ТМ27"],"terminus":0,"mode":"tram","color":"#d6212b","colorDark":"#7c1116","angle":318.4,"snapDist":1,"label":0}},{"type":"Feature","geometry":{"type":"Point","coordinates":[23.314444,42.682748]},"properties":{"name":"бул. Пенчо Славейков","lines":"ТМ1, ТМ6, ТМ7, ТМ27","arr":["ТМ1","ТМ6","ТМ7","ТМ27"],"terminus":0,"mode":"tram","color":"#d6212b","colorDark":"#7c1116","angle":307.4,"snapDist":0,"label":0}},{"type":"Feature","geometry":{"type":"Point","coordinates":[23.310552,42.678838]},"properties":{"name":"14-ти ДКЦ","lines":"ТМ1, ТМ6","arr":["ТМ1","ТМ6"],"terminus":0,"mode":"tram","color":"#d6212b","colorDark":"#7c1116","angle":286.3,"snapDist":1,"label":0}},{"type":"Feature","geometry":{"type":"Point","coordinates":[23.308767,42.676251]},"properties":{"name":"Читалище Д-Р П. Берон","lines":"ТМ1, ТМ6","arr":["ТМ1","ТМ6"],"terminus":0,"mode":"tram","color":"#d6212b","colorDark":"#7c1116","angle":15.3,"snapDist":0,"label":0}},{"type":"Feature","geometry":{"type":"Point","coordinates":[23.305716,42.676858]},"properties":{"name":"ж.к. Иван Вазов","lines":"ТМ1, ТМ6","arr":["ТМ1","ТМ6"],"terminus":1,"mode":"tram","color":"#d6212b","colorDark":"#7c1116","angle":14.7,"snapDist":1,"label":0}},{"type":"Feature","geometry":{"type":"Point","coordinates":[23.338805,42.717633]},"properties":{"name":"Кв. Орландовци","lines":"ТМ3, ТМ4, ТМ18","arr":["ТМ3","ТМ4","ТМ18"],"terminus":1,"mode":"tram","color":"#d6212b","colorDark":"#7c1116","angle":226.3,"snapDist":0,"label":1}},{"type":"Feature","geometry":{"type":"Point","coordinates":[23.339942,42.715901]},"properties":{"name":"Католически гробищен парк","lines":"ТМ3, ТМ4, ТМ18","arr":["ТМ3","ТМ4","ТМ18"],"terminus":0,"mode":"tram","color":"#d6212b","colorDark":"#7c1116","angle":295.2,"snapDist":1,"label":1}},{"type":"Feature","geometry":{"type":"Point","coordinates":[23.336961,42.711366]},"properties":{"name":"Централен гробищен парк","lines":"ТМ3, ТМ4, ТМ18","arr":["ТМ3","ТМ4","ТМ18"],"terminus":0,"mode":"tram","color":"#d6212b","colorDark":"#7c1116","angle":296.7,"snapDist":1,"label":1}},{"type":"Feature","geometry":{"type":"Point","coordinates":[23.334098,42.708235]},"properties":{"name":"Хладилен завод","lines":"ТМ3, ТМ4, ТМ18","arr":["ТМ3","ТМ4","ТМ18"],"terminus":0,"mode":"tram","color":"#d6212b","colorDark":"#7c1116","angle":303.6,"snapDist":1,"label":1}},{"type":"Feature","geometry":{"type":"Point","coordinates":[23.329432,42.707825]},"properties":{"name":"ул. Дунав","lines":"ТМ3, ТМ4, ТМ18","arr":["ТМ3","ТМ4","ТМ18"],"terminus":0,"mode":"tram","color":"#d6212b","colorDark":"#7c1116","angle":347.4,"snapDist":3,"label":1}},{"type":"Feature","geometry":{"type":"Point","coordinates":[23.323774,42.706885]},"properties":{"name":"ул. Козлодуй","lines":"ТМ3, ТМ4, ТМ18","arr":["ТМ3","ТМ4","ТМ18"],"terminus":0,"mode":"tram","color":"#d6212b","colorDark":"#7c1116","angle":347.3,"snapDist":1,"label":1}},{"type":"Feature","geometry":{"type":"Point","coordinates":[23.319704,42.711241]},"properties":{"name":"Централна гара","lines":"ТМ3, ТМ4, ТМ12, ТМ22А, ТМ27","arr":["ТМ3","ТМ4","ТМ12","ТМ22А","ТМ27"],"terminus":1,"mode":"tram","color":"#d6212b","colorDark":"#7c1116","angle":26,"snapDist":1,"label":1}},{"type":"Feature","geometry":{"type":"Point","coordinates":[23.318749,42.710682]},"properties":{"name":"Централна гара","lines":"ТМ3, ТМ4, ТМ6, ТМ12, ТМ22А, ТМ27","arr":["ТМ3","ТМ4","ТМ6","ТМ12","ТМ22А","ТМ27"],"terminus":0,"mode":"tram","color":"#d6212b","colorDark":"#7c1116","angle":296.6,"snapDist":0,"label":0}},{"type":"Feature","geometry":{"type":"Point","coordinates":[23.318122,42.70822]},"properties":{"name":"ул. Клокотница","lines":"ТМ3, ТМ4, ТМ6, ТМ22А, ТМ27","arr":["ТМ3","ТМ4","ТМ6","ТМ22А","ТМ27"],"terminus":0,"mode":"tram","color":"#d6212b","colorDark":"#7c1116","angle":277.6,"snapDist":1,"label":1}},{"type":"Feature","geometry":{"type":"Point","coordinates":[23.317748,42.706168]},"properties":{"name":"бул. Сливница","lines":"ТМ3, ТМ4, ТМ6, ТМ22А, ТМ27","arr":["ТМ3","ТМ4","ТМ6","ТМ22А","ТМ27"],"terminus":0,"mode":"tram","color":"#d6212b","colorDark":"#7c1116","angle":277.5,"snapDist":1,"label":1}},{"type":"Feature","geometry":{"type":"Point","coordinates":[23.316144,42.700486]},"properties":{"name":"ул. Пиротска","lines":"ТМ3, ТМ4, ТМ6, ТМ22А, ТМ27","arr":["ТМ3","ТМ4","ТМ6","ТМ22А","ТМ27"],"terminus":1,"mode":"tram","color":"#d6212b","colorDark":"#7c1116","angle":283.8,"snapDist":1,"label":1}},{"type":"Feature","geometry":{"type":"Point","coordinates":[23.314064,42.698333]},"properties":{"name":"пл. Възраждане","lines":"ТМ3, ТМ22А","arr":["ТМ3","ТМ22А"],"terminus":0,"mode":"tram","color":"#d6212b","colorDark":"#7c1116","angle":10.4,"snapDist":4,"label":0}},{"type":"Feature","geometry":{"type":"Point","coordinates":[23.297692,42.70179]},"properties":{"name":"Метростанция К. Величков","lines":"ТМ3, ТМ6, ТМ10, ТМ11, ТМ13, ТМ22","arr":["ТМ3","ТМ6","ТМ10","ТМ11","ТМ13","ТМ22"],"terminus":1,"mode":"tram","color":"#d6212b","colorDark":"#7c1116","angle":100.9,"snapDist":2,"label":1}},{"type":"Feature","geometry":{"type":"Point","coordinates":[23.297803,42.705274]},"properties":{"name":"ул. Цар Симеон","lines":"ТМ3, ТМ10, ТМ13","arr":["ТМ3","ТМ10","ТМ13"],"terminus":0,"mode":"tram","color":"#d6212b","colorDark":"#7c1116","angle":12.2,"snapDist":0,"label":0}},{"type":"Feature","geometry":{"type":"Point","coordinates":[23.293172,42.7063]},"properties":{"name":"ул. Зографски манастир","lines":"ТМ3, ТМ10, ТМ13","arr":["ТМ3","ТМ10","ТМ13"],"terminus":0,"mode":"tram","color":"#d6212b","colorDark":"#7c1116","angle":32.6,"snapDist":0,"label":1}},{"type":"Feature","geometry":{"type":"Point","coordinates":[23.288122,42.708665]},"properties":{"name":"ул. Хайдут Сидер","lines":"ТМ3, ТМ10, ТМ13","arr":["ТМ3","ТМ10","ТМ13"],"terminus":0,"mode":"tram","color":"#d6212b","colorDark":"#7c1116","angle":32.5,"snapDist":1,"label":1}},{"type":"Feature","geometry":{"type":"Point","coordinates":[23.289026,42.711738]},"properties":{"name":"Гара Захарна фабрика","lines":"ТМ3, ТМ10, ТМ13","arr":["ТМ3","ТМ10","ТМ13"],"terminus":1,"mode":"tram","color":"#d6212b","colorDark":"#7c1116","angle":290.7,"snapDist":1,"label":1}},{"type":"Feature","geometry":{"type":"Point","coordinates":[23.289105,42.711251]},"properties":{"name":"Гара Захарна фабрика","lines":"ТМ3, ТМ10, ТМ13","arr":["ТМ3","ТМ10","ТМ13"],"terminus":1,"mode":"tram","color":"#d6212b","colorDark":"#7c1116","angle":259.9,"snapDist":0,"label":0}},{"type":"Feature","geometry":{"type":"Point","coordinates":[23.288092,42.708651]},"properties":{"name":"ул. Хайдут Сидер","lines":"ТМ3, ТМ10, ТМ13","arr":["ТМ3","ТМ10","ТМ13"],"terminus":0,"mode":"tram","color":"#d6212b","colorDark":"#7c1116","angle":212.8,"snapDist":2,"label":0}},{"type":"Feature","geometry":{"type":"Point","coordinates":[23.292215,42.706716]},"properties":{"name":"ул. Зографски манастир","lines":"ТМ3, ТМ10, ТМ13","arr":["ТМ3","ТМ10","ТМ13"],"terminus":0,"mode":"tram","color":"#d6212b","colorDark":"#7c1116","angle":212.6,"snapDist":3,"label":0}},{"type":"Feature","geometry":{"type":"Point","coordinates":[23.298236,42.705179]},"properties":{"name":"ул. Цар Симеон","lines":"ТМ3, ТМ10, ТМ13","arr":["ТМ3","ТМ10","ТМ13"],"terminus":1,"mode":"tram","color":"#d6212b","colorDark":"#7c1116","angle":192.9,"snapDist":2,"label":1}},{"type":"Feature","geometry":{"type":"Point","coordinates":[23.297553,42.701441]},"properties":{"name":"Метростанция К. Величков","lines":"ТМ3, ТМ6, ТМ10, ТМ11, ТМ13, ТМ22","arr":["ТМ3","ТМ6","ТМ10","ТМ11","ТМ13","ТМ22"],"terminus":1,"mode":"tram","color":"#d6212b","colorDark":"#7c1116","angle":281.7,"snapDist":1,"label":0}},{"type":"Feature","geometry":{"type":"Point","coordinates":[23.315162,42.698134]},"properties":{"name":"пл. Възраждане","lines":"ТМ3, ТМ22А","arr":["ТМ3","ТМ22А"],"terminus":0,"mode":"tram","color":"#d6212b","colorDark":"#7c1116","angle":192.8,"snapDist":2,"label":0}},{"type":"Feature","geometry":{"type":"Point","coordinates":[23.316063,42.700096]},"properties":{"name":"ул. Пиротска","lines":"ТМ3, ТМ4, ТМ6, ТМ7, ТМ22А","arr":["ТМ3","ТМ4","ТМ6","ТМ7","ТМ22А"],"terminus":0,"mode":"tram","color":"#d6212b","colorDark":"#7c1116","angle":96.2,"snapDist":0,"label":0}},{"type":"Feature","geometry":{"type":"Point","coordinates":[23.317541,42.704969]},"properties":{"name":"бул. Сливница","lines":"ТМ3, ТМ4, ТМ6, ТМ7, ТМ22А","arr":["ТМ3","ТМ4","ТМ6","ТМ7","ТМ22А"],"terminus":0,"mode":"tram","color":"#d6212b","colorDark":"#7c1116","angle":102.4,"snapDist":1,"label":0}},{"type":"Feature","geometry":{"type":"Point","coordinates":[23.318232,42.708626]},"properties":{"name":"ул. Клокотница","lines":"ТМ3, ТМ4, ТМ6, ТМ7, ТМ22А","arr":["ТМ3","ТМ4","ТМ6","ТМ7","ТМ22А"],"terminus":0,"mode":"tram","color":"#d6212b","colorDark":"#7c1116","angle":97.6,"snapDist":0,"label":0}},{"type":"Feature","geometry":{"type":"Point","coordinates":[23.318965,42.710924]},"properties":{"name":"Централна гара","lines":"ТМ3, ТМ4, ТМ6, ТМ7","arr":["ТМ3","ТМ4","ТМ6","ТМ7"],"terminus":0,"mode":"tram","color":"#d6212b","colorDark":"#7c1116","angle":115.8,"snapDist":0,"label":0}},{"type":"Feature","geometry":{"type":"Point","coordinates":[23.320272,42.711001]},"properties":{"name":"Централна гара","lines":"ТМ3, ТМ4, ТМ7","arr":["ТМ3","ТМ4","ТМ7"],"terminus":1,"mode":"tram","color":"#d6212b","colorDark":"#7c1116","angle":206.1,"snapDist":0,"label":0}},{"type":"Feature","geometry":{"type":"Point","coordinates":[23.324562,42.706992]},"properties":{"name":"ул. Козлодуй","lines":"ТМ3, ТМ4, ТМ18","arr":["ТМ3","ТМ4","ТМ18"],"terminus":0,"mode":"tram","color":"#d6212b","colorDark":"#7c1116","angle":167.2,"snapDist":1,"label":0}},{"type":"Feature","geometry":{"type":"Point","coordinates":[23.329741,42.707855]},"properties":{"name":"ул. Дунав","lines":"ТМ3, ТМ4, ТМ18","arr":["ТМ3","ТМ4","ТМ18"],"terminus":0,"mode":"tram","color":"#d6212b","colorDark":"#7c1116","angle":167.2,"snapDist":2,"label":0}},{"type":"Feature","geometry":{"type":"Point","coordinates":[23.334589,42.708734]},"properties":{"name":"Хладилен завод","lines":"ТМ3, ТМ4, ТМ18","arr":["ТМ3","ТМ4","ТМ18"],"terminus":0,"mode":"tram","color":"#d6212b","colorDark":"#7c1116","angle":123.3,"snapDist":1,"label":0}},{"type":"Feature","geometry":{"type":"Point","coordinates":[23.337143,42.711579]},"properties":{"name":"Централен гробищен парк","lines":"ТМ3, ТМ4, ТМ18","arr":["ТМ3","ТМ4","ТМ18"],"terminus":0,"mode":"tram","color":"#d6212b","colorDark":"#7c1116","angle":115.8,"snapDist":0,"label":0}},{"type":"Feature","geometry":{"type":"Point","coordinates":[23.340113,42.716117]},"properties":{"name":"Католически гробищен парк","lines":"ТМ3, ТМ4, ТМ18","arr":["ТМ3","ТМ4","ТМ18"],"terminus":0,"mode":"tram","color":"#d6212b","colorDark":"#7c1116","angle":111.4,"snapDist":1,"label":0}},{"type":"Feature","geometry":{"type":"Point","coordinates":[23.338176,42.718007]},"properties":{"name":"Кв. Орландовци","lines":"ТМ3, ТМ4, ТМ18","arr":["ТМ3","ТМ4","ТМ18"],"terminus":1,"mode":"tram","color":"#d6212b","colorDark":"#7c1116","angle":35.7,"snapDist":0,"label":0}},{"type":"Feature","geometry":{"type":"Point","coordinates":[23.3144,42.694311]},"properties":{"name":"Пл. Македония","lines":"ТМ4, ТМ5, ТМ15","arr":["ТМ4","ТМ5","ТМ15"],"terminus":0,"mode":"tram","color":"#d6212b","colorDark":"#7c1116","angle":325.1,"snapDist":1,"label":0}},{"type":"Feature","geometry":{"type":"Point","coordinates":[23.311198,42.692666]},"properties":{"name":"Пл. Руски паметник","lines":"ТМ4, ТМ5, ТМ15","arr":["ТМ4","ТМ5","ТМ15"],"terminus":0,"mode":"tram","color":"#d6212b","colorDark":"#7c1116","angle":324.7,"snapDist":0,"label":1}},{"type":"Feature","geometry":{"type":"Point","coordinates":[23.30663,42.690189]},"properties":{"name":"УМБАЛСМ Пирогов","lines":"ТМ4, ТМ5, ТМ15","arr":["ТМ4","ТМ5","ТМ15"],"terminus":0,"mode":"tram","color":"#d6212b","colorDark":"#7c1116","angle":323.2,"snapDist":1,"label":1}},{"type":"Feature","geometry":{"type":"Point","coordinates":[23.300629,42.687097]},"properties":{"name":"бул. акад. Ив. Гешов","lines":"ТМ4, ТМ5, ТМ15","arr":["ТМ4","ТМ5","ТМ15"],"terminus":0,"mode":"tram","color":"#d6212b","colorDark":"#7c1116","angle":324.7,"snapDist":1,"label":1}},{"type":"Feature","geometry":{"type":"Point","coordinates":[23.296437,42.684922]},"properties":{"name":"Ж.к. Лагера","lines":"ТМ4, ТМ5, ТМ15","arr":["ТМ4","ТМ5","ТМ15"],"terminus":0,"mode":"tram","color":"#d6212b","colorDark":"#7c1116","angle":324.5,"snapDist":0,"label":1}},{"type":"Feature","geometry":{"type":"Point","coordinates":[23.292818,42.683008]},"properties":{"name":"Ж.к. Хиподрума","lines":"ТМ4, ТМ5, ТМ15","arr":["ТМ4","ТМ5","ТМ15"],"terminus":0,"mode":"tram","color":"#d6212b","colorDark":"#7c1116","angle":323.8,"snapDist":0,"label":1}},{"type":"Feature","geometry":{"type":"Point","coordinates":[23.289763,42.681362]},"properties":{"name":"Ул. Нишава","lines":"ТМ4, ТМ5, ТМ15","arr":["ТМ4","ТМ5","ТМ15"],"terminus":0,"mode":"tram","color":"#d6212b","colorDark":"#7c1116","angle":322.6,"snapDist":0,"label":1}},{"type":"Feature","geometry":{"type":"Point","coordinates":[23.285137,42.678785]},"properties":{"name":"Ж.к. Красно село","lines":"ТМ4, ТМ5, ТМ15","arr":["ТМ4","ТМ5","ТМ15"],"terminus":0,"mode":"tram","color":"#d6212b","colorDark":"#7c1116","angle":322.8,"snapDist":0,"label":1}},{"type":"Feature","geometry":{"type":"Point","coordinates":[23.278736,42.675184]},"properties":{"name":"Ж.к. Бъкстон","lines":"ТМ4, ТМ5, ТМ15","arr":["ТМ4","ТМ5","ТМ15"],"terminus":1,"mode":"tram","color":"#d6212b","colorDark":"#7c1116","angle":322.6,"snapDist":1,"label":1}},{"type":"Feature","geometry":{"type":"Point","coordinates":[23.272174,42.671448]},"properties":{"name":"кв. Овча купел","lines":"ТМ4, ТМ5, ТМ11","arr":["ТМ4","ТМ5","ТМ11"],"terminus":0,"mode":"tram","color":"#d6212b","colorDark":"#7c1116","angle":322.3,"snapDist":1,"label":1}},{"type":"Feature","geometry":{"type":"Point","coordinates":[23.265744,42.667796]},"properties":{"name":"Кв. Павлово","lines":"ТМ4, ТМ5, ТМ11","arr":["ТМ4","ТМ5","ТМ11"],"terminus":0,"mode":"tram","color":"#d6212b","colorDark":"#7c1116","angle":322.1,"snapDist":0,"label":1}},{"type":"Feature","geometry":{"type":"Point","coordinates":[23.260111,42.665146]},"properties":{"name":"Бул. Никола Петков","lines":"ТМ4, ТМ5, ТМ11","arr":["ТМ4","ТМ5","ТМ11"],"terminus":1,"mode":"tram","color":"#d6212b","colorDark":"#7c1116","angle":334,"snapDist":1,"label":1}},{"type":"Feature","geometry":{"type":"Point","coordinates":[23.260769,42.665355]},"properties":{"name":"Бул. Никола Петков","lines":"ТМ4, ТМ5, ТМ11","arr":["ТМ4","ТМ5","ТМ11"],"terminus":1,"mode":"tram","color":"#d6212b","colorDark":"#7c1116","angle":152.2,"snapDist":1,"label":0}},{"type":"Feature","geometry":{"type":"Point","coordinates":[23.266002,42.667899]},"properties":{"name":"Кв. Павлово","lines":"ТМ4, ТМ5, ТМ11","arr":["ТМ4","ТМ5","ТМ11"],"terminus":0,"mode":"tram","color":"#d6212b","colorDark":"#7c1116","angle":141.7,"snapDist":0,"label":0}},{"type":"Feature","geometry":{"type":"Point","coordinates":[23.272525,42.671609]},"properties":{"name":"Кв. Овча купел","lines":"ТМ4, ТМ5, ТМ11","arr":["ТМ4","ТМ5","ТМ11"],"terminus":1,"mode":"tram","color":"#d6212b","colorDark":"#7c1116","angle":142.5,"snapDist":1,"label":1}},{"type":"Feature","geometry":{"type":"Point","coordinates":[23.279044,42.675319]},"properties":{"name":"Ж.к. Бъкстон","lines":"ТМ4, ТМ5, ТМ15","arr":["ТМ4","ТМ5","ТМ15"],"terminus":1,"mode":"tram","color":"#d6212b","colorDark":"#7c1116","angle":142.2,"snapDist":1,"label":0}},{"type":"Feature","geometry":{"type":"Point","coordinates":[23.284816,42.678566]},"properties":{"name":"Ж.к. Красно село","lines":"ТМ4, ТМ5, ТМ15","arr":["ТМ4","ТМ5","ТМ15"],"terminus":0,"mode":"tram","color":"#d6212b","colorDark":"#7c1116","angle":144.8,"snapDist":0,"label":0}},{"type":"Feature","geometry":{"type":"Point","coordinates":[23.289734,42.681307]},"properties":{"name":"Ул. Нишава","lines":"ТМ4, ТМ5, ТМ15","arr":["ТМ4","ТМ5","ТМ15"],"terminus":0,"mode":"tram","color":"#d6212b","colorDark":"#7c1116","angle":142.1,"snapDist":0,"label":0}},{"type":"Feature","geometry":{"type":"Point","coordinates":[23.292691,42.682899]},"properties":{"name":"Ж.к. Хиподрума","lines":"ТМ4, ТМ5, ТМ15","arr":["ТМ4","ТМ5","ТМ15"],"terminus":0,"mode":"tram","color":"#d6212b","colorDark":"#7c1116","angle":143.8,"snapDist":1,"label":0}},{"type":"Feature","geometry":{"type":"Point","coordinates":[23.296902,42.685127]},"properties":{"name":"Ж.к. Лагера","lines":"ТМ4, ТМ5, ТМ15","arr":["ТМ4","ТМ5","ТМ15"],"terminus":0,"mode":"tram","color":"#d6212b","colorDark":"#7c1116","angle":144.1,"snapDist":0,"label":0}},{"type":"Feature","geometry":{"type":"Point","coordinates":[23.299647,42.686551]},"properties":{"name":"бул. акад. Ив. Гешов","lines":"ТМ4, ТМ5, ТМ15","arr":["ТМ4","ТМ5","ТМ15"],"terminus":0,"mode":"tram","color":"#d6212b","colorDark":"#7c1116","angle":144.8,"snapDist":0,"label":0}},{"type":"Feature","geometry":{"type":"Point","coordinates":[23.306152,42.689899]},"properties":{"name":"УМБАЛСМ Пирогов","lines":"ТМ4, ТМ5, ТМ15","arr":["ТМ4","ТМ5","ТМ15"],"terminus":0,"mode":"tram","color":"#d6212b","colorDark":"#7c1116","angle":144.9,"snapDist":1,"label":0}},{"type":"Feature","geometry":{"type":"Point","coordinates":[23.309798,42.691785]},"properties":{"name":"Пл. Руски паметник","lines":"ТМ4, ТМ5, ТМ15","arr":["ТМ4","ТМ5","ТМ15"],"terminus":0,"mode":"tram","color":"#d6212b","colorDark":"#7c1116","angle":144.8,"snapDist":0,"label":0}},{"type":"Feature","geometry":{"type":"Point","coordinates":[23.314776,42.694463]},"properties":{"name":"Пл. Македония","lines":"ТМ4, ТМ5, ТМ15","arr":["ТМ4","ТМ5","ТМ15"],"terminus":1,"mode":"tram","color":"#d6212b","colorDark":"#7c1116","angle":154.5,"snapDist":2,"label":1}},{"type":"Feature","geometry":{"type":"Point","coordinates":[23.318355,42.695225]},"properties":{"name":"Съдебна палата","lines":"ТМ5, ТМ8","arr":["ТМ5","ТМ8"],"terminus":1,"mode":"tram","color":"#d6212b","colorDark":"#7c1116","angle":282.7,"snapDist":2,"label":1}},{"type":"Feature","geometry":{"type":"Point","coordinates":[23.316015,42.694798]},"properties":{"name":"пл. Македония","lines":"ТМ5, ТМ7, ТМ8, ТМ10, ТМ13, ТМ15","arr":["ТМ5","ТМ7","ТМ8","ТМ10","ТМ13","ТМ15"],"terminus":1,"mode":"tram","color":"#d6212b","colorDark":"#7c1116","angle":353.2,"snapDist":0,"label":0}},{"type":"Feature","geometry":{"type":"Point","coordinates":[23.25365,42.662705]},"properties":{"name":"ул. Планинец","lines":"ТМ5, ТМ11","arr":["ТМ5","ТМ11"],"terminus":0,"mode":"tram","color":"#d6212b","colorDark":"#7c1116","angle":332.7,"snapDist":0,"label":1}},{"type":"Feature","geometry":{"type":"Point","coordinates":[23.248521,42.660817]},"properties":{"name":"ул. Райска градина","lines":"ТМ5, ТМ11","arr":["ТМ5","ТМ11"],"terminus":0,"mode":"tram","color":"#d6212b","colorDark":"#7c1116","angle":334,"snapDist":1,"label":1}},{"type":"Feature","geometry":{"type":"Point","coordinates":[23.241375,42.658607]},"properties":{"name":"кв. Княжево","lines":"ТМ5, ТМ11","arr":["ТМ5","ТМ11"],"terminus":1,"mode":"tram","color":"#d6212b","colorDark":"#7c1116","angle":267.4,"snapDist":3,"label":1}},{"type":"Feature","geometry":{"type":"Point","coordinates":[23.241918,42.658964]},"properties":{"name":"кв. Княжево","lines":"ТМ5, ТМ11","arr":["ТМ5","ТМ11"],"terminus":1,"mode":"tram","color":"#d6212b","colorDark":"#7c1116","angle":112.2,"snapDist":2,"label":0}},{"type":"Feature","geometry":{"type":"Point","coordinates":[23.249029,42.660963]},"properties":{"name":"ул. Райска градина","lines":"ТМ5, ТМ11","arr":["ТМ5","ТМ11"],"terminus":0,"mode":"tram","color":"#d6212b","colorDark":"#7c1116","angle":153.8,"snapDist":1,"label":0}},{"type":"Feature","geometry":{"type":"Point","coordinates":[23.253284,42.662533]},"properties":{"name":"ул. Планинец","lines":"ТМ5, ТМ11","arr":["ТМ5","ТМ11"],"terminus":0,"mode":"tram","color":"#d6212b","colorDark":"#7c1116","angle":153.1,"snapDist":0,"label":0}},{"type":"Feature","geometry":{"type":"Point","coordinates":[23.31695,42.694851]},"properties":{"name":"пл. Македония","lines":"ТМ5, ТМ8, ТМ10, ТМ13, ТМ15, ТМ27","arr":["ТМ5","ТМ8","ТМ10","ТМ13","ТМ15","ТМ27"],"terminus":0,"mode":"tram","color":"#d6212b","colorDark":"#7c1116","angle":172.8,"snapDist":1,"label":0}},{"type":"Feature","geometry":{"type":"Point","coordinates":[23.318687,42.695985]},"properties":{"name":"Съдебна палата","lines":"ТМ5, ТМ8","arr":["ТМ5","ТМ8"],"terminus":1,"mode":"tram","color":"#d6212b","colorDark":"#7c1116","angle":330,"snapDist":1,"label":0}},{"type":"Feature","geometry":{"type":"Point","coordinates":[23.276565,42.748426]},"properties":{"name":"ж.к. Обеля-2","lines":"ТМ6","arr":["ТМ6"],"terminus":1,"mode":"tram","color":"#d6212b","colorDark":"#7c1116","angle":320.3,"snapDist":1,"label":1}},{"type":"Feature","geometry":{"type":"Point","coordinates":[23.274798,42.746159]},"properties":{"name":"140-то СОУ","lines":"ТМ6","arr":["ТМ6"],"terminus":0,"mode":"tram","color":"#d6212b","colorDark":"#7c1116","angle":270.1,"snapDist":1,"label":1}},{"type":"Feature","geometry":{"type":"Point","coordinates":[23.274853,42.743153]},"properties":{"name":"кв. Обеля","lines":"ТМ6","arr":["ТМ6"],"terminus":0,"mode":"tram","color":"#d6212b","colorDark":"#7c1116","angle":268.2,"snapDist":1,"label":1}},{"type":"Feature","geometry":{"type":"Point","coordinates":[23.277802,42.742006]},"properties":{"name":"Метростанция Обеля","lines":"ТМ6","arr":["ТМ6"],"terminus":0,"mode":"tram","color":"#d6212b","colorDark":"#7c1116","angle":226,"snapDist":1,"label":1}},{"type":"Feature","geometry":{"type":"Point","coordinates":[23.281014,42.742301]},"properties":{"name":"Търговски к-с Обеля","lines":"ТМ6","arr":["ТМ6"],"terminus":0,"mode":"tram","color":"#d6212b","colorDark":"#7c1116","angle":210.9,"snapDist":1,"label":1}},{"type":"Feature","geometry":{"type":"Point","coordinates":[23.286264,42.734708]},"properties":{"name":"ж.к. Връбница-1","lines":"ТМ6","arr":["ТМ6"],"terminus":0,"mode":"tram","color":"#d6212b","colorDark":"#7c1116","angle":216.8,"snapDist":1,"label":1}},{"type":"Feature","geometry":{"type":"Point","coordinates":[23.288404,42.733199]},"properties":{"name":"ул. Бели Дунав","lines":"ТМ6","arr":["ТМ6"],"terminus":0,"mode":"tram","color":"#d6212b","colorDark":"#7c1116","angle":233.1,"snapDist":1,"label":1}},{"type":"Feature","geometry":{"type":"Point","coordinates":[23.294045,42.735961]},"properties":{"name":"бул. Ломско шосе","lines":"ТМ6","arr":["ТМ6"],"terminus":0,"mode":"tram","color":"#d6212b","colorDark":"#7c1116","angle":142.8,"snapDist":1,"label":1}},{"type":"Feature","geometry":{"type":"Point","coordinates":[23.298461,42.737547]},"properties":{"name":"бл. 458 ж.к. Надежда-4","lines":"ТМ6","arr":["ТМ6"],"terminus":0,"mode":"tram","color":"#d6212b","colorDark":"#7c1116","angle":218.3,"snapDist":1,"label":1}},{"type":"Feature","geometry":{"type":"Point","coordinates":[23.301641,42.736787]},"properties":{"name":"24-ти ДКЦ","lines":"ТМ6","arr":["ТМ6"],"terminus":0,"mode":"tram","color":"#d6212b","colorDark":"#7c1116","angle":194.3,"snapDist":0,"label":1}},{"type":"Feature","geometry":{"type":"Point","coordinates":[23.305209,42.735756]},"properties":{"name":"102-Ро ОУ","lines":"ТМ6","arr":["ТМ6"],"terminus":0,"mode":"tram","color":"#d6212b","colorDark":"#7c1116","angle":212.6,"snapDist":0,"label":1}},{"type":"Feature","geometry":{"type":"Point","coordinates":[23.308621,42.734115]},"properties":{"name":"ул. ген. Никола Жеков","lines":"ТМ6","arr":["ТМ6"],"terminus":0,"mode":"tram","color":"#d6212b","colorDark":"#7c1116","angle":213.2,"snapDist":0,"label":1}},{"type":"Feature","geometry":{"type":"Point","coordinates":[23.313099,42.73185]},"properties":{"name":"бул. Рожен","lines":"ТМ6","arr":["ТМ6"],"terminus":0,"mode":"tram","color":"#d6212b","colorDark":"#7c1116","angle":214.6,"snapDist":1,"label":1}},{"type":"Feature","geometry":{"type":"Point","coordinates":[23.312546,42.72724]},"properties":{"name":"Модна къща Агресия","lines":"ТМ6, ТМ11","arr":["ТМ6","ТМ11"],"terminus":0,"mode":"tram","color":"#d6212b","colorDark":"#7c1116","angle":278.6,"snapDist":1,"label":1}},{"type":"Feature","geometry":{"type":"Point","coordinates":[23.309966,42.719498]},"properties":{"name":"Триъгълника","lines":"ТМ6, ТМ11","arr":["ТМ6","ТМ11"],"terminus":1,"mode":"tram","color":"#d6212b","colorDark":"#7c1116","angle":354.8,"snapDist":0,"label":1}},{"type":"Feature","geometry":{"type":"Point","coordinates":[23.314978,42.713405]},"properties":{"name":"Пета градска болница","lines":"ТМ6","arr":["ТМ6"],"terminus":0,"mode":"tram","color":"#d6212b","colorDark":"#7c1116","angle":211.4,"snapDist":1,"label":0}},{"type":"Feature","geometry":{"type":"Point","coordinates":[23.314432,42.713673]},"properties":{"name":"Пета градска болница","lines":"ТМ6","arr":["ТМ6"],"terminus":1,"mode":"tram","color":"#d6212b","colorDark":"#7c1116","angle":28.2,"snapDist":0,"label":1}},{"type":"Feature","geometry":{"type":"Point","coordinates":[23.309555,42.719438]},"properties":{"name":"Триъгълника","lines":"ТМ6, ТМ11","arr":["ТМ6","ТМ11"],"terminus":0,"mode":"tram","color":"#d6212b","colorDark":"#7c1116","angle":163.5,"snapDist":1,"label":0}},{"type":"Feature","geometry":{"type":"Point","coordinates":[23.31252,42.726965]},"properties":{"name":"Модна къща Агресия","lines":"ТМ6, ТМ11","arr":["ТМ6","ТМ11"],"terminus":0,"mode":"tram","color":"#d6212b","colorDark":"#7c1116","angle":100.1,"snapDist":1,"label":0}},{"type":"Feature","geometry":{"type":"Point","coordinates":[23.313395,42.730876]},"properties":{"name":"бул. Рожен","lines":"ТМ6, ТМ11","arr":["ТМ6","ТМ11"],"terminus":0,"mode":"tram","color":"#d6212b","colorDark":"#7c1116","angle":100.8,"snapDist":1,"label":0}},{"type":"Feature","geometry":{"type":"Point","coordinates":[23.308474,42.734286]},"properties":{"name":"ул. ген. Никола Жеков","lines":"ТМ6","arr":["ТМ6"],"terminus":0,"mode":"tram","color":"#d6212b","colorDark":"#7c1116","angle":33.5,"snapDist":0,"label":0}},{"type":"Feature","geometry":{"type":"Point","coordinates":[23.305031,42.73594]},"properties":{"name":"102-Ро ОУ","lines":"ТМ6","arr":["ТМ6"],"terminus":0,"mode":"tram","color":"#d6212b","colorDark":"#7c1116","angle":32.6,"snapDist":0,"label":0}},{"type":"Feature","geometry":{"type":"Point","coordinates":[23.30104,42.737004]},"properties":{"name":"24-ти ДКЦ","lines":"ТМ6","arr":["ТМ6"],"terminus":0,"mode":"tram","color":"#d6212b","colorDark":"#7c1116","angle":15.4,"snapDist":1,"label":0}},{"type":"Feature","geometry":{"type":"Point","coordinates":[23.29673,42.737614]},"properties":{"name":"бл. 458 ж.к. Надежда-4","lines":"ТМ6","arr":["ТМ6"],"terminus":0,"mode":"tram","color":"#d6212b","colorDark":"#7c1116","angle":323.3,"snapDist":0,"label":0}},{"type":"Feature","geometry":{"type":"Point","coordinates":[23.291755,42.734779]},"properties":{"name":"бул. Ломско шосе","lines":"ТМ6","arr":["ТМ6"],"terminus":0,"mode":"tram","color":"#d6212b","colorDark":"#7c1116","angle":322.3,"snapDist":1,"label":1}},{"type":"Feature","geometry":{"type":"Point","coordinates":[23.288307,42.733356]},"properties":{"name":"ул. Бели Дунав","lines":"ТМ6","arr":["ТМ6"],"terminus":0,"mode":"tram","color":"#d6212b","colorDark":"#7c1116","angle":53.4,"snapDist":0,"label":0}},{"type":"Feature","geometry":{"type":"Point","coordinates":[23.285975,42.734923]},"properties":{"name":"ж.к. Връбница-1","lines":"ТМ6","arr":["ТМ6"],"terminus":0,"mode":"tram","color":"#d6212b","colorDark":"#7c1116","angle":38.3,"snapDist":0,"label":0}},{"type":"Feature","geometry":{"type":"Point","coordinates":[23.280781,42.742393]},"properties":{"name":"Търговски К-С Обеля","lines":"ТМ6","arr":["ТМ6"],"terminus":0,"mode":"tram","color":"#d6212b","colorDark":"#7c1116","angle":16.3,"snapDist":1,"label":1}},{"type":"Feature","geometry":{"type":"Point","coordinates":[23.277624,42.742175]},"properties":{"name":"Метростанция Обеля","lines":"ТМ6","arr":["ТМ6"],"terminus":0,"mode":"tram","color":"#d6212b","colorDark":"#7c1116","angle":46.4,"snapDist":0,"label":0}},{"type":"Feature","geometry":{"type":"Point","coordinates":[23.274885,42.743351]},"properties":{"name":"кв. Обеля","lines":"ТМ6","arr":["ТМ6"],"terminus":0,"mode":"tram","color":"#d6212b","colorDark":"#7c1116","angle":88.5,"snapDist":0,"label":0}},{"type":"Feature","geometry":{"type":"Point","coordinates":[23.274841,42.74596]},"properties":{"name":"140-то СОУ","lines":"ТМ6","arr":["ТМ6"],"terminus":0,"mode":"tram","color":"#d6212b","colorDark":"#7c1116","angle":90,"snapDist":0,"label":0}},{"type":"Feature","geometry":{"type":"Point","coordinates":[23.277126,42.74833]},"properties":{"name":"ж.к. Обеля-2","lines":"ТМ6","arr":["ТМ6"],"terminus":1,"mode":"tram","color":"#d6212b","colorDark":"#7c1116","angle":179.9,"snapDist":1,"label":0}},{"type":"Feature","geometry":{"type":"Point","coordinates":[23.30585,42.713711]},"properties":{"name":"Надлез Надежда","lines":"ТМ6, ТМ11","arr":["ТМ6","ТМ11"],"terminus":0,"mode":"tram","color":"#d6212b","colorDark":"#7c1116","angle":330.7,"snapDist":4,"label":1}},{"type":"Feature","geometry":{"type":"Point","coordinates":[23.301024,42.711712]},"properties":{"name":"ул. Йосиф Щросмайер","lines":"ТМ6, ТМ11","arr":["ТМ6","ТМ11"],"terminus":0,"mode":"tram","color":"#d6212b","colorDark":"#7c1116","angle":330.6,"snapDist":2,"label":0}},{"type":"Feature","geometry":{"type":"Point","coordinates":[23.299691,42.70879]},"properties":{"name":"ул. Пловдив","lines":"ТМ6, ТМ11","arr":["ТМ6","ТМ11"],"terminus":0,"mode":"tram","color":"#d6212b","colorDark":"#7c1116","angle":283.9,"snapDist":2,"label":1}},{"type":"Feature","geometry":{"type":"Point","coordinates":[23.298652,42.705271]},"properties":{"name":"ул. Цар Симеон","lines":"ТМ6, ТМ11","arr":["ТМ6","ТМ11"],"terminus":0,"mode":"tram","color":"#d6212b","colorDark":"#7c1116","angle":283.7,"snapDist":1,"label":0}},{"type":"Feature","geometry":{"type":"Point","coordinates":[23.298788,42.705622]},"properties":{"name":"ул. Цар Симеон","lines":"ТМ6, ТМ11","arr":["ТМ6","ТМ11"],"terminus":0,"mode":"tram","color":"#d6212b","colorDark":"#7c1116","angle":101.8,"snapDist":1,"label":0}},{"type":"Feature","geometry":{"type":"Point","coordinates":[23.299788,42.708963]},"properties":{"name":"ул. Пловдив","lines":"ТМ6, ТМ11","arr":["ТМ6","ТМ11"],"terminus":0,"mode":"tram","color":"#d6212b","colorDark":"#7c1116","angle":104,"snapDist":1,"label":0}},{"type":"Feature","geometry":{"type":"Point","coordinates":[23.30078,42.711551]},"properties":{"name":"ул. Йосиф Щросмайер","lines":"ТМ6, ТМ11","arr":["ТМ6","ТМ11"],"terminus":1,"mode":"tram","color":"#d6212b","colorDark":"#7c1116","angle":141.1,"snapDist":0,"label":1}},{"type":"Feature","geometry":{"type":"Point","coordinates":[23.323322,42.706963]},"properties":{"name":"ул. Козлодуй","lines":"ТМ7, ТМ12","arr":["ТМ7","ТМ12"],"terminus":0,"mode":"tram","color":"#d6212b","colorDark":"#7c1116","angle":257.4,"snapDist":2,"label":0}},{"type":"Feature","geometry":{"type":"Point","coordinates":[23.32359,42.70403]},"properties":{"name":"пл. Лъвов мост","lines":"ТМ7, ТМ12, ТМ18","arr":["ТМ7","ТМ12","ТМ18"],"terminus":0,"mode":"tram","color":"#d6212b","colorDark":"#7c1116","angle":282.4,"snapDist":1,"label":1}},{"type":"Feature","geometry":{"type":"Point","coordinates":[23.322502,42.700381]},"properties":{"name":"Централни хали","lines":"ТМ7, ТМ12, ТМ18","arr":["ТМ7","ТМ12","ТМ18"],"terminus":0,"mode":"tram","color":"#d6212b","colorDark":"#7c1116","angle":281.8,"snapDist":3,"label":1}},{"type":"Feature","geometry":{"type":"Point","coordinates":[23.320966,42.697066]},"properties":{"name":"пл. Св. Неделя","lines":"ТМ7, ТМ12, ТМ18","arr":["ТМ7","ТМ12","ТМ18"],"terminus":1,"mode":"tram","color":"#d6212b","colorDark":"#7c1116","angle":310.8,"snapDist":1,"label":1}},{"type":"Feature","geometry":{"type":"Point","coordinates":[23.320009,42.695015]},"properties":{"name":"бул. Витоша","lines":"ТМ7, ТМ10, ТМ13, ТМ15","arr":["ТМ7","ТМ10","ТМ13","ТМ15"],"terminus":0,"mode":"tram","color":"#d6212b","colorDark":"#7c1116","angle":7.5,"snapDist":0,"label":1}},{"type":"Feature","geometry":{"type":"Point","coordinates":[23.307319,42.680936]},"properties":{"name":"ПГД Елисавета Вазова","lines":"ТМ7, ТМ27","arr":["ТМ7","ТМ27"],"terminus":0,"mode":"tram","color":"#d6212b","colorDark":"#7c1116","angle":335.4,"snapDist":2,"label":1}},{"type":"Feature","geometry":{"type":"Point","coordinates":[23.301299,42.679107]},"properties":{"name":"бул. акад. Ив. Гешов","lines":"ТМ7, ТМ27","arr":["ТМ7","ТМ27"],"terminus":0,"mode":"tram","color":"#d6212b","colorDark":"#7c1116","angle":346.6,"snapDist":0,"label":1}},{"type":"Feature","geometry":{"type":"Point","coordinates":[23.297654,42.676966]},"properties":{"name":"пл. Ручей","lines":"ТМ7, ТМ27","arr":["ТМ7","ТМ27"],"terminus":0,"mode":"tram","color":"#d6212b","colorDark":"#7c1116","angle":295.6,"snapDist":1,"label":1}},{"type":"Feature","geometry":{"type":"Point","coordinates":[23.293833,42.671448]},"properties":{"name":"бул. Гоце Делчев","lines":"ТМ7, ТМ27","arr":["ТМ7","ТМ27"],"terminus":0,"mode":"tram","color":"#d6212b","colorDark":"#7c1116","angle":307.7,"snapDist":1,"label":1}},{"type":"Feature","geometry":{"type":"Point","coordinates":[23.291709,42.669249]},"properties":{"name":"ж.к. Мотописта","lines":"ТМ7, ТМ27","arr":["ТМ7","ТМ27"],"terminus":0,"mode":"tram","color":"#d6212b","colorDark":"#7c1116","angle":303.9,"snapDist":1,"label":1}},{"type":"Feature","geometry":{"type":"Point","coordinates":[23.287297,42.664667]},"properties":{"name":"ул. Т. Каблешков","lines":"ТМ7, ТМ27","arr":["ТМ7","ТМ27"],"terminus":0,"mode":"tram","color":"#d6212b","colorDark":"#7c1116","angle":299.1,"snapDist":2,"label":1}},{"type":"Feature","geometry":{"type":"Point","coordinates":[23.284041,42.661995]},"properties":{"name":"кв. Манастирски ливади - запад","lines":"ТМ7, ТМ27","arr":["ТМ7","ТМ27"],"terminus":1,"mode":"tram","color":"#d6212b","colorDark":"#7c1116","angle":78,"snapDist":0,"label":1}},{"type":"Feature","geometry":{"type":"Point","coordinates":[23.284273,42.661508]},"properties":{"name":"кв. Манастирски ливади - запад","lines":"ТМ7, ТМ27","arr":["ТМ7","ТМ27"],"terminus":1,"mode":"tram","color":"#d6212b","colorDark":"#7c1116","angle":215.3,"snapDist":0,"label":0}},{"type":"Feature","geometry":{"type":"Point","coordinates":[23.28836,42.665756]},"properties":{"name":"ул. Т. Каблешков","lines":"ТМ7, ТМ27","arr":["ТМ7","ТМ27"],"terminus":0,"mode":"tram","color":"#d6212b","colorDark":"#7c1116","angle":125.2,"snapDist":0,"label":0}},{"type":"Feature","geometry":{"type":"Point","coordinates":[23.291911,42.669415]},"properties":{"name":"ж.к. Мотописта","lines":"ТМ7, ТМ27","arr":["ТМ7","ТМ27"],"terminus":0,"mode":"tram","color":"#d6212b","colorDark":"#7c1116","angle":125,"snapDist":0,"label":0}},{"type":"Feature","geometry":{"type":"Point","coordinates":[23.294871,42.672552]},"properties":{"name":"бул. Гоце Делчев","lines":"ТМ7, ТМ27","arr":["ТМ7","ТМ27"],"terminus":0,"mode":"tram","color":"#d6212b","colorDark":"#7c1116","angle":120.6,"snapDist":3,"label":0}},{"type":"Feature","geometry":{"type":"Point","coordinates":[23.297807,42.677152]},"properties":{"name":"пл. Ручей","lines":"ТМ7, ТМ27","arr":["ТМ7","ТМ27"],"terminus":0,"mode":"tram","color":"#d6212b","colorDark":"#7c1116","angle":113.8,"snapDist":0,"label":0}},{"type":"Feature","geometry":{"type":"Point","coordinates":[23.30355,42.679596]},"properties":{"name":"бул. акад. Ив. Гешов","lines":"ТМ7, ТМ27","arr":["ТМ7","ТМ27"],"terminus":0,"mode":"tram","color":"#d6212b","colorDark":"#7c1116","angle":157.1,"snapDist":1,"label":0}},{"type":"Feature","geometry":{"type":"Point","coordinates":[23.307644,42.680995]},"properties":{"name":"ПГД Елисавета Вазова","lines":"ТМ7, ТМ27","arr":["ТМ7","ТМ27"],"terminus":0,"mode":"tram","color":"#d6212b","colorDark":"#7c1116","angle":156.5,"snapDist":3,"label":0}},{"type":"Feature","geometry":{"type":"Point","coordinates":[23.238701,42.712985]},"properties":{"name":"ж.к. Люлин-5","lines":"ТМ8","arr":["ТМ8"],"terminus":1,"mode":"tram","color":"#d6212b","colorDark":"#7c1116","angle":179.3,"snapDist":0,"label":1}},{"type":"Feature","geometry":{"type":"Point","coordinates":[23.242544,42.711031]},"properties":{"name":"бл. 539 ж.к.Люлин-5","lines":"ТМ8","arr":["ТМ8"],"terminus":0,"mode":"tram","color":"#d6212b","colorDark":"#7c1116","angle":216.5,"snapDist":2,"label":1}},{"type":"Feature","geometry":{"type":"Point","coordinates":[23.245464,42.710168]},"properties":{"name":"бул. Д-Р Петър Дертлиев","lines":"ТМ8","arr":["ТМ8"],"terminus":0,"mode":"tram","color":"#d6212b","colorDark":"#7c1116","angle":125.5,"snapDist":0,"label":1}},{"type":"Feature","geometry":{"type":"Point","coordinates":[23.248414,42.713159]},"properties":{"name":"Магазин Витоша","lines":"ТМ8","arr":["ТМ8"],"terminus":0,"mode":"tram","color":"#d6212b","colorDark":"#7c1116","angle":125.4,"snapDist":0,"label":1}},{"type":"Feature","geometry":{"type":"Point","coordinates":[23.251603,42.716393]},"properties":{"name":"Община Люлин","lines":"ТМ8","arr":["ТМ8"],"terminus":0,"mode":"tram","color":"#d6212b","colorDark":"#7c1116","angle":125.8,"snapDist":1,"label":1}},{"type":"Feature","geometry":{"type":"Point","coordinates":[23.256276,42.717999]},"properties":{"name":"Метростанция Люлин","lines":"ТМ8","arr":["ТМ8"],"terminus":0,"mode":"tram","color":"#d6212b","colorDark":"#7c1116","angle":216.6,"snapDist":1,"label":1}},{"type":"Feature","geometry":{"type":"Point","coordinates":[23.261437,42.715471]},"properties":{"name":"Бул. Джавахарлал Неру","lines":"ТМ8","arr":["ТМ8"],"terminus":0,"mode":"tram","color":"#d6212b","colorDark":"#7c1116","angle":216.7,"snapDist":1,"label":1}},{"type":"Feature","geometry":{"type":"Point","coordinates":[23.265889,42.713021]},"properties":{"name":"Ул. Луи Пастьор","lines":"ТМ8","arr":["ТМ8"],"terminus":0,"mode":"tram","color":"#d6212b","colorDark":"#7c1116","angle":216.8,"snapDist":2,"label":1}},{"type":"Feature","geometry":{"type":"Point","coordinates":[23.269656,42.710951]},"properties":{"name":"Метростанция Западен парк","lines":"ТМ8","arr":["ТМ8"],"terminus":0,"mode":"tram","color":"#d6212b","colorDark":"#7c1116","angle":212.7,"snapDist":2,"label":1}},{"type":"Feature","geometry":{"type":"Point","coordinates":[23.284043,42.705581]},"properties":{"name":"Метростанция Вардар","lines":"ТМ8","arr":["ТМ8"],"terminus":0,"mode":"tram","color":"#d6212b","colorDark":"#7c1116","angle":242,"snapDist":1,"label":1}},{"type":"Feature","geometry":{"type":"Point","coordinates":[23.28379,42.706003]},"properties":{"name":"Метростанция Вардар","lines":"ТМ8","arr":["ТМ8"],"terminus":0,"mode":"tram","color":"#d6212b","colorDark":"#7c1116","angle":62.2,"snapDist":1,"label":0}},{"type":"Feature","geometry":{"type":"Point","coordinates":[23.269494,42.711078]},"properties":{"name":"Метростанция Западен парк","lines":"ТМ8","arr":["ТМ8"],"terminus":0,"mode":"tram","color":"#d6212b","colorDark":"#7c1116","angle":36.9,"snapDist":1,"label":0}},{"type":"Feature","geometry":{"type":"Point","coordinates":[23.265575,42.713228]},"properties":{"name":"ул. Луи Пастьор","lines":"ТМ8","arr":["ТМ8"],"terminus":0,"mode":"tram","color":"#d6212b","colorDark":"#7c1116","angle":36.3,"snapDist":0,"label":1}},{"type":"Feature","geometry":{"type":"Point","coordinates":[23.261235,42.71562]},"properties":{"name":"бул. Джавахарлал Неру","lines":"ТМ8","arr":["ТМ8"],"terminus":0,"mode":"tram","color":"#d6212b","colorDark":"#7c1116","angle":33.7,"snapDist":0,"label":1}},{"type":"Feature","geometry":{"type":"Point","coordinates":[23.256421,42.717963]},"properties":{"name":"Метростанция Люлин","lines":"ТМ8","arr":["ТМ8"],"terminus":0,"mode":"tram","color":"#d6212b","colorDark":"#7c1116","angle":36.3,"snapDist":0,"label":0}},{"type":"Feature","geometry":{"type":"Point","coordinates":[23.250618,42.715464]},"properties":{"name":"Община Люлин","lines":"ТМ8","arr":["ТМ8"],"terminus":0,"mode":"tram","color":"#d6212b","colorDark":"#7c1116","angle":305.9,"snapDist":0,"label":0}},{"type":"Feature","geometry":{"type":"Point","coordinates":[23.247426,42.712215]},"properties":{"name":"Магазин Витоша","lines":"ТМ8","arr":["ТМ8"],"terminus":0,"mode":"tram","color":"#d6212b","colorDark":"#7c1116","angle":305.9,"snapDist":0,"label":0}},{"type":"Feature","geometry":{"type":"Point","coordinates":[23.244431,42.710039]},"properties":{"name":"бул. Д-Р Петър Дертлиев","lines":"ТМ8","arr":["ТМ8"],"terminus":0,"mode":"tram","color":"#d6212b","colorDark":"#7c1116","angle":36.5,"snapDist":1,"label":0}},{"type":"Feature","geometry":{"type":"Point","coordinates":[23.241629,42.711562]},"properties":{"name":"бл. 539 ж.к.Люлин-5","lines":"ТМ8","arr":["ТМ8"],"terminus":0,"mode":"tram","color":"#d6212b","colorDark":"#7c1116","angle":36.5,"snapDist":0,"label":0}},{"type":"Feature","geometry":{"type":"Point","coordinates":[23.23797,42.713378]},"properties":{"name":"ж.к. Люлин-5","lines":"ТМ8","arr":["ТМ8"],"terminus":1,"mode":"tram","color":"#d6212b","colorDark":"#7c1116","angle":36,"snapDist":1,"label":0}},{"type":"Feature","geometry":{"type":"Point","coordinates":[23.317077,42.660587]},"properties":{"name":"Метростанция Витоша","lines":"ТМ10, ТМ13, ТМ15","arr":["ТМ10","ТМ13","ТМ15"],"terminus":1,"mode":"tram","color":"#d6212b","colorDark":"#7c1116","angle":27,"snapDist":1,"label":1}},{"type":"Feature","geometry":{"type":"Point","coordinates":[23.31747,42.664372]},"properties":{"name":"Бул. Никола Вапцаров","lines":"ТМ10, ТМ13, ТМ15","arr":["ТМ10","ТМ13","ТМ15"],"terminus":0,"mode":"tram","color":"#d6212b","colorDark":"#7c1116","angle":97.6,"snapDist":0,"label":1}},{"type":"Feature","geometry":{"type":"Point","coordinates":[23.319266,42.668498]},"properties":{"name":"Ул. Люботрън","lines":"ТМ10, ТМ13, ТМ15","arr":["ТМ10","ТМ13","ТМ15"],"terminus":0,"mode":"tram","color":"#d6212b","colorDark":"#7c1116","angle":112.5,"snapDist":0,"label":1}},{"type":"Feature","geometry":{"type":"Point","coordinates":[23.320498,42.670657]},"properties":{"name":"Читалище Пенчо П.Славейков 1921","lines":"ТМ10, ТМ13, ТМ15","arr":["ТМ10","ТМ13","ТМ15"],"terminus":0,"mode":"tram","color":"#d6212b","colorDark":"#7c1116","angle":111.2,"snapDist":0,"label":1}},{"type":"Feature","geometry":{"type":"Point","coordinates":[23.323592,42.672995]},"properties":{"name":"Енергопроект","lines":"ТМ10, ТМ13, ТМ15","arr":["ТМ10","ТМ13","ТМ15"],"terminus":0,"mode":"tram","color":"#d6212b","colorDark":"#7c1116","angle":158.4,"snapDist":0,"label":1}},{"type":"Feature","geometry":{"type":"Point","coordinates":[23.328918,42.674553]},"properties":{"name":"Ул. Милин камък","lines":"ТМ10, ТМ13, ТМ15","arr":["ТМ10","ТМ13","ТМ15"],"terminus":0,"mode":"tram","color":"#d6212b","colorDark":"#7c1116","angle":153.8,"snapDist":0,"label":1}},{"type":"Feature","geometry":{"type":"Point","coordinates":[23.333246,42.67612]},"properties":{"name":"Семинарията","lines":"ТМ10, ТМ13, ТМ15","arr":["ТМ10","ТМ13","ТМ15"],"terminus":0,"mode":"tram","color":"#d6212b","colorDark":"#7c1116","angle":153.8,"snapDist":0,"label":1}},{"type":"Feature","geometry":{"type":"Point","coordinates":[23.333684,42.678497]},"properties":{"name":"ул. Вишнева","lines":"ТМ10, ТМ13, ТМ15","arr":["ТМ10","ТМ13","ТМ15"],"terminus":0,"mode":"tram","color":"#d6212b","colorDark":"#7c1116","angle":89.2,"snapDist":0,"label":1}},{"type":"Feature","geometry":{"type":"Point","coordinates":[23.331763,42.6815]},"properties":{"name":"пл. Журналист","lines":"ТМ10, ТМ12, ТМ13, ТМ15, ТМ18","arr":["ТМ10","ТМ12","ТМ13","ТМ15","ТМ18"],"terminus":1,"mode":"tram","color":"#d6212b","colorDark":"#7c1116","angle":355.8,"snapDist":1,"label":1}},{"type":"Feature","geometry":{"type":"Point","coordinates":[23.331031,42.685767]},"properties":{"name":"Уасг","lines":"ТМ10, ТМ12, ТМ13, ТМ15, ТМ18","arr":["ТМ10","ТМ12","ТМ13","ТМ15","ТМ18"],"terminus":0,"mode":"tram","color":"#d6212b","colorDark":"#7c1116","angle":156.7,"snapDist":0,"label":1}},{"type":"Feature","geometry":{"type":"Point","coordinates":[23.329114,42.687996]},"properties":{"name":"бул. Васил Левски","lines":"ТМ10, ТМ12, ТМ13, ТМ15, ТМ18","arr":["ТМ10","ТМ12","ТМ13","ТМ15","ТМ18"],"terminus":0,"mode":"tram","color":"#d6212b","colorDark":"#7c1116","angle":49.8,"snapDist":1,"label":1}},{"type":"Feature","geometry":{"type":"Point","coordinates":[23.325114,42.691337]},"properties":{"name":"пл. Славейков","lines":"ТМ10, ТМ12, ТМ13, ТМ15, ТМ18","arr":["ТМ10","ТМ12","ТМ13","ТМ15","ТМ18"],"terminus":0,"mode":"tram","color":"#d6212b","colorDark":"#7c1116","angle":47.2,"snapDist":1,"label":1}},{"type":"Feature","geometry":{"type":"Point","coordinates":[23.322439,42.694337]},"properties":{"name":"пл. Гарибалди","lines":"ТМ10, ТМ12, ТМ13, ТМ15, ТМ18","arr":["ТМ10","ТМ12","ТМ13","ТМ15","ТМ18"],"terminus":1,"mode":"tram","color":"#d6212b","colorDark":"#7c1116","angle":63.1,"snapDist":0,"label":1}},{"type":"Feature","geometry":{"type":"Point","coordinates":[23.320099,42.694978]},"properties":{"name":"бул. Витоша","lines":"ТМ10, ТМ13, ТМ15, ТМ27","arr":["ТМ10","ТМ13","ТМ15","ТМ27"],"terminus":0,"mode":"tram","color":"#d6212b","colorDark":"#7c1116","angle":187.5,"snapDist":1,"label":0}},{"type":"Feature","geometry":{"type":"Point","coordinates":[23.322778,42.693782]},"properties":{"name":"пл. Гарибалди","lines":"ТМ10, ТМ12, ТМ13, ТМ15, ТМ18","arr":["ТМ10","ТМ12","ТМ13","ТМ15","ТМ18"],"terminus":0,"mode":"tram","color":"#d6212b","colorDark":"#7c1116","angle":242.9,"snapDist":4,"label":0}},{"type":"Feature","geometry":{"type":"Point","coordinates":[23.324819,42.691546]},"properties":{"name":"пл. Славейков","lines":"ТМ10, ТМ12, ТМ13, ТМ15, ТМ18","arr":["ТМ10","ТМ12","ТМ13","ТМ15","ТМ18"],"terminus":0,"mode":"tram","color":"#d6212b","colorDark":"#7c1116","angle":233.2,"snapDist":1,"label":0}},{"type":"Feature","geometry":{"type":"Point","coordinates":[23.32873,42.688271]},"properties":{"name":"бул. Васил Левски","lines":"ТМ10, ТМ12, ТМ13, ТМ15, ТМ18","arr":["ТМ10","ТМ12","ТМ13","ТМ15","ТМ18"],"terminus":0,"mode":"tram","color":"#d6212b","colorDark":"#7c1116","angle":227.7,"snapDist":3,"label":0}},{"type":"Feature","geometry":{"type":"Point","coordinates":[23.33068,42.685683]},"properties":{"name":"Уасг","lines":"ТМ10, ТМ12, ТМ13, ТМ15, ТМ18","arr":["ТМ10","ТМ12","ТМ13","ТМ15","ТМ18"],"terminus":0,"mode":"tram","color":"#d6212b","colorDark":"#7c1116","angle":330.3,"snapDist":0,"label":0}},{"type":"Feature","geometry":{"type":"Point","coordinates":[23.332058,42.68101]},"properties":{"name":"пл. Журналист","lines":"ТМ10, ТМ12, ТМ13, ТМ15, ТМ18","arr":["ТМ10","ТМ12","ТМ13","ТМ15","ТМ18"],"terminus":1,"mode":"tram","color":"#d6212b","colorDark":"#7c1116","angle":179.9,"snapDist":1,"label":0}},{"type":"Feature","geometry":{"type":"Point","coordinates":[23.333712,42.678259]},"properties":{"name":"ул. Вишнева","lines":"ТМ10, ТМ13, ТМ15","arr":["ТМ10","ТМ13","ТМ15"],"terminus":0,"mode":"tram","color":"#d6212b","colorDark":"#7c1116","angle":252.9,"snapDist":1,"label":0}},{"type":"Feature","geometry":{"type":"Point","coordinates":[23.333031,42.676078]},"properties":{"name":"Семинарията","lines":"ТМ10, ТМ13, ТМ15","arr":["ТМ10","ТМ13","ТМ15"],"terminus":0,"mode":"tram","color":"#d6212b","colorDark":"#7c1116","angle":333.7,"snapDist":0,"label":0}},{"type":"Feature","geometry":{"type":"Point","coordinates":[23.329033,42.674626]},"properties":{"name":"Ул. Милин камък","lines":"ТМ10, ТМ13, ТМ15","arr":["ТМ10","ТМ13","ТМ15"],"terminus":0,"mode":"tram","color":"#d6212b","colorDark":"#7c1116","angle":333.7,"snapDist":0,"label":0}},{"type":"Feature","geometry":{"type":"Point","coordinates":[23.324053,42.673157]},"properties":{"name":"Енергопроект","lines":"ТМ10, ТМ13, ТМ15","arr":["ТМ10","ТМ13","ТМ15"],"terminus":0,"mode":"tram","color":"#d6212b","colorDark":"#7c1116","angle":338.9,"snapDist":0,"label":0}},{"type":"Feature","geometry":{"type":"Point","coordinates":[23.320326,42.670414]},"properties":{"name":"Читалище Пенчо П. Славейков 1921","lines":"ТМ10, ТМ13, ТМ15","arr":["ТМ10","ТМ13","ТМ15"],"terminus":0,"mode":"tram","color":"#d6212b","colorDark":"#7c1116","angle":291.9,"snapDist":2,"label":1}},{"type":"Feature","geometry":{"type":"Point","coordinates":[23.319353,42.668716]},"properties":{"name":"Ул. Люботрън","lines":"ТМ10, ТМ13, ТМ15","arr":["ТМ10","ТМ13","ТМ15"],"terminus":0,"mode":"tram","color":"#d6212b","colorDark":"#7c1116","angle":292.4,"snapDist":1,"label":0}},{"type":"Feature","geometry":{"type":"Point","coordinates":[23.317607,42.665366]},"properties":{"name":"Бул. Никола Вапцаров","lines":"ТМ10, ТМ13, ТМ15","arr":["ТМ10","ТМ13","ТМ15"],"terminus":0,"mode":"tram","color":"#d6212b","colorDark":"#7c1116","angle":277.3,"snapDist":1,"label":0}},{"type":"Feature","geometry":{"type":"Point","coordinates":[23.317035,42.660115]},"properties":{"name":"Метростанция Витоша","lines":"ТМ10, ТМ13, ТМ15","arr":["ТМ10","ТМ13","ТМ15"],"terminus":1,"mode":"tram","color":"#d6212b","colorDark":"#7c1116","angle":207.2,"snapDist":5,"label":0}},{"type":"Feature","geometry":{"type":"Point","coordinates":[23.268019,42.676932]},"properties":{"name":"НЦ по рехабилитация","lines":"ТМ11","arr":["ТМ11"],"terminus":0,"mode":"tram","color":"#d6212b","colorDark":"#7c1116","angle":81.3,"snapDist":1,"label":1}},{"type":"Feature","geometry":{"type":"Point","coordinates":[23.269198,42.680563]},"properties":{"name":"ул. Народно хоро","lines":"ТМ11","arr":["ТМ11"],"terminus":0,"mode":"tram","color":"#d6212b","colorDark":"#7c1116","angle":104.7,"snapDist":1,"label":1}},{"type":"Feature","geometry":{"type":"Point","coordinates":[23.270924,42.682448]},"properties":{"name":"Метростанция Овча купел","lines":"ТМ11","arr":["ТМ11"],"terminus":0,"mode":"tram","color":"#d6212b","colorDark":"#7c1116","angle":134.4,"snapDist":0,"label":1}},{"type":"Feature","geometry":{"type":"Point","coordinates":[23.274657,42.685795]},"properties":{"name":"Балканкар АД","lines":"ТМ11","arr":["ТМ11"],"terminus":0,"mode":"tram","color":"#d6212b","colorDark":"#7c1116","angle":121.5,"snapDist":1,"label":1}},{"type":"Feature","geometry":{"type":"Point","coordinates":[23.278389,42.690694]},"properties":{"name":"ж.к. Красна поляна","lines":"ТМ11","arr":["ТМ11"],"terminus":0,"mode":"tram","color":"#d6212b","colorDark":"#7c1116","angle":133.4,"snapDist":1,"label":0}},{"type":"Feature","geometry":{"type":"Point","coordinates":[23.282191,42.693358]},"properties":{"name":"ул. Добротич","lines":"ТМ11, ТМ22, ТМ22А","arr":["ТМ11","ТМ22","ТМ22А"],"terminus":1,"mode":"tram","color":"#d6212b","colorDark":"#7c1116","angle":137.4,"snapDist":2,"label":1}},{"type":"Feature","geometry":{"type":"Point","coordinates":[23.286753,42.695726]},"properties":{"name":"бул. Вардар","lines":"ТМ11, ТМ22, ТМ22А","arr":["ТМ11","ТМ22","ТМ22А"],"terminus":0,"mode":"tram","color":"#d6212b","colorDark":"#7c1116","angle":183.6,"snapDist":0,"label":1}},{"type":"Feature","geometry":{"type":"Point","coordinates":[23.292278,42.694515]},"properties":{"name":"ул. Освобождение","lines":"ТМ11, ТМ22, ТМ22А","arr":["ТМ11","ТМ22","ТМ22А"],"terminus":0,"mode":"tram","color":"#d6212b","colorDark":"#7c1116","angle":200.8,"snapDist":0,"label":1}},{"type":"Feature","geometry":{"type":"Point","coordinates":[23.296245,42.696681]},"properties":{"name":"Парк Св.Св.Петър и Павел","lines":"ТМ11, ТМ22, ТМ22А","arr":["ТМ11","ТМ22","ТМ22А"],"terminus":1,"mode":"tram","color":"#d6212b","colorDark":"#7c1116","angle":102.5,"snapDist":1,"label":1}},{"type":"Feature","geometry":{"type":"Point","coordinates":[23.307792,42.714174]},"properties":{"name":"Надлез Надежда","lines":"ТМ11","arr":["ТМ11"],"terminus":0,"mode":"tram","color":"#d6212b","colorDark":"#7c1116","angle":176,"snapDist":1,"label":0}},{"type":"Feature","geometry":{"type":"Point","coordinates":[23.317239,42.732082]},"properties":{"name":"Заг Динамик АД","lines":"ТМ11","arr":["ТМ11"],"terminus":0,"mode":"tram","color":"#d6212b","colorDark":"#7c1116","angle":93.5,"snapDist":1,"label":1}},{"type":"Feature","geometry":{"type":"Point","coordinates":[23.317522,42.735496]},"properties":{"name":"Софарма АД","lines":"ТМ11","arr":["ТМ11"],"terminus":0,"mode":"tram","color":"#d6212b","colorDark":"#7c1116","angle":93.5,"snapDist":1,"label":1}},{"type":"Feature","geometry":{"type":"Point","coordinates":[23.317842,42.73886]},"properties":{"name":"Стоков базар Илиянци","lines":"ТМ11","arr":["ТМ11"],"terminus":0,"mode":"tram","color":"#d6212b","colorDark":"#7c1116","angle":95.4,"snapDist":1,"label":1}},{"type":"Feature","geometry":{"type":"Point","coordinates":[23.318438,42.745144]},"properties":{"name":"Хюндай България","lines":"ТМ11","arr":["ТМ11"],"terminus":0,"mode":"tram","color":"#d6212b","colorDark":"#7c1116","angle":93.5,"snapDist":1,"label":1}},{"type":"Feature","geometry":{"type":"Point","coordinates":[23.320623,42.751541]},"properties":{"name":"ул. Кирил Благоев","lines":"ТМ11","arr":["ТМ11"],"terminus":0,"mode":"tram","color":"#d6212b","colorDark":"#7c1116","angle":93.3,"snapDist":0,"label":1}},{"type":"Feature","geometry":{"type":"Point","coordinates":[23.321324,42.753772]},"properties":{"name":"кв. Илиянци","lines":"ТМ11","arr":["ТМ11"],"terminus":1,"mode":"tram","color":"#d6212b","colorDark":"#7c1116","angle":141.8,"snapDist":0,"label":1}},{"type":"Feature","geometry":{"type":"Point","coordinates":[23.320735,42.753536]},"properties":{"name":"кв. Илиянци","lines":"ТМ11","arr":["ТМ11"],"terminus":1,"mode":"tram","color":"#d6212b","colorDark":"#7c1116","angle":273.2,"snapDist":0,"label":0}},{"type":"Feature","geometry":{"type":"Point","coordinates":[23.32055,42.751106]},"properties":{"name":"ул. Кирил Благоев","lines":"ТМ11","arr":["ТМ11"],"terminus":0,"mode":"tram","color":"#d6212b","colorDark":"#7c1116","angle":273.2,"snapDist":0,"label":0}},{"type":"Feature","geometry":{"type":"Point","coordinates":[23.318372,42.744847]},"properties":{"name":"Хюндай България","lines":"ТМ11","arr":["ТМ11"],"terminus":0,"mode":"tram","color":"#d6212b","colorDark":"#7c1116","angle":273.7,"snapDist":1,"label":0}},{"type":"Feature","geometry":{"type":"Point","coordinates":[23.317691,42.738115]},"properties":{"name":"Стоков базар Илиянци","lines":"ТМ11","arr":["ТМ11"],"terminus":0,"mode":"tram","color":"#d6212b","colorDark":"#7c1116","angle":275.8,"snapDist":2,"label":0}},{"type":"Feature","geometry":{"type":"Point","coordinates":[23.317491,42.735828]},"properties":{"name":"Софарма АД","lines":"ТМ11","arr":["ТМ11"],"terminus":0,"mode":"tram","color":"#d6212b","colorDark":"#7c1116","angle":273.5,"snapDist":0,"label":0}},{"type":"Feature","geometry":{"type":"Point","coordinates":[23.317145,42.731651]},"properties":{"name":"Заг Динамик АД","lines":"ТМ11","arr":["ТМ11"],"terminus":0,"mode":"tram","color":"#d6212b","colorDark":"#7c1116","angle":273.5,"snapDist":1,"label":0}},{"type":"Feature","geometry":{"type":"Point","coordinates":[23.314029,42.731123]},"properties":{"name":"бул. Рожен","lines":"ТМ11","arr":["ТМ11"],"terminus":0,"mode":"tram","color":"#d6212b","colorDark":"#7c1116","angle":8.9,"snapDist":2,"label":0}},{"type":"Feature","geometry":{"type":"Point","coordinates":[23.296072,42.696334]},"properties":{"name":"Парк Св.Св.Петър и Павел","lines":"ТМ11, ТМ22, ТМ22А","arr":["ТМ11","ТМ22","ТМ22А"],"terminus":0,"mode":"tram","color":"#d6212b","colorDark":"#7c1116","angle":286.9,"snapDist":3,"label":0}},{"type":"Feature","geometry":{"type":"Point","coordinates":[23.292649,42.694448]},"properties":{"name":"ул. Освобождение","lines":"ТМ11, ТМ22, ТМ22А","arr":["ТМ11","ТМ22","ТМ22А"],"terminus":0,"mode":"tram","color":"#d6212b","colorDark":"#7c1116","angle":18.3,"snapDist":1,"label":0}},{"type":"Feature","geometry":{"type":"Point","coordinates":[23.287577,42.695701]},"properties":{"name":"бул. Вардар","lines":"ТМ11, ТМ22, ТМ22А","arr":["ТМ11","ТМ22","ТМ22А"],"terminus":0,"mode":"tram","color":"#d6212b","colorDark":"#7c1116","angle":5.3,"snapDist":1,"label":0}},{"type":"Feature","geometry":{"type":"Point","coordinates":[23.281653,42.693019]},"properties":{"name":"ул. Добротич","lines":"ТМ11, ТМ22, ТМ22А","arr":["ТМ11","ТМ22","ТМ22А"],"terminus":1,"mode":"tram","color":"#d6212b","colorDark":"#7c1116","angle":315.6,"snapDist":1,"label":0}},{"type":"Feature","geometry":{"type":"Point","coordinates":[23.2788,42.69105]},"properties":{"name":"ж.к. Красна поляна","lines":"ТМ11, ТМ22","arr":["ТМ11","ТМ22"],"terminus":1,"mode":"tram","color":"#d6212b","colorDark":"#7c1116","angle":313.4,"snapDist":0,"label":1}},{"type":"Feature","geometry":{"type":"Point","coordinates":[23.274382,42.685529]},"properties":{"name":"Балканкар АД","lines":"ТМ11","arr":["ТМ11"],"terminus":0,"mode":"tram","color":"#d6212b","colorDark":"#7c1116","angle":301.5,"snapDist":1,"label":0}},{"type":"Feature","geometry":{"type":"Point","coordinates":[23.270694,42.682322]},"properties":{"name":"Метростанция Овча купел","lines":"ТМ11","arr":["ТМ11"],"terminus":0,"mode":"tram","color":"#d6212b","colorDark":"#7c1116","angle":314.9,"snapDist":0,"label":0}},{"type":"Feature","geometry":{"type":"Point","coordinates":[23.269056,42.680305]},"properties":{"name":"ул. Народно хоро","lines":"ТМ11","arr":["ТМ11"],"terminus":0,"mode":"tram","color":"#d6212b","colorDark":"#7c1116","angle":284.3,"snapDist":0,"label":0}},{"type":"Feature","geometry":{"type":"Point","coordinates":[23.268062,42.676537]},"properties":{"name":"НЦ по рехабилитация","lines":"ТМ11","arr":["ТМ11"],"terminus":0,"mode":"tram","color":"#d6212b","colorDark":"#7c1116","angle":257.2,"snapDist":2,"label":0}},{"type":"Feature","geometry":{"type":"Point","coordinates":[23.322041,42.709479]},"properties":{"name":"Централна автогара","lines":"ТМ12, ТМ22А","arr":["ТМ12","ТМ22А"],"terminus":1,"mode":"tram","color":"#d6212b","colorDark":"#7c1116","angle":166.6,"snapDist":1,"label":1}},{"type":"Feature","geometry":{"type":"Point","coordinates":[23.320942,42.696426]},"properties":{"name":"пл. Св. Неделя","lines":"ТМ12, ТМ18, ТМ27","arr":["ТМ12","ТМ18","ТМ27"],"terminus":0,"mode":"tram","color":"#d6212b","colorDark":"#7c1116","angle":65,"snapDist":0,"label":0}},{"type":"Feature","geometry":{"type":"Point","coordinates":[23.322436,42.700016]},"properties":{"name":"Централни хали","lines":"ТМ12, ТМ18, ТМ27","arr":["ТМ12","ТМ18","ТМ27"],"terminus":0,"mode":"tram","color":"#d6212b","colorDark":"#7c1116","angle":102.1,"snapDist":2,"label":0}},{"type":"Feature","geometry":{"type":"Point","coordinates":[23.323776,42.704502]},"properties":{"name":"пл. Лъвов мост","lines":"ТМ12, ТМ18, ТМ27","arr":["ТМ12","ТМ18","ТМ27"],"terminus":0,"mode":"tram","color":"#d6212b","colorDark":"#7c1116","angle":100,"snapDist":0,"label":0}},{"type":"Feature","geometry":{"type":"Point","coordinates":[23.323207,42.707476]},"properties":{"name":"ул. Козлодуй","lines":"ТМ12, ТМ27","arr":["ТМ12","ТМ27"],"terminus":0,"mode":"tram","color":"#d6212b","colorDark":"#7c1116","angle":77.5,"snapDist":1,"label":0}},{"type":"Feature","geometry":{"type":"Point","coordinates":[23.312609,42.699661]},"properties":{"name":"Метростанция Опълченска","lines":"ТМ20, ТМ21","arr":["ТМ20","ТМ21"],"terminus":1,"mode":"tram","color":"#d6212b","colorDark":"#7c1116","angle":191.2,"snapDist":1,"label":1}},{"type":"Feature","geometry":{"type":"Point","coordinates":[23.315679,42.70028]},"properties":{"name":"бул. Христо Ботев","lines":"ТМ20, ТМ21, ТМ22","arr":["ТМ20","ТМ21","ТМ22"],"terminus":0,"mode":"tram","color":"#d6212b","colorDark":"#7c1116","angle":193.5,"snapDist":1,"label":1}},{"type":"Feature","geometry":{"type":"Point","coordinates":[23.318254,42.700719]},"properties":{"name":"Женски пазар","lines":"ТМ20, ТМ21, ТМ22","arr":["ТМ20","ТМ21","ТМ22"],"terminus":0,"mode":"tram","color":"#d6212b","colorDark":"#7c1116","angle":130.5,"snapDist":1,"label":1}},{"type":"Feature","geometry":{"type":"Point","coordinates":[23.323769,42.699875]},"properties":{"name":"Централни хали","lines":"ТМ20, ТМ21, ТМ22","arr":["ТМ20","ТМ21","ТМ22"],"terminus":0,"mode":"tram","color":"#d6212b","colorDark":"#7c1116","angle":205,"snapDist":0,"label":0}},{"type":"Feature","geometry":{"type":"Point","coordinates":[23.325912,42.698078]},"properties":{"name":"Младежки театър","lines":"ТМ20, ТМ21, ТМ22","arr":["ТМ20","ТМ21","ТМ22"],"terminus":0,"mode":"tram","color":"#d6212b","colorDark":"#7c1116","angle":262.2,"snapDist":0,"label":1}},{"type":"Feature","geometry":{"type":"Point","coordinates":[23.330958,42.6983]},"properties":{"name":"Национална опера","lines":"ТМ20, ТМ21, ТМ22","arr":["ТМ20","ТМ21","ТМ22"],"terminus":0,"mode":"tram","color":"#d6212b","colorDark":"#7c1116","angle":172.3,"snapDist":1,"label":1}},{"type":"Feature","geometry":{"type":"Point","coordinates":[23.335735,42.698772]},"properties":{"name":"бул. Васил Левски","lines":"ТМ20, ТМ21, ТМ22","arr":["ТМ20","ТМ21","ТМ22"],"terminus":0,"mode":"tram","color":"#d6212b","colorDark":"#7c1116","angle":172.3,"snapDist":0,"label":1}},{"type":"Feature","geometry":{"type":"Point","coordinates":[23.339917,42.696499]},"properties":{"name":"ул. Сан Стефано","lines":"ТМ20, ТМ21, ТМ22","arr":["ТМ20","ТМ21","ТМ22"],"terminus":0,"mode":"tram","color":"#d6212b","colorDark":"#7c1116","angle":183.3,"snapDist":0,"label":1}},{"type":"Feature","geometry":{"type":"Point","coordinates":[23.345946,42.696233]},"properties":{"name":"Театър София","lines":"ТМ20, ТМ21, ТМ22","arr":["ТМ20","ТМ21","ТМ22"],"terminus":0,"mode":"tram","color":"#d6212b","colorDark":"#7c1116","angle":183.5,"snapDist":1,"label":1}},{"type":"Feature","geometry":{"type":"Point","coordinates":[23.349266,42.696342]},"properties":{"name":"ул. Алеко Константинов","lines":"ТМ20, ТМ21, ТМ22","arr":["ТМ20","ТМ21","ТМ22"],"terminus":0,"mode":"tram","color":"#d6212b","colorDark":"#7c1116","angle":168.5,"snapDist":1,"label":1}},{"type":"Feature","geometry":{"type":"Point","coordinates":[23.354002,42.696904]},"properties":{"name":"Гара Подуяне","lines":"ТМ20, ТМ21, ТМ22","arr":["ТМ20","ТМ21","ТМ22"],"terminus":0,"mode":"tram","color":"#d6212b","colorDark":"#7c1116","angle":182.8,"snapDist":0,"label":0}},{"type":"Feature","geometry":{"type":"Point","coordinates":[23.355183,42.692657]},"properties":{"name":"ул. Оборище","lines":"ТМ20, ТМ21, ТМ22","arr":["ТМ20","ТМ21","ТМ22"],"terminus":0,"mode":"tram","color":"#d6212b","colorDark":"#7c1116","angle":276.5,"snapDist":1,"label":1}},{"type":"Feature","geometry":{"type":"Point","coordinates":[23.351242,42.685171]},"properties":{"name":"Румънско посолство","lines":"ТМ20, ТМ21, ТМ22","arr":["ТМ20","ТМ21","ТМ22"],"terminus":0,"mode":"tram","color":"#d6212b","colorDark":"#7c1116","angle":215.8,"snapDist":1,"label":1}},{"type":"Feature","geometry":{"type":"Point","coordinates":[23.35396,42.683573]},"properties":{"name":"Ул. Хемус","lines":"ТМ20, ТМ21, ТМ22","arr":["ТМ20","ТМ21","ТМ22"],"terminus":0,"mode":"tram","color":"#d6212b","colorDark":"#7c1116","angle":219.2,"snapDist":0,"label":1}},{"type":"Feature","geometry":{"type":"Point","coordinates":[23.356795,42.681004]},"properties":{"name":"ул. Александър Жендов","lines":"ТМ20, ТМ21, ТМ22","arr":["ТМ20","ТМ21","ТМ22"],"terminus":0,"mode":"tram","color":"#d6212b","colorDark":"#7c1116","angle":235.8,"snapDist":2,"label":1}},{"type":"Feature","geometry":{"type":"Point","coordinates":[23.360784,42.679316]},"properties":{"name":"ул. Н. Коперник","lines":"ТМ20, ТМ21, ТМ22","arr":["ТМ20","ТМ21","ТМ22"],"terminus":0,"mode":"tram","color":"#d6212b","colorDark":"#7c1116","angle":188.7,"snapDist":2,"label":1}},{"type":"Feature","geometry":{"type":"Point","coordinates":[23.365326,42.678524]},"properties":{"name":"Ну за танцово изкуство","lines":"ТМ20, ТМ21, ТМ22","arr":["ТМ20","ТМ21","ТМ22"],"terminus":0,"mode":"tram","color":"#d6212b","colorDark":"#7c1116","angle":208.8,"snapDist":0,"label":1}},{"type":"Feature","geometry":{"type":"Point","coordinates":[23.369858,42.676575]},"properties":{"name":"ж.к. Гео Милев","lines":"ТМ20, ТМ22","arr":["ТМ20","ТМ22"],"terminus":0,"mode":"tram","color":"#d6212b","colorDark":"#7c1116","angle":208,"snapDist":1,"label":0}},{"type":"Feature","geometry":{"type":"Point","coordinates":[23.375815,42.675054]},"properties":{"name":"СК ЦСКА","lines":"ТМ20, ТМ21, ТМ22, ТМ23","arr":["ТМ20","ТМ21","ТМ22","ТМ23"],"terminus":0,"mode":"tram","color":"#d6212b","colorDark":"#7c1116","angle":194.1,"snapDist":0,"label":1}},{"type":"Feature","geometry":{"type":"Point","coordinates":[23.382839,42.673517]},"properties":{"name":"бул. проф.Цв. Лазаров","lines":"ТМ20, ТМ21, ТМ22, ТМ23","arr":["ТМ20","ТМ21","ТМ22","ТМ23"],"terminus":0,"mode":"tram","color":"#d6212b","colorDark":"#7c1116","angle":195.9,"snapDist":1,"label":1}},{"type":"Feature","geometry":{"type":"Point","coordinates":[23.387892,42.672673]},"properties":{"name":"ул. кап. Д. Списаревски","lines":"ТМ20, ТМ21, ТМ22, ТМ23","arr":["ТМ20","ТМ21","ТМ22","ТМ23"],"terminus":0,"mode":"tram","color":"#d6212b","colorDark":"#7c1116","angle":192.6,"snapDist":0,"label":1}},{"type":"Feature","geometry":{"type":"Point","coordinates":[23.393702,42.671637]},"properties":{"name":"Разклона за летището","lines":"ТМ20, ТМ21, ТМ22, ТМ23","arr":["ТМ20","ТМ21","ТМ22","ТМ23"],"terminus":0,"mode":"tram","color":"#d6212b","colorDark":"#7c1116","angle":192.4,"snapDist":0,"label":1}},{"type":"Feature","geometry":{"type":"Point","coordinates":[23.397539,42.670232]},"properties":{"name":"ж.к. Дружба-1","lines":"ТМ20, ТМ21, ТМ22, ТМ23","arr":["ТМ20","ТМ21","ТМ22","ТМ23"],"terminus":0,"mode":"tram","color":"#d6212b","colorDark":"#7c1116","angle":213.5,"snapDist":0,"label":1}},{"type":"Feature","geometry":{"type":"Point","coordinates":[23.402037,42.668005]},"properties":{"name":"бул. Кръстьо Пастухов","lines":"ТМ20, ТМ21, ТМ22, ТМ23","arr":["ТМ20","ТМ21","ТМ22","ТМ23"],"terminus":0,"mode":"tram","color":"#d6212b","colorDark":"#7c1116","angle":212.8,"snapDist":1,"label":1}},{"type":"Feature","geometry":{"type":"Point","coordinates":[23.406304,42.665739]},"properties":{"name":"28-ми ДКЦ","lines":"ТМ20, ТМ21, ТМ22, ТМ23","arr":["ТМ20","ТМ21","ТМ22","ТМ23"],"terminus":0,"mode":"tram","color":"#d6212b","colorDark":"#7c1116","angle":214.7,"snapDist":1,"label":1}},{"type":"Feature","geometry":{"type":"Point","coordinates":[23.411229,42.663788]},"properties":{"name":"28-ми пощенски клон","lines":"ТМ20, ТМ21, ТМ22, ТМ23","arr":["ТМ20","ТМ21","ТМ22","ТМ23"],"terminus":1,"mode":"tram","color":"#d6212b","colorDark":"#7c1116","angle":202.9,"snapDist":1,"label":1}},{"type":"Feature","geometry":{"type":"Point","coordinates":[23.414947,42.662307]},"properties":{"name":"кв. гара Искър","lines":"ТМ20, ТМ21, ТМ22","arr":["ТМ20","ТМ21","ТМ22"],"terminus":0,"mode":"tram","color":"#d6212b","colorDark":"#7c1116","angle":241,"snapDist":1,"label":1}},{"type":"Feature","geometry":{"type":"Point","coordinates":[23.414973,42.659338]},"properties":{"name":"София Мед АД","lines":"ТМ20, ТМ21, ТМ22","arr":["ТМ20","ТМ21","ТМ22"],"terminus":0,"mode":"tram","color":"#d6212b","colorDark":"#7c1116","angle":276,"snapDist":2,"label":1}},{"type":"Feature","geometry":{"type":"Point","coordinates":[23.414408,42.656086]},"properties":{"name":"Депо Искър","lines":"ТМ20, ТМ21, ТМ22","arr":["ТМ20","ТМ21","ТМ22"],"terminus":1,"mode":"tram","color":"#d6212b","colorDark":"#7c1116","angle":278.9,"snapDist":0,"label":1}},{"type":"Feature","geometry":{"type":"Point","coordinates":[23.414494,42.656362]},"properties":{"name":"Депо Искър","lines":"ТМ20, ТМ22","arr":["ТМ20","ТМ22"],"terminus":1,"mode":"tram","color":"#d6212b","colorDark":"#7c1116","angle":96.1,"snapDist":1,"label":0}},{"type":"Feature","geometry":{"type":"Point","coordinates":[23.41506,42.65966]},"properties":{"name":"София Мед АД","lines":"ТМ20, ТМ22","arr":["ТМ20","ТМ22"],"terminus":0,"mode":"tram","color":"#d6212b","colorDark":"#7c1116","angle":96.1,"snapDist":0,"label":0}},{"type":"Feature","geometry":{"type":"Point","coordinates":[23.414786,42.66258]},"properties":{"name":"кв. гара Искър","lines":"ТМ20, ТМ22","arr":["ТМ20","ТМ22"],"terminus":0,"mode":"tram","color":"#d6212b","colorDark":"#7c1116","angle":61,"snapDist":1,"label":0}},{"type":"Feature","geometry":{"type":"Point","coordinates":[23.410959,42.663906]},"properties":{"name":"28-Ми пощенски клон","lines":"ТМ20, ТМ22, ТМ23","arr":["ТМ20","ТМ22","ТМ23"],"terminus":0,"mode":"tram","color":"#d6212b","colorDark":"#7c1116","angle":23.2,"snapDist":1,"label":1}},{"type":"Feature","geometry":{"type":"Point","coordinates":[23.406836,42.665532]},"properties":{"name":"28-ми ДКЦ","lines":"ТМ20, ТМ22, ТМ23","arr":["ТМ20","ТМ22","ТМ23"],"terminus":0,"mode":"tram","color":"#d6212b","colorDark":"#7c1116","angle":32.3,"snapDist":2,"label":0}},{"type":"Feature","geometry":{"type":"Point","coordinates":[23.401643,42.668228]},"properties":{"name":"бул. Кръстьо Пастухов","lines":"ТМ20, ТМ22, ТМ23","arr":["ТМ20","ТМ22","ТМ23"],"terminus":0,"mode":"tram","color":"#d6212b","colorDark":"#7c1116","angle":32.9,"snapDist":2,"label":0}},{"type":"Feature","geometry":{"type":"Point","coordinates":[23.397141,42.670458]},"properties":{"name":"ж.к. Дружба-1","lines":"ТМ20, ТМ22, ТМ23","arr":["ТМ20","ТМ22","ТМ23"],"terminus":0,"mode":"tram","color":"#d6212b","colorDark":"#7c1116","angle":33.7,"snapDist":2,"label":0}},{"type":"Feature","geometry":{"type":"Point","coordinates":[23.393064,42.671777]},"properties":{"name":"Разклона за летището","lines":"ТМ20, ТМ22, ТМ23","arr":["ТМ20","ТМ22","ТМ23"],"terminus":0,"mode":"tram","color":"#d6212b","colorDark":"#7c1116","angle":13.7,"snapDist":2,"label":0}},{"type":"Feature","geometry":{"type":"Point","coordinates":[23.387671,42.672743]},"properties":{"name":"ул. кап. Д. Списаревски","lines":"ТМ20, ТМ22, ТМ23","arr":["ТМ20","ТМ22","ТМ23"],"terminus":0,"mode":"tram","color":"#d6212b","colorDark":"#7c1116","angle":13.7,"snapDist":2,"label":0}},{"type":"Feature","geometry":{"type":"Point","coordinates":[23.382447,42.673639]},"properties":{"name":"бул. проф.Цв. Лазаров","lines":"ТМ20, ТМ22, ТМ23","arr":["ТМ20","ТМ22","ТМ23"],"terminus":0,"mode":"tram","color":"#d6212b","colorDark":"#7c1116","angle":16.1,"snapDist":2,"label":0}},{"type":"Feature","geometry":{"type":"Point","coordinates":[23.37649,42.674965]},"properties":{"name":"СК ЦСКА","lines":"ТМ20, ТМ22, ТМ23","arr":["ТМ20","ТМ22","ТМ23"],"terminus":0,"mode":"tram","color":"#d6212b","colorDark":"#7c1116","angle":14.8,"snapDist":0,"label":0}},{"type":"Feature","geometry":{"type":"Point","coordinates":[23.369652,42.676688]},"properties":{"name":"ж.к. Гео Милев","lines":"ТМ20, ТМ22","arr":["ТМ20","ТМ22"],"terminus":0,"mode":"tram","color":"#d6212b","colorDark":"#7c1116","angle":27.8,"snapDist":4,"label":0}},{"type":"Feature","geometry":{"type":"Point","coordinates":[23.365816,42.678346]},"properties":{"name":"Ну за танцово изкуство","lines":"ТМ20, ТМ21, ТМ22","arr":["ТМ20","ТМ21","ТМ22"],"terminus":0,"mode":"tram","color":"#d6212b","colorDark":"#7c1116","angle":30.8,"snapDist":2,"label":0}},{"type":"Feature","geometry":{"type":"Point","coordinates":[23.361532,42.679252]},"properties":{"name":"ул. Н. Коперник","lines":"ТМ20, ТМ21, ТМ22","arr":["ТМ20","ТМ21","ТМ22"],"terminus":0,"mode":"tram","color":"#d6212b","colorDark":"#7c1116","angle":10.1,"snapDist":0,"label":0}},{"type":"Feature","geometry":{"type":"Point","coordinates":[23.357139,42.680654]},"properties":{"name":"ул. Александър Жендов","lines":"ТМ20, ТМ21, ТМ22","arr":["ТМ20","ТМ21","ТМ22"],"terminus":0,"mode":"tram","color":"#d6212b","colorDark":"#7c1116","angle":55.4,"snapDist":2,"label":0}},{"type":"Feature","geometry":{"type":"Point","coordinates":[23.35413,42.683517]},"properties":{"name":"ул. Хемус","lines":"ТМ20, ТМ21, ТМ22","arr":["ТМ20","ТМ21","ТМ22"],"terminus":0,"mode":"tram","color":"#d6212b","colorDark":"#7c1116","angle":38.7,"snapDist":2,"label":1}},{"type":"Feature","geometry":{"type":"Point","coordinates":[23.350906,42.685385]},"properties":{"name":"Румънско посолство","lines":"ТМ20, ТМ21, ТМ22","arr":["ТМ20","ТМ21","ТМ22"],"terminus":0,"mode":"tram","color":"#d6212b","colorDark":"#7c1116","angle":35.8,"snapDist":1,"label":0}},{"type":"Feature","geometry":{"type":"Point","coordinates":[23.355231,42.693733]},"properties":{"name":"Ул. Оборище","lines":"ТМ20, ТМ21, ТМ22","arr":["ТМ20","ТМ21","ТМ22"],"terminus":0,"mode":"tram","color":"#d6212b","colorDark":"#7c1116","angle":88.9,"snapDist":1,"label":1}},{"type":"Feature","geometry":{"type":"Point","coordinates":[23.353669,42.696951]},"properties":{"name":"Гара Подуяне","lines":"ТМ20, ТМ21, ТМ22","arr":["ТМ20","ТМ21","ТМ22"],"terminus":0,"mode":"tram","color":"#d6212b","colorDark":"#7c1116","angle":2.9,"snapDist":1,"label":0}},{"type":"Feature","geometry":{"type":"Point","coordinates":[23.349538,42.696414]},"properties":{"name":"Ул. Алеко Константинов","lines":"ТМ20, ТМ21, ТМ22","arr":["ТМ20","ТМ21","ТМ22"],"terminus":0,"mode":"tram","color":"#d6212b","colorDark":"#7c1116","angle":348.5,"snapDist":3,"label":1}},{"type":"Feature","geometry":{"type":"Point","coordinates":[23.34604,42.696269]},"properties":{"name":"Театър София","lines":"ТМ20, ТМ21, ТМ22","arr":["ТМ20","ТМ21","ТМ22"],"terminus":0,"mode":"tram","color":"#d6212b","colorDark":"#7c1116","angle":4.4,"snapDist":1,"label":0}},{"type":"Feature","geometry":{"type":"Point","coordinates":[23.340375,42.696521]},"properties":{"name":"Ул. Сан Стефано","lines":"ТМ20, ТМ21, ТМ22","arr":["ТМ20","ТМ21","ТМ22"],"terminus":0,"mode":"tram","color":"#d6212b","colorDark":"#7c1116","angle":3.5,"snapDist":1,"label":1}},{"type":"Feature","geometry":{"type":"Point","coordinates":[23.335463,42.698777]},"properties":{"name":"бул. Васил Левски","lines":"ТМ20, ТМ21, ТМ22","arr":["ТМ20","ТМ21","ТМ22"],"terminus":0,"mode":"tram","color":"#d6212b","colorDark":"#7c1116","angle":352.3,"snapDist":0,"label":0}},{"type":"Feature","geometry":{"type":"Point","coordinates":[23.330625,42.698297]},"properties":{"name":"Национална опера","lines":"ТМ20, ТМ21, ТМ22","arr":["ТМ20","ТМ21","ТМ22"],"terminus":0,"mode":"tram","color":"#d6212b","colorDark":"#7c1116","angle":352.3,"snapDist":1,"label":0}},{"type":"Feature","geometry":{"type":"Point","coordinates":[23.326786,42.698815]},"properties":{"name":"Младежки театър","lines":"ТМ20, ТМ21, ТМ22","arr":["ТМ20","ТМ21","ТМ22"],"terminus":0,"mode":"tram","color":"#d6212b","colorDark":"#7c1116","angle":82.1,"snapDist":0,"label":0}},{"type":"Feature","geometry":{"type":"Point","coordinates":[23.323748,42.69992]},"properties":{"name":"Централни хали","lines":"ТМ20, ТМ21, ТМ22","arr":["ТМ20","ТМ21","ТМ22"],"terminus":0,"mode":"tram","color":"#d6212b","colorDark":"#7c1116","angle":25.4,"snapDist":1,"label":0}},{"type":"Feature","geometry":{"type":"Point","coordinates":[23.31779,42.700381]},"properties":{"name":"Женски пазар","lines":"ТМ20, ТМ21, ТМ22","arr":["ТМ20","ТМ21","ТМ22"],"terminus":0,"mode":"tram","color":"#d6212b","colorDark":"#7c1116","angle":311.8,"snapDist":0,"label":0}},{"type":"Feature","geometry":{"type":"Point","coordinates":[23.316413,42.700157]},"properties":{"name":"бул. Христо Ботев","lines":"ТМ20, ТМ21, ТМ22","arr":["ТМ20","ТМ21","ТМ22"],"terminus":0,"mode":"tram","color":"#d6212b","colorDark":"#7c1116","angle":12.9,"snapDist":1,"label":0}},{"type":"Feature","geometry":{"type":"Point","coordinates":[23.335816,42.696706]},"properties":{"name":"пл. Васил Левски - временна","lines":"ТМ20, ТМ22","arr":["ТМ20","ТМ22"],"terminus":0,"mode":"tram","color":"#d6212b","colorDark":"#7c1116","angle":1.5,"snapDist":1,"label":0}},{"type":"Feature","geometry":{"type":"Point","coordinates":[23.336148,42.696653]},"properties":{"name":"пл. Васил Левски - временна","lines":"ТМ20, ТМ22","arr":["ТМ20","ТМ22"],"terminus":1,"mode":"tram","color":"#d6212b","colorDark":"#7c1116","angle":181.9,"snapDist":1,"label":1}},{"type":"Feature","geometry":{"type":"Point","coordinates":[23.370605,42.677105]},"properties":{"name":"ж.к. Гео Милев","lines":"ТМ21, ТМ23","arr":["ТМ21","ТМ23"],"terminus":1,"mode":"tram","color":"#d6212b","colorDark":"#7c1116","angle":120.3,"snapDist":0,"label":1}},{"type":"Feature","geometry":{"type":"Point","coordinates":[23.369784,42.677137]},"properties":{"name":"ж.к. Гео Милев","lines":"ТМ21, ТМ23","arr":["ТМ21","ТМ23"],"terminus":1,"mode":"tram","color":"#d6212b","colorDark":"#7c1116","angle":301.7,"snapDist":1,"label":0}},{"type":"Feature","geometry":{"type":"Point","coordinates":[23.279171,42.691128]},"properties":{"name":"ж.к. Красна поляна","lines":"ТМ22","arr":["ТМ22"],"terminus":1,"mode":"tram","color":"#d6212b","colorDark":"#7c1116","angle":87.7,"snapDist":1,"label":0}},{"type":"Feature","geometry":{"type":"Point","coordinates":[23.30081,42.702795]},"properties":{"name":"ул. Димитър Петков","lines":"ТМ22","arr":["ТМ22"],"terminus":0,"mode":"tram","color":"#d6212b","colorDark":"#7c1116","angle":192.9,"snapDist":0,"label":1}},{"type":"Feature","geometry":{"type":"Point","coordinates":[23.304559,42.702165]},"properties":{"name":"ул. Одрин","lines":"ТМ22","arr":["ТМ22"],"terminus":0,"mode":"tram","color":"#d6212b","colorDark":"#7c1116","angle":193,"snapDist":1,"label":1}},{"type":"Feature","geometry":{"type":"Point","coordinates":[23.310208,42.701209]},"properties":{"name":"ул. Опълченска","lines":"ТМ22","arr":["ТМ22"],"terminus":0,"mode":"tram","color":"#d6212b","colorDark":"#7c1116","angle":193,"snapDist":1,"label":1}},{"type":"Feature","geometry":{"type":"Point","coordinates":[23.355829,42.696826]},"properties":{"name":"Гара Подуяне","lines":"ТМ22","arr":["ТМ22"],"terminus":1,"mode":"tram","color":"#d6212b","colorDark":"#7c1116","angle":183.7,"snapDist":2,"label":1}},{"type":"Feature","geometry":{"type":"Point","coordinates":[23.362887,42.698789]},"properties":{"name":"пл. Пирдоп","lines":"ТМ22","arr":["ТМ22"],"terminus":0,"mode":"tram","color":"#d6212b","colorDark":"#7c1116","angle":166.2,"snapDist":1,"label":1}},{"type":"Feature","geometry":{"type":"Point","coordinates":[23.367333,42.699588]},"properties":{"name":"бл. 4 ж.к. Сухата река","lines":"ТМ22","arr":["ТМ22"],"terminus":0,"mode":"tram","color":"#d6212b","colorDark":"#7c1116","angle":166.2,"snapDist":0,"label":1}},{"type":"Feature","geometry":{"type":"Point","coordinates":[23.374326,42.700851]},"properties":{"name":"ул. Витиня","lines":"ТМ22","arr":["ТМ22"],"terminus":0,"mode":"tram","color":"#d6212b","colorDark":"#7c1116","angle":166,"snapDist":1,"label":1}},{"type":"Feature","geometry":{"type":"Point","coordinates":[23.37913,42.70171]},"properties":{"name":"ул. Рилска обител","lines":"ТМ22","arr":["ТМ22"],"terminus":0,"mode":"tram","color":"#d6212b","colorDark":"#7c1116","angle":166.2,"snapDist":1,"label":1}},{"type":"Feature","geometry":{"type":"Point","coordinates":[23.382629,42.702339]},"properties":{"name":"ул. Поп Груйо","lines":"ТМ22","arr":["ТМ22"],"terminus":0,"mode":"tram","color":"#d6212b","colorDark":"#7c1116","angle":166.2,"snapDist":2,"label":1}},{"type":"Feature","geometry":{"type":"Point","coordinates":[23.387667,42.703246]},"properties":{"name":"Автостанция Изток","lines":"ТМ22","arr":["ТМ22"],"terminus":1,"mode":"tram","color":"#d6212b","colorDark":"#7c1116","angle":165.9,"snapDist":3,"label":1}},{"type":"Feature","geometry":{"type":"Point","coordinates":[23.386046,42.702995]},"properties":{"name":"Автостанция Изток","lines":"ТМ22","arr":["ТМ22"],"terminus":1,"mode":"tram","color":"#d6212b","colorDark":"#7c1116","angle":345.8,"snapDist":2,"label":0}},{"type":"Feature","geometry":{"type":"Point","coordinates":[23.382311,42.702327]},"properties":{"name":"Ул. Поп Груйо","lines":"ТМ22","arr":["ТМ22"],"terminus":0,"mode":"tram","color":"#d6212b","colorDark":"#7c1116","angle":346.2,"snapDist":2,"label":1}},{"type":"Feature","geometry":{"type":"Point","coordinates":[23.376619,42.701302]},"properties":{"name":"Ул. Рилска обител","lines":"ТМ22","arr":["ТМ22"],"terminus":0,"mode":"tram","color":"#d6212b","colorDark":"#7c1116","angle":346.2,"snapDist":0,"label":1}},{"type":"Feature","geometry":{"type":"Point","coordinates":[23.372174,42.700501]},"properties":{"name":"Ул. Витиня","lines":"ТМ22","arr":["ТМ22"],"terminus":0,"mode":"tram","color":"#d6212b","colorDark":"#7c1116","angle":346.2,"snapDist":1,"label":1}},{"type":"Feature","geometry":{"type":"Point","coordinates":[23.365771,42.699348]},"properties":{"name":"Бл. 4 ж.к. Сухата река","lines":"ТМ22","arr":["ТМ22"],"terminus":0,"mode":"tram","color":"#d6212b","colorDark":"#7c1116","angle":346.2,"snapDist":0,"label":1}},{"type":"Feature","geometry":{"type":"Point","coordinates":[23.362451,42.69875]},"properties":{"name":"Пл. Пирдоп","lines":"ТМ22","arr":["ТМ22"],"terminus":0,"mode":"tram","color":"#d6212b","colorDark":"#7c1116","angle":346.2,"snapDist":1,"label":1}},{"type":"Feature","geometry":{"type":"Point","coordinates":[23.355618,42.696868]},"properties":{"name":"Гара Подуяне","lines":"ТМ22","arr":["ТМ22"],"terminus":1,"mode":"tram","color":"#d6212b","colorDark":"#7c1116","angle":3.7,"snapDist":1,"label":0}},{"type":"Feature","geometry":{"type":"Point","coordinates":[23.310717,42.701159]},"properties":{"name":"ул. Опълченска","lines":"ТМ22","arr":["ТМ22"],"terminus":0,"mode":"tram","color":"#d6212b","colorDark":"#7c1116","angle":12.9,"snapDist":1,"label":0}},{"type":"Feature","geometry":{"type":"Point","coordinates":[23.305067,42.702114]},"properties":{"name":"ул. Одрин","lines":"ТМ22","arr":["ТМ22"],"terminus":0,"mode":"tram","color":"#d6212b","colorDark":"#7c1116","angle":12.9,"snapDist":0,"label":0}},{"type":"Feature","geometry":{"type":"Point","coordinates":[23.301438,42.702728]},"properties":{"name":"ул. Димитър Петков","lines":"ТМ22","arr":["ТМ22"],"terminus":0,"mode":"tram","color":"#d6212b","colorDark":"#7c1116","angle":11.7,"snapDist":0,"label":0}},{"type":"Feature","geometry":{"type":"Point","coordinates":[23.404155,42.648475]},"properties":{"name":"ул. Обиколна","lines":"ТМ23","arr":["ТМ23"],"terminus":1,"mode":"tram","color":"#d6212b","colorDark":"#7c1116","angle":112.4,"snapDist":0,"label":1}},{"type":"Feature","geometry":{"type":"Point","coordinates":[23.405643,42.65109]},"properties":{"name":"бул. проф. Цв. Лазаров","lines":"ТМ23","arr":["ТМ23"],"terminus":0,"mode":"tram","color":"#d6212b","colorDark":"#7c1116","angle":112.7,"snapDist":1,"label":1}},{"type":"Feature","geometry":{"type":"Point","coordinates":[23.408018,42.655334]},"properties":{"name":"ул. Амстердам","lines":"ТМ23","arr":["ТМ23"],"terminus":0,"mode":"tram","color":"#d6212b","colorDark":"#7c1116","angle":111.3,"snapDist":3,"label":1}},{"type":"Feature","geometry":{"type":"Point","coordinates":[23.410521,42.660262]},"properties":{"name":"ул. Мюнхен","lines":"ТМ23","arr":["ТМ23"],"terminus":0,"mode":"tram","color":"#d6212b","colorDark":"#7c1116","angle":108.9,"snapDist":1,"label":1}},{"type":"Feature","geometry":{"type":"Point","coordinates":[23.411785,42.662751]},"properties":{"name":"ул. Искърско шосе","lines":"ТМ23","arr":["ТМ23"],"terminus":0,"mode":"tram","color":"#d6212b","colorDark":"#7c1116","angle":111.2,"snapDist":0,"label":1}},{"type":"Feature","geometry":{"type":"Point","coordinates":[23.411701,42.662692]},"properties":{"name":"ул. Искърско шосе","lines":"ТМ23","arr":["ТМ23"],"terminus":0,"mode":"tram","color":"#d6212b","colorDark":"#7c1116","angle":290.5,"snapDist":0,"label":0}},{"type":"Feature","geometry":{"type":"Point","coordinates":[23.410359,42.660037]},"properties":{"name":"ул. Мюнхен","lines":"ТМ23","arr":["ТМ23"],"terminus":0,"mode":"tram","color":"#d6212b","colorDark":"#7c1116","angle":289.4,"snapDist":0,"label":0}},{"type":"Feature","geometry":{"type":"Point","coordinates":[23.405879,42.651569]},"properties":{"name":"бул. проф. Цв. Лазаров","lines":"ТМ23","arr":["ТМ23"],"terminus":0,"mode":"tram","color":"#d6212b","colorDark":"#7c1116","angle":292.7,"snapDist":3,"label":0}},{"type":"Feature","geometry":{"type":"Point","coordinates":[23.40378,42.647884]},"properties":{"name":"ул. Обиколна","lines":"ТМ23","arr":["ТМ23"],"terminus":1,"mode":"tram","color":"#d6212b","colorDark":"#7c1116","angle":292.9,"snapDist":2,"label":0}},{"type":"Feature","geometry":{"type":"Point","coordinates":[23.261669,42.726505]},"properties":{"name":"Сливница","lines":"M1, M4","arr":["M1","M4"],"terminus":1,"mode":"tram","color":"#7d2b8b","colorDark":"#45164e","angle":0,"metro":1,"snapDist":19,"label":1}},{"type":"Feature","geometry":{"type":"Point","coordinates":[23.256942,42.718758]},"properties":{"name":"Люлин","lines":"M1, M4","arr":["M1","M4"],"terminus":0,"mode":"tram","color":"#7d2b8b","colorDark":"#45164e","angle":0,"metro":1,"snapDist":21,"label":1}},{"type":"Feature","geometry":{"type":"Point","coordinates":[23.27047,42.71127]},"properties":{"name":"Западен парк","lines":"M1, M4","arr":["M1","M4"],"terminus":0,"mode":"tram","color":"#7d2b8b","colorDark":"#45164e","angle":0,"metro":1,"snapDist":9,"label":1}},{"type":"Feature","geometry":{"type":"Point","coordinates":[23.284961,42.705974]},"properties":{"name":"Вардар","lines":"M1, M4","arr":["M1","M4"],"terminus":0,"mode":"tram","color":"#7d2b8b","colorDark":"#45164e","angle":0,"metro":1,"snapDist":12,"label":1}},{"type":"Feature","geometry":{"type":"Point","coordinates":[23.298287,42.701979]},"properties":{"name":"Константин Величков","lines":"M1, M4","arr":["M1","M4"],"terminus":1,"mode":"tram","color":"#7d2b8b","colorDark":"#45164e","angle":0,"metro":1,"snapDist":14,"label":1}},{"type":"Feature","geometry":{"type":"Point","coordinates":[23.310503,42.699919]},"properties":{"name":"Опълченска","lines":"M1, M4","arr":["M1","M4"],"terminus":0,"mode":"tram","color":"#7d2b8b","colorDark":"#45164e","angle":0,"metro":1,"snapDist":13,"label":1}},{"type":"Feature","geometry":{"type":"Point","coordinates":[23.32135,42.697773]},"properties":{"name":"Сердика","lines":"M1, M4","arr":["M1","M4"],"terminus":0,"mode":"tram","color":"#7d2b8b","colorDark":"#45164e","angle":0,"metro":1,"snapDist":3,"label":1}},{"type":"Feature","geometry":{"type":"Point","coordinates":[23.334792,42.692075]},"properties":{"name":"Софийски Университет \"Св. Климент Охридски\"","lines":"M1, M4","arr":["M1","M4"],"terminus":0,"mode":"tram","color":"#7d2b8b","colorDark":"#45164e","angle":0,"metro":1,"snapDist":8,"label":1}},{"type":"Feature","geometry":{"type":"Point","coordinates":[23.332374,42.686144]},"properties":{"name":"Стадион Васил Левски","lines":"M1, M4","arr":["M1","M4"],"terminus":0,"mode":"tram","color":"#7d2b8b","colorDark":"#45164e","angle":0,"metro":1,"snapDist":16,"label":1}},{"type":"Feature","geometry":{"type":"Point","coordinates":[23.350768,42.671443]},"properties":{"name":"Жолио Кюри","lines":"M1, M4","arr":["M1","M4"],"terminus":0,"mode":"tram","color":"#7d2b8b","colorDark":"#45164e","angle":0,"metro":1,"snapDist":2,"label":1}},{"type":"Feature","geometry":{"type":"Point","coordinates":[23.357216,42.663231]},"properties":{"name":"Г. м. Димитров","lines":"M1, M4","arr":["M1","M4"],"terminus":0,"mode":"tram","color":"#7d2b8b","colorDark":"#45164e","angle":0,"metro":1,"snapDist":1,"label":1}},{"type":"Feature","geometry":{"type":"Point","coordinates":[23.364864,42.658269]},"properties":{"name":"Мусагеница","lines":"M1, M4","arr":["M1","M4"],"terminus":0,"mode":"tram","color":"#7d2b8b","colorDark":"#45164e","angle":0,"metro":1,"snapDist":2,"label":1}},{"type":"Feature","geometry":{"type":"Point","coordinates":[23.371947,42.653931]},"properties":{"name":"Младост 1","lines":"M1, M4","arr":["M1","M4"],"terminus":1,"mode":"tram","color":"#7d2b8b","colorDark":"#45164e","angle":0,"metro":1,"snapDist":1,"label":1}},{"type":"Feature","geometry":{"type":"Point","coordinates":[23.376182,42.646838]},"properties":{"name":"Александър Малинов","lines":"M1","arr":["M1"],"terminus":0,"mode":"tram","color":"#EB2227","colorDark":"#811315","angle":0,"metro":1,"snapDist":4,"label":1}},{"type":"Feature","geometry":{"type":"Point","coordinates":[23.373006,42.641348]},"properties":{"name":"Александър Теодоров-Балан","lines":"M1","arr":["M1"],"terminus":0,"mode":"tram","color":"#EB2227","colorDark":"#811315","angle":0,"metro":1,"snapDist":1,"label":1}},{"type":"Feature","geometry":{"type":"Point","coordinates":[23.373125,42.629868]},"properties":{"name":"Бизнес парк София","lines":"M1","arr":["M1"],"terminus":1,"mode":"tram","color":"#EB2227","colorDark":"#811315","angle":0,"metro":1,"snapDist":5,"label":1}},{"type":"Feature","geometry":{"type":"Point","coordinates":[23.276554,42.741067]},"properties":{"name":"Обеля","lines":"M2","arr":["M2"],"terminus":1,"mode":"tram","color":"#1C75BC","colorDark":"#0f4067","angle":0,"metro":1,"snapDist":2,"label":1}},{"type":"Feature","geometry":{"type":"Point","coordinates":[23.287344,42.740465]},"properties":{"name":"Ломско шосе","lines":"M2","arr":["M2"],"terminus":0,"mode":"tram","color":"#1C75BC","colorDark":"#0f4067","angle":0,"metro":1,"snapDist":0,"label":1}},{"type":"Feature","geometry":{"type":"Point","coordinates":[23.293149,42.735212]},"properties":{"name":"Бели Дунав","lines":"M2","arr":["M2"],"terminus":0,"mode":"tram","color":"#1C75BC","colorDark":"#0f4067","angle":0,"metro":1,"snapDist":2,"label":1}},{"type":"Feature","geometry":{"type":"Point","coordinates":[23.30096,42.728035]},"properties":{"name":"Надежда","lines":"M2","arr":["M2"],"terminus":0,"mode":"tram","color":"#1C75BC","colorDark":"#0f4067","angle":0,"metro":1,"snapDist":4,"label":1}},{"type":"Feature","geometry":{"type":"Point","coordinates":[23.307089,42.722449]},"properties":{"name":"Хан Кубрат","lines":"M2","arr":["M2"],"terminus":0,"mode":"tram","color":"#1C75BC","colorDark":"#0f4067","angle":0,"metro":1,"snapDist":4,"label":1}},{"type":"Feature","geometry":{"type":"Point","coordinates":[23.313039,42.71422]},"properties":{"name":"Мария Луиза","lines":"M2","arr":["M2"],"terminus":0,"mode":"tram","color":"#1C75BC","colorDark":"#0f4067","angle":0,"metro":1,"snapDist":5,"label":1}},{"type":"Feature","geometry":{"type":"Point","coordinates":[23.322114,42.710093]},"properties":{"name":"Централна гара","lines":"M2","arr":["M2"],"terminus":0,"mode":"tram","color":"#1C75BC","colorDark":"#0f4067","angle":0,"metro":1,"snapDist":13,"label":1}},{"type":"Feature","geometry":{"type":"Point","coordinates":[23.323867,42.704926]},"properties":{"name":"Лъвов мост","lines":"M2","arr":["M2"],"terminus":0,"mode":"tram","color":"#1C75BC","colorDark":"#0f4067","angle":0,"metro":1,"snapDist":9,"label":1}},{"type":"Feature","geometry":{"type":"Point","coordinates":[23.322047,42.698751]},"properties":{"name":"Сердика 2","lines":"M2","arr":["M2"],"terminus":0,"mode":"tram","color":"#1C75BC","colorDark":"#0f4067","angle":0,"metro":1,"snapDist":3,"label":1}},{"type":"Feature","geometry":{"type":"Point","coordinates":[23.3191,42.687889]},"properties":{"name":"НДК","lines":"M2","arr":["M2"],"terminus":0,"mode":"tram","color":"#1C75BC","colorDark":"#0f4067","angle":0,"metro":1,"snapDist":10,"label":1}},{"type":"Feature","geometry":{"type":"Point","coordinates":[23.32178,42.678542]},"properties":{"name":"Европейски съюз","lines":"M2","arr":["M2"],"terminus":0,"mode":"tram","color":"#1C75BC","colorDark":"#0f4067","angle":0,"metro":1,"snapDist":1,"label":1}},{"type":"Feature","geometry":{"type":"Point","coordinates":[23.321316,42.672236]},"properties":{"name":"Джеймс Баучер","lines":"M2","arr":["M2"],"terminus":0,"mode":"tram","color":"#1C75BC","colorDark":"#0f4067","angle":0,"metro":1,"snapDist":3,"label":1}},{"type":"Feature","geometry":{"type":"Point","coordinates":[23.316585,42.659291]},"properties":{"name":"Витоша","lines":"M2","arr":["M2"],"terminus":1,"mode":"tram","color":"#1C75BC","colorDark":"#0f4067","angle":0,"metro":1,"snapDist":10,"label":1}},{"type":"Feature","geometry":{"type":"Point","coordinates":[23.352623,42.702732]},"properties":{"name":"Хаджи Димитър","lines":"M3","arr":["M3"],"terminus":1,"mode":"tram","color":"#39B54A","colorDark":"#1f6429","angle":0,"metro":1,"snapDist":3,"label":1}},{"type":"Feature","geometry":{"type":"Point","coordinates":[23.346775,42.696756]},"properties":{"name":"Теaтрална","lines":"M3","arr":["M3"],"terminus":0,"mode":"tram","color":"#39B54A","colorDark":"#1f6429","angle":0,"metro":1,"snapDist":8,"label":1}},{"type":"Feature","geometry":{"type":"Point","coordinates":[23.336184,42.69055]},"properties":{"name":"Орлов мост","lines":"M3","arr":["M3"],"terminus":0,"mode":"tram","color":"#39B54A","colorDark":"#1f6429","angle":0,"metro":1,"snapDist":2,"label":1}},{"type":"Feature","geometry":{"type":"Point","coordinates":[23.32734,42.688197]},"properties":{"name":"Патриарх Евтимий","lines":"M3","arr":["M3"],"terminus":0,"mode":"tram","color":"#39B54A","colorDark":"#1f6429","angle":0,"metro":1,"snapDist":9,"label":1}},{"type":"Feature","geometry":{"type":"Point","coordinates":[23.318176,42.689099]},"properties":{"name":"НДК 2","lines":"M3","arr":["M3"],"terminus":0,"mode":"tram","color":"#39B54A","colorDark":"#1f6429","angle":0,"metro":1,"snapDist":16,"label":1}},{"type":"Feature","geometry":{"type":"Point","coordinates":[23.310168,42.686875]},"properties":{"name":"Медицински университет","lines":"M3","arr":["M3"],"terminus":0,"mode":"tram","color":"#39B54A","colorDark":"#1f6429","angle":0,"metro":1,"snapDist":13,"label":1}},{"type":"Feature","geometry":{"type":"Point","coordinates":[23.301029,42.679244]},"properties":{"name":"България","lines":"M3","arr":["M3"],"terminus":0,"mode":"tram","color":"#39B54A","colorDark":"#1f6429","angle":0,"metro":1,"snapDist":17,"label":1}},{"type":"Feature","geometry":{"type":"Point","coordinates":[23.284319,42.679041]},"properties":{"name":"Красно село","lines":"M3","arr":["M3"],"terminus":1,"mode":"tram","color":"#39B54A","colorDark":"#1f6429","angle":0,"metro":1,"snapDist":36,"label":1}},{"type":"Feature","geometry":{"type":"Point","coordinates":[23.269781,42.683533]},"properties":{"name":"Овча купел","lines":"M3","arr":["M3"],"terminus":1,"mode":"tram","color":"#39B54A","colorDark":"#1f6429","angle":0,"metro":1,"snapDist":23,"label":1}},{"type":"Feature","geometry":{"type":"Point","coordinates":[23.255652,42.68371]},"properties":{"name":"Мизия / Нбу","lines":"M3","arr":["M3"],"terminus":0,"mode":"tram","color":"#39B54A","colorDark":"#1f6429","angle":0,"metro":1,"snapDist":14,"label":1}},{"type":"Feature","geometry":{"type":"Point","coordinates":[23.248047,42.684605]},"properties":{"name":"Овча купел 2","lines":"M3","arr":["M3"],"terminus":0,"mode":"tram","color":"#39B54A","colorDark":"#1f6429","angle":0,"metro":1,"snapDist":2,"label":1}},{"type":"Feature","geometry":{"type":"Point","coordinates":[23.241565,42.682906]},"properties":{"name":"Горна баня","lines":"M3","arr":["M3"],"terminus":1,"mode":"tram","color":"#39B54A","colorDark":"#1f6429","angle":0,"metro":1,"snapDist":38,"label":1}},{"type":"Feature","geometry":{"type":"Point","coordinates":[23.383651,42.646571]},"properties":{"name":"Младост 3","lines":"M4","arr":["M4"],"terminus":0,"mode":"tram","color":"#FFDE17","colorDark":"#8c7a0d","angle":0,"metro":1,"snapDist":6,"label":1}},{"type":"Feature","geometry":{"type":"Point","coordinates":[23.393555,42.649431]},"properties":{"name":"Цариградско шосе","lines":"M4","arr":["M4"],"terminus":0,"mode":"tram","color":"#FFDE17","colorDark":"#8c7a0d","angle":0,"metro":1,"snapDist":48,"label":1}},{"type":"Feature","geometry":{"type":"Point","coordinates":[23.394531,42.658748]},"properties":{"name":"Дружба","lines":"M4","arr":["M4"],"terminus":0,"mode":"tram","color":"#FFDE17","colorDark":"#8c7a0d","angle":0,"metro":1,"snapDist":2,"label":1}},{"type":"Feature","geometry":{"type":"Point","coordinates":[23.40213,42.668123]},"properties":{"name":"Искърско шосе","lines":"M4","arr":["M4"],"terminus":0,"mode":"tram","color":"#FFDE17","colorDark":"#8c7a0d","angle":0,"metro":1,"snapDist":18,"label":1}},{"type":"Feature","geometry":{"type":"Point","coordinates":[23.409959,42.676185]},"properties":{"name":"Софийска Света гора","lines":"M4","arr":["M4"],"terminus":0,"mode":"tram","color":"#FFDE17","colorDark":"#8c7a0d","angle":0,"metro":1,"snapDist":4,"label":1}},{"type":"Feature","geometry":{"type":"Point","coordinates":[23.41614,42.68806]},"properties":{"name":"Летище София","lines":"M4","arr":["M4"],"terminus":1,"mode":"tram","color":"#FFDE17","colorDark":"#8c7a0d","angle":0,"metro":1,"snapDist":1,"label":1}}]}