{"type":"FeatureCollection","features":[{"type":"Feature","geometry":{"type":"LineString","coordinates":[[23.396888,42.70909],[23.395618,42.709228],[23.395533,42.709237],[23.395382,42.709255],[23.394812,42.709321],[23.394188,42.709387],[23.393213,42.709501],[23.393177,42.709505],[23.392601,42.709571],[23.392453,42.709588],[23.392328,42.709602],[23.39192,42.709649],[23.39099,42.709756],[23.390283,42.709837],[23.388855,42.710001],[23.388359,42.710059],[23.388217,42.710075],[23.388027,42.710097],[23.38799,42.710101],[23.387226,42.710181],[23.386318,42.710292],[23.384663,42.710484],[23.384482,42.710505],[23.384294,42.710533],[23.384208,42.710543],[23.383832,42.710591],[23.383231,42.710634],[23.382847,42.710652],[23.382464,42.710651],[23.38214,42.71063],[23.381722,42.710591],[23.381364,42.710544],[23.380818,42.710448],[23.380599,42.710412],[23.380424,42.71038],[23.380281,42.71035],[23.380199,42.710334],[23.380061,42.710307],[23.379762,42.710248],[23.378929,42.710085],[23.378685,42.710037],[23.37782,42.709868],[23.377379,42.709792],[23.372637,42.708914],[23.372463,42.708884],[23.370728,42.708575],[23.370157,42.7085],[23.369838,42.708476],[23.369699,42.708481],[23.369678,42.708483],[23.369229,42.708525],[23.369081,42.708541],[23.36855,42.70863],[23.368058,42.708709],[23.3675,42.708754],[23.367057,42.708746],[23.366673,42.708702],[23.366285,42.708637],[23.366001,42.708561],[23.365703,42.708456],[23.365457,42.708348],[23.365178,42.7082],[23.365068,42.708131],[23.36485,42.707995],[23.363625,42.707226],[23.363508,42.70715],[23.362892,42.706773],[23.362817,42.706729],[23.362292,42.706424],[23.361921,42.706212],[23.361653,42.706083],[23.361237,42.705907],[23.359036,42.705076],[23.358942,42.705043],[23.358801,42.704992],[23.35871,42.704963],[23.358619,42.70493],[23.358234,42.704794],[23.358184,42.704776],[23.357623,42.70458],[23.355985,42.704006],[23.355194,42.703729],[23.354134,42.703357],[23.353554,42.703139],[23.353469,42.703106],[23.353346,42.703048],[23.353315,42.703034],[23.352905,42.70284],[23.352769,42.702776],[23.351912,42.702371],[23.351458,42.702191],[23.350793,42.701998],[23.350625,42.701945],[23.35027,42.701845]]},"properties":{"name":"бул. Владимир Вазов"}},{"type":"Feature","geometry":{"type":"LineString","coordinates":[[23.398268,42.708896],[23.398395,42.708867],[23.398706,42.708786],[23.398788,42.708761],[23.398977,42.708703],[23.399727,42.708394],[23.400461,42.707992],[23.401019,42.707612]]},"properties":{"name":"бул. Владимир Вазов"}},{"type":"Feature","geometry":{"type":"LineString","coordinates":[[23.399041,42.708812],[23.398848,42.708873],[23.398665,42.708935],[23.397875,42.709112],[23.397729,42.709136],[23.395718,42.709368],[23.395657,42.709374],[23.395562,42.709385],[23.394841,42.709469],[23.393395,42.709633],[23.393141,42.709662],[23.392643,42.709719],[23.392564,42.709728],[23.392226,42.709766],[23.392172,42.709772],[23.392132,42.709777],[23.390979,42.709907],[23.390307,42.709984],[23.39013,42.710004],[23.388981,42.710136],[23.388462,42.710195],[23.3884,42.710202],[23.388251,42.710217]]},"properties":{"name":"бул. Владимир Вазов"}},{"type":"Feature","geometry":{"type":"LineString","coordinates":[[23.380396,42.7105],[23.380243,42.710471],[23.379372,42.710311],[23.378473,42.710143],[23.378231,42.710098],[23.378224,42.710095],[23.377641,42.709993],[23.377329,42.709936],[23.375189,42.709541],[23.375174,42.709538],[23.372585,42.709063],[23.372009,42.708959],[23.370714,42.708734],[23.370346,42.708695],[23.370106,42.708668],[23.369851,42.708658],[23.369717,42.708663],[23.369627,42.70867],[23.369179,42.70872],[23.368836,42.70877],[23.368635,42.708801],[23.368414,42.708835],[23.368037,42.708885],[23.36773,42.70891],[23.367298,42.708917],[23.366771,42.708904],[23.366524,42.708881],[23.366454,42.708874],[23.366118,42.708828],[23.365783,42.708754],[23.365501,42.708669],[23.365089,42.708497],[23.364691,42.7083],[23.363963,42.707844],[23.363708,42.707686],[23.363547,42.707582],[23.363394,42.707488],[23.363218,42.707378],[23.361998,42.706633],[23.361356,42.706297],[23.36069,42.706016],[23.359782,42.705695],[23.359582,42.705624],[23.359317,42.70553],[23.359001,42.705418],[23.358894,42.705381],[23.358814,42.705352],[23.358676,42.705304],[23.35861,42.70528],[23.355975,42.704348],[23.354197,42.703716],[23.353416,42.703442],[23.353366,42.703424],[23.353239,42.703379],[23.353121,42.703325],[23.351893,42.702757],[23.351326,42.702481],[23.351148,42.702394],[23.351035,42.702346],[23.35059,42.70218],[23.350362,42.702114],[23.350117,42.702053],[23.349953,42.702012]]},"properties":{"name":"бул. Владимир Вазов"}},{"type":"Feature","geometry":{"type":"LineString","coordinates":[[23.388217,42.710075],[23.388251,42.710217],[23.38829,42.710346],[23.388295,42.710363],[23.388302,42.710389],[23.388444,42.710887],[23.38853,42.711205],[23.388541,42.711257],[23.388534,42.711324],[23.388488,42.711446],[23.388424,42.711529],[23.388207,42.711839],[23.388184,42.711872],[23.388081,42.712018],[23.388001,42.712133],[23.387822,42.712389],[23.387614,42.712686],[23.38753,42.712776],[23.387447,42.71285],[23.387343,42.712911],[23.387206,42.712968],[23.387095,42.712996],[23.386996,42.713009],[23.386382,42.713082],[23.386277,42.713094],[23.386052,42.713119],[23.385994,42.713126],[23.385929,42.713133],[23.385736,42.713155],[23.38547,42.713185],[23.385373,42.713196],[23.385277,42.713207],[23.385169,42.713219],[23.384794,42.713261],[23.384574,42.713285],[23.38448,42.713296],[23.384351,42.713311],[23.382962,42.713469],[23.382667,42.713483],[23.382435,42.71348],[23.382193,42.713465],[23.381938,42.713435],[23.381134,42.713276],[23.380115,42.713101],[23.379804,42.713048],[23.379579,42.713015]]},"properties":{"name":"Поручик Георги Кюмюрджиев"}},{"type":"Feature","geometry":{"type":"LineString","coordinates":[[23.335401,42.696881],[23.335326,42.696918],[23.335288,42.696955],[23.335259,42.697007],[23.335177,42.697229],[23.33499,42.697869],[23.334798,42.698502],[23.334782,42.698556],[23.334757,42.698645],[23.334751,42.698675],[23.334741,42.698705],[23.334734,42.698731],[23.334715,42.698793],[23.334377,42.699967],[23.334274,42.70032],[23.334186,42.700624],[23.333979,42.701335],[23.333973,42.701356],[23.333955,42.70142],[23.333937,42.701482],[23.333715,42.702239],[23.333524,42.702822],[23.333475,42.702979],[23.333399,42.703232],[23.33319,42.704036],[23.333058,42.704455],[23.333037,42.704544],[23.333031,42.704634],[23.333041,42.704685],[23.333059,42.704714],[23.33312,42.704818]]},"properties":{"name":"бул. Васил Левски"}},{"type":"Feature","geometry":{"type":"LineString","coordinates":[[23.536616,42.720864],[23.535349,42.720329],[23.535158,42.72025],[23.534918,42.720152],[23.534612,42.720008],[23.534342,42.719871],[23.534115,42.719758],[23.533191,42.719117],[23.532968,42.718978],[23.532846,42.71888],[23.532687,42.718798],[23.532538,42.718748],[23.532367,42.718707],[23.532097,42.71867],[23.531307,42.718527],[23.530626,42.718391],[23.530382,42.718333],[23.530035,42.71822],[23.529567,42.71802],[23.529163,42.717825]]},"properties":{"name":"бул. Васил Левски"}},{"type":"Feature","geometry":{"type":"LineString","coordinates":[[23.321247,42.685848],[23.321331,42.685845],[23.322144,42.686033],[23.322618,42.686148],[23.322693,42.686176],[23.322762,42.686205],[23.322823,42.68623],[23.32297,42.686304]]},"properties":{"name":"бул. Васил Левски"}},{"type":"Feature","geometry":{"type":"LineString","coordinates":[[23.335425,42.696452],[23.335302,42.696328],[23.335253,42.696263],[23.335132,42.696025]]},"properties":{"name":"бул. Васил Левски"}},{"type":"Feature","geometry":{"type":"LineString","coordinates":[[23.322761,42.686252],[23.32297,42.686304],[23.323324,42.68639],[23.323753,42.686496],[23.32431,42.686633],[23.32477,42.686746],[23.32482,42.686759],[23.324908,42.68678],[23.325059,42.686817],[23.325355,42.68689],[23.326095,42.687072],[23.326922,42.687278],[23.327788,42.687488],[23.328001,42.687541],[23.328257,42.687604],[23.32831,42.687621],[23.32835,42.687646],[23.328659,42.687883],[23.328907,42.688036],[23.328936,42.688056],[23.328963,42.688075],[23.328982,42.688089],[23.328995,42.688099],[23.329055,42.688144],[23.329061,42.688148],[23.329092,42.688255],[23.329318,42.688454],[23.329788,42.688834],[23.330525,42.689434],[23.331162,42.689952],[23.331321,42.690082],[23.33136,42.690114],[23.331878,42.690535],[23.332508,42.691053],[23.333122,42.691555],[23.333305,42.691705],[23.333924,42.692214],[23.333997,42.692283],[23.334058,42.692362],[23.334106,42.692445],[23.334141,42.692526],[23.33425,42.692931],[23.334314,42.69314],[23.334372,42.693378],[23.334489,42.69381],[23.334556,42.694064],[23.334637,42.694319],[23.334665,42.694403],[23.334679,42.694444],[23.334689,42.69448],[23.334818,42.694914],[23.33495,42.69539],[23.334961,42.695418],[23.335001,42.695542],[23.335019,42.695613],[23.335031,42.695659],[23.335064,42.695783],[23.335132,42.696025],[23.335116,42.69626],[23.335089,42.696354],[23.335042,42.696513]]},"properties":{"name":"бул. Васил Левски"}},{"type":"Feature","geometry":{"type":"LineString","coordinates":[[23.33266,42.704758],[23.332742,42.704707],[23.332779,42.704682],[23.332784,42.704676],[23.332815,42.704653],[23.332882,42.704587],[23.332951,42.704444],[23.333058,42.70405],[23.333222,42.703463],[23.333289,42.703228],[23.333347,42.703028],[23.333362,42.70297],[23.333603,42.702197],[23.333798,42.7015],[23.333813,42.701446],[23.333827,42.701399],[23.333846,42.701336],[23.334083,42.700563],[23.334253,42.699979],[23.334296,42.699829],[23.334486,42.699221],[23.33461,42.698823],[23.334625,42.698776],[23.334642,42.698722],[23.334649,42.698696],[23.334657,42.698666],[23.334663,42.698636],[23.334685,42.698553],[23.334882,42.697873],[23.33498,42.69755],[23.335033,42.697272],[23.335064,42.696993],[23.335067,42.696928],[23.335058,42.696869],[23.335045,42.696815]]},"properties":{"name":"бул. Васил Левски"}},{"type":"Feature","geometry":{"type":"LineString","coordinates":[[23.334689,42.69448],[23.334835,42.69445],[23.335443,42.694332],[23.336249,42.694176],[23.337267,42.693981],[23.33734,42.693966],[23.338272,42.693773],[23.338726,42.693681],[23.339116,42.693599],[23.339345,42.693552],[23.339859,42.693445],[23.341517,42.693111],[23.341569,42.693102],[23.342712,42.692882],[23.343808,42.692665],[23.344036,42.692616],[23.344106,42.692601],[23.344202,42.69258],[23.344302,42.692562],[23.344353,42.692551],[23.344474,42.692523],[23.344623,42.692489],[23.34475,42.692462]]},"properties":{"name":"Шипка"}},{"type":"Feature","geometry":{"type":"LineString","coordinates":[[23.347163,42.696246],[23.347165,42.696316],[23.347166,42.69655],[23.347166,42.696578],[23.347176,42.696958],[23.347175,42.697171],[23.347186,42.697369],[23.347182,42.69774],[23.34717,42.697938],[23.347164,42.697988]]},"properties":{"name":"бул. Евлоги и Христо Георгиеви"}},{"type":"Feature","geometry":{"type":"LineString","coordinates":[[23.320926,42.682743],[23.321528,42.682938],[23.321995,42.683092],[23.323096,42.683455],[23.32379,42.683683],[23.323909,42.683722],[23.325333,42.684189],[23.32565,42.684293],[23.326012,42.684411],[23.326204,42.684474],[23.326243,42.684486],[23.326417,42.684544],[23.328556,42.685243],[23.329217,42.685458],[23.33018,42.685766],[23.330347,42.68582],[23.330556,42.685889],[23.330661,42.68593],[23.330749,42.685967],[23.330881,42.686029],[23.33104,42.686104],[23.331115,42.686142],[23.331177,42.686174],[23.331217,42.686197],[23.331222,42.686201],[23.33133,42.686267],[23.331721,42.686519],[23.332157,42.686798],[23.332519,42.687053],[23.333074,42.687389],[23.333633,42.68776],[23.333812,42.687896],[23.334023,42.688062],[23.334208,42.688202],[23.334262,42.688236],[23.334394,42.68832],[23.335121,42.688796],[23.335427,42.68899],[23.335546,42.689065],[23.337093,42.690067],[23.337371,42.690246],[23.337428,42.690284],[23.337645,42.690403],[23.337837,42.690513],[23.337913,42.690557],[23.337981,42.690597],[23.338047,42.690628],[23.338115,42.69066],[23.338184,42.69069],[23.338256,42.690713],[23.339893,42.691095],[23.34184,42.691532],[23.341865,42.691538],[23.342773,42.691741],[23.343398,42.691874],[23.343581,42.691911],[23.343657,42.691928],[23.343812,42.691965],[23.343959,42.692014],[23.344151,42.692108],[23.344499,42.692307],[23.344522,42.692323],[23.34475,42.692462],[23.344804,42.692498],[23.345755,42.69307],[23.346286,42.6934],[23.346456,42.693551],[23.346552,42.693692],[23.346648,42.693896],[23.346679,42.694001],[23.346692,42.694047],[23.346709,42.694107],[23.346723,42.694169],[23.346953,42.695221],[23.347017,42.695531],[23.347041,42.695649],[23.347108,42.695974],[23.347116,42.696007],[23.347138,42.696125]]},"properties":{"name":"бул. Евлоги и Христо Георгиеви"}},{"type":"Feature","geometry":{"type":"LineString","coordinates":[[23.320807,42.683338],[23.320983,42.683395],[23.321372,42.683525],[23.321696,42.683637],[23.322379,42.683862],[23.323312,42.684167],[23.323613,42.684265],[23.323671,42.684283],[23.3237,42.684293],[23.323942,42.684371],[23.324957,42.684701],[23.325832,42.684986],[23.325942,42.685021],[23.325985,42.685035],[23.326055,42.685057],[23.327023,42.685374],[23.327467,42.685518],[23.327848,42.685644],[23.328291,42.685791],[23.32886,42.685979],[23.328903,42.685993],[23.329641,42.686231],[23.32995,42.68633],[23.33006,42.686365],[23.330353,42.686463],[23.330491,42.686514],[23.33063,42.686574],[23.330693,42.686611],[23.330711,42.686622],[23.330728,42.686633],[23.330782,42.686664],[23.330808,42.68668],[23.331963,42.687403],[23.332013,42.687436],[23.332784,42.687926],[23.333034,42.688091],[23.3336,42.688463],[23.333714,42.688535],[23.333855,42.688626],[23.333997,42.688714],[23.334037,42.688742],[23.33417,42.688827],[23.334309,42.688915],[23.334993,42.68935],[23.335394,42.689604],[23.336537,42.690326],[23.337008,42.690613],[23.337229,42.690698],[23.337418,42.690766],[23.337509,42.690797],[23.337603,42.690826],[23.337616,42.69083],[23.338043,42.690942],[23.339058,42.691194],[23.339626,42.691326],[23.339648,42.691332],[23.339805,42.69137],[23.340417,42.691517],[23.340819,42.691617],[23.341246,42.691726],[23.341737,42.691839],[23.341754,42.691842],[23.341974,42.691896],[23.343539,42.692267],[23.343736,42.69232],[23.343877,42.692374],[23.344078,42.692492],[23.344202,42.69258],[23.344265,42.69262],[23.344346,42.692669],[23.344628,42.692844],[23.34473,42.692907],[23.345651,42.693477],[23.345849,42.693592],[23.345963,42.693657],[23.346006,42.693687],[23.346095,42.693764],[23.346179,42.693891],[23.346239,42.69411],[23.34625,42.694164],[23.346263,42.694222],[23.346273,42.69427],[23.346386,42.694801],[23.346425,42.694976],[23.346528,42.695463],[23.34666,42.696081],[23.346676,42.696159],[23.346683,42.696191],[23.346692,42.696231],[23.346701,42.696278],[23.346717,42.696351],[23.346725,42.696388],[23.346794,42.696715],[23.346884,42.697163],[23.346943,42.697412],[23.346989,42.697612],[23.346998,42.697663],[23.346999,42.697718],[23.346995,42.697748],[23.346984,42.697795],[23.346969,42.697829],[23.346946,42.697866],[23.346914,42.697902]]},"properties":{"name":"бул. Евлоги и Христо Георгиеви"}},{"type":"Feature","geometry":{"type":"LineString","coordinates":[[23.346709,42.694107],[23.346798,42.694095],[23.34686,42.694087],[23.347927,42.693958],[23.348324,42.69391],[23.348539,42.693884],[23.349142,42.693811],[23.349412,42.693778],[23.350425,42.693656],[23.35138,42.69354],[23.351502,42.693526],[23.351557,42.693519],[23.351608,42.693513],[23.35234,42.693424],[23.352735,42.693377],[23.353816,42.693246],[23.353896,42.693236],[23.354708,42.693138],[23.354894,42.69314],[23.355093,42.693145],[23.355209,42.693148]]},"properties":{"name":"Оборище"}},{"type":"Feature","geometry":{"type":"LineString","coordinates":[[23.333567,42.695704],[23.333676,42.695692],[23.333801,42.695678],[23.334137,42.695635],[23.334761,42.695559],[23.3348,42.695554],[23.334867,42.69555],[23.335001,42.695542],[23.335149,42.695533],[23.335212,42.695525],[23.335979,42.695432],[23.336572,42.695359],[23.336619,42.695354],[23.336958,42.695312],[23.337065,42.695299],[23.337641,42.69523]]},"properties":{"name":"Оборище"}},{"type":"Feature","geometry":{"type":"LineString","coordinates":[[23.351987,42.687167],[23.352074,42.687307],[23.352202,42.687516],[23.352359,42.687788],[23.354025,42.690587],[23.354083,42.690689],[23.354101,42.69072],[23.354398,42.691231],[23.354938,42.692158],[23.354983,42.692275],[23.355016,42.692397],[23.355057,42.692594],[23.355071,42.692757],[23.355093,42.693145],[23.3551,42.693298],[23.355097,42.694448]]},"properties":{"name":"бул. Ситняково"}},{"type":"Feature","geometry":{"type":"LineString","coordinates":[[23.355383,42.69329],[23.355368,42.693783],[23.35536,42.694027],[23.355345,42.69441]]},"properties":{"name":"бул. Ситняково"}},{"type":"Feature","geometry":{"type":"LineString","coordinates":[[23.351987,42.687167],[23.351797,42.686901],[23.3515,42.686584],[23.351238,42.686367],[23.350478,42.685816],[23.350326,42.685708],[23.349441,42.68499],[23.347901,42.683781],[23.347737,42.683639],[23.347705,42.683612]]},"properties":{"name":"бул. Михай Еминеску"}},{"type":"Feature","geometry":{"type":"LineString","coordinates":[[23.347668,42.683427],[23.347798,42.683548],[23.347857,42.683598],[23.348297,42.683942],[23.349581,42.684956],[23.350273,42.685492],[23.350407,42.685559],[23.350576,42.685646],[23.350618,42.68567],[23.351396,42.686274],[23.351665,42.686487],[23.351935,42.686736],[23.352029,42.686843],[23.35215,42.686983]]},"properties":{"name":"бул. Михай Еминеску"}},{"type":"Feature","geometry":{"type":"LineString","coordinates":[[23.350326,42.685708],[23.350407,42.685559],[23.350633,42.6854],[23.351121,42.685151],[23.351482,42.684989],[23.351633,42.684917],[23.351789,42.684832],[23.352377,42.684479],[23.352738,42.684261],[23.352873,42.68418],[23.353981,42.683514],[23.354027,42.683488],[23.354141,42.683423],[23.354374,42.683284],[23.354614,42.683131],[23.354846,42.682959],[23.355049,42.682786],[23.355306,42.682555],[23.355475,42.682362],[23.355959,42.681848],[23.356474,42.681276],[23.356806,42.680907],[23.356831,42.680879],[23.356888,42.680819],[23.356953,42.680745],[23.356992,42.680701],[23.357165,42.680513],[23.357628,42.680029],[23.35782,42.679837],[23.357935,42.679766],[23.35806,42.679703],[23.358279,42.679613],[23.358609,42.679529],[23.359178,42.679463],[23.359796,42.679393],[23.359884,42.679383],[23.360902,42.679271],[23.361008,42.679258],[23.361081,42.679246],[23.361183,42.679229],[23.362095,42.679116],[23.362422,42.679073],[23.362972,42.678999],[23.363063,42.678987],[23.36412,42.67887],[23.36455,42.678777],[23.364854,42.678671],[23.365087,42.678575],[23.365307,42.678482],[23.365405,42.678441],[23.365481,42.678408],[23.365578,42.678366],[23.365767,42.678283],[23.36607,42.678151],[23.366417,42.677998],[23.367207,42.677659],[23.368541,42.677095],[23.368781,42.676989],[23.369,42.676898],[23.369024,42.676889],[23.369205,42.676807],[23.36945,42.676696],[23.369912,42.676511],[23.370334,42.676344],[23.371028,42.676046],[23.371118,42.676007],[23.37119,42.675983],[23.371602,42.675843],[23.37194,42.675747],[23.372359,42.675647],[23.372706,42.675579],[23.373317,42.675469],[23.374037,42.67534],[23.374101,42.675327],[23.374432,42.675263],[23.375132,42.675126],[23.375413,42.67507],[23.375824,42.674995],[23.375874,42.674987],[23.375932,42.674978],[23.376098,42.674953]]},"properties":{"name":"бул. Шипченски проход"}},{"type":"Feature","geometry":{"type":"LineString","coordinates":[[23.37618,42.675092],[23.375925,42.675135],[23.375718,42.675171],[23.375644,42.675184],[23.375238,42.675252],[23.374374,42.675406],[23.373593,42.675545],[23.373235,42.675609],[23.372734,42.6757],[23.372386,42.675771],[23.372034,42.675862],[23.371654,42.675977],[23.371361,42.676077],[23.371273,42.676107],[23.370328,42.67648],[23.370259,42.676504],[23.369596,42.67676],[23.369555,42.676776],[23.369517,42.676791],[23.369289,42.676882],[23.369273,42.676888]]},"properties":{"name":"бул. Шипченски проход"}},{"type":"Feature","geometry":{"type":"LineString","coordinates":[[23.369205,42.676807],[23.369226,42.676832],[23.369237,42.676845],[23.369248,42.676858],[23.369273,42.676888],[23.369293,42.676913],[23.369339,42.676968],[23.369352,42.676985],[23.369646,42.677347],[23.370048,42.677841],[23.370242,42.678076],[23.370322,42.678174],[23.370524,42.678426],[23.370686,42.678625],[23.371066,42.67914],[23.371384,42.679605],[23.371448,42.679701],[23.371682,42.68004],[23.371751,42.680136],[23.371856,42.680305],[23.371949,42.680465],[23.371991,42.680548],[23.372034,42.680622]]},"properties":{"name":"Иван Димитров-Куклата"}},{"type":"Feature","geometry":{"type":"LineString","coordinates":[[23.372034,42.680622],[23.372129,42.680594],[23.372207,42.680571],[23.3726,42.68047],[23.372749,42.680435],[23.372918,42.680409],[23.373372,42.680373],[23.373513,42.680364],[23.373589,42.68036],[23.373727,42.680356],[23.373902,42.680353],[23.374375,42.680345],[23.374434,42.680344],[23.374652,42.680339],[23.374759,42.680337],[23.374852,42.680335],[23.375133,42.680331],[23.375187,42.680323],[23.376649,42.680112],[23.377033,42.680057],[23.377851,42.679938],[23.377952,42.679924],[23.37848,42.679847],[23.378618,42.679801],[23.378702,42.679719]]},"properties":{"name":"Гео Милев"}},{"type":"Feature","geometry":{"type":"LineString","coordinates":[[23.373513,42.680299],[23.373513,42.680364]]},"properties":{"name":"Владово"}},{"type":"Feature","geometry":{"type":"LineString","coordinates":[[23.378702,42.679719],[23.378739,42.679638],[23.378749,42.679547],[23.378647,42.679204],[23.378509,42.678722],[23.378502,42.67859],[23.378393,42.678517]]},"properties":{"name":"Кривина"}},{"type":"Feature","geometry":{"type":"LineString","coordinates":[[23.382002,42.67591],[23.381753,42.675953],[23.381427,42.676009],[23.381025,42.676069],[23.380753,42.676063],[23.380428,42.676016],[23.380253,42.676003],[23.380101,42.676049],[23.379999,42.676143],[23.379947,42.676234],[23.379907,42.676302],[23.379544,42.676885],[23.379474,42.676999],[23.379322,42.677245],[23.378968,42.67781],[23.378935,42.677865],[23.378902,42.677912],[23.378853,42.677982],[23.378825,42.678024],[23.378658,42.678293],[23.378524,42.678501],[23.378502,42.67859]]},"properties":{"name":"бул. Проф. Цветан Лазаров"}},{"type":"Feature","geometry":{"type":"LineString","coordinates":[[23.391203,42.661362],[23.391277,42.661251],[23.391338,42.661157],[23.391416,42.661036],[23.391489,42.660918],[23.391621,42.660691],[23.391868,42.660253],[23.392189,42.659621],[23.392502,42.658982],[23.39258,42.658835],[23.39261,42.65878],[23.392709,42.658621],[23.392752,42.658562],[23.392796,42.658503],[23.392923,42.658347],[23.393028,42.658238],[23.393139,42.658138],[23.393294,42.658004],[23.393387,42.65793],[23.393489,42.657859],[23.393594,42.657798],[23.393731,42.657723],[23.39396,42.657614],[23.394011,42.657591],[23.394154,42.65752],[23.394264,42.657471],[23.394425,42.657406],[23.395886,42.656879]]},"properties":{"name":"бул. Проф. Цветан Лазаров"}},{"type":"Feature","geometry":{"type":"LineString","coordinates":[[23.412655,42.646689],[23.412479,42.646808],[23.411808,42.647263],[23.410826,42.647929],[23.41067,42.648034],[23.410613,42.648073],[23.409617,42.648745],[23.409423,42.648877],[23.409127,42.64908],[23.408975,42.649181],[23.408839,42.649274],[23.408557,42.649464],[23.408425,42.649553],[23.40839,42.649576],[23.408023,42.649824],[23.407879,42.649921],[23.407429,42.650224],[23.407198,42.650379],[23.407117,42.650434],[23.406432,42.650892],[23.406216,42.651051],[23.406024,42.651183],[23.405974,42.651217],[23.405881,42.651281],[23.405787,42.651343],[23.405773,42.651353],[23.405761,42.651361],[23.40566,42.651428],[23.40557,42.651488],[23.405539,42.651509],[23.405401,42.651601],[23.405256,42.651698],[23.404679,42.652088],[23.40437,42.652292],[23.404235,42.65238],[23.404125,42.652456],[23.40408,42.652487],[23.403787,42.652689],[23.403644,42.652791],[23.403441,42.652927],[23.401932,42.653929],[23.401537,42.654157],[23.401316,42.654284],[23.401004,42.654465],[23.400984,42.654476],[23.400886,42.654529],[23.400806,42.654574],[23.400782,42.654586],[23.400388,42.654792],[23.400312,42.654831],[23.400272,42.654852],[23.400102,42.654941],[23.399607,42.655176],[23.399577,42.65519],[23.399239,42.655351],[23.399171,42.655384],[23.399058,42.655437],[23.398884,42.655519],[23.397925,42.65597],[23.396444,42.65666],[23.395886,42.656879],[23.395385,42.657121],[23.394543,42.657526],[23.394473,42.657557],[23.394303,42.657641],[23.394102,42.657764],[23.393985,42.657842],[23.393842,42.657943],[23.393751,42.658006],[23.393512,42.658197],[23.393378,42.65831],[23.393169,42.658518],[23.392976,42.658742],[23.392855,42.658888],[23.392725,42.659061],[23.392636,42.659195],[23.392567,42.659309],[23.392339,42.659733],[23.392108,42.660225],[23.391776,42.660903],[23.3917,42.661053],[23.391674,42.661108],[23.391411,42.661654],[23.391335,42.661807],[23.39131,42.661852],[23.391274,42.661915],[23.39114,42.662154],[23.390971,42.66241],[23.390853,42.662559],[23.39074,42.6627],[23.390637,42.662822],[23.39056,42.662899],[23.390372,42.663091],[23.390121,42.663339],[23.390028,42.663424],[23.389968,42.663478],[23.389792,42.66364],[23.388893,42.664446],[23.388102,42.66516],[23.387487,42.665716],[23.387204,42.665981],[23.386754,42.666433],[23.386296,42.666888],[23.385838,42.667294],[23.38549,42.66768],[23.385343,42.667838],[23.385271,42.66791],[23.384909,42.668303],[23.384639,42.6686],[23.384165,42.669119],[23.384124,42.669162],[23.383825,42.669484],[23.382949,42.670418],[23.382653,42.670824],[23.382634,42.670851],[23.382427,42.671147],[23.382175,42.671527],[23.382127,42.671614],[23.382061,42.671731],[23.381953,42.671924],[23.381929,42.671973],[23.381674,42.672493],[23.381535,42.672777],[23.381502,42.672849],[23.381453,42.672964],[23.38142,42.673092],[23.381409,42.673234],[23.381418,42.673364],[23.381538,42.67382],[23.381543,42.673838],[23.381578,42.673947],[23.381582,42.673961],[23.381589,42.67398],[23.381615,42.674077],[23.381645,42.674178],[23.381692,42.674333],[23.381849,42.674874],[23.381876,42.674966],[23.381909,42.675083],[23.382028,42.675493],[23.382142,42.675886]]},"properties":{"name":"бул. Проф. Цветан Лазаров"}},{"type":"Feature","geometry":{"type":"LineString","coordinates":[[23.381468,42.674103],[23.38145,42.674048],[23.381441,42.67402],[23.381431,42.67399],[23.381396,42.673865],[23.381278,42.673364],[23.381275,42.67323],[23.381292,42.673079],[23.381323,42.67296],[23.38134,42.672914]]},"properties":{"name":"бул. Проф. Цветан Лазаров"}},{"type":"Feature","geometry":{"type":"LineString","coordinates":[[23.427892,42.656731],[23.427726,42.656823],[23.427505,42.656929],[23.427407,42.65697]]},"properties":{"name":"Св. Злата Мъгленска"}},{"type":"Feature","geometry":{"type":"LineString","coordinates":[[23.427407,42.65697],[23.426784,42.657287],[23.426514,42.657433],[23.426242,42.657598],[23.425767,42.657883],[23.425668,42.65794],[23.425446,42.658072],[23.425364,42.65814],[23.425312,42.65821],[23.425268,42.658299],[23.425235,42.658451],[23.425197,42.658605],[23.42513,42.658756],[23.425071,42.658863],[23.425001,42.65897],[23.424969,42.659013],[23.424923,42.659073],[23.424897,42.659099],[23.424812,42.659178],[23.424674,42.659274],[23.424508,42.659365],[23.42417,42.659542],[23.423712,42.659765],[23.423635,42.659804],[23.423552,42.659835],[23.423451,42.659864],[23.42327,42.659906],[23.423106,42.659964],[23.422913,42.660064],[23.422745,42.660191],[23.422574,42.660361],[23.422469,42.660494],[23.422402,42.660643],[23.422364,42.6608]]},"properties":{"name":"Св. Боян Енравота"}},{"type":"Feature","geometry":{"type":"LineString","coordinates":[[23.41944,42.662042],[23.419365,42.662031],[23.419295,42.662036],[23.419215,42.662053],[23.419078,42.662094],[23.418587,42.662225],[23.418381,42.662262],[23.418191,42.662288],[23.417534,42.662343],[23.417243,42.662403],[23.417164,42.662424],[23.416992,42.662471],[23.416436,42.662623],[23.416205,42.662686],[23.415847,42.662784],[23.415795,42.662798],[23.415691,42.662827],[23.415538,42.662868],[23.415509,42.662876],[23.414894,42.663043],[23.414427,42.66317],[23.413953,42.663299],[23.412456,42.663706],[23.412398,42.663722],[23.41208,42.663808],[23.411966,42.663839],[23.411578,42.663945],[23.411476,42.663972],[23.410856,42.664148],[23.409852,42.664432],[23.408765,42.664832],[23.408043,42.665164],[23.407708,42.665334],[23.406912,42.665736],[23.406878,42.665753],[23.406786,42.665799],[23.406616,42.665885],[23.406162,42.666114],[23.405053,42.666674],[23.404904,42.66675],[23.403195,42.667614],[23.40305,42.667686],[23.402805,42.667809],[23.402406,42.668009],[23.402373,42.668027],[23.402299,42.668062],[23.402201,42.668114],[23.402116,42.668155],[23.402089,42.668168],[23.401828,42.6683],[23.401682,42.668374],[23.399809,42.669327],[23.399461,42.669499],[23.398642,42.669911],[23.397859,42.670325],[23.39782,42.670346],[23.39775,42.670383],[23.397579,42.670467],[23.397526,42.670494],[23.397211,42.670649],[23.396424,42.671041],[23.396295,42.671105],[23.396027,42.671238],[23.395757,42.671351],[23.395482,42.671454],[23.395258,42.671514],[23.394905,42.6716],[23.394611,42.671661],[23.394361,42.671714],[23.394315,42.671724],[23.394276,42.671732],[23.394051,42.671783]]},"properties":{"name":"бул. Искърско шосе"}},{"type":"Feature","geometry":{"type":"LineString","coordinates":[[23.418191,42.662288],[23.417976,42.662481],[23.417513,42.663004],[23.417458,42.663058],[23.417415,42.663094],[23.417339,42.663148],[23.417259,42.663187],[23.417154,42.663229],[23.416931,42.663298],[23.416538,42.663395],[23.415825,42.66357]]},"properties":{"name":"Боян Атанасов"}},{"type":"Feature","geometry":{"type":"LineString","coordinates":[[23.415825,42.66357],[23.415778,42.663309],[23.415754,42.663173],[23.415712,42.662944],[23.415705,42.662904],[23.415691,42.662827],[23.415688,42.662809],[23.415677,42.662738],[23.415671,42.662702],[23.415593,42.662206],[23.415583,42.662148],[23.415537,42.661851],[23.415493,42.661571],[23.415289,42.660267],[23.415138,42.659311],[23.415113,42.659147],[23.41491,42.657857],[23.414879,42.65766],[23.414835,42.657382],[23.414811,42.657226],[23.414793,42.657113],[23.414718,42.656633],[23.414619,42.656007],[23.414568,42.655682],[23.414509,42.655303],[23.414439,42.654856],[23.414303,42.653994],[23.414201,42.653343],[23.413859,42.651072],[23.413826,42.650849],[23.413813,42.650764],[23.413608,42.649399],[23.413598,42.649356],[23.413588,42.649309],[23.413581,42.649276],[23.413407,42.648343],[23.413051,42.647335],[23.412941,42.647098],[23.412738,42.646808],[23.412655,42.646689],[23.412604,42.64661],[23.41231,42.646154],[23.412254,42.646009],[23.412188,42.64584],[23.412126,42.645337],[23.412108,42.645189],[23.412104,42.644945],[23.412101,42.644752],[23.412238,42.643946],[23.412251,42.643844],[23.41227,42.643692],[23.412278,42.643611],[23.412284,42.643545],[23.412288,42.643504],[23.412292,42.643468],[23.412355,42.643032],[23.412374,42.642876],[23.412506,42.641966],[23.412517,42.641891],[23.412555,42.641496],[23.412562,42.641325],[23.412531,42.640947],[23.412489,42.640726],[23.412413,42.640468],[23.4124,42.640422],[23.412377,42.640349],[23.412345,42.640252],[23.41205,42.639441],[23.411886,42.639042],[23.411864,42.63899],[23.411805,42.638867],[23.411732,42.6387]]},"properties":{"name":"Димитър Пешев"}},{"type":"Feature","geometry":{"type":"LineString","coordinates":[[23.398719,42.67747],[23.398585,42.67741],[23.398475,42.67736],[23.398288,42.677268],[23.39816,42.677212],[23.397607,42.676964],[23.397535,42.676917],[23.397468,42.676856],[23.397427,42.676781],[23.397028,42.675791],[23.396865,42.675482],[23.396699,42.675156],[23.396512,42.674843],[23.396376,42.67463],[23.39619,42.674356],[23.396041,42.674163],[23.395894,42.67398],[23.394888,42.67279],[23.394635,42.672473],[23.394516,42.67233],[23.394149,42.671912],[23.394128,42.671888],[23.394051,42.671783],[23.39397,42.671661],[23.393944,42.671626],[23.393931,42.671602],[23.393911,42.671571],[23.3939,42.67155],[23.393776,42.671308],[23.393714,42.671181],[23.393593,42.670945],[23.393238,42.670235],[23.392951,42.669661],[23.392883,42.669519],[23.39265,42.66903],[23.392524,42.66873],[23.392169,42.667875],[23.392111,42.667732],[23.392103,42.667712],[23.392087,42.667673],[23.391416,42.666054],[23.391336,42.665881],[23.391239,42.665695],[23.391018,42.665257],[23.390956,42.665131],[23.390516,42.66433],[23.390492,42.664284],[23.390406,42.664133],[23.390326,42.663995],[23.390157,42.66367],[23.390081,42.663525],[23.39006,42.663485],[23.390028,42.663424],[23.389868,42.663111],[23.389857,42.663089],[23.389817,42.663012],[23.389781,42.662925],[23.389639,42.662568],[23.389486,42.662077],[23.389481,42.662059],[23.389232,42.661198],[23.389173,42.660999],[23.389114,42.660858],[23.389026,42.660685],[23.388958,42.660574],[23.388895,42.660482],[23.388771,42.660322],[23.388635,42.660158],[23.388493,42.660008],[23.388351,42.659873],[23.387085,42.65882],[23.387064,42.658803],[23.386684,42.658522],[23.386481,42.658384]]},"properties":{"name":"бул. Христофор Колумб"}},{"type":"Feature","geometry":{"type":"LineString","coordinates":[[23.384705,42.657039],[23.384937,42.657143],[23.385221,42.657266],[23.385397,42.657348],[23.385559,42.657427],[23.38594,42.657642],[23.386127,42.657758],[23.386352,42.657915],[23.386573,42.658086],[23.386854,42.658319],[23.386985,42.658427],[23.387733,42.658922],[23.387877,42.659027],[23.388336,42.659397],[23.388604,42.659627],[23.389393,42.66029],[23.390041,42.660839],[23.390405,42.661142],[23.390694,42.661388],[23.390903,42.661571],[23.390921,42.661588],[23.390999,42.661661],[23.391205,42.661851],[23.391274,42.661915],[23.391346,42.661979],[23.391576,42.662174],[23.391898,42.66245],[23.391924,42.662469],[23.391966,42.662507],[23.391983,42.662531],[23.391985,42.662568]]},"properties":{"name":"бул. Христофор Колумб"}},{"type":"Feature","geometry":{"type":"LineString","coordinates":[[23.402597,42.685761],[23.40255,42.685648],[23.402435,42.685366],[23.402293,42.685019],[23.402252,42.684921],[23.402199,42.684781],[23.402187,42.684748],[23.402149,42.684653],[23.402057,42.684423],[23.401908,42.684043],[23.40176,42.683666],[23.401403,42.682755],[23.401214,42.682287],[23.400825,42.681335],[23.400815,42.68131],[23.400787,42.681242],[23.400772,42.681205],[23.400633,42.680865],[23.400538,42.680635],[23.400418,42.680325],[23.400238,42.679871],[23.400084,42.679483],[23.400039,42.679368],[23.399891,42.678978],[23.39971,42.678522],[23.399596,42.67827],[23.399473,42.678052],[23.399274,42.677835],[23.398972,42.677599],[23.398888,42.677556]]},"properties":{"name":"бул. Христофор Колумб"}},{"type":"Feature","geometry":{"type":"LineString","coordinates":[[23.387818,42.65928],[23.387266,42.65882],[23.386467,42.658132],[23.386241,42.657964],[23.386015,42.657815],[23.385805,42.657688],[23.385667,42.657616],[23.385511,42.65754],[23.38527,42.657425],[23.38496,42.657284],[23.384827,42.657221],[23.384598,42.657115],[23.384552,42.657094],[23.384321,42.656989]]},"properties":{"name":"бул. Христофор Колумб"}},{"type":"Feature","geometry":{"type":"LineString","coordinates":[[23.398904,42.67746],[23.399056,42.677374],[23.399444,42.677154],[23.40011,42.676776],[23.400672,42.676447],[23.401082,42.676189],[23.401308,42.676047],[23.401806,42.675726],[23.401934,42.675643],[23.402328,42.675387],[23.402414,42.675331],[23.402524,42.675263],[23.403161,42.674824],[23.403695,42.674456],[23.404194,42.674126],[23.404393,42.673995],[23.404663,42.673816],[23.404823,42.673707],[23.405312,42.673374],[23.405898,42.672975],[23.40605,42.672867],[23.406334,42.672667],[23.406534,42.672526],[23.406801,42.672338],[23.407592,42.671806],[23.409117,42.670809],[23.410061,42.670192],[23.412068,42.66883],[23.413994,42.66755],[23.414337,42.667285],[23.414484,42.667162],[23.414744,42.666924],[23.414796,42.666868],[23.415045,42.666579],[23.415227,42.666315],[23.415258,42.66627],[23.415418,42.66605],[23.415509,42.66596]]},"properties":{"name":"Поручик Неделчо Бончев"}},{"type":"Feature","geometry":{"type":"LineString","coordinates":[[23.411157,42.677105],[23.41103,42.677],[23.410696,42.676723],[23.410496,42.676557],[23.410284,42.676388],[23.41003,42.676186],[23.409877,42.676065],[23.409762,42.675973],[23.406261,42.673184],[23.405898,42.672975],[23.40616,42.673251],[23.407507,42.67434],[23.409633,42.67606],[23.409896,42.676273],[23.410149,42.676478],[23.410346,42.676637],[23.410563,42.676823],[23.410877,42.677091],[23.410958,42.67716],[23.410976,42.677176]]},"properties":{"name":"Подпоручик Йордан Тодоров"}},{"type":"Feature","geometry":{"type":"LineString","coordinates":[[23.415509,42.66596],[23.415496,42.66592]]},"properties":{"name":"Неделчо Бончев"}},{"type":"Feature","geometry":{"type":"LineString","coordinates":[[23.415509,42.66596],[23.416164,42.665802],[23.417164,42.665561],[23.418467,42.665247],[23.418728,42.665185],[23.418877,42.665164],[23.41915,42.665137],[23.419677,42.665091]]},"properties":{"name":"Ген. Борис Ганев"}},{"type":"Feature","geometry":{"type":"LineString","coordinates":[[23.433017,42.67597],[23.432837,42.67581],[23.432583,42.675584],[23.431696,42.674795],[23.431136,42.674308],[23.430664,42.673913],[23.430568,42.673832],[23.429809,42.673175],[23.429628,42.673011]]},"properties":{"name":"Просвета"}},{"type":"Feature","geometry":{"type":"LineString","coordinates":[[23.433017,42.67597],[23.433328,42.675749],[23.433498,42.675616],[23.433639,42.675505],[23.43396,42.675252],[23.434616,42.674755],[23.434726,42.674672],[23.435032,42.674438],[23.435365,42.674207],[23.435584,42.674082],[23.435848,42.67393],[23.436346,42.673664],[23.43704,42.673307],[23.438019,42.672801],[23.438889,42.672338],[23.439676,42.671921],[23.440165,42.671661],[23.441143,42.67114],[23.442084,42.670639]]},"properties":{"name":"Ген. Гурко"}},{"type":"Feature","geometry":{"type":"LineString","coordinates":[[23.372034,42.680622],[23.372075,42.680699],[23.372109,42.680759],[23.372135,42.680822],[23.372235,42.681114],[23.372267,42.681272],[23.372288,42.681599],[23.372289,42.681683],[23.372285,42.681931],[23.372259,42.682195],[23.372168,42.682723],[23.372052,42.683379],[23.371911,42.684185],[23.371857,42.68452],[23.371813,42.684786],[23.371811,42.684803],[23.371803,42.684851],[23.371798,42.684884],[23.371758,42.685148],[23.371676,42.685679],[23.371644,42.685899],[23.371576,42.686375],[23.371556,42.686489],[23.371546,42.686549],[23.371487,42.686941],[23.371475,42.687018],[23.371463,42.687075],[23.371401,42.687373],[23.371373,42.687472],[23.371298,42.687732],[23.37123,42.687907],[23.370964,42.688589],[23.370919,42.688692],[23.370823,42.688873],[23.370665,42.689181],[23.370474,42.689512],[23.370377,42.689685],[23.370365,42.689705],[23.37032,42.689783],[23.370251,42.689898],[23.370241,42.689926],[23.370041,42.690244],[23.369841,42.690575],[23.369828,42.690595],[23.369621,42.690965],[23.369556,42.691081],[23.369503,42.691172],[23.369294,42.691567],[23.36906,42.692006],[23.368759,42.692493]]},"properties":{"name":"Слатинска"}},{"type":"Feature","geometry":{"type":"LineString","coordinates":[[23.360624,42.696504],[23.360813,42.696443],[23.360838,42.696435],[23.361524,42.696215],[23.361882,42.696092],[23.362073,42.696027],[23.362525,42.695872]]},"properties":{"name":"Боян Магесник"}},{"type":"Feature","geometry":{"type":"LineString","coordinates":[[23.360532,42.696374],[23.360746,42.69632],[23.360815,42.6963],[23.360866,42.696286],[23.361969,42.696012],[23.362525,42.695872],[23.362762,42.695796],[23.363385,42.695622],[23.363476,42.695596],[23.364105,42.695414],[23.364949,42.695037],[23.365778,42.694538],[23.365893,42.694469],[23.365939,42.694438],[23.36643,42.694098],[23.366517,42.694035],[23.366705,42.693908],[23.367007,42.693701],[23.367328,42.693481],[23.367587,42.693304],[23.367939,42.693062],[23.367957,42.69305],[23.368241,42.692864],[23.368759,42.692493],[23.369127,42.692311],[23.370323,42.691524],[23.370729,42.691242],[23.371678,42.690616],[23.371731,42.69058],[23.371996,42.6904],[23.372164,42.690286],[23.372371,42.690146],[23.372871,42.689822],[23.373017,42.689727],[23.373349,42.689512],[23.373781,42.689188],[23.374132,42.688924],[23.374397,42.688726],[23.374805,42.68842],[23.374887,42.68836],[23.374983,42.68829],[23.375496,42.687902],[23.376102,42.687463]]},"properties":{"name":"Боян Магесник"}},{"type":"Feature","geometry":{"type":"LineString","coordinates":[[23.376102,42.687463],[23.376235,42.687331],[23.376257,42.687299],[23.376266,42.687258],[23.376263,42.687227],[23.376245,42.687193],[23.376094,42.687031],[23.376051,42.686968],[23.376044,42.686921],[23.376062,42.686868],[23.3761,42.686816],[23.37625,42.686668],[23.376842,42.6861],[23.376881,42.686063],[23.377076,42.685885],[23.377136,42.685863],[23.37714,42.685974],[23.376945,42.686149],[23.37678,42.686306],[23.376339,42.686734],[23.376235,42.686835],[23.376205,42.686875],[23.376182,42.68692],[23.376186,42.686959],[23.376216,42.687015],[23.376318,42.687137],[23.376346,42.687191],[23.376348,42.68725],[23.376323,42.687305],[23.376102,42.687463]]},"properties":{"name":"Боян Магесник"}},{"type":"Feature","geometry":{"type":"LineString","coordinates":[[23.355765,42.696989],[23.355477,42.697008],[23.354979,42.697018],[23.354877,42.697018]]},"properties":{"name":"бул. Ботевградско шосе"}},{"type":"Feature","geometry":{"type":"LineString","coordinates":[[23.487357,42.705616],[23.487213,42.7056],[23.487052,42.70559],[23.486884,42.705579],[23.486592,42.705561],[23.486311,42.705554],[23.486102,42.705548],[23.485894,42.705555],[23.485578,42.705557],[23.485269,42.705568],[23.482823,42.705721],[23.480772,42.70584],[23.479982,42.705888],[23.476079,42.706125],[23.472919,42.706316],[23.47286,42.70632],[23.472711,42.706329],[23.471394,42.706413],[23.471161,42.706431],[23.470942,42.706455],[23.470743,42.706482],[23.47055,42.706518],[23.470366,42.706564],[23.470194,42.706613],[23.470038,42.706662],[23.469797,42.706751],[23.469616,42.706834]]},"properties":{"name":"бул. Ботевградско шосе"}},{"type":"Feature","geometry":{"type":"LineString","coordinates":[[23.449688,42.707826],[23.449163,42.70786],[23.446682,42.708023],[23.44532,42.708116],[23.443754,42.708212],[23.443641,42.708219],[23.442979,42.708263],[23.442892,42.708269],[23.442152,42.708317],[23.440611,42.7084],[23.439034,42.708516],[23.438064,42.708591],[23.436504,42.708686],[23.43645,42.70869]]},"properties":{"name":"бул. Ботевградско шосе"}},{"type":"Feature","geometry":{"type":"LineString","coordinates":[[23.432429,42.708979],[23.432239,42.708992],[23.43195,42.709011],[23.431259,42.709055],[23.431219,42.709057],[23.43104,42.709069],[23.430264,42.709121],[23.429754,42.709157],[23.429528,42.709172],[23.42912,42.709196]]},"properties":{"name":"бул. Ботевградско шосе"}},{"type":"Feature","geometry":{"type":"LineString","coordinates":[[23.427115,42.709345],[23.426039,42.709425],[23.425478,42.709463],[23.424947,42.709493],[23.424467,42.709513],[23.424402,42.709516],[23.423332,42.709547],[23.423056,42.70954],[23.422753,42.709536],[23.421759,42.709485],[23.420909,42.709406],[23.420148,42.709325],[23.419136,42.709177],[23.418456,42.709056],[23.415663,42.708554],[23.415362,42.708497],[23.415149,42.708458],[23.414616,42.708364],[23.41321,42.708107],[23.40779,42.707123],[23.406056,42.706809],[23.403473,42.70634],[23.40252,42.706173],[23.401054,42.705888],[23.399922,42.705685],[23.398922,42.705506],[23.39537,42.704868],[23.395019,42.704805],[23.393966,42.704617],[23.39235,42.704335],[23.391283,42.704132],[23.389526,42.703745],[23.389218,42.703678],[23.388845,42.70361],[23.388784,42.703598],[23.388077,42.703469],[23.38725,42.703317],[23.387086,42.703286]]},"properties":{"name":"бул. Ботевградско шосе"}},{"type":"Feature","geometry":{"type":"LineString","coordinates":[[23.449727,42.70765],[23.449356,42.707674],[23.446259,42.707893],[23.444441,42.708009],[23.443283,42.708086],[23.441979,42.708174],[23.438918,42.70838],[23.436928,42.708518],[23.436664,42.708538],[23.436434,42.708555],[23.436164,42.708574],[23.435906,42.708591],[23.43532,42.708635],[23.434868,42.708668],[23.434524,42.708693],[23.432497,42.708837],[23.431105,42.708929],[23.431048,42.708931],[23.430659,42.708955],[23.429753,42.709018],[23.429394,42.709035],[23.42887,42.709075]]},"properties":{"name":"бул. Ботевградско шосе"}},{"type":"Feature","geometry":{"type":"LineString","coordinates":[[23.355959,42.696698],[23.355736,42.696711],[23.355501,42.696725],[23.355035,42.696753]]},"properties":{"name":"бул. Ботевградско шосе"}},{"type":"Feature","geometry":{"type":"LineString","coordinates":[[23.372884,42.700712],[23.372584,42.700658],[23.369448,42.700091],[23.366853,42.699622],[23.366225,42.699506],[23.36325,42.698982],[23.362589,42.698874],[23.362366,42.698833],[23.361968,42.698759],[23.361835,42.698736]]},"properties":{"name":"бул. Ботевградско шосе"}},{"type":"Feature","geometry":{"type":"LineString","coordinates":[[23.362101,42.69852],[23.362513,42.698618],[23.364131,42.698913],[23.368009,42.699612],[23.368843,42.699763],[23.370702,42.700098],[23.37108,42.700166],[23.371889,42.70031],[23.372553,42.700427],[23.37279,42.700469],[23.372893,42.700487],[23.373461,42.700593],[23.375268,42.700931],[23.376743,42.701192],[23.37682,42.701206],[23.377273,42.701286],[23.377618,42.701343],[23.377868,42.701391],[23.377985,42.701414],[23.378201,42.701453],[23.37914,42.701622],[23.380253,42.701822],[23.380769,42.701914],[23.381731,42.702079],[23.381965,42.702123],[23.382359,42.702198],[23.382688,42.70226],[23.383986,42.702494],[23.384977,42.702673],[23.385565,42.702779],[23.386074,42.702871],[23.386485,42.702945],[23.386582,42.702962],[23.386848,42.70301],[23.38865,42.70334],[23.389554,42.703503],[23.391435,42.703849],[23.391857,42.703928],[23.392274,42.704007],[23.393981,42.70431],[23.394855,42.70448],[23.398225,42.705095],[23.398622,42.705167],[23.399255,42.705283],[23.399645,42.705354],[23.401084,42.705617]]},"properties":{"name":"бул. Ботевградско шосе"}},{"type":"Feature","geometry":{"type":"LineString","coordinates":[[23.40141,42.705677],[23.401985,42.705782],[23.402904,42.705934],[23.403853,42.706103],[23.406203,42.706543],[23.408639,42.706961],[23.409072,42.707039],[23.409585,42.707131],[23.409943,42.707195],[23.411177,42.707417],[23.412775,42.707703],[23.415687,42.70823],[23.418392,42.70873],[23.41909,42.708852],[23.419755,42.708977],[23.420551,42.709097],[23.421075,42.709159],[23.421723,42.709225],[23.422245,42.709259],[23.422654,42.709274],[23.423486,42.709291],[23.424164,42.709288],[23.424234,42.709292],[23.424676,42.709311],[23.42505,42.709317],[23.425253,42.709316],[23.425624,42.709303],[23.425938,42.709285],[23.426627,42.709243],[23.426921,42.709222]]},"properties":{"name":"бул. Ботевградско шосе"}},{"type":"Feature","geometry":{"type":"LineString","coordinates":[[23.453681,42.707388],[23.453813,42.707371],[23.454593,42.707227],[23.454872,42.70719],[23.455132,42.707167],[23.455242,42.707157],[23.456012,42.707119],[23.456245,42.707116],[23.45635,42.707115],[23.456737,42.707113],[23.45693,42.707113],[23.457198,42.707122],[23.457749,42.707135],[23.458041,42.707152],[23.458289,42.707162],[23.458455,42.707136],[23.458633,42.707106],[23.458866,42.707078],[23.45907,42.707066],[23.459266,42.707068],[23.459354,42.707069],[23.45942,42.707063],[23.459489,42.707049]]},"properties":{"name":"бул. Ботевградско шосе"}},{"type":"Feature","geometry":{"type":"LineString","coordinates":[[23.459907,42.707018],[23.459989,42.707024],[23.460076,42.707027],[23.460186,42.70702],[23.460512,42.706984],[23.460873,42.706953],[23.461274,42.706925],[23.46244,42.706867],[23.462791,42.706845],[23.465006,42.706707],[23.467255,42.706563],[23.468574,42.706482],[23.468729,42.706475],[23.468878,42.706476],[23.468952,42.706484],[23.46903,42.706497],[23.469207,42.706577],[23.46926,42.706602],[23.469357,42.706654],[23.469385,42.706669],[23.46942,42.706692],[23.469539,42.706772],[23.469713,42.706695],[23.469962,42.706595],[23.470225,42.706506],[23.470434,42.70645],[23.470686,42.706393],[23.470932,42.706359],[23.471207,42.706322],[23.471517,42.706299],[23.471814,42.706283],[23.472515,42.706239],[23.472809,42.706221],[23.472847,42.706219],[23.47373,42.706164],[23.482809,42.7056],[23.484875,42.705492],[23.485759,42.705459],[23.486318,42.705451],[23.486573,42.705451],[23.48683,42.70547],[23.487021,42.705488],[23.487065,42.705492],[23.48724,42.705508],[23.487382,42.705524],[23.487463,42.705535],[23.487562,42.705549],[23.487766,42.705577],[23.487974,42.705612],[23.488335,42.705678],[23.48865,42.705738],[23.488889,42.705788],[23.48985,42.705986],[23.491008,42.706241],[23.491146,42.706271],[23.491252,42.706294],[23.494267,42.706974],[23.494473,42.707021],[23.494585,42.707044],[23.495037,42.707115],[23.495126,42.707125],[23.49544,42.707163],[23.495719,42.707186],[23.495992,42.707199],[23.496256,42.70721],[23.496556,42.707206],[23.496871,42.707201],[23.497901,42.707147],[23.498018,42.707139],[23.504492,42.706698],[23.507596,42.706495],[23.508746,42.70642],[23.510176,42.706331],[23.515226,42.706016],[23.515311,42.706011],[23.516692,42.705929],[23.517491,42.70589],[23.517698,42.705886],[23.517875,42.705892],[23.518034,42.705909],[23.518238,42.705944],[23.518402,42.705981],[23.518553,42.706028],[23.518687,42.706078],[23.518828,42.706144],[23.518899,42.706178],[23.519011,42.706257],[23.519103,42.706323],[23.519182,42.706393],[23.519264,42.706477],[23.519387,42.706612],[23.519473,42.706721],[23.519553,42.70683],[23.51961,42.706914],[23.52164,42.710612],[23.522574,42.712249],[23.52271,42.712458],[23.522833,42.712629],[23.52295,42.71278],[23.523099,42.712946],[23.52326,42.713104],[23.523416,42.713246],[23.524065,42.713783],[23.524743,42.714306],[23.524987,42.714458],[23.525216,42.714596],[23.525573,42.714761],[23.526041,42.714967]]},"properties":{"name":"бул. Ботевградско шосе"}},{"type":"Feature","geometry":{"type":"LineString","coordinates":[[23.354877,42.697018],[23.35437,42.697029],[23.353586,42.697044],[23.353245,42.697022],[23.352933,42.696989],[23.352026,42.696842],[23.351969,42.696833],[23.351844,42.696814],[23.351757,42.696801],[23.351156,42.696703],[23.350474,42.696595],[23.349414,42.696431],[23.349352,42.696422],[23.34929,42.696412],[23.348597,42.696309],[23.348088,42.696233],[23.347715,42.696212],[23.347675,42.69621],[23.347323,42.696234],[23.347264,42.696239],[23.347163,42.696246]]},"properties":{"name":"бул. Мадрид"}},{"type":"Feature","geometry":{"type":"LineString","coordinates":[[23.347138,42.696125],[23.34724,42.696116],[23.347552,42.696096],[23.34767,42.696088],[23.348116,42.696127],[23.348628,42.696204],[23.348716,42.696218],[23.349086,42.696274],[23.349271,42.696303],[23.34932,42.696311],[23.349443,42.69633],[23.350502,42.696491],[23.351148,42.696595],[23.351425,42.696638],[23.351562,42.69666],[23.351699,42.696683],[23.351749,42.696691],[23.351839,42.696705],[23.351957,42.696725],[23.352563,42.696826],[23.352736,42.696857],[23.352924,42.696878],[23.353105,42.696887],[23.353328,42.696885],[23.353603,42.696858],[23.353832,42.696829],[23.354058,42.696813],[23.354331,42.696796],[23.354546,42.696783],[23.354644,42.696777],[23.354718,42.696773],[23.354778,42.696769],[23.354906,42.696761],[23.354964,42.696758],[23.355035,42.696753]]},"properties":{"name":"бул. Мадрид"}},{"type":"Feature","geometry":{"type":"LineString","coordinates":[[23.347164,42.697988],[23.347131,42.698192],[23.347141,42.698341],[23.347192,42.698572],[23.347201,42.698608],[23.34722,42.698692],[23.347236,42.698767],[23.347327,42.699086],[23.347336,42.699121],[23.347309,42.699245],[23.347278,42.69928],[23.347229,42.699335],[23.347181,42.699378],[23.347117,42.699421]]},"properties":{"name":"Проф. Милко Бичев"}},{"type":"Feature","geometry":{"type":"LineString","coordinates":[[23.347117,42.699421],[23.345189,42.699777],[23.344937,42.699829],[23.344875,42.699843],[23.344665,42.699904],[23.344642,42.699911],[23.344633,42.699914],[23.344468,42.699968],[23.344274,42.700031],[23.343783,42.700207],[23.343421,42.700351],[23.342587,42.700682],[23.342336,42.700781],[23.342297,42.700797],[23.342226,42.700826],[23.340567,42.701502],[23.33952,42.701933],[23.339145,42.702087],[23.339115,42.702099],[23.338981,42.70216],[23.337838,42.70274],[23.337048,42.703138],[23.335764,42.703807],[23.334127,42.704687],[23.333973,42.704795],[23.333829,42.704899],[23.333778,42.704958],[23.333749,42.704989],[23.333701,42.70504],[23.333476,42.705237]]},"properties":{"name":"бул. Ген. Данаил Николаев"}},{"type":"Feature","geometry":{"type":"LineString","coordinates":[[23.333293,42.704876],[23.333402,42.70486],[23.333503,42.704832],[23.333618,42.704792],[23.333698,42.70475],[23.334641,42.704261],[23.33503,42.704059],[23.33753,42.702747],[23.338882,42.702071],[23.338977,42.702027],[23.339035,42.702005],[23.340918,42.701226],[23.342085,42.700741],[23.342143,42.700717],[23.342218,42.700686],[23.34256,42.700542],[23.342719,42.700477],[23.343161,42.7003],[23.344145,42.699884],[23.344247,42.699842],[23.344413,42.699787],[23.344433,42.69978],[23.3445,42.699758],[23.34463,42.699714],[23.344676,42.699701],[23.344985,42.699642],[23.345568,42.699536],[23.347157,42.699265],[23.347309,42.699245],[23.347406,42.699237],[23.347527,42.699223],[23.347639,42.699205]]},"properties":{"name":"бул. Ген. Данаил Николаев"}},{"type":"Feature","geometry":{"type":"LineString","coordinates":[[23.349765,42.698817],[23.350392,42.698699],[23.35071,42.69864],[23.351264,42.698542],[23.351333,42.69853],[23.351763,42.698454]]},"properties":{"name":"бул. Ген. Данаил Николаев"}},{"type":"Feature","geometry":{"type":"LineString","coordinates":[[23.33249,42.705274],[23.332138,42.705171],[23.331759,42.705101],[23.331361,42.705042],[23.331012,42.705004],[23.329642,42.70484],[23.329193,42.704791],[23.32885,42.704764],[23.328776,42.70476],[23.328682,42.704751],[23.328577,42.704748],[23.328399,42.704751],[23.327105,42.704846],[23.326812,42.704911],[23.326643,42.704942],[23.326466,42.704967],[23.326002,42.705013],[23.325872,42.705023],[23.325329,42.70507],[23.325101,42.705091],[23.324802,42.705115],[23.32471,42.705125],[23.324638,42.705136],[23.324588,42.705151],[23.324488,42.705195]]},"properties":{"name":"бул. Сливница"}},{"type":"Feature","geometry":{"type":"LineString","coordinates":[[23.323407,42.705288],[23.323364,42.705274],[23.323322,42.70526],[23.323267,42.705249],[23.323166,42.705251],[23.323052,42.70526],[23.322793,42.705286],[23.322104,42.705347],[23.32063,42.705425],[23.319278,42.705522],[23.319063,42.705535],[23.317968,42.705607],[23.317869,42.705613],[23.317751,42.705621],[23.317696,42.705624],[23.317658,42.705627],[23.317601,42.705632],[23.317478,42.705641],[23.316425,42.705707],[23.315604,42.705763],[23.31431,42.705858],[23.313148,42.705946],[23.312376,42.706002],[23.312312,42.706008],[23.312197,42.706018],[23.311982,42.706035],[23.311841,42.706043],[23.310368,42.706149],[23.309033,42.706239],[23.307917,42.706321],[23.307856,42.706326],[23.307782,42.706329],[23.307572,42.70634],[23.307387,42.706342],[23.307203,42.706336],[23.307029,42.706322],[23.306848,42.706307],[23.306622,42.70628],[23.306391,42.706232],[23.306215,42.706188],[23.305944,42.706111],[23.305726,42.706061],[23.305571,42.706033],[23.305362,42.706012],[23.305196,42.706],[23.305087,42.706001],[23.304944,42.706007],[23.304671,42.706025],[23.304112,42.706098],[23.30317,42.706215],[23.302356,42.706313],[23.302299,42.70632],[23.302235,42.706328],[23.302036,42.706354],[23.301929,42.706368],[23.301536,42.706417],[23.301354,42.706441],[23.301189,42.70647],[23.301073,42.706493],[23.30096,42.706521],[23.300849,42.706553],[23.30074,42.706584],[23.300596,42.706633],[23.300462,42.706684],[23.300328,42.706741],[23.300197,42.706802],[23.300006,42.706897],[23.2998,42.707001],[23.299453,42.707174],[23.299405,42.707198],[23.299312,42.707247],[23.299261,42.707272],[23.299243,42.707281],[23.299229,42.707288],[23.299157,42.707323],[23.29907,42.707369],[23.29623,42.708786],[23.295795,42.709001],[23.295762,42.709018],[23.295712,42.709042],[23.293084,42.710359],[23.2926,42.710606],[23.292564,42.710625],[23.292492,42.710661],[23.292347,42.710735],[23.290903,42.711465],[23.290742,42.711546],[23.286716,42.713569],[23.286098,42.713882],[23.284954,42.714469],[23.284625,42.714637],[23.283726,42.715109],[23.283678,42.715134],[23.28358,42.715185],[23.283284,42.715337],[23.283234,42.715364],[23.283157,42.715405],[23.28306,42.715453],[23.282449,42.715756],[23.281867,42.716064],[23.281798,42.7161],[23.280188,42.716947],[23.27987,42.717114],[23.279738,42.717187],[23.279179,42.717478],[23.279022,42.717564],[23.278994,42.71758],[23.278929,42.717619],[23.278856,42.717657],[23.278763,42.7177],[23.2786,42.717782],[23.278193,42.717964]]},"properties":{"name":"бул. Сливница"}},{"type":"Feature","geometry":{"type":"LineString","coordinates":[[23.326694,42.704451],[23.326822,42.704441],[23.328159,42.704326],[23.328539,42.704293],[23.328608,42.704289],[23.328658,42.704285],[23.328766,42.704286],[23.328858,42.704293],[23.329006,42.704305],[23.330618,42.704505],[23.331447,42.704609],[23.332075,42.704696],[23.332349,42.704731],[23.332426,42.704741],[23.33266,42.704758]]},"properties":{"name":"бул. Сливница"}},{"type":"Feature","geometry":{"type":"LineString","coordinates":[[23.320127,42.844881],[23.320262,42.844782],[23.320363,42.844728],[23.320457,42.844697],[23.320577,42.844662],[23.320744,42.844609],[23.320901,42.844543],[23.321108,42.844417],[23.321421,42.844191],[23.321594,42.844053],[23.321778,42.843896],[23.321854,42.843791],[23.321907,42.843678],[23.321994,42.843459],[23.322095,42.843274],[23.32261,42.842494],[23.32336,42.841564],[23.323493,42.841388],[23.323521,42.841349],[23.323575,42.841277],[23.32385,42.84091],[23.324228,42.840394],[23.324471,42.840054],[23.324684,42.839744],[23.324879,42.839434]]},"properties":{"name":"бул. Сливница"}},{"type":"Feature","geometry":{"type":"LineString","coordinates":[[23.247752,42.734821],[23.247814,42.734787],[23.247899,42.734743],[23.248457,42.734438],[23.249455,42.733911],[23.249527,42.733873],[23.249774,42.733797],[23.249793,42.733788],[23.250017,42.733678],[23.250306,42.733527],[23.250337,42.733498],[23.250392,42.733433],[23.250444,42.733405],[23.250455,42.7334],[23.250769,42.733234],[23.251145,42.733024],[23.251288,42.732946],[23.251708,42.732717],[23.251862,42.732634],[23.252281,42.732378],[23.252507,42.732236],[23.253,42.731932],[23.253047,42.731903],[23.253074,42.731886],[23.253642,42.731545],[23.254048,42.731297],[23.254462,42.731045],[23.254583,42.730971],[23.255122,42.730634],[23.255193,42.73059],[23.25529,42.730535],[23.255309,42.730524],[23.255776,42.730257],[23.256149,42.730045],[23.256564,42.729808],[23.256857,42.72964],[23.257192,42.729449],[23.257325,42.729373],[23.257538,42.729252],[23.25779,42.729108],[23.25785,42.729074],[23.257951,42.729016],[23.258055,42.728959],[23.258093,42.728939],[23.258332,42.728813],[23.259936,42.727921],[23.260525,42.72759],[23.260732,42.727474],[23.261066,42.727287],[23.261501,42.72704],[23.261585,42.726995],[23.261731,42.726913],[23.2618,42.726875],[23.261865,42.726838],[23.261992,42.726768],[23.262084,42.726716],[23.262093,42.726712],[23.262118,42.726697],[23.262302,42.726593],[23.262942,42.726251],[23.263464,42.725968],[23.264009,42.725671],[23.264492,42.725401],[23.264975,42.725131],[23.265029,42.725101],[23.265172,42.725021],[23.265237,42.724985],[23.265323,42.724935],[23.26537,42.72491],[23.265402,42.724893],[23.265666,42.72475],[23.266073,42.724528],[23.266976,42.724034],[23.267086,42.723973],[23.267138,42.723945],[23.267226,42.723897],[23.267332,42.723839],[23.267476,42.72376],[23.267814,42.723575],[23.267985,42.723482],[23.268394,42.723258],[23.268635,42.723126],[23.268726,42.723077],[23.268992,42.722933],[23.269306,42.72276],[23.269636,42.722577],[23.270009,42.722369],[23.27009,42.72232],[23.270124,42.722302],[23.270159,42.722284],[23.270251,42.722234],[23.270489,42.722112],[23.27071,42.721991],[23.270882,42.721902],[23.27149,42.721572],[23.271773,42.721418],[23.272481,42.721041],[23.272905,42.720813],[23.273329,42.720586],[23.273426,42.720532],[23.273487,42.720499],[23.273524,42.720479],[23.273686,42.720392],[23.273911,42.720274],[23.273952,42.720252],[23.274517,42.719945],[23.274632,42.719882],[23.275464,42.719438],[23.275666,42.719324],[23.277205,42.718497],[23.277629,42.718271],[23.278193,42.717964],[23.278473,42.717777],[23.278598,42.717693],[23.278654,42.717653],[23.278782,42.71757],[23.278853,42.717531],[23.278914,42.717496],[23.279148,42.717364],[23.279786,42.71702],[23.279974,42.716919],[23.280152,42.716825],[23.280647,42.716574],[23.281491,42.716133],[23.282519,42.715599],[23.28277,42.715468],[23.282918,42.715387],[23.283105,42.715285],[23.283141,42.715266],[23.284475,42.714587],[23.28473,42.714455],[23.285066,42.714282],[23.286349,42.71364],[23.286641,42.713489],[23.288254,42.712686],[23.288611,42.712509],[23.290671,42.71147],[23.290981,42.711321],[23.291467,42.711082],[23.291627,42.710947],[23.291656,42.710888],[23.29221,42.710594],[23.292311,42.71054],[23.292436,42.710479],[23.292472,42.710461],[23.292554,42.71042],[23.292939,42.710227],[23.29349,42.709959],[23.294739,42.709337],[23.294965,42.709226],[23.295346,42.709038],[23.295469,42.708981],[23.295601,42.708918],[23.295649,42.708894],[23.296346,42.708545],[23.296896,42.708272],[23.296965,42.708238],[23.297736,42.707854],[23.297807,42.707829],[23.2981,42.707743],[23.298343,42.707601],[23.298504,42.707513],[23.298984,42.70727],[23.299036,42.707244],[23.299127,42.707194],[23.299192,42.707159],[23.299205,42.707152],[23.299224,42.707142],[23.299286,42.70711],[23.299377,42.707063],[23.299558,42.706968],[23.300145,42.706674],[23.300262,42.706616],[23.300425,42.706543],[23.300597,42.706473],[23.300735,42.706428],[23.300891,42.706385],[23.301032,42.706353],[23.301189,42.706323],[23.301431,42.706285],[23.301791,42.706242],[23.301893,42.70623],[23.301999,42.706217],[23.302187,42.706193],[23.302258,42.706183],[23.303696,42.706014],[23.304664,42.705899],[23.304826,42.705881],[23.304967,42.705869],[23.305161,42.705857],[23.305374,42.705856],[23.305534,42.705861],[23.305964,42.705881],[23.30627,42.705896],[23.306457,42.705903],[23.306695,42.705916],[23.306928,42.705926],[23.307131,42.705922],[23.307337,42.705909],[23.307711,42.705884],[23.307833,42.705875],[23.307915,42.705869],[23.308857,42.7058],[23.309781,42.705734],[23.310635,42.705671],[23.310854,42.705654],[23.311179,42.70563],[23.311459,42.705609],[23.311582,42.7056],[23.311722,42.70559],[23.311939,42.705573],[23.312068,42.705564],[23.31266,42.705526],[23.312892,42.70551],[23.31453,42.705398],[23.315408,42.705338],[23.315439,42.705336],[23.316378,42.705265],[23.316804,42.705236],[23.317309,42.705201],[23.317381,42.705196],[23.317513,42.705186],[23.317567,42.705182],[23.317585,42.70518],[23.317603,42.705178],[23.317661,42.705174],[23.317781,42.705165],[23.319128,42.705074],[23.320205,42.704992],[23.320582,42.704956],[23.321051,42.704887],[23.321338,42.704853],[23.322289,42.704795],[23.322431,42.704786],[23.322879,42.704757],[23.323423,42.704724],[23.32353,42.704717],[23.323583,42.704724]]},"properties":{"name":"бул. Сливница"}},{"type":"Feature","geometry":{"type":"LineString","coordinates":[[23.327084,42.704925],[23.327105,42.704846]]},"properties":{"name":"Будапеща"}},{"type":"Feature","geometry":{"type":"LineString","coordinates":[[23.323932,42.705516],[23.323893,42.705531],[23.323859,42.705563],[23.323846,42.705585],[23.323837,42.705598],[23.32382,42.705629],[23.323815,42.705648],[23.323738,42.705904],[23.32372,42.705966],[23.32361,42.706337],[23.323531,42.706607],[23.323514,42.706664],[23.323492,42.706737],[23.32348,42.706779],[23.323476,42.706791],[23.323455,42.706864],[23.323445,42.706898],[23.323432,42.706941],[23.323118,42.708011],[23.323063,42.708193],[23.323034,42.708291],[23.322655,42.709579],[23.322581,42.709855],[23.322528,42.71001],[23.322481,42.710118],[23.322447,42.710181]]},"properties":{"name":"бул. Княгиня Мария Луиза"}},{"type":"Feature","geometry":{"type":"LineString","coordinates":[[23.322163,42.710504],[23.321983,42.710594],[23.321599,42.71075],[23.319556,42.711474],[23.319438,42.711515],[23.319297,42.711564],[23.318962,42.711682],[23.318731,42.71178],[23.318044,42.712096]]},"properties":{"name":"бул. Княгиня Мария Луиза"}},{"type":"Feature","geometry":{"type":"LineString","coordinates":[[23.320242,42.710847],[23.320509,42.710751],[23.320956,42.710599],[23.321258,42.710494],[23.321547,42.710392],[23.321913,42.710253],[23.322012,42.710213],[23.322106,42.710166],[23.322158,42.710134],[23.322216,42.710088],[23.322257,42.710043],[23.322301,42.709983],[23.322361,42.709885],[23.322399,42.709751],[23.322435,42.709623],[23.322451,42.709568],[23.322472,42.709494],[23.322855,42.708261],[23.322885,42.708167],[23.323264,42.706942],[23.323274,42.706912],[23.323283,42.706883],[23.323297,42.706838],[23.323319,42.706765],[23.323358,42.706641],[23.323481,42.706244],[23.323677,42.705611],[23.323687,42.70557],[23.32369,42.705558],[23.323694,42.705531],[23.323686,42.705497],[23.323675,42.705478],[23.323667,42.705472]]},"properties":{"name":"бул. Княгиня Мария Луиза"}},{"type":"Feature","geometry":{"type":"LineString","coordinates":[[23.321715,42.697823],[23.321694,42.697747]]},"properties":{"name":"бул. Княгиня Мария Луиза"}},{"type":"Feature","geometry":{"type":"LineString","coordinates":[[23.311726,42.714301],[23.311384,42.714356],[23.311195,42.714406],[23.310971,42.714471],[23.310872,42.714515],[23.310833,42.714538],[23.310673,42.714634],[23.310573,42.714717],[23.310485,42.7148],[23.310415,42.714878],[23.31027,42.715011],[23.310052,42.715238]]},"properties":{"name":"бул. Княгиня Мария Луиза"}},{"type":"Feature","geometry":{"type":"LineString","coordinates":[[23.313826,42.71373],[23.314224,42.71358],[23.314624,42.713426],[23.315017,42.713261],[23.315142,42.713207],[23.315175,42.713193],[23.315364,42.713112],[23.315578,42.713016],[23.315799,42.712908],[23.316947,42.712326],[23.317578,42.711994],[23.317613,42.711976],[23.318725,42.711457],[23.318789,42.711427],[23.319041,42.711308]]},"properties":{"name":"бул. Княгиня Мария Луиза"}},{"type":"Feature","geometry":{"type":"LineString","coordinates":[[23.312312,42.714599],[23.312743,42.714437]]},"properties":{"name":"бул. Княгиня Мария Луиза"}},{"type":"Feature","geometry":{"type":"LineString","coordinates":[[23.311054,42.715047],[23.31085,42.715124]]},"properties":{"name":"бул. Княгиня Мария Луиза"}},{"type":"Feature","geometry":{"type":"LineString","coordinates":[[23.323943,42.704643],[23.323908,42.704614],[23.323902,42.70461],[23.323877,42.70459],[23.323854,42.704568],[23.323835,42.704541],[23.323811,42.704473],[23.323804,42.704448],[23.323776,42.704355],[23.323723,42.70418],[23.323608,42.703799],[23.323592,42.703748],[23.323328,42.702876],[23.323313,42.702825],[23.323069,42.702017],[23.322843,42.701269],[23.32283,42.701226],[23.322535,42.70024],[23.322513,42.700167],[23.32251,42.700155],[23.322507,42.700143],[23.32249,42.700086],[23.322482,42.70006],[23.322293,42.699446],[23.322076,42.698557],[23.321832,42.6977],[23.321817,42.697662],[23.321778,42.697591],[23.321767,42.697576],[23.321734,42.697532],[23.321683,42.697476],[23.321624,42.697424],[23.321605,42.697411],[23.32156,42.697378],[23.321202,42.697141],[23.321142,42.697101],[23.321083,42.697061],[23.321032,42.697018],[23.321006,42.69699],[23.320979,42.696958],[23.320962,42.696934],[23.320927,42.696903],[23.320886,42.696876],[23.320867,42.696867],[23.320844,42.696857],[23.32084,42.696855],[23.320821,42.696848],[23.3208,42.696841],[23.320756,42.696839]]},"properties":{"name":"бул. Княгиня Мария Луиза"}},{"type":"Feature","geometry":{"type":"LineString","coordinates":[[23.318044,42.712096],[23.317862,42.712232],[23.317772,42.712302],[23.31772,42.712367],[23.317701,42.712396],[23.317691,42.712433],[23.317678,42.712546],[23.31765,42.712611],[23.317601,42.712656],[23.316247,42.713147],[23.316051,42.713221],[23.315441,42.713525],[23.315157,42.713658],[23.314292,42.71398],[23.313899,42.714103],[23.313406,42.714276],[23.312999,42.714418],[23.312743,42.714437],[23.314398,42.713815],[23.314886,42.713628],[23.315122,42.713527],[23.315356,42.713422],[23.315536,42.713336],[23.315727,42.713246],[23.316049,42.713082],[23.318044,42.712096]]},"properties":{"name":"бул. Княгиня Мария Луиза"}},{"type":"Feature","geometry":{"type":"LineString","coordinates":[[23.32063,42.705505],[23.32063,42.705425]]},"properties":{"name":"Цар Самуил"}},{"type":"Feature","geometry":{"type":"LineString","coordinates":[[23.320205,42.704992],[23.320179,42.704916]]},"properties":{"name":"Цар Самуил"}},{"type":"Feature","geometry":{"type":"LineString","coordinates":[[23.31434,42.70594],[23.31431,42.705858]]},"properties":{"name":"Странджа"}},{"type":"Feature","geometry":{"type":"LineString","coordinates":[[23.299243,42.707281],[23.299225,42.707217],[23.299205,42.707152],[23.299166,42.707016],[23.299137,42.706904],[23.298671,42.705266],[23.298651,42.70521],[23.298628,42.705127],[23.298605,42.705045],[23.298597,42.705017],[23.298579,42.704952],[23.29813,42.703401],[23.298113,42.70334],[23.298092,42.703269],[23.29807,42.703189],[23.298056,42.703141],[23.298028,42.703037],[23.297779,42.70213],[23.29775,42.702038],[23.297736,42.701989],[23.297718,42.701931],[23.297685,42.701832],[23.297361,42.70071],[23.29734,42.700612],[23.297328,42.70057],[23.297316,42.700526],[23.297304,42.700482],[23.297299,42.700465],[23.297296,42.700453],[23.297282,42.700405],[23.297267,42.700349],[23.297258,42.700316],[23.297245,42.700269],[23.297116,42.699763],[23.297046,42.699512],[23.296804,42.69865],[23.296802,42.69864],[23.296714,42.698326],[23.296554,42.697757],[23.296235,42.696715],[23.296228,42.696689],[23.296155,42.696485],[23.296074,42.696285],[23.295979,42.696082],[23.295828,42.695803],[23.295503,42.695249],[23.29506,42.694484],[23.295038,42.694444]]},"properties":{"name":"бул. Константин Величков"}},{"type":"Feature","geometry":{"type":"LineString","coordinates":[[23.297838,42.702022],[23.297854,42.702116],[23.297922,42.702357]]},"properties":{"name":"бул. Константин Величков"}},{"type":"Feature","geometry":{"type":"LineString","coordinates":[[23.299265,42.707027],[23.299286,42.70711]]},"properties":{"name":"бул. Константин Величков"}},{"type":"Feature","geometry":{"type":"LineString","coordinates":[[23.295038,42.694444],[23.295003,42.694395],[23.294962,42.694345],[23.294916,42.694299],[23.294872,42.694262],[23.294847,42.694245],[23.294795,42.694214],[23.294771,42.694201],[23.294718,42.694172],[23.294648,42.694144],[23.294584,42.694123],[23.294565,42.694117],[23.294478,42.694095],[23.294409,42.694082],[23.294311,42.694074],[23.294238,42.694074],[23.29416,42.694077],[23.294076,42.694084],[23.293994,42.694098],[23.293895,42.694119],[23.293247,42.694279],[23.292634,42.694434],[23.292591,42.694446]]},"properties":{"name":"бул. Възкресение"}},{"type":"Feature","geometry":{"type":"LineString","coordinates":[[23.276326,42.697466],[23.276416,42.697436],[23.276753,42.697334],[23.276887,42.697294],[23.2771,42.69724],[23.278452,42.696874],[23.278652,42.69682],[23.278785,42.696782],[23.279478,42.696592],[23.279722,42.696527],[23.280237,42.696388],[23.280348,42.696358],[23.281004,42.696183],[23.281082,42.696163],[23.281199,42.696142],[23.281926,42.696079],[23.282326,42.696052],[23.282675,42.696028],[23.283064,42.696002],[23.283151,42.696041],[23.283298,42.696031],[23.284194,42.695956],[23.284314,42.695942],[23.284437,42.695917],[23.284544,42.695893],[23.284668,42.695855],[23.284798,42.6958],[23.284924,42.695735],[23.28496,42.695712],[23.285158,42.695566]]},"properties":{"name":"бул. Възкресение"}},{"type":"Feature","geometry":{"type":"LineString","coordinates":[[23.294767,42.693713],[23.294745,42.693737],[23.294729,42.693754],[23.294683,42.693792],[23.294654,42.69381],[23.294641,42.693817],[23.294573,42.693838],[23.294377,42.693891],[23.294323,42.693907],[23.294126,42.693963],[23.293966,42.694007],[23.293709,42.694073],[23.293144,42.694217],[23.292551,42.694367],[23.292373,42.694412],[23.292257,42.694445],[23.292203,42.694462],[23.291615,42.694638],[23.291048,42.694818]]},"properties":{"name":"бул. Възкресение"}},{"type":"Feature","geometry":{"type":"LineString","coordinates":[[23.294527,42.694211],[23.294471,42.694195],[23.294394,42.69418],[23.294304,42.69417],[23.294231,42.69417],[23.294153,42.694174],[23.294046,42.694185],[23.293928,42.69421],[23.293746,42.694256],[23.293328,42.694361],[23.292993,42.694444],[23.29273,42.694508],[23.292685,42.694519],[23.292629,42.694533],[23.292455,42.694575],[23.292336,42.694606],[23.292215,42.694636]]},"properties":{"name":"бул. Възкресение"}},{"type":"Feature","geometry":{"type":"LineString","coordinates":[[23.292591,42.694446],[23.292539,42.694476],[23.292431,42.694529],[23.292324,42.694582],[23.292215,42.694636],[23.292015,42.694689],[23.29173,42.694767],[23.290891,42.694998],[23.289927,42.69528],[23.289678,42.695352],[23.289126,42.695508],[23.288926,42.695564],[23.288389,42.695693],[23.288101,42.695736],[23.287771,42.695767],[23.287506,42.695783],[23.287455,42.695785],[23.287349,42.695793],[23.287166,42.6958],[23.287016,42.695806],[23.286904,42.69581],[23.286836,42.695813],[23.286072,42.695843],[23.285885,42.695837],[23.285724,42.695819],[23.285496,42.695766],[23.28539,42.695733],[23.285297,42.695696],[23.285158,42.695566],[23.285406,42.69561],[23.285564,42.695646],[23.285709,42.695671],[23.285881,42.695689],[23.286052,42.695689],[23.286813,42.695655],[23.286873,42.695652],[23.286936,42.695649],[23.287207,42.695638],[23.287317,42.695632],[23.287383,42.695628],[23.287497,42.695622],[23.287726,42.695612],[23.287858,42.695599],[23.28821,42.69556],[23.288606,42.695494],[23.28886,42.69544],[23.289135,42.695374],[23.289616,42.695241],[23.290835,42.694882],[23.291048,42.694818],[23.29129,42.6948],[23.291353,42.694797],[23.291831,42.69466],[23.292297,42.694527],[23.292413,42.694494],[23.292591,42.694446]]},"properties":{"name":"бул. Възкресение"}},{"type":"Feature","geometry":{"type":"LineString","coordinates":[[23.285158,42.695566],[23.285013,42.695471],[23.284988,42.695455],[23.28494,42.695425],[23.284652,42.695245],[23.284035,42.694818],[23.282227,42.693557],[23.281579,42.693095],[23.281561,42.693082],[23.281484,42.693027]]},"properties":{"name":"бул. Никола Мушанов"}},{"type":"Feature","geometry":{"type":"LineString","coordinates":[[23.274115,42.685456],[23.27419,42.685549],[23.274204,42.685566],[23.274354,42.685749],[23.274385,42.685786],[23.274532,42.685984],[23.274634,42.686119],[23.274653,42.686145],[23.274796,42.686317],[23.274913,42.686468],[23.275219,42.686895],[23.275456,42.687212],[23.275825,42.687725],[23.275975,42.687972],[23.276084,42.688125],[23.276234,42.688346],[23.276282,42.688413],[23.276308,42.688449],[23.276375,42.688533],[23.276427,42.6886],[23.27658,42.688794],[23.276641,42.688877],[23.276831,42.68912],[23.27726,42.689717],[23.277646,42.690232],[23.277794,42.690413],[23.27805,42.69067],[23.278226,42.690811],[23.278338,42.690902],[23.278421,42.690965],[23.278447,42.690985],[23.278519,42.69104],[23.278952,42.69134],[23.279225,42.691529],[23.280027,42.692084],[23.281235,42.692928],[23.281355,42.692984],[23.281405,42.693],[23.281484,42.693027],[23.281434,42.692979],[23.281413,42.692959],[23.281314,42.692876],[23.281015,42.692672],[23.280086,42.692037],[23.278474,42.690916],[23.278439,42.690892],[23.278405,42.690868],[23.278285,42.690772],[23.278149,42.690663],[23.277952,42.690466],[23.277847,42.690361],[23.277713,42.690194],[23.276419,42.688397],[23.276398,42.688369],[23.276357,42.688311],[23.276085,42.687934],[23.274881,42.686283],[23.274722,42.686079],[23.274609,42.685933],[23.274546,42.685857],[23.274434,42.685721],[23.274267,42.685516],[23.274187,42.685425]]},"properties":{"name":"бул. Никола Мушанов"}},{"type":"Feature","geometry":{"type":"LineString","coordinates":[[23.274115,42.685456],[23.274047,42.685373],[23.274022,42.685311],[23.27399,42.685232],[23.273984,42.685225],[23.273843,42.685053],[23.273681,42.684883],[23.273407,42.684594],[23.272928,42.684088],[23.272811,42.683965],[23.272417,42.683575],[23.272004,42.683188],[23.271792,42.683007],[23.271545,42.682801],[23.2715,42.68276],[23.271447,42.682712],[23.271424,42.682692],[23.271394,42.682667],[23.271293,42.682582],[23.271183,42.682499],[23.271157,42.68248],[23.270965,42.682335],[23.270372,42.68189],[23.269894,42.681531],[23.269734,42.681383],[23.269592,42.681213],[23.269488,42.681016],[23.269321,42.680548],[23.269295,42.680477],[23.269222,42.680259],[23.269198,42.680189],[23.269184,42.680147],[23.269178,42.680127],[23.269079,42.679832],[23.268994,42.679575],[23.268657,42.678607],[23.268282,42.677481],[23.268195,42.677222],[23.268194,42.677207],[23.268182,42.677095],[23.268215,42.676982],[23.268223,42.676954],[23.268291,42.676724],[23.26882,42.674972],[23.268941,42.674589],[23.269008,42.674398],[23.269018,42.674379],[23.269052,42.674318],[23.269064,42.674301],[23.26927,42.674115],[23.269359,42.674036]]},"properties":{"name":"бул. Овча купел"}},{"type":"Feature","geometry":{"type":"LineString","coordinates":[[23.271847,42.672311],[23.271452,42.672584],[23.271419,42.672607],[23.270781,42.673047],[23.270548,42.673208],[23.270467,42.673264],[23.269962,42.673614],[23.269634,42.673841],[23.269595,42.673868],[23.269481,42.673946],[23.269409,42.673996],[23.269359,42.674036],[23.26938,42.674003],[23.269388,42.673989],[23.269407,42.673957],[23.269421,42.673931],[23.269439,42.673896],[23.269463,42.673873],[23.269494,42.673852],[23.269538,42.673822],[23.269902,42.673569],[23.270204,42.673359],[23.270713,42.673011],[23.271324,42.672586],[23.271361,42.67256],[23.271784,42.672266],[23.272253,42.671917],[23.272273,42.671902],[23.272323,42.671863],[23.272364,42.671831],[23.272466,42.671751],[23.27247,42.671748]]},"properties":{"name":"бул. Овча купел"}},{"type":"Feature","geometry":{"type":"LineString","coordinates":[[23.274114,42.685341],[23.274187,42.685425]]},"properties":{"name":"бул. Овча купел"}},{"type":"Feature","geometry":{"type":"LineString","coordinates":[[23.243626,42.682974],[23.243279,42.683151],[23.242717,42.683438],[23.242549,42.68352],[23.242284,42.683651],[23.242191,42.683699],[23.241684,42.683958],[23.241557,42.684024],[23.241018,42.684288],[23.240571,42.684504],[23.240234,42.684677],[23.23999,42.684825],[23.239803,42.684964],[23.239681,42.685064],[23.239574,42.685168],[23.23951,42.685251],[23.239448,42.685348],[23.239401,42.685445],[23.239331,42.685624],[23.2393,42.685719],[23.239284,42.685801],[23.239273,42.685892],[23.239274,42.685957],[23.239287,42.686103],[23.239316,42.68623],[23.239356,42.686351],[23.239414,42.68647],[23.239461,42.686545],[23.239552,42.686686],[23.239629,42.686786],[23.23971,42.686888],[23.239798,42.686984],[23.24006,42.687261],[23.240496,42.68772],[23.240897,42.688127],[23.240989,42.688209],[23.241122,42.688307],[23.241229,42.688373],[23.241334,42.688435],[23.241486,42.688519],[23.241566,42.688556],[23.241825,42.688668],[23.242035,42.688737],[23.242387,42.688826],[23.242527,42.688848],[23.242751,42.688885],[23.243949,42.689039],[23.244113,42.68906],[23.244844,42.689154],[23.245118,42.68919],[23.245916,42.689293],[23.245995,42.689302],[23.246216,42.689331],[23.247163,42.689453],[23.247451,42.68949],[23.247688,42.689521],[23.247846,42.689541],[23.248342,42.689605],[23.248908,42.689678],[23.249223,42.689719],[23.249264,42.689724],[23.249393,42.68974],[23.249504,42.689754],[23.24983,42.689799],[23.249976,42.689819],[23.25023,42.689854],[23.250654,42.689911],[23.250987,42.689955],[23.251296,42.689997],[23.251602,42.690037],[23.251833,42.69007],[23.253289,42.690259],[23.25367,42.690308],[23.254185,42.690376],[23.254202,42.690379],[23.254229,42.690382],[23.254444,42.690411],[23.254582,42.690426],[23.255135,42.690489],[23.255292,42.690506],[23.255478,42.690522],[23.255826,42.69054],[23.255861,42.69054],[23.255914,42.690539],[23.256148,42.690538],[23.256224,42.690534],[23.256496,42.690521],[23.256524,42.690519],[23.256619,42.690511],[23.256651,42.690509],[23.257105,42.690472],[23.257154,42.690468],[23.257427,42.690426],[23.257543,42.690408],[23.257877,42.690349],[23.258216,42.690287],[23.258344,42.690264],[23.258547,42.690203],[23.25878,42.690137],[23.258887,42.690107],[23.259117,42.69003],[23.259224,42.689994],[23.259245,42.689987],[23.259387,42.68993],[23.259589,42.689849],[23.259805,42.689759],[23.25992,42.689705],[23.259943,42.689694],[23.260041,42.689648],[23.260205,42.689569],[23.260387,42.689486],[23.260564,42.689406],[23.26067,42.689358],[23.260886,42.689259],[23.261025,42.689194],[23.261332,42.689051],[23.261816,42.688824],[23.262142,42.68867],[23.262379,42.688557],[23.262629,42.68844],[23.262679,42.688416],[23.262698,42.688406],[23.262981,42.68827],[23.263207,42.688161],[23.263406,42.688065],[23.263457,42.68804],[23.263553,42.687994],[23.264184,42.687633],[23.264521,42.687422],[23.265174,42.686994],[23.265254,42.686943],[23.265888,42.686542],[23.266282,42.686305],[23.266466,42.686192],[23.266692,42.686033],[23.267019,42.685794],[23.267302,42.685596],[23.267461,42.68547],[23.267602,42.685341],[23.267739,42.685222],[23.267791,42.685172],[23.267926,42.685037],[23.26812,42.684844],[23.268384,42.684574],[23.268644,42.684324],[23.268749,42.684222],[23.268782,42.684191],[23.268818,42.684156],[23.269,42.683982],[23.269338,42.683762],[23.269783,42.683483],[23.270173,42.683258],[23.270273,42.683201],[23.270435,42.683109],[23.271015,42.682757],[23.271061,42.682731],[23.2711,42.682709],[23.271126,42.682694],[23.271189,42.682651],[23.271223,42.682631],[23.271293,42.682582]]},"properties":{"name":"бул. Президент Линкълн"}},{"type":"Feature","geometry":{"type":"LineString","coordinates":[[23.49578,42.697041],[23.49568,42.697081],[23.49524,42.697257],[23.494793,42.697456],[23.494057,42.697826],[23.493647,42.698035],[23.493294,42.698274],[23.492819,42.698656],[23.492192,42.699233],[23.492135,42.699384],[23.492112,42.699643],[23.492154,42.699874],[23.49221,42.699979],[23.492665,42.700536],[23.492904,42.701382],[23.492979,42.702289],[23.492908,42.703568],[23.492852,42.7037],[23.492494,42.704444],[23.492381,42.704595],[23.492249,42.704698],[23.492044,42.704797],[23.491438,42.705022],[23.491322,42.705037],[23.4911,42.705027],[23.489666,42.70513],[23.48964,42.705132],[23.489605,42.705135],[23.488533,42.705214],[23.487854,42.705261],[23.487594,42.705276]]},"properties":{"name":"1-ва"}},{"type":"Feature","geometry":{"type":"LineString","coordinates":[[23.487594,42.705276],[23.487549,42.705301],[23.48749,42.705327],[23.487452,42.705361],[23.487419,42.705419],[23.487403,42.705457],[23.487382,42.705524],[23.487357,42.705616]]},"properties":{"name":"SOF1055"}},{"type":"Feature","geometry":{"type":"LineString","coordinates":[[23.469616,42.706834],[23.469379,42.706957],[23.469123,42.707132],[23.468915,42.707312],[23.468698,42.707526],[23.468153,42.708115],[23.467621,42.708708],[23.467146,42.709175],[23.46704,42.709264],[23.466857,42.70939],[23.466675,42.709495],[23.466491,42.709586],[23.466317,42.709656],[23.466127,42.709718],[23.465931,42.709773],[23.465735,42.709818],[23.465534,42.70985],[23.465348,42.709869],[23.465121,42.70988],[23.464913,42.709877],[23.4647,42.709862],[23.464461,42.709831],[23.464228,42.709782],[23.464029,42.709721],[23.463824,42.70965],[23.463642,42.709572],[23.463491,42.709499],[23.463289,42.709383],[23.4631,42.709252],[23.462932,42.709125],[23.462773,42.708979],[23.462431,42.708654],[23.462164,42.708425],[23.461978,42.708291],[23.461805,42.708186],[23.461556,42.708066],[23.461376,42.70799],[23.461131,42.707906],[23.460855,42.707829],[23.460581,42.707774],[23.458983,42.707532]]},"properties":{"name":"1;6"}},{"type":"Feature","geometry":{"type":"LineString","coordinates":[[23.207686,42.64662],[23.207367,42.646432],[23.207221,42.64632],[23.206986,42.646139],[23.206093,42.645455],[23.206038,42.645413],[23.205853,42.645241],[23.20563,42.645009],[23.2054,42.644736],[23.205231,42.644472],[23.204992,42.644022],[23.204761,42.643661],[23.204504,42.643272],[23.204128,42.642761],[23.203707,42.642239],[23.203501,42.642006],[23.203266,42.641789],[23.202486,42.641181],[23.201937,42.640743],[23.201311,42.640074],[23.201267,42.640027],[23.20057,42.639538],[23.199998,42.639273],[23.199683,42.639153],[23.199163,42.639027],[23.198413,42.638758],[23.198116,42.638613],[23.197841,42.638419],[23.197625,42.638143],[23.197305,42.637722],[23.196921,42.637216],[23.196443,42.636548],[23.196004,42.635967],[23.195961,42.635909]]},"properties":{"name":"1;6"}},{"type":"Feature","geometry":{"type":"LineString","coordinates":[[23.455088,42.707484],[23.454452,42.707524],[23.45383,42.707565],[23.453745,42.707571],[23.452887,42.707625],[23.450095,42.707796],[23.449688,42.707826]]},"properties":{"name":"Автомагистрала Хемус"}},{"type":"Feature","geometry":{"type":"LineString","coordinates":[[23.449727,42.70765],[23.450519,42.7076],[23.452046,42.707503],[23.452952,42.707445],[23.453681,42.707388]]},"properties":{"name":"Автомагистрала Хемус"}},{"type":"Feature","geometry":{"type":"LineString","coordinates":[[23.420064,42.712801],[23.420047,42.712549],[23.42004,42.712449],[23.419967,42.712196],[23.419592,42.711657],[23.419182,42.711078],[23.41903,42.710664],[23.419005,42.710598],[23.418888,42.710053],[23.418813,42.709708],[23.418801,42.7095]]},"properties":{"name":"46-та"}},{"type":"Feature","geometry":{"type":"LineString","coordinates":[[23.420064,42.712801],[23.419401,42.712899],[23.419119,42.712952],[23.418945,42.712992],[23.418873,42.713017],[23.418656,42.713092],[23.418119,42.71332],[23.417804,42.713404],[23.417701,42.713431],[23.417481,42.713484],[23.417198,42.71353],[23.416908,42.713521],[23.41575,42.713453],[23.414583,42.713367],[23.413901,42.713274],[23.413563,42.713228],[23.413452,42.713183],[23.413272,42.713064],[23.412456,42.712546],[23.41231,42.712496],[23.411647,42.712389],[23.411512,42.712368],[23.411022,42.712289],[23.410827,42.712258],[23.41065,42.71223],[23.409587,42.71206],[23.408984,42.711934],[23.408596,42.711854]]},"properties":{"name":"8-ма"}},{"type":"Feature","geometry":{"type":"LineString","coordinates":[[23.269749,42.746325],[23.268934,42.745381],[23.268283,42.744597],[23.267871,42.744084],[23.267844,42.744027],[23.267829,42.743964],[23.267781,42.742935]]},"properties":{"name":"8-ма"}},{"type":"Feature","geometry":{"type":"LineString","coordinates":[[23.401939,42.713011],[23.403269,42.713157],[23.404324,42.713136],[23.405395,42.712638],[23.406693,42.712031],[23.406843,42.711964],[23.406985,42.71193],[23.407581,42.711894],[23.40804,42.711866],[23.40839,42.711845],[23.408596,42.711854]]},"properties":{"name":"25-та"}},{"type":"Feature","geometry":{"type":"LineString","coordinates":[[23.267984,42.737133],[23.267982,42.737059],[23.267962,42.736087]]},"properties":{"name":"25-та"}},{"type":"Feature","geometry":{"type":"LineString","coordinates":[[23.402935,42.710174],[23.402456,42.711597],[23.401939,42.713011]]},"properties":{"name":"2-ра"}},{"type":"Feature","geometry":{"type":"LineString","coordinates":[[23.402935,42.710174],[23.401387,42.709708],[23.4012,42.709652],[23.400469,42.709429],[23.400232,42.709356],[23.399938,42.709302],[23.39952,42.709259],[23.399316,42.709188],[23.399191,42.709086],[23.399101,42.708922],[23.399084,42.708891],[23.399041,42.708812],[23.398977,42.708703]]},"properties":{"name":"61-ва"}},{"type":"Feature","geometry":{"type":"LineString","coordinates":[[23.388217,42.710075],[23.388201,42.709992],[23.388198,42.709972],[23.388118,42.709505],[23.387945,42.708848],[23.387906,42.708723],[23.387855,42.708622],[23.387728,42.708394],[23.387351,42.707942],[23.38721,42.707769],[23.386994,42.707502],[23.386891,42.707355],[23.386524,42.706893],[23.386495,42.706856],[23.386363,42.706697],[23.386318,42.706635],[23.386274,42.706582],[23.385975,42.706215],[23.385911,42.706137],[23.385786,42.705985],[23.385594,42.70575],[23.385257,42.705376]]},"properties":{"name":"Генерал Инзов"}},{"type":"Feature","geometry":{"type":"LineString","coordinates":[[23.386632,42.70363],[23.386465,42.704111],[23.386448,42.704159],[23.386415,42.704253],[23.386336,42.704448],[23.386246,42.704593],[23.386034,42.704869],[23.385705,42.705143],[23.385257,42.705376],[23.385145,42.705431],[23.38383,42.706077],[23.382655,42.706639],[23.382644,42.706644],[23.382575,42.706677],[23.382469,42.70673],[23.382268,42.706818],[23.381758,42.706952],[23.381129,42.70705],[23.380362,42.707106],[23.37988,42.707132],[23.379863,42.707133],[23.379752,42.707138],[23.379627,42.707135],[23.379417,42.70713],[23.378658,42.70709],[23.378203,42.707063],[23.378143,42.707059],[23.376984,42.706999],[23.376357,42.706959],[23.376269,42.706953],[23.376165,42.706946],[23.376001,42.706934],[23.375832,42.706921],[23.375758,42.706916],[23.375735,42.706914],[23.374744,42.706844],[23.373504,42.706789],[23.373398,42.706784],[23.372862,42.70672],[23.372571,42.706669],[23.372258,42.706584],[23.371698,42.706378],[23.371061,42.706113],[23.370932,42.706073]]},"properties":{"name":"Летоструй"}},{"type":"Feature","geometry":{"type":"LineString","coordinates":[[23.448287,42.667393],[23.448511,42.667276],[23.448722,42.667155],[23.448953,42.667012],[23.449103,42.666912],[23.449214,42.666838],[23.450692,42.665852],[23.450714,42.665837]]},"properties":{"name":"Фармапарк"}},{"type":"Feature","geometry":{"type":"LineString","coordinates":[[23.456689,42.664909],[23.455039,42.664772],[23.45451,42.664735],[23.454245,42.664724],[23.454087,42.664722],[23.453925,42.664727],[23.453728,42.664745],[23.453489,42.664777],[23.453235,42.664824],[23.453057,42.664869],[23.452912,42.664911],[23.452005,42.665214],[23.45165,42.665332],[23.451594,42.665354],[23.451405,42.665427],[23.451248,42.6655],[23.451119,42.665572],[23.450714,42.665837],[23.450769,42.665811],[23.451175,42.665619],[23.451306,42.665564],[23.451471,42.665505],[23.451714,42.665424],[23.452069,42.665301],[23.452974,42.664998],[23.453118,42.664954],[23.453341,42.664897],[23.453511,42.664864],[23.453738,42.664832],[23.453926,42.664818],[23.454082,42.664814],[23.454233,42.664816],[23.454498,42.664828],[23.455032,42.664867],[23.456679,42.66501]]},"properties":{"name":"Фармапарк"}},{"type":"Feature","geometry":{"type":"LineString","coordinates":[[23.456689,42.664909],[23.457033,42.664935],[23.457288,42.66495],[23.457461,42.664959],[23.457651,42.664963],[23.457957,42.664953],[23.458228,42.664936],[23.458831,42.66489],[23.459145,42.664852],[23.459262,42.664837],[23.459372,42.664871]]},"properties":{"name":"Васил Левски"}},{"type":"Feature","geometry":{"type":"LineString","coordinates":[[23.464556,42.66272],[23.463662,42.663208],[23.463382,42.663364],[23.46328,42.663422],[23.462884,42.663629],[23.462445,42.663864],[23.462112,42.664035],[23.461708,42.664216],[23.461225,42.664408],[23.460893,42.66454],[23.460586,42.664641],[23.460535,42.664657],[23.460381,42.66471],[23.460298,42.664733],[23.460246,42.664747],[23.460097,42.66478],[23.459713,42.664835],[23.459567,42.664854],[23.459372,42.664871],[23.459273,42.66493],[23.458861,42.664985],[23.458277,42.665034],[23.457966,42.665056],[23.457641,42.665065],[23.457356,42.665058],[23.457021,42.665037],[23.456679,42.66501]]},"properties":{"name":"Васил Левски"}},{"type":"Feature","geometry":{"type":"LineString","coordinates":[[23.420873,42.762842],[23.417602,42.763935],[23.410377,42.766338],[23.409747,42.766549],[23.409047,42.766783],[23.408436,42.767001],[23.408355,42.767042],[23.408275,42.76709],[23.408128,42.767185],[23.407932,42.767313],[23.407821,42.767384],[23.407703,42.767464],[23.40697,42.767974],[23.406566,42.768182],[23.406075,42.768445],[23.405966,42.768635],[23.405847,42.768776],[23.40575,42.768844],[23.405693,42.768884],[23.404989,42.769132],[23.404652,42.769253],[23.404429,42.769354],[23.40417,42.76968],[23.40407,42.769807],[23.403931,42.770012],[23.403855,42.770108],[23.403784,42.770184],[23.40295,42.770845],[23.402782,42.770984],[23.402676,42.771057],[23.402608,42.771094],[23.401673,42.771565],[23.401143,42.771842],[23.40058,42.772122],[23.400488,42.772168],[23.400351,42.772242],[23.399826,42.772517]]},"properties":{"name":"Васил Левски"}},{"type":"Feature","geometry":{"type":"LineString","coordinates":[[23.272452,42.788995],[23.272451,42.788942],[23.272472,42.788862],[23.272619,42.788624],[23.272957,42.788036],[23.273061,42.787823],[23.27324,42.787211],[23.27327,42.78687],[23.2733,42.786417],[23.273369,42.786248],[23.273497,42.78594],[23.273516,42.785896],[23.273594,42.785711],[23.273635,42.785611],[23.273674,42.785127],[23.273694,42.784702],[23.273743,42.784086],[23.273748,42.784025],[23.27384,42.782598],[23.273944,42.781081],[23.273969,42.780751],[23.273975,42.780694],[23.27398,42.78065],[23.273983,42.780583],[23.274024,42.780063],[23.274045,42.779773],[23.274071,42.779282],[23.274101,42.778701],[23.274146,42.778024],[23.274214,42.776995],[23.274227,42.776809],[23.274416,42.774018],[23.274422,42.773932],[23.274559,42.772055],[23.274565,42.771978],[23.274568,42.77194],[23.274612,42.771341],[23.27471,42.769867],[23.274757,42.76918],[23.275051,42.765201],[23.275119,42.764171],[23.275159,42.763593],[23.275216,42.762391],[23.275243,42.761796],[23.275289,42.761018],[23.275332,42.760297],[23.275413,42.758616],[23.275435,42.757902],[23.275445,42.757579],[23.275455,42.757224],[23.275543,42.75434],[23.275559,42.753569],[23.275562,42.753453],[23.275596,42.751866],[23.275596,42.751698],[23.275606,42.751568]]},"properties":{"name":"Васил Левски"}},{"type":"Feature","geometry":{"type":"LineString","coordinates":[[23.406026,42.768464],[23.406075,42.768445]]},"properties":{"name":"Васил Левски"}},{"type":"Feature","geometry":{"type":"LineString","coordinates":[[23.557273,42.727044],[23.557302,42.727471],[23.55743,42.728502],[23.557529,42.72924],[23.557538,42.729306],[23.557564,42.72944],[23.557686,42.729959],[23.557828,42.730527],[23.557788,42.730597],[23.557797,42.730629],[23.55785,42.730819],[23.557923,42.731109],[23.558014,42.73147],[23.558188,42.732178]]},"properties":{"name":"Васил Левски"}},{"type":"Feature","geometry":{"type":"LineString","coordinates":[[23.512393,42.74019],[23.512214,42.740106],[23.511817,42.739831],[23.511326,42.739542],[23.511258,42.739503],[23.511081,42.739391],[23.510417,42.738962],[23.510332,42.738915],[23.510246,42.738888],[23.510167,42.738867],[23.510082,42.738849],[23.50937,42.738744],[23.508936,42.738716],[23.508806,42.738713],[23.507573,42.738689],[23.507385,42.738681],[23.507185,42.738673],[23.507141,42.738672],[23.507002,42.738666],[23.506859,42.738661],[23.506072,42.73863],[23.50579,42.738625],[23.505356,42.738617],[23.504885,42.738542],[23.504506,42.738456],[23.504339,42.738417],[23.504034,42.738429],[23.503846,42.738479]]},"properties":{"name":"Васил Левски"}},{"type":"Feature","geometry":{"type":"LineString","coordinates":[[23.500315,42.599837],[23.499952,42.599792],[23.499556,42.599746],[23.49943,42.599745],[23.499115,42.599782],[23.498449,42.599825],[23.49824,42.59982],[23.497755,42.599926],[23.497628,42.59995],[23.497533,42.599959],[23.496694,42.599996],[23.49651,42.600019],[23.496429,42.60006],[23.496355,42.60011],[23.496164,42.600383]]},"properties":{"name":"Васил Левски"}},{"type":"Feature","geometry":{"type":"LineString","coordinates":[[23.464905,42.659463],[23.464899,42.659513],[23.464895,42.659552],[23.464768,42.660657],[23.464689,42.661438],[23.464613,42.662063],[23.46461,42.66209],[23.464603,42.662148],[23.464585,42.662292],[23.464572,42.6625],[23.464556,42.66272]]},"properties":{"name":"Цар Борис III"}},{"type":"Feature","geometry":{"type":"LineString","coordinates":[[23.463743,42.667908],[23.462865,42.666823],[23.462649,42.666565],[23.462474,42.666344],[23.462384,42.666205],[23.462325,42.666103],[23.462276,42.665987],[23.462227,42.665837],[23.462097,42.665421],[23.461851,42.664612],[23.461791,42.664397],[23.461755,42.664301],[23.461708,42.664216]]},"properties":{"name":"Цар Борис III"}},{"type":"Feature","geometry":{"type":"LineString","coordinates":[[23.464664,42.653736],[23.464907,42.654537],[23.465225,42.655664],[23.465491,42.656514],[23.465515,42.656591],[23.465662,42.657054],[23.465749,42.657449],[23.465851,42.657773],[23.466062,42.658471],[23.466075,42.658536]]},"properties":{"name":"Цар Борис III"}},{"type":"Feature","geometry":{"type":"LineString","coordinates":[[23.464905,42.659463],[23.464866,42.659404],[23.464813,42.659351],[23.464758,42.659314],[23.464682,42.659285],[23.464606,42.659265],[23.464518,42.659255],[23.464423,42.659254],[23.46433,42.659263],[23.463364,42.659478],[23.463227,42.659502],[23.463137,42.659505],[23.462994,42.659486],[23.4628,42.659443],[23.46114,42.659049],[23.460969,42.659015],[23.460797,42.658987],[23.45986,42.658887],[23.4595,42.658845],[23.45783,42.658664],[23.457459,42.65862]]},"properties":{"name":"Никола Петков"}},{"type":"Feature","geometry":{"type":"LineString","coordinates":[[23.457892,42.658854],[23.45783,42.658664]]},"properties":{"name":"Мито Войнишки"}},{"type":"Feature","geometry":{"type":"LineString","coordinates":[[23.457459,42.65862],[23.457581,42.658907]]},"properties":{"name":"Илия Велинов"}},{"type":"Feature","geometry":{"type":"LineString","coordinates":[[23.463743,42.667908],[23.463851,42.668058],[23.46394,42.668204],[23.464001,42.668348],[23.464049,42.6685],[23.464089,42.668657],[23.464255,42.669437],[23.464469,42.670502],[23.464478,42.670541],[23.464508,42.670679],[23.464564,42.670836],[23.464596,42.670909],[23.464623,42.670972],[23.464758,42.671221],[23.464778,42.671254],[23.464823,42.67133],[23.465036,42.671667],[23.465809,42.672927],[23.465857,42.673009],[23.465886,42.673077],[23.465905,42.67314],[23.465912,42.673195],[23.465907,42.673249],[23.465881,42.673341],[23.465857,42.673405],[23.465786,42.673544],[23.465379,42.674434],[23.465243,42.674699],[23.46518,42.674822],[23.464811,42.675588],[23.46474,42.675772],[23.464691,42.675962],[23.464656,42.676155],[23.464638,42.676301],[23.464627,42.676465],[23.464624,42.676707],[23.464698,42.677737],[23.464702,42.677794],[23.464709,42.67793],[23.464801,42.679161],[23.464809,42.679419],[23.464806,42.679531],[23.464804,42.679651],[23.464778,42.679801],[23.464731,42.679943],[23.464662,42.680073],[23.464559,42.680189],[23.464444,42.680287],[23.464395,42.680327],[23.463798,42.680812],[23.463708,42.680888],[23.463587,42.681025],[23.462664,42.682083],[23.462481,42.682293],[23.462453,42.682324],[23.462372,42.682419],[23.462283,42.682508],[23.462207,42.682557],[23.462119,42.682592],[23.461139,42.682874],[23.460762,42.68298],[23.460106,42.683165]]},"properties":{"name":"Искър"}},{"type":"Feature","geometry":{"type":"LineString","coordinates":[[23.508465,42.737788],[23.510103,42.737492],[23.512208,42.737126],[23.512807,42.736995]]},"properties":{"name":"Искър"}},{"type":"Feature","geometry":{"type":"LineString","coordinates":[[23.414484,42.576904],[23.414548,42.577089],[23.414724,42.577525],[23.414909,42.578155],[23.415057,42.578579],[23.416175,42.578761],[23.416529,42.579008],[23.416894,42.579178],[23.417508,42.579394],[23.417845,42.579497],[23.418297,42.579649],[23.418495,42.579756],[23.418914,42.580172],[23.419181,42.580411],[23.419405,42.580647],[23.41975,42.580976],[23.419989,42.581174],[23.420388,42.58154],[23.420766,42.581784],[23.420996,42.581844],[23.421196,42.581831],[23.421387,42.581781],[23.421914,42.581585],[23.422234,42.581419],[23.422504,42.581284],[23.422827,42.581117],[23.423214,42.580938],[23.423355,42.580907],[23.423549,42.580919],[23.423669,42.58096],[23.423764,42.58104],[23.423841,42.581177],[23.423925,42.582088],[23.42397,42.582184],[23.424082,42.582296],[23.424318,42.582379]]},"properties":{"name":"Искър"}},{"type":"Feature","geometry":{"type":"LineString","coordinates":[[23.460106,42.683165],[23.458949,42.683499],[23.458772,42.68355],[23.45847,42.683642],[23.458397,42.683664],[23.458206,42.683736],[23.458042,42.683815],[23.457889,42.683908],[23.457733,42.684015],[23.456847,42.684676],[23.455666,42.685558],[23.455476,42.685706],[23.455306,42.685827],[23.455094,42.685962],[23.454881,42.68609],[23.454718,42.686182],[23.454562,42.686265],[23.454402,42.686332],[23.454201,42.686393],[23.453917,42.68647],[23.452816,42.686751],[23.452702,42.686786],[23.452552,42.686842],[23.45243,42.686899],[23.452326,42.686961],[23.452221,42.687037],[23.452111,42.68714],[23.45203,42.687242],[23.451964,42.687339],[23.451918,42.687438],[23.451875,42.687551],[23.45185,42.68768],[23.451828,42.687898],[23.451811,42.688109],[23.451783,42.688271],[23.451748,42.68838],[23.451717,42.688451],[23.451675,42.688516],[23.451603,42.688599],[23.451535,42.68865],[23.451325,42.688808],[23.44886,42.690649],[23.448066,42.691242],[23.447791,42.691447],[23.447419,42.691725],[23.447162,42.691917],[23.44701,42.69203],[23.446887,42.692135],[23.446834,42.692193],[23.446797,42.692265],[23.446774,42.692333],[23.446707,42.692574],[23.44665,42.692835],[23.446515,42.693521],[23.446486,42.69367],[23.446398,42.694062],[23.446367,42.694186],[23.446303,42.694327],[23.446225,42.69447],[23.445966,42.694836],[23.445073,42.696048],[23.444646,42.696629],[23.444075,42.697404],[23.443616,42.698028],[23.441646,42.700764],[23.441505,42.700925],[23.441356,42.701073],[23.441159,42.701207],[23.440918,42.701345],[23.439566,42.702127],[23.436512,42.70394],[23.435898,42.704304],[23.435633,42.704474],[23.435391,42.70464],[23.434906,42.705003],[23.434386,42.705389],[23.433986,42.705686],[23.433825,42.705826],[23.433689,42.705955],[23.433588,42.706093],[23.433503,42.70626],[23.433418,42.706459],[23.433226,42.707],[23.4331,42.707309],[23.432957,42.707663],[23.432916,42.707769],[23.432645,42.70846],[23.432497,42.708837]]},"properties":{"name":"Кривински път"}},{"type":"Feature","geometry":{"type":"LineString","coordinates":[[23.449891,42.707188],[23.449862,42.70737],[23.449749,42.708098],[23.44974,42.708189]]},"properties":{"name":"Околовръстен път"}},{"type":"Feature","geometry":{"type":"LineString","coordinates":[[23.438524,42.77023],[23.438701,42.769979],[23.438855,42.769724],[23.439002,42.769437],[23.439092,42.769204],[23.439139,42.769085],[23.439171,42.768978],[23.439208,42.768822],[23.439254,42.768593],[23.439332,42.768171],[23.439402,42.767734],[23.439623,42.766432]]},"properties":{"name":"Околовръстен път"}},{"type":"Feature","geometry":{"type":"LineString","coordinates":[[23.401536,42.787454],[23.401468,42.787485],[23.401411,42.787511],[23.40123,42.787594],[23.400451,42.787937],[23.397727,42.789151],[23.39413,42.790754],[23.392024,42.791691],[23.390615,42.792337],[23.39046,42.792403],[23.390306,42.792469],[23.390069,42.792574],[23.388251,42.793398],[23.383519,42.795515]]},"properties":{"name":"Околовръстен път"}},{"type":"Feature","geometry":{"type":"LineString","coordinates":[[23.32067,42.78385],[23.317391,42.782417],[23.31661,42.782075],[23.312881,42.780435],[23.312546,42.780294],[23.312499,42.780274],[23.312447,42.780252]]},"properties":{"name":"Околовръстен път"}},{"type":"Feature","geometry":{"type":"LineString","coordinates":[[23.272961,42.657429],[23.273386,42.657284],[23.27373,42.657165],[23.273843,42.657127],[23.27438,42.656926],[23.274967,42.656707],[23.278239,42.655534],[23.279221,42.655185],[23.281907,42.654222],[23.282348,42.654063],[23.283054,42.653781],[23.283477,42.653611],[23.284772,42.65308],[23.285031,42.652972],[23.286391,42.65242],[23.287227,42.65208],[23.287478,42.651979],[23.287725,42.65188],[23.287916,42.651801],[23.288182,42.651693],[23.288513,42.651559],[23.289504,42.651155],[23.289575,42.651126],[23.290363,42.65081],[23.290593,42.650718],[23.290967,42.650569],[23.291417,42.650389],[23.291642,42.650298]]},"properties":{"name":"Околовръстен път"}},{"type":"Feature","geometry":{"type":"LineString","coordinates":[[23.313028,42.641637],[23.312998,42.641673]]},"properties":{"name":"Околовръстен път"}},{"type":"Feature","geometry":{"type":"LineString","coordinates":[[23.30714,42.643655],[23.307445,42.643536],[23.308211,42.643237],[23.308383,42.64317],[23.308865,42.642974],[23.309843,42.642563],[23.310158,42.642431],[23.310341,42.642354],[23.310932,42.642106],[23.311386,42.641925],[23.311775,42.641765],[23.311821,42.641731],[23.311849,42.641689],[23.311872,42.641633]]},"properties":{"name":"Околовръстен път"}},{"type":"Feature","geometry":{"type":"LineString","coordinates":[[23.240917,42.726575],[23.240949,42.726501],[23.240945,42.726416],[23.240911,42.726347],[23.240408,42.725708],[23.239762,42.724886],[23.23927,42.72425],[23.238581,42.723379],[23.238559,42.723351],[23.236738,42.721016],[23.236303,42.720458],[23.236218,42.720351],[23.235616,42.719584],[23.235172,42.719018],[23.234449,42.718098],[23.234213,42.717799],[23.233895,42.717396],[23.233772,42.717232],[23.233674,42.717102],[23.233533,42.716925],[23.233025,42.716285],[23.2328,42.716034],[23.23225,42.715475],[23.231945,42.715133],[23.231645,42.714837],[23.231314,42.714576],[23.231115,42.714458],[23.230737,42.714296],[23.230338,42.714193]]},"properties":{"name":"Околовръстен път"}},{"type":"Feature","geometry":{"type":"LineString","coordinates":[[23.22987,42.711839],[23.230075,42.711717],[23.230171,42.711634],[23.230237,42.711542],[23.230276,42.711445],[23.230301,42.711303],[23.230342,42.71048],[23.230378,42.710148],[23.230359,42.709414],[23.230362,42.708986],[23.230362,42.708938],[23.230346,42.706358],[23.230346,42.706313],[23.230345,42.705698],[23.230344,42.70535],[23.230345,42.705178],[23.230331,42.704394],[23.23033,42.704092],[23.230327,42.703632],[23.230315,42.701207],[23.230314,42.701115],[23.230314,42.701005],[23.230313,42.700887],[23.230313,42.700775],[23.230312,42.700653],[23.230312,42.700543],[23.230311,42.700453],[23.23031,42.700302],[23.23031,42.700161],[23.230308,42.699849],[23.230307,42.699611],[23.230306,42.699439],[23.230305,42.699319],[23.230305,42.699167],[23.230304,42.699086],[23.230304,42.698996],[23.230301,42.698433],[23.230302,42.697994],[23.230305,42.696808],[23.230301,42.696309],[23.2303,42.69615],[23.2303,42.696113],[23.2303,42.696074],[23.230298,42.695895],[23.230296,42.695679],[23.230296,42.695624],[23.230292,42.695218],[23.230291,42.69514],[23.230288,42.694843],[23.230262,42.692394],[23.230254,42.691607],[23.230264,42.691229],[23.230268,42.691067],[23.230282,42.69064],[23.230301,42.690371],[23.230311,42.690264],[23.230384,42.689896],[23.230503,42.689522],[23.230605,42.689278],[23.230779,42.688952],[23.231022,42.688588],[23.231426,42.6881],[23.23198,42.687618],[23.232264,42.687426]]},"properties":{"name":"Околовръстен път"}},{"type":"Feature","geometry":{"type":"LineString","coordinates":[[23.272248,42.657479],[23.272342,42.657448],[23.274737,42.656591],[23.27508,42.656468],[23.279676,42.654818],[23.280614,42.654485],[23.281002,42.654344],[23.281252,42.654253],[23.282206,42.6539],[23.283344,42.653441],[23.28399,42.653184],[23.285905,42.652413],[23.286275,42.652262],[23.287052,42.651945]]},"properties":{"name":"Околовръстен път"}},{"type":"Feature","geometry":{"type":"LineString","coordinates":[[23.28803,42.651557],[23.288074,42.651539],[23.288609,42.651323],[23.289381,42.651012]]},"properties":{"name":"Околовръстен път"}},{"type":"Feature","geometry":{"type":"LineString","coordinates":[[23.312686,42.641292],[23.312746,42.6413],[23.312804,42.641306],[23.312851,42.641307],[23.312886,42.641304],[23.31291,42.6413],[23.312948,42.641288],[23.313725,42.640966],[23.315137,42.64038],[23.315771,42.640129],[23.316374,42.639888],[23.317198,42.639547],[23.317431,42.639452]]},"properties":{"name":"Околовръстен път"}},{"type":"Feature","geometry":{"type":"LineString","coordinates":[[23.318113,42.639269],[23.318299,42.639187],[23.318554,42.639082],[23.319042,42.638879],[23.323127,42.637212],[23.328581,42.635001]]},"properties":{"name":"Околовръстен път"}},{"type":"Feature","geometry":{"type":"LineString","coordinates":[[23.387907,42.622864],[23.388548,42.622851],[23.38961,42.622818],[23.389863,42.62281],[23.390253,42.622794],[23.390871,42.622769],[23.392267,42.6227],[23.392568,42.622684],[23.393052,42.622667],[23.394478,42.622615],[23.395985,42.622559],[23.396978,42.622523],[23.397396,42.622509],[23.398088,42.622484],[23.398321,42.622476],[23.39977,42.622421],[23.400843,42.62238],[23.401859,42.622343]]},"properties":{"name":"Околовръстен път"}},{"type":"Feature","geometry":{"type":"LineString","coordinates":[[23.391951,42.622936],[23.392622,42.622913],[23.393052,42.622896],[23.39393,42.622861],[23.395037,42.622818],[23.39569,42.622793],[23.396229,42.622773],[23.396629,42.622768],[23.397578,42.622751],[23.397891,42.622734],[23.398416,42.622706],[23.398548,42.622698],[23.399009,42.622673],[23.400891,42.622619],[23.401178,42.622611],[23.404109,42.6225],[23.404354,42.622492],[23.404671,42.622483],[23.40499,42.622475],[23.405306,42.622464],[23.405558,42.622455],[23.408318,42.622352],[23.409435,42.622296],[23.409875,42.622278],[23.410104,42.622268],[23.411672,42.622205],[23.41357,42.622132],[23.414515,42.622094],[23.414998,42.622078]]},"properties":{"name":"Околовръстен път"}},{"type":"Feature","geometry":{"type":"LineString","coordinates":[[23.405063,42.622201],[23.405102,42.622212],[23.405185,42.622223],[23.405212,42.622223],[23.405264,42.622221],[23.405591,42.622209],[23.405685,42.622206],[23.406541,42.622173],[23.407267,42.622147],[23.407369,42.622143],[23.408144,42.622115],[23.40847,42.622102],[23.408633,42.622095],[23.4088,42.622098],[23.410287,42.62212],[23.410443,42.622122],[23.410515,42.622121],[23.411888,42.622063],[23.413496,42.62199],[23.414431,42.621946]]},"properties":{"name":"Околовръстен път"}},{"type":"Feature","geometry":{"type":"LineString","coordinates":[[23.398997,42.622765],[23.398843,42.622769],[23.398549,42.622779],[23.397831,42.622818],[23.397782,42.622821],[23.397468,42.622831],[23.39732,42.622836]]},"properties":{"name":"Околовръстен път"}},{"type":"Feature","geometry":{"type":"LineString","coordinates":[[23.445986,42.626472],[23.446042,42.626561],[23.446062,42.626599],[23.44608,42.626636],[23.446127,42.626735],[23.446168,42.626821],[23.446304,42.627091],[23.44634,42.627161],[23.446455,42.627416],[23.446508,42.627554],[23.446593,42.627774],[23.446667,42.62799],[23.446767,42.628307],[23.446832,42.628531],[23.4469,42.628835],[23.446937,42.629246],[23.446964,42.629443],[23.447011,42.629585],[23.447114,42.629925],[23.447317,42.630534],[23.448021,42.632841],[23.448032,42.632886],[23.448221,42.633474],[23.448236,42.633515]]},"properties":{"name":"Околовръстен път"}},{"type":"Feature","geometry":{"type":"LineString","coordinates":[[23.312158,42.642026],[23.312122,42.642018],[23.312078,42.642016]]},"properties":{"name":"Околовръстен път"}},{"type":"Feature","geometry":{"type":"LineString","coordinates":[[23.338978,42.630784],[23.339696,42.630499],[23.345453,42.628134]]},"properties":{"name":"Околовръстен път"}},{"type":"Feature","geometry":{"type":"LineString","coordinates":[[23.367923,42.623765],[23.366643,42.623804],[23.366437,42.62381]]},"properties":{"name":"Околовръстен път"}},{"type":"Feature","geometry":{"type":"LineString","coordinates":[[23.351923,42.625669],[23.351693,42.625753],[23.351263,42.625921],[23.351067,42.625998],[23.350843,42.626087],[23.349397,42.626666],[23.348798,42.626921],[23.347973,42.627272]]},"properties":{"name":"Околовръстен път"}},{"type":"Feature","geometry":{"type":"LineString","coordinates":[[23.34545,42.628281],[23.3402,42.630433],[23.339055,42.630903],[23.337449,42.631548],[23.334619,42.632685],[23.33413,42.632894],[23.333878,42.632996],[23.333703,42.633068],[23.333536,42.633137],[23.333323,42.633226],[23.330745,42.634266],[23.330624,42.634317],[23.329858,42.634637],[23.328477,42.635202],[23.325216,42.636514],[23.323166,42.637366],[23.321009,42.638225],[23.317861,42.639533],[23.317423,42.639714],[23.317247,42.639786],[23.316065,42.640263],[23.313597,42.641248],[23.312463,42.641719],[23.308839,42.643226],[23.308354,42.643411],[23.30797,42.643577],[23.305742,42.644498],[23.304314,42.645075],[23.303259,42.645501]]},"properties":{"name":"Околовръстен път"}},{"type":"Feature","geometry":{"type":"LineString","coordinates":[[23.302918,42.645745],[23.302803,42.645793],[23.302608,42.645874]]},"properties":{"name":"Околовръстен път"}},{"type":"Feature","geometry":{"type":"LineString","coordinates":[[23.302098,42.64599],[23.301895,42.646075],[23.298828,42.647341],[23.298478,42.647486],[23.297844,42.647737],[23.297079,42.648062],[23.296292,42.64839],[23.295568,42.648696],[23.294146,42.649272]]},"properties":{"name":"Околовръстен път"}},{"type":"Feature","geometry":{"type":"LineString","coordinates":[[23.44974,42.708189],[23.449765,42.70847],[23.449795,42.708576],[23.449848,42.70867],[23.449923,42.708765],[23.45001,42.708839],[23.450108,42.708904],[23.450249,42.708963],[23.450383,42.708994],[23.450511,42.709011],[23.450646,42.709003],[23.450781,42.708977],[23.450908,42.708935],[23.451015,42.708886],[23.451117,42.708821],[23.451188,42.708762],[23.451242,42.708699],[23.451283,42.708634],[23.451297,42.708567],[23.45131,42.708478],[23.451297,42.708375],[23.45125,42.708238],[23.45119,42.70815],[23.451102,42.70808],[23.450991,42.708001],[23.450817,42.707927],[23.450594,42.707859],[23.450095,42.707796]]},"properties":{"name":"8"}},{"type":"Feature","geometry":{"type":"LineString","coordinates":[[23.230184,42.744676],[23.229845,42.744923],[23.229558,42.745142],[23.22942,42.745259],[23.22938,42.745291],[23.229294,42.745364],[23.229114,42.745517],[23.228991,42.745632],[23.228756,42.745854],[23.228263,42.746352],[23.228216,42.7464],[23.228029,42.746552]]},"properties":{"name":"8"}},{"type":"Feature","geometry":{"type":"LineString","coordinates":[[23.43471,42.750736],[23.434789,42.750714]]},"properties":{"name":"Воденичарска"}},{"type":"Feature","geometry":{"type":"LineString","coordinates":[[23.43471,42.750736],[23.435226,42.751039],[23.435379,42.751191],[23.435519,42.751386],[23.43556,42.751582],[23.435591,42.751932],[23.435725,42.752155],[23.435629,42.752301],[23.435133,42.753062],[23.434888,42.753832],[23.434583,42.754474],[23.433706,42.754761],[23.431894,42.755398],[23.431621,42.755493],[23.431448,42.755552],[23.43101,42.7557],[23.430515,42.755869],[23.430303,42.75594],[23.42978,42.756127],[23.429574,42.756198],[23.42816,42.75668],[23.427337,42.756972],[23.425906,42.757472],[23.42575,42.757516],[23.425631,42.757553]]},"properties":{"name":"Възрожденска"}},{"type":"Feature","geometry":{"type":"LineString","coordinates":[[23.425631,42.757553],[23.425593,42.757503],[23.42544,42.757296],[23.424815,42.756451],[23.424212,42.755627],[23.42407,42.755439],[23.423988,42.75533],[23.423874,42.75517],[23.423742,42.755019],[23.423557,42.75484],[23.423225,42.754522]]},"properties":{"name":"Стара планина"}},{"type":"Feature","geometry":{"type":"LineString","coordinates":[[23.435852,42.767109],[23.435736,42.767067],[23.435639,42.767008],[23.434637,42.765776],[23.433651,42.764583],[23.433326,42.764191],[23.432786,42.76357],[23.432669,42.76345],[23.431536,42.762578],[23.430514,42.761798],[23.430377,42.761693],[23.43024,42.761588],[23.42957,42.761071],[23.429434,42.760966],[23.42938,42.760925],[23.428564,42.760366],[23.427652,42.759755],[23.426898,42.759238],[23.426796,42.759149],[23.426698,42.759025],[23.426576,42.758869],[23.426535,42.758817],[23.426481,42.758743],[23.426361,42.758585],[23.426302,42.758501],[23.425878,42.757896]]},"properties":{"name":"Стара планина"}},{"type":"Feature","geometry":{"type":"LineString","coordinates":[[23.401941,42.787687],[23.403937,42.789034],[23.407276,42.791251],[23.408407,42.791997],[23.411321,42.793919],[23.411353,42.793936],[23.411628,42.794086],[23.412094,42.794268],[23.412654,42.794457],[23.412759,42.794493],[23.416381,42.795666],[23.417858,42.796148],[23.419541,42.796696],[23.419678,42.79674],[23.420207,42.796935],[23.420775,42.797204],[23.421304,42.797514],[23.421418,42.797639],[23.421469,42.797694],[23.42178,42.798335],[23.421914,42.798612],[23.422174,42.799148],[23.422288,42.799381],[23.422287,42.799637],[23.422179,42.799943],[23.42202,42.800441],[23.42197,42.800676],[23.421972,42.800952],[23.422179,42.801477],[23.422208,42.801545],[23.422328,42.801828],[23.422347,42.801873],[23.422442,42.802098],[23.422715,42.802737],[23.422892,42.803208],[23.4229,42.803271],[23.422854,42.803407],[23.422797,42.803553],[23.422748,42.803677],[23.422727,42.803755],[23.422733,42.803956]]},"properties":{"name":"Стара планина"}},{"type":"Feature","geometry":{"type":"LineString","coordinates":[[23.401696,42.801295],[23.401595,42.801041],[23.401425,42.800688],[23.401294,42.80047],[23.401117,42.800219],[23.400778,42.79987],[23.400575,42.799675],[23.400363,42.799456],[23.399786,42.798953]]},"properties":{"name":"Стара планина"}},{"type":"Feature","geometry":{"type":"LineString","coordinates":[[23.404973,42.80665],[23.404645,42.806937],[23.404528,42.806996],[23.404348,42.80703]]},"properties":{"name":"Стара планина"}},{"type":"Feature","geometry":{"type":"LineString","coordinates":[[23.267703,42.847048],[23.267673,42.847692],[23.267623,42.848235],[23.267595,42.848527],[23.267591,42.848597],[23.267585,42.84865],[23.267585,42.848716],[23.267611,42.848972],[23.267703,42.849376],[23.267722,42.84958],[23.267628,42.849856],[23.26695,42.850687],[23.266612,42.851479],[23.266331,42.852044],[23.265835,42.85282],[23.265205,42.853733],[23.264769,42.854509]]},"properties":{"name":"Стара планина"}},{"type":"Feature","geometry":{"type":"LineString","coordinates":[[23.519607,42.786951],[23.519603,42.786641],[23.519585,42.78646],[23.519536,42.786304],[23.519405,42.786029],[23.519081,42.78548],[23.518795,42.785019],[23.518783,42.785],[23.518416,42.784441],[23.517637,42.783197],[23.517477,42.782919],[23.517448,42.782876],[23.517057,42.782267],[23.516755,42.781788],[23.516549,42.781453],[23.516342,42.781163],[23.516174,42.780976],[23.516123,42.780934],[23.516017,42.780846],[23.515804,42.780679],[23.51559,42.780546],[23.514875,42.780127],[23.514749,42.780066]]},"properties":{"name":"Стара планина"}},{"type":"Feature","geometry":{"type":"LineString","coordinates":[[23.422678,42.754005],[23.422531,42.753845],[23.422411,42.753734],[23.421991,42.753371],[23.42002,42.751999],[23.418481,42.750904],[23.415261,42.748635],[23.412012,42.746325],[23.410364,42.745133],[23.409235,42.744324],[23.408818,42.744025],[23.407242,42.742895],[23.406514,42.742428],[23.406281,42.742304],[23.405391,42.741833],[23.404652,42.741456],[23.403542,42.74089],[23.401916,42.74006],[23.400774,42.739476],[23.398763,42.738446],[23.397589,42.737829],[23.397414,42.73773],[23.396468,42.737252],[23.395772,42.736884],[23.395151,42.736545],[23.394799,42.73633],[23.394729,42.736288],[23.394359,42.735975],[23.393966,42.735569],[23.393917,42.735518],[23.393694,42.735288],[23.393463,42.735071],[23.393099,42.734727],[23.392844,42.734488],[23.392546,42.734305],[23.391269,42.733692],[23.390993,42.733559],[23.389829,42.733011],[23.38958,42.732907],[23.38826,42.732308],[23.386559,42.731484],[23.382212,42.729441],[23.380616,42.728695],[23.380216,42.728513],[23.379593,42.728217],[23.377419,42.727162],[23.373938,42.725566],[23.373495,42.725363],[23.37066,42.724008],[23.368409,42.722932],[23.367744,42.722614],[23.36764,42.722567],[23.36718,42.722348],[23.367102,42.722311],[23.366739,42.722137]]},"properties":{"name":"Чепинско шосе"}},{"type":"Feature","geometry":{"type":"LineString","coordinates":[[23.366739,42.722137],[23.365948,42.72176],[23.36504,42.721318],[23.363496,42.720603],[23.362701,42.72022],[23.362346,42.720049],[23.362123,42.719942],[23.361706,42.719739],[23.361021,42.7194],[23.360792,42.719295],[23.360756,42.719278],[23.36049,42.719156],[23.360263,42.719046],[23.360072,42.718956],[23.359755,42.718802],[23.359636,42.718744],[23.358716,42.718296],[23.358412,42.718199],[23.357983,42.71814],[23.35756,42.718095],[23.357175,42.718015],[23.356493,42.717837],[23.356034,42.717717],[23.355175,42.71749],[23.354683,42.717366],[23.353529,42.717074],[23.353123,42.716971],[23.353035,42.716945],[23.352814,42.716889],[23.352644,42.71684]]},"properties":{"name":"Жак Дюкло"}},{"type":"Feature","geometry":{"type":"LineString","coordinates":[[23.352644,42.71684],[23.352452,42.71679],[23.350156,42.716188],[23.349993,42.716145],[23.348946,42.715809],[23.34869,42.715727],[23.348517,42.71565],[23.348404,42.7156],[23.3481,42.715428],[23.348015,42.715372],[23.347916,42.715271],[23.347714,42.714896],[23.347615,42.714773],[23.347385,42.714528],[23.347352,42.714499],[23.347051,42.714354],[23.34547,42.713593],[23.345268,42.713496],[23.345204,42.713465],[23.344774,42.713258],[23.344232,42.712997],[23.343577,42.712681],[23.343533,42.71266],[23.343483,42.712635]]},"properties":{"name":"Рояк"}},{"type":"Feature","geometry":{"type":"LineString","coordinates":[[23.348636,42.710812],[23.348444,42.71085],[23.348208,42.710896],[23.346843,42.711155],[23.346771,42.711176],[23.346586,42.711226],[23.346204,42.711336],[23.346126,42.71136],[23.345606,42.711516],[23.345274,42.711611],[23.344904,42.711735],[23.34464,42.711846],[23.3443,42.712017],[23.344081,42.712148],[23.343745,42.712394],[23.343591,42.712528],[23.343563,42.712553],[23.343483,42.712635],[23.343424,42.712698],[23.343404,42.71272],[23.342201,42.714017],[23.341992,42.714253],[23.341829,42.71444],[23.341563,42.714777],[23.341488,42.714866],[23.340606,42.715912],[23.3406,42.71592],[23.340512,42.716023],[23.340435,42.716117],[23.340412,42.716148],[23.340226,42.716379],[23.339872,42.716757],[23.339418,42.717221],[23.339044,42.717603],[23.339004,42.717644],[23.338953,42.717679],[23.338872,42.717733],[23.338778,42.717781],[23.338733,42.717804],[23.337953,42.718204],[23.337016,42.718691],[23.336918,42.718742],[23.336732,42.718839],[23.336643,42.718885],[23.336369,42.719027],[23.335763,42.719342],[23.335002,42.719738],[23.334245,42.720142],[23.334138,42.720199],[23.333557,42.72051],[23.332958,42.72083],[23.332816,42.720905],[23.332671,42.720983],[23.332357,42.721151],[23.332117,42.72128],[23.331993,42.721345],[23.331676,42.721515],[23.331399,42.721663],[23.331329,42.7217],[23.331311,42.72171],[23.331032,42.721859],[23.330783,42.721992],[23.330712,42.72203],[23.330601,42.722089],[23.329501,42.722674],[23.328749,42.723055],[23.328663,42.723099],[23.32816,42.723347],[23.327852,42.7235],[23.327529,42.723669],[23.327411,42.723728],[23.327257,42.723802],[23.327043,42.723906],[23.326795,42.724021],[23.326572,42.724096],[23.326244,42.724169],[23.325993,42.724207],[23.325867,42.724226],[23.325117,42.724337],[23.324977,42.724358],[23.324878,42.724374],[23.323677,42.724565],[23.322418,42.724765],[23.322239,42.724793],[23.32191,42.724843],[23.321597,42.724891],[23.320549,42.72495],[23.319765,42.724988],[23.319689,42.724991],[23.319219,42.72502],[23.318269,42.725077],[23.318234,42.725079],[23.318071,42.725089],[23.317229,42.725138],[23.316995,42.725153],[23.316909,42.725158],[23.316674,42.725173]]},"properties":{"name":"Първа българска армия"}},{"type":"Feature","geometry":{"type":"LineString","coordinates":[[23.341992,42.714253],[23.342045,42.714443]]},"properties":{"name":"Влах камък"}},{"type":"Feature","geometry":{"type":"LineString","coordinates":[[23.341803,42.714766],[23.34165,42.714762],[23.341563,42.714777]]},"properties":{"name":"Влах камък"}},{"type":"Feature","geometry":{"type":"LineString","coordinates":[[23.447829,42.794455],[23.447721,42.79444],[23.447629,42.794412],[23.447533,42.794374],[23.44679,42.794069],[23.445931,42.793706]]},"properties":{"name":"Евлоги Тодоров"}},{"type":"Feature","geometry":{"type":"LineString","coordinates":[[23.445824,42.793398],[23.446693,42.79384],[23.446924,42.79395],[23.447207,42.794062],[23.447506,42.794175],[23.447673,42.794227],[23.447748,42.794231],[23.447883,42.794213],[23.447984,42.794183],[23.448069,42.794132],[23.448206,42.794061],[23.448322,42.794013],[23.448392,42.794001],[23.448462,42.79401]]},"properties":{"name":"Евлоги Тодоров"}},{"type":"Feature","geometry":{"type":"LineString","coordinates":[[23.448451,42.794182],[23.448404,42.794194],[23.448167,42.794339],[23.4481,42.794372],[23.447949,42.794428],[23.44786,42.794448]]},"properties":{"name":"Евлоги Тодоров"}},{"type":"Feature","geometry":{"type":"LineString","coordinates":[[23.445931,42.793706],[23.44589,42.79363],[23.445824,42.793398],[23.445768,42.793182],[23.445746,42.793106],[23.445725,42.793029],[23.44568,42.792846],[23.445677,42.792816],[23.445626,42.792632],[23.445189,42.790899],[23.445146,42.79073],[23.444983,42.790094],[23.44498,42.790082]]},"properties":{"name":"бул. Димитър Тошков"}},{"type":"Feature","geometry":{"type":"LineString","coordinates":[[23.44498,42.790082],[23.44467,42.788787],[23.444641,42.788504],[23.444649,42.788187],[23.444649,42.78817],[23.444681,42.787822],[23.44469,42.787722],[23.444741,42.787322],[23.444816,42.786676],[23.444901,42.785778],[23.445206,42.782375],[23.445419,42.779786],[23.445502,42.778776]]},"properties":{"name":"бул. Божин Ласков"}},{"type":"Feature","geometry":{"type":"LineString","coordinates":[[23.438524,42.77023],[23.438775,42.770462],[23.440284,42.772011],[23.441796,42.773586],[23.443309,42.775177],[23.4448,42.776706]]},"properties":{"name":"SOF1087"}},{"type":"Feature","geometry":{"type":"LineString","coordinates":[[23.445502,42.778776],[23.445472,42.778366],[23.445452,42.778238],[23.445362,42.777919],[23.445287,42.777635],[23.445228,42.777475],[23.44514,42.77728],[23.445031,42.777076],[23.4448,42.776706],[23.445006,42.776896],[23.445184,42.777092],[23.44543,42.777366],[23.445511,42.77747],[23.445567,42.777564],[23.445592,42.777671],[23.445592,42.777777],[23.445578,42.777973],[23.445561,42.778203],[23.445543,42.778479],[23.445502,42.778776]]},"properties":{"name":"SOF1087"}},{"type":"Feature","geometry":{"type":"LineString","coordinates":[[23.439196,42.766224],[23.438938,42.766301],[23.438126,42.766543],[23.436252,42.7671],[23.436098,42.767121],[23.435965,42.767122],[23.435852,42.767109]]},"properties":{"name":"Койлата"}},{"type":"Feature","geometry":{"type":"LineString","coordinates":[[23.425878,42.757896],[23.425567,42.758076],[23.425524,42.758105],[23.425073,42.758393],[23.423788,42.759221],[23.423469,42.759435],[23.423136,42.76019],[23.422891,42.760753],[23.422445,42.761767],[23.422307,42.761977],[23.422188,42.762122],[23.42212,42.762193],[23.422022,42.762283],[23.421914,42.762353],[23.421773,42.762431],[23.421565,42.762536],[23.421065,42.762764],[23.420873,42.762842]]},"properties":{"name":"Орфей"}},{"type":"Feature","geometry":{"type":"LineString","coordinates":[[23.404652,42.769253],[23.404555,42.769162],[23.403993,42.768684],[23.403425,42.768185],[23.40272,42.767533],[23.402604,42.767436],[23.402398,42.767254],[23.401899,42.766805],[23.401874,42.766783],[23.400432,42.765496],[23.400242,42.765303],[23.400065,42.765081],[23.399874,42.764841],[23.39972,42.764593],[23.399665,42.764432],[23.399637,42.764243],[23.39958,42.76325],[23.399551,42.762558],[23.399533,42.7621],[23.399511,42.76099],[23.399501,42.76052],[23.399438,42.75713],[23.399378,42.753739],[23.399186,42.750572],[23.399182,42.750463],[23.399156,42.749532],[23.399154,42.749262],[23.399193,42.749033],[23.399785,42.746673],[23.399817,42.746336],[23.399119,42.741115],[23.398763,42.738446]]},"properties":{"name":"Езерата"}},{"type":"Feature","geometry":{"type":"LineString","coordinates":[[23.340512,42.716023],[23.340387,42.715959],[23.340347,42.715938],[23.34007,42.715795],[23.340039,42.715779]]},"properties":{"name":"Каменоделска"}},{"type":"Feature","geometry":{"type":"LineString","coordinates":[[23.332221,42.707602],[23.332255,42.707618],[23.332291,42.707639],[23.332435,42.707758],[23.332675,42.707951],[23.332698,42.707971],[23.332748,42.708],[23.332794,42.70802],[23.332841,42.708033],[23.332889,42.70804],[23.332938,42.708044],[23.332991,42.708041],[23.333078,42.708036],[23.33318,42.708024],[23.333282,42.708013],[23.33339,42.708],[23.333507,42.707998],[23.333655,42.708014],[23.333793,42.708053],[23.333877,42.708092],[23.333934,42.708125],[23.333989,42.70817],[23.334289,42.708495],[23.334349,42.708559],[23.334756,42.709017],[23.335449,42.709791],[23.335518,42.709868],[23.335597,42.709957],[23.335862,42.710257],[23.336077,42.710499],[23.336245,42.710689],[23.336323,42.71076],[23.3364,42.710824],[23.336545,42.710934],[23.336609,42.710989],[23.336665,42.711044],[23.336722,42.71111],[23.336764,42.711169],[23.336874,42.711331],[23.337062,42.711613],[23.337153,42.711752],[23.338369,42.713601],[23.339691,42.715587],[23.339736,42.715628],[23.339788,42.715661],[23.339828,42.71568],[23.339875,42.715702],[23.340039,42.715779],[23.339918,42.715663],[23.339808,42.715543],[23.337969,42.71276],[23.337408,42.71191],[23.337183,42.71157],[23.336998,42.711289],[23.336889,42.711129],[23.336841,42.711072],[23.336774,42.710991],[23.33673,42.710946],[23.336659,42.710889],[23.336518,42.710782],[23.336436,42.710717],[23.336341,42.710631],[23.336236,42.710527],[23.336103,42.710384],[23.335615,42.709833],[23.335541,42.70975],[23.335514,42.70972],[23.335125,42.709282],[23.33485,42.708973],[23.334438,42.708517],[23.334385,42.708458],[23.33429,42.708356],[23.3341,42.708151],[23.334009,42.708073],[23.333865,42.707982],[23.33379,42.707959],[23.333656,42.707926],[23.333551,42.70791],[23.333445,42.707908],[23.333276,42.707924],[23.333092,42.707948],[23.332972,42.707952],[23.33289,42.70794],[23.332793,42.707903],[23.332773,42.707887],[23.332533,42.707693],[23.332408,42.707593],[23.33236,42.707562],[23.332303,42.707536],[23.332253,42.707519],[23.332198,42.707506]]},"properties":{"name":"Каменоделска"}},{"type":"Feature","geometry":{"type":"LineString","coordinates":[[23.332221,42.707602],[23.332198,42.707595]]},"properties":{"name":"Козлодуй"}},{"type":"Feature","geometry":{"type":"LineString","coordinates":[[23.317781,42.706622],[23.317829,42.706617],[23.317865,42.706613],[23.317917,42.706607]]},"properties":{"name":"Козлодуй"}},{"type":"Feature","geometry":{"type":"LineString","coordinates":[[23.328175,42.707568],[23.329873,42.707851],[23.329933,42.707861],[23.3303,42.707922],[23.330437,42.707936],[23.330584,42.707939],[23.33073,42.707928],[23.330853,42.707909],[23.330974,42.707884],[23.331098,42.707847],[23.331219,42.707806],[23.331329,42.707761],[23.331529,42.707671]]},"properties":{"name":"Козлодуй"}},{"type":"Feature","geometry":{"type":"LineString","coordinates":[[23.332221,42.707602],[23.332173,42.707578],[23.33214,42.707553],[23.332125,42.707541],[23.332108,42.707525],[23.332098,42.707511],[23.332091,42.707498],[23.332114,42.707398],[23.332172,42.707112],[23.332226,42.706904]]},"properties":{"name":"бул. Константин Стоилов"}},{"type":"Feature","geometry":{"type":"LineString","coordinates":[[23.33249,42.705274],[23.332548,42.705317],[23.332573,42.705348],[23.332597,42.705391],[23.332612,42.705427],[23.332629,42.705486],[23.332529,42.705852],[23.33247,42.706086],[23.332254,42.706819],[23.332226,42.706904],[23.332125,42.707057],[23.332015,42.707218],[23.331931,42.707326],[23.331875,42.707382],[23.331791,42.707461],[23.331529,42.707671]]},"properties":{"name":"бул. Константин Стоилов"}},{"type":"Feature","geometry":{"type":"LineString","coordinates":[[23.332949,42.705408],[23.33286,42.705448],[23.332813,42.705471],[23.332758,42.705527],[23.332738,42.705575],[23.332599,42.706105],[23.332383,42.706822],[23.332287,42.707174],[23.332249,42.707313],[23.332225,42.707401],[23.332215,42.707438],[23.332198,42.707506]]},"properties":{"name":"бул. Константин Стоилов"}},{"type":"Feature","geometry":{"type":"LineString","coordinates":[[23.338872,42.717733],[23.338924,42.717803],[23.33894,42.717826],[23.339308,42.718327],[23.339504,42.718595],[23.33963,42.718772],[23.339667,42.718821],[23.339922,42.71916],[23.339994,42.719256],[23.340116,42.719418],[23.34056,42.720065],[23.340948,42.720578],[23.341411,42.721109],[23.341938,42.721635],[23.342052,42.721777],[23.342467,42.722304],[23.342658,42.722546],[23.34274,42.72265],[23.342826,42.722759],[23.342893,42.722845],[23.343187,42.723279],[23.3435,42.723758],[23.343668,42.724089],[23.344097,42.724971],[23.344257,42.725257],[23.34447,42.725683],[23.344619,42.725977],[23.344674,42.726124],[23.344686,42.726256],[23.344674,42.726397],[23.344661,42.726559],[23.344653,42.726645],[23.344398,42.728034],[23.344313,42.728609],[23.34428,42.728837],[23.344267,42.728926]]},"properties":{"name":"Мара Бунева"}},{"type":"Feature","geometry":{"type":"LineString","coordinates":[[23.344267,42.728926],[23.344022,42.73027],[23.343978,42.730573],[23.343933,42.730887],[23.343864,42.731366],[23.343765,42.731904],[23.343736,42.732066],[23.343718,42.732159],[23.343707,42.732221],[23.343695,42.732284],[23.343685,42.732341],[23.343652,42.732516],[23.34359,42.732861],[23.343558,42.733033],[23.343526,42.733208],[23.343497,42.733376],[23.343493,42.733408],[23.343462,42.73357],[23.343386,42.733992],[23.343349,42.734199],[23.3433,42.734471],[23.343294,42.734507],[23.343222,42.734835],[23.343174,42.735264],[23.343167,42.735419],[23.343158,42.735612],[23.343184,42.735743],[23.343269,42.736168],[23.343289,42.736305],[23.343317,42.736451],[23.343446,42.737169],[23.343459,42.737234],[23.343542,42.737645],[23.343597,42.73792],[23.343621,42.738036],[23.343648,42.738171],[23.343672,42.738289],[23.34383,42.739022],[23.343854,42.739133],[23.343877,42.739206],[23.343934,42.739362],[23.344039,42.739597],[23.344144,42.73977],[23.34427,42.739991],[23.344329,42.74009],[23.344406,42.740217],[23.344915,42.741055],[23.345159,42.741455],[23.345191,42.741508],[23.345206,42.741532],[23.345469,42.741963],[23.345521,42.742048],[23.345935,42.742721],[23.346115,42.742956],[23.34628,42.743148],[23.346572,42.743393],[23.347075,42.74376],[23.347393,42.743995],[23.347562,42.744134],[23.347723,42.744348],[23.347932,42.744789],[23.347976,42.744881],[23.348015,42.744963],[23.348154,42.745142],[23.348336,42.745265],[23.348463,42.745336],[23.348947,42.745608],[23.349433,42.745818],[23.349605,42.745909],[23.349834,42.746058],[23.349988,42.746168],[23.350114,42.746309],[23.350208,42.746452],[23.350769,42.748234],[23.350794,42.748313],[23.351011,42.748986],[23.351146,42.749404],[23.351221,42.749658],[23.351351,42.750068],[23.351679,42.751098],[23.351858,42.751666],[23.352197,42.752738],[23.352327,42.753156],[23.352412,42.75343]]},"properties":{"name":"бул. Лазар Михайлов"}},{"type":"Feature","geometry":{"type":"LineString","coordinates":[[23.357541,42.767663],[23.357643,42.7678],[23.357961,42.768228],[23.358121,42.768393],[23.358548,42.768723],[23.359091,42.76922],[23.35925,42.769366],[23.359388,42.769485],[23.359792,42.769849],[23.360727,42.770694],[23.361099,42.77103],[23.361369,42.771273],[23.361446,42.771347],[23.361691,42.771562],[23.361879,42.771753],[23.362011,42.771945],[23.362098,42.772101],[23.362417,42.772598],[23.362449,42.772648],[23.36246,42.772665],[23.362486,42.772706],[23.362803,42.773228],[23.362857,42.773316],[23.363143,42.773757],[23.363509,42.774322],[23.363541,42.774371],[23.363925,42.774914],[23.364295,42.775346],[23.364962,42.776124],[23.365655,42.776933],[23.365954,42.777201],[23.366385,42.7775],[23.366452,42.777546],[23.36651,42.777587]]},"properties":{"name":"София"}},{"type":"Feature","geometry":{"type":"LineString","coordinates":[[23.192498,42.718336],[23.191715,42.718298],[23.191098,42.718252],[23.190846,42.718231],[23.189504,42.718128],[23.189101,42.718096],[23.18756,42.717982],[23.186384,42.717895],[23.185747,42.71777],[23.184662,42.717561],[23.183331,42.71732],[23.183136,42.717287],[23.182314,42.717114],[23.181706,42.716992],[23.181494,42.716957],[23.181195,42.7169],[23.180884,42.71684],[23.180749,42.716814],[23.180633,42.716792],[23.180083,42.716681],[23.179752,42.71663],[23.178708,42.716421],[23.177579,42.716222],[23.17708,42.716096],[23.176527,42.715923],[23.175722,42.715671],[23.174865,42.715488],[23.174376,42.715377],[23.173873,42.715203],[23.173573,42.715082]]},"properties":{"name":"София"}},{"type":"Feature","geometry":{"type":"LineString","coordinates":[[23.164456,42.711843],[23.16483,42.71195],[23.165479,42.71228],[23.166205,42.712733],[23.167742,42.713759],[23.168193,42.713921],[23.169691,42.714379],[23.171749,42.714671],[23.172851,42.714852]]},"properties":{"name":"София"}},{"type":"Feature","geometry":{"type":"LineString","coordinates":[[23.381478,42.781421],[23.383128,42.781723],[23.383911,42.781858],[23.38402,42.781877],[23.384133,42.781899],[23.384365,42.781944],[23.384976,42.782063],[23.386192,42.782301],[23.386351,42.782332],[23.386409,42.782344],[23.386552,42.782375],[23.387028,42.782477],[23.387502,42.782579],[23.387592,42.782599],[23.388075,42.782692],[23.388413,42.782762],[23.38845,42.782769],[23.389621,42.783001],[23.390163,42.783013],[23.390217,42.783014],[23.39042,42.783018],[23.390537,42.78302],[23.390685,42.783023],[23.390834,42.783027],[23.39094,42.78303],[23.391299,42.783039],[23.391647,42.783048],[23.392254,42.783058],[23.392922,42.783073],[23.39339,42.783056],[23.393785,42.783021],[23.394025,42.783054]]},"properties":{"name":"Софийска"}},{"type":"Feature","geometry":{"type":"LineString","coordinates":[[23.394025,42.783054],[23.394243,42.783177],[23.394383,42.783337],[23.394515,42.783475],[23.394698,42.783645],[23.394741,42.783685],[23.39488,42.783808],[23.395428,42.78429],[23.395611,42.784451],[23.396199,42.784969]]},"properties":{"name":"Войнишки път"}},{"type":"Feature","geometry":{"type":"LineString","coordinates":[[23.401536,42.787454],[23.40162,42.787504],[23.401651,42.787522],[23.401821,42.787623],[23.401941,42.787687]]},"properties":{"name":"SOF1086"}},{"type":"Feature","geometry":{"type":"LineString","coordinates":[[23.404348,42.80703],[23.404378,42.806537],[23.404349,42.805487],[23.404271,42.805103],[23.404128,42.804604],[23.404028,42.804337],[23.403818,42.804019],[23.403599,42.803725],[23.402771,42.802889],[23.402694,42.802813],[23.402143,42.802335],[23.401949,42.802166],[23.401918,42.80206],[23.401831,42.801756],[23.401696,42.801295]]},"properties":{"name":"Свети Димитър"}},{"type":"Feature","geometry":{"type":"LineString","coordinates":[[23.399786,42.798953],[23.399455,42.798707],[23.398066,42.797703],[23.397789,42.797504],[23.396732,42.796746],[23.396585,42.796635],[23.396327,42.796446],[23.391327,42.792892],[23.390857,42.792534],[23.39072,42.792422],[23.390615,42.792337]]},"properties":{"name":"SOF1085"}},{"type":"Feature","geometry":{"type":"LineString","coordinates":[[23.343854,42.739133],[23.34376,42.739154]]},"properties":{"name":"Завой"}},{"type":"Feature","geometry":{"type":"LineString","coordinates":[[23.343167,42.735419],[23.343073,42.73542]]},"properties":{"name":"Лунна нощ"}},{"type":"Feature","geometry":{"type":"LineString","coordinates":[[23.317751,42.705621],[23.317767,42.705726],[23.317862,42.70628],[23.317917,42.706607],[23.318124,42.707766],[23.318153,42.707943],[23.318157,42.707964],[23.318168,42.708031],[23.318176,42.708073],[23.318296,42.708716],[23.318415,42.709364],[23.318425,42.709417],[23.318432,42.709461],[23.318437,42.709492],[23.318444,42.709545],[23.3185,42.709879],[23.318538,42.710018],[23.31861,42.710176],[23.318704,42.710325],[23.31891,42.710624],[23.319084,42.710878],[23.319199,42.711041],[23.319307,42.711199],[23.319334,42.711243],[23.319349,42.711275],[23.319358,42.711294],[23.319363,42.711309],[23.319368,42.711324],[23.31938,42.711358],[23.319438,42.711515]]},"properties":{"name":"бул. Христо Ботев"}},{"type":"Feature","geometry":{"type":"LineString","coordinates":[[23.317495,42.705104],[23.317513,42.705186],[23.317524,42.705245],[23.317538,42.705308],[23.317588,42.705575],[23.317601,42.705632],[23.31763,42.705737],[23.317635,42.705766],[23.317675,42.706004],[23.317725,42.706293],[23.317781,42.706622],[23.317989,42.707747],[23.318034,42.707977],[23.318047,42.708046],[23.318055,42.708085],[23.318061,42.708117],[23.318087,42.708258],[23.318181,42.708737],[23.31831,42.709472],[23.31832,42.709521],[23.318326,42.709556],[23.318332,42.709598],[23.318402,42.710039],[23.318471,42.710385],[23.318504,42.710492],[23.318556,42.710606],[23.318601,42.710684],[23.319041,42.711308],[23.319046,42.711314],[23.319093,42.711367],[23.319129,42.711408],[23.31916,42.711439],[23.319297,42.711564]]},"properties":{"name":"бул. Христо Ботев"}},{"type":"Feature","geometry":{"type":"LineString","coordinates":[[23.315246,42.697692],[23.315237,42.69766]]},"properties":{"name":"бул. Христо Ботев"}},{"type":"Feature","geometry":{"type":"LineString","coordinates":[[23.313974,42.689471],[23.314016,42.689524],[23.314065,42.689588],[23.314088,42.689683],[23.314241,42.690314],[23.314331,42.690684],[23.314438,42.691134],[23.314449,42.69118],[23.314451,42.691191],[23.31456,42.691662],[23.314742,42.692394],[23.314823,42.692739],[23.314885,42.692989],[23.314922,42.693142],[23.315033,42.693579],[23.315207,42.694234],[23.315231,42.694363],[23.315245,42.694445],[23.31525,42.694466],[23.315271,42.694576],[23.315276,42.694608],[23.315277,42.694611],[23.31528,42.694631],[23.315283,42.69465],[23.315289,42.694676],[23.315307,42.694771],[23.315315,42.694818],[23.315325,42.694874],[23.315338,42.694944],[23.315341,42.694957],[23.315347,42.69499],[23.315356,42.695146],[23.315349,42.695317],[23.315341,42.695709],[23.31534,42.695777],[23.315336,42.695904],[23.315335,42.696003],[23.315332,42.696577],[23.315328,42.696698],[23.315325,42.696886],[23.315326,42.697016],[23.315327,42.697124],[23.315323,42.697217],[23.315322,42.697248],[23.315326,42.69735],[23.315338,42.697491],[23.315345,42.697535],[23.315352,42.69758],[23.315363,42.697643],[23.31537,42.697674],[23.315378,42.697708],[23.315397,42.697772],[23.315502,42.698098],[23.315578,42.698321],[23.315701,42.69869],[23.315705,42.698705],[23.315744,42.698827]]},"properties":{"name":"бул. Христо Ботев"}},{"type":"Feature","geometry":{"type":"LineString","coordinates":[[23.335808,42.696743],[23.335745,42.696751],[23.335687,42.696759],[23.335533,42.696811]]},"properties":{"name":"бул. Янко Сакъзов"}},{"type":"Feature","geometry":{"type":"LineString","coordinates":[[23.335576,42.696566],[23.335681,42.696617],[23.335731,42.696635],[23.335742,42.696636],[23.33581,42.696641],[23.336158,42.696626],[23.33646,42.696613],[23.336708,42.696602],[23.336963,42.696591],[23.337699,42.696558],[23.337782,42.696555],[23.337878,42.69655],[23.339315,42.696487],[23.340051,42.696455],[23.340197,42.696448],[23.34135,42.696398],[23.342094,42.696367],[23.342173,42.696363],[23.342287,42.696357],[23.34324,42.696315],[23.343643,42.696297],[23.344543,42.696258],[23.345176,42.69623],[23.345227,42.696228],[23.345461,42.696218],[23.346466,42.696169],[23.346519,42.696165],[23.346676,42.696159],[23.347013,42.696133],[23.347138,42.696125]]},"properties":{"name":"бул. Янко Сакъзов"}},{"type":"Feature","geometry":{"type":"LineString","coordinates":[[23.321832,42.6977],[23.321895,42.697689],[23.321959,42.697678],[23.322049,42.697665],[23.322877,42.69752],[23.323004,42.697496],[23.323267,42.697448],[23.323398,42.697436],[23.323506,42.69743],[23.32359,42.697436],[23.323671,42.697447],[23.323748,42.697461],[23.323872,42.697495],[23.323978,42.697536],[23.324118,42.697582],[23.324262,42.697613],[23.324449,42.697651],[23.324852,42.697695],[23.325054,42.697719],[23.325467,42.697761],[23.325853,42.697795],[23.325917,42.697801],[23.325988,42.697809],[23.326077,42.697849],[23.326148,42.69788],[23.326734,42.697939],[23.326831,42.697949],[23.326907,42.697957],[23.327072,42.697973],[23.327205,42.697987],[23.327864,42.698052],[23.327947,42.69806],[23.328413,42.698106],[23.328873,42.698151],[23.329776,42.698241],[23.329868,42.69825],[23.329952,42.698258],[23.330023,42.698265],[23.330107,42.698273],[23.330284,42.698291],[23.330889,42.698351],[23.33216,42.698476],[23.332217,42.698482],[23.332305,42.698491],[23.333201,42.698579],[23.334428,42.6987],[23.33453,42.69871],[23.334642,42.698722],[23.334734,42.698731],[23.334839,42.698741],[23.334904,42.698747],[23.336123,42.698868],[23.336196,42.698875],[23.336345,42.69889],[23.337757,42.699029],[23.337952,42.699048],[23.338062,42.699033],[23.338124,42.699024]]},"properties":{"name":"бул. Княз Александър Дондуков"}},{"type":"Feature","geometry":{"type":"LineString","coordinates":[[23.34243,42.699441],[23.342282,42.699427],[23.342248,42.699425],[23.341885,42.699393],[23.341828,42.699387],[23.340591,42.699264],[23.340462,42.699251],[23.340254,42.69923],[23.338729,42.69908],[23.338711,42.699078],[23.338581,42.699065],[23.338472,42.699054],[23.338124,42.699024],[23.33797,42.698962],[23.337931,42.698958],[23.33783,42.698948],[23.337763,42.698942],[23.337719,42.698937],[23.337271,42.698893],[23.336353,42.698802],[23.336139,42.698781],[23.336069,42.698774],[23.334855,42.698654],[23.334757,42.698645]]},"properties":{"name":"бул. Княз Александър Дондуков"}},{"type":"Feature","geometry":{"type":"LineString","coordinates":[[23.297838,42.702022],[23.297966,42.702],[23.297992,42.701995],[23.298784,42.701857],[23.299717,42.701699],[23.30066,42.701544],[23.300846,42.701514],[23.300929,42.7015],[23.300987,42.701491],[23.301782,42.701355],[23.302712,42.701202],[23.30312,42.701135],[23.303229,42.701117],[23.303253,42.701113],[23.303298,42.701106],[23.303539,42.701066],[23.303601,42.701056],[23.303645,42.701048],[23.303707,42.701038],[23.304432,42.70092],[23.304535,42.700903],[23.304628,42.700887],[23.304677,42.700878],[23.305488,42.700743],[23.306392,42.700589],[23.30732,42.700434],[23.308205,42.700286],[23.309158,42.700127],[23.30961,42.700049],[23.31006,42.699972],[23.310196,42.699949],[23.310404,42.699914],[23.310417,42.699912],[23.311023,42.699803],[23.311924,42.69963],[23.312843,42.699458],[23.313757,42.699287],[23.314629,42.699122],[23.315521,42.698953],[23.315646,42.69893],[23.31569,42.698922],[23.315723,42.698915],[23.315768,42.698907],[23.315865,42.698889],[23.315882,42.698886],[23.317183,42.698644],[23.318205,42.698444],[23.319321,42.698242],[23.320431,42.698038],[23.320622,42.697998],[23.320811,42.697952],[23.320975,42.697911],[23.321172,42.697864],[23.321591,42.697771],[23.321694,42.697747],[23.321747,42.69773],[23.321765,42.697723],[23.321782,42.697717],[23.321832,42.6977],[23.321774,42.697697],[23.321732,42.697692],[23.321672,42.697689],[23.321614,42.697695],[23.321556,42.697703],[23.321534,42.697708],[23.321158,42.697791],[23.320992,42.69783],[23.320954,42.697839],[23.320763,42.697883],[23.320431,42.697954],[23.319878,42.698062],[23.319273,42.698175],[23.318159,42.698381],[23.317144,42.698566],[23.315839,42.698809],[23.315744,42.698827],[23.315698,42.698835],[23.315665,42.69884],[23.315619,42.698848],[23.315495,42.698873],[23.315411,42.698889],[23.315067,42.698952],[23.314606,42.699037],[23.313734,42.699204],[23.312811,42.699374],[23.311894,42.699537],[23.310993,42.699706],[23.310392,42.699812],[23.310165,42.699851],[23.310033,42.699874],[23.309782,42.699919],[23.30942,42.699979],[23.309102,42.700033],[23.308174,42.700189],[23.307257,42.700341],[23.306357,42.700495],[23.305449,42.700647],[23.304594,42.700787],[23.304506,42.700801],[23.304402,42.700819],[23.304361,42.700825],[23.304002,42.700885],[23.303614,42.700948],[23.303572,42.700955],[23.303509,42.700966],[23.303443,42.700976],[23.303222,42.701011],[23.303201,42.701015],[23.30309,42.701034],[23.30303,42.701044],[23.302758,42.701089],[23.302675,42.701102],[23.301755,42.701257],[23.300897,42.701399],[23.300816,42.701413],[23.300631,42.701443],[23.300495,42.701465],[23.299695,42.701594],[23.298772,42.701749],[23.297941,42.701892],[23.297818,42.701913],[23.297736,42.701927],[23.297718,42.701931],[23.297696,42.701935],[23.297621,42.701948],[23.297565,42.701958],[23.297472,42.701974],[23.297004,42.70206],[23.296844,42.702092],[23.296686,42.702128],[23.296542,42.702163],[23.296422,42.702198],[23.296289,42.702245],[23.296168,42.702292],[23.29605,42.702347],[23.295932,42.702406],[23.295752,42.702514],[23.295203,42.702861],[23.294498,42.703314],[23.294308,42.703436],[23.294073,42.703585],[23.293935,42.703665],[23.293811,42.703729],[23.293695,42.703784],[23.293513,42.703861],[23.29344,42.703892],[23.293332,42.70393],[23.293304,42.703941],[23.293229,42.703967],[23.293105,42.704007],[23.292974,42.704042],[23.292851,42.704071],[23.2927,42.704106],[23.292604,42.704125],[23.292509,42.704145],[23.29178,42.704285],[23.291726,42.704296],[23.291004,42.704435],[23.290174,42.704581],[23.289635,42.704687],[23.289592,42.704696],[23.289416,42.704731],[23.289282,42.704759],[23.288571,42.704896],[23.288229,42.70498],[23.287262,42.705231],[23.28642,42.705458],[23.285544,42.705687],[23.285432,42.705716],[23.284872,42.705853]]},"properties":{"name":"бул. Тодор Александров"}},{"type":"Feature","geometry":{"type":"LineString","coordinates":[[23.383519,42.795515],[23.382482,42.796538],[23.381967,42.797055],[23.381812,42.797265],[23.381743,42.797424],[23.381355,42.79883],[23.381208,42.799143],[23.380993,42.79941],[23.380434,42.800035],[23.379738,42.800791],[23.379526,42.801138],[23.379476,42.801386],[23.379459,42.80161],[23.379501,42.801935],[23.379568,42.802253],[23.379571,42.802477],[23.379535,42.802692],[23.379481,42.802873],[23.379341,42.8032],[23.378972,42.80399],[23.378647,42.804711],[23.378587,42.804839],[23.378541,42.804921],[23.378193,42.805494],[23.37802,42.80579],[23.377946,42.805909],[23.377928,42.80594],[23.377848,42.806071],[23.377828,42.806103],[23.377735,42.806245],[23.377394,42.806762],[23.377023,42.807276],[23.37625,42.808336],[23.376174,42.808447],[23.376109,42.808572],[23.37607,42.808687],[23.376066,42.808718],[23.376049,42.808839],[23.376052,42.808985],[23.376056,42.809132],[23.376068,42.809252],[23.376097,42.809381],[23.376109,42.809404],[23.376251,42.809676],[23.376341,42.80985],[23.376434,42.81003],[23.376819,42.810714],[23.377256,42.81153],[23.377398,42.811805],[23.377427,42.811877],[23.377439,42.811946],[23.37739,42.812105],[23.377344,42.812204],[23.3773,42.812276],[23.377262,42.812304],[23.377184,42.812361],[23.376628,42.812722],[23.37642,42.812886],[23.376256,42.813046],[23.374614,42.814731],[23.37434,42.815077],[23.374081,42.815448],[23.373935,42.815675],[23.37385,42.815861],[23.373821,42.816052],[23.373823,42.816225],[23.373852,42.816479],[23.374055,42.81796],[23.37408,42.81814],[23.374051,42.818396],[23.373987,42.818565],[23.373902,42.818713],[23.37381,42.818849],[23.373587,42.819119],[23.373447,42.819278],[23.372889,42.819963]]},"properties":{"name":"Христо Ботев"}},{"type":"Feature","geometry":{"type":"LineString","coordinates":[[23.392956,42.780661],[23.393111,42.780504],[23.393262,42.780352],[23.393348,42.780253],[23.393861,42.779583],[23.393879,42.779562],[23.393895,42.779542],[23.395721,42.777284],[23.395782,42.777209],[23.395901,42.777055],[23.395924,42.777026],[23.397444,42.775081],[23.397483,42.775032],[23.398756,42.773424],[23.399168,42.772953],[23.399227,42.772897],[23.399316,42.77283],[23.399479,42.77272],[23.399826,42.772517]]},"properties":{"name":"Христо Ботев"}},{"type":"Feature","geometry":{"type":"LineString","coordinates":[[23.319126,42.845161],[23.319499,42.845218]]},"properties":{"name":"Христо Ботев"}},{"type":"Feature","geometry":{"type":"LineString","coordinates":[[23.264769,42.854509],[23.263993,42.854434]]},"properties":{"name":"Христо Ботев"}},{"type":"Feature","geometry":{"type":"LineString","coordinates":[[23.377546,42.811959],[23.377439,42.811946]]},"properties":{"name":"Околчица"}},{"type":"Feature","geometry":{"type":"LineString","coordinates":[[23.377411,42.812295],[23.377407,42.812223],[23.37739,42.812105]]},"properties":{"name":"Смолничето"}},{"type":"Feature","geometry":{"type":"LineString","coordinates":[[23.3773,42.812276],[23.377411,42.812295]]},"properties":{"name":"Бялата могила"}},{"type":"Feature","geometry":{"type":"LineString","coordinates":[[23.372889,42.819963],[23.372714,42.820107],[23.372523,42.820241],[23.372368,42.820326],[23.372147,42.82042],[23.371903,42.820494],[23.37164,42.820549],[23.371392,42.820576],[23.371358,42.82058]]},"properties":{"name":"Кременица"}},{"type":"Feature","geometry":{"type":"LineString","coordinates":[[23.371358,42.82058],[23.371182,42.820593],[23.371053,42.8206],[23.369125,42.820711],[23.368781,42.820729],[23.367574,42.820794],[23.367167,42.82081],[23.366902,42.820821],[23.366404,42.820827],[23.366207,42.82083],[23.366025,42.820831],[23.365848,42.82083],[23.364584,42.820819],[23.364191,42.820804],[23.36403,42.820783],[23.363865,42.820767],[23.363738,42.820788],[23.363641,42.820832],[23.363591,42.820907],[23.36357,42.821008],[23.363598,42.821132],[23.363634,42.821238],[23.363687,42.821341],[23.363841,42.821646],[23.363875,42.821735],[23.363875,42.821772],[23.363855,42.821813],[23.363812,42.821844],[23.363719,42.821876],[23.363611,42.821891],[23.363514,42.821895],[23.363415,42.821884],[23.363324,42.821841],[23.36326,42.821791],[23.363034,42.821489],[23.362912,42.821348],[23.362777,42.821206],[23.362611,42.821056],[23.362433,42.820913],[23.362215,42.820773],[23.362071,42.820711],[23.36194,42.820671],[23.361694,42.820627],[23.361029,42.820587],[23.360197,42.820541],[23.359762,42.82051],[23.359439,42.820499],[23.359354,42.820496],[23.359109,42.820502],[23.358783,42.820521],[23.358572,42.820546],[23.358361,42.820584],[23.358155,42.820634],[23.357958,42.8207],[23.357809,42.820754],[23.357475,42.820889],[23.357154,42.821041],[23.356541,42.821356],[23.35627,42.821508],[23.355762,42.821785],[23.355385,42.822034],[23.35493,42.822249],[23.354881,42.822272],[23.354719,42.822338],[23.354427,42.822452],[23.353975,42.822611]]},"properties":{"name":"Чавдар войвода"}},{"type":"Feature","geometry":{"type":"LineString","coordinates":[[23.387592,42.782599],[23.387639,42.782471],[23.387689,42.782332],[23.387755,42.782153],[23.38798,42.782084],[23.388087,42.782051],[23.389908,42.781571],[23.390837,42.781309],[23.39108,42.781241],[23.392205,42.780943],[23.392611,42.780808],[23.392956,42.780661]]},"properties":{"name":"Чавдар войвода"}},{"type":"Feature","geometry":{"type":"LineString","coordinates":[[23.361694,42.820627],[23.361201,42.820447],[23.35936,42.81967],[23.359282,42.819634],[23.358929,42.819476],[23.358217,42.819168],[23.357398,42.81881],[23.356855,42.818572],[23.356665,42.818489],[23.356352,42.818357],[23.356059,42.818225],[23.355987,42.818186],[23.355854,42.818112],[23.355711,42.818032],[23.355206,42.817796],[23.354067,42.817295],[23.353644,42.817098],[23.353364,42.81694],[23.352964,42.816682],[23.352885,42.816663],[23.352816,42.816662],[23.35273,42.816691]]},"properties":{"name":"Вечерница"}},{"type":"Feature","geometry":{"type":"LineString","coordinates":[[23.237661,42.67478],[23.23752,42.674756],[23.237289,42.674692],[23.237097,42.674686],[23.236895,42.674729],[23.236578,42.67481],[23.236432,42.674861],[23.236297,42.674922],[23.236104,42.675006],[23.235963,42.675068],[23.235477,42.675221],[23.234867,42.675369],[23.234509,42.675455],[23.23439,42.675475],[23.233725,42.675587],[23.232447,42.675806],[23.232155,42.67586],[23.231937,42.6759],[23.231787,42.675927],[23.231543,42.675968]]},"properties":{"name":"Вечерница"}},{"type":"Feature","geometry":{"type":"LineString","coordinates":[[23.356352,42.818357],[23.356219,42.818524],[23.355722,42.819147],[23.355397,42.81953],[23.355369,42.819564],[23.355105,42.819893],[23.354969,42.820046],[23.354191,42.820996],[23.35386,42.821389]]},"properties":{"name":"Търговска"}},{"type":"Feature","geometry":{"type":"LineString","coordinates":[[23.340512,42.716023],[23.340591,42.716069],[23.340608,42.716078],[23.340691,42.716127]]},"properties":{"name":"Христо Станишев"}},{"type":"Feature","geometry":{"type":"LineString","coordinates":[[23.340691,42.716127],[23.340745,42.71607],[23.342195,42.71601]]},"properties":{"name":"Кестен"}},{"type":"Feature","geometry":{"type":"LineString","coordinates":[[23.35386,42.821389],[23.353868,42.821468],[23.35391,42.821867],[23.353957,42.822329],[23.353975,42.822611],[23.353975,42.822657],[23.353988,42.823072],[23.353992,42.823193],[23.353992,42.823288],[23.353994,42.824257],[23.353939,42.825269],[23.353935,42.825343],[23.353827,42.826337],[23.353795,42.826651],[23.353781,42.826799],[23.353777,42.826887],[23.353788,42.82697]]},"properties":{"name":"Искърско дефиле"}},{"type":"Feature","geometry":{"type":"LineString","coordinates":[[23.35273,42.816691],[23.352443,42.81595],[23.352237,42.815433],[23.352153,42.815223],[23.352122,42.815143],[23.352021,42.814879],[23.351956,42.8147],[23.351843,42.814384],[23.351742,42.814048],[23.351547,42.813365],[23.351161,42.812024],[23.350814,42.810812],[23.35079,42.810729],[23.350598,42.810033],[23.350495,42.809753],[23.350412,42.809557],[23.350334,42.809415],[23.350235,42.809258],[23.350117,42.809099],[23.349436,42.808257],[23.348735,42.807391],[23.348211,42.80675],[23.347601,42.806011],[23.347171,42.805503],[23.346997,42.805299],[23.346821,42.805118],[23.346591,42.804933],[23.346337,42.804739],[23.345835,42.804373],[23.344611,42.80349],[23.34429,42.803259],[23.344075,42.803106],[23.343494,42.802686],[23.342939,42.802286],[23.342771,42.802152],[23.342603,42.801996],[23.342432,42.801826],[23.342091,42.801485],[23.341446,42.800834],[23.341237,42.800612],[23.341162,42.80052],[23.341126,42.800463],[23.341095,42.800399],[23.341064,42.80032],[23.34102,42.800209],[23.340795,42.799589],[23.34073,42.799409],[23.340388,42.798447],[23.340352,42.798336],[23.340074,42.797543],[23.339742,42.796649],[23.339719,42.796587],[23.339619,42.796316],[23.339436,42.795824],[23.339315,42.79554],[23.33924,42.795402],[23.33912,42.795246],[23.338952,42.795078],[23.338714,42.794886],[23.338334,42.794599],[23.337886,42.794246],[23.336291,42.793061],[23.335935,42.792789],[23.335283,42.792291],[23.334708,42.791856],[23.334198,42.791478],[23.334031,42.791372],[23.333916,42.791301],[23.33366,42.791144],[23.333287,42.790894],[23.333125,42.790768],[23.332973,42.790631],[23.332652,42.790338],[23.332211,42.789967],[23.332064,42.789864],[23.331973,42.789809],[23.331868,42.789763],[23.331743,42.789725],[23.33161,42.789707],[23.33049,42.789585],[23.330404,42.789575],[23.329428,42.789462],[23.328705,42.789381],[23.328554,42.789353],[23.328399,42.789299],[23.328255,42.789221],[23.328112,42.789123],[23.327955,42.788992],[23.327521,42.788599],[23.327117,42.788234],[23.32706,42.788182]]},"properties":{"name":"Искърско дефиле"}},{"type":"Feature","geometry":{"type":"LineString","coordinates":[[23.326881,42.788022],[23.326748,42.787903],[23.32632,42.787516],[23.326082,42.787304],[23.325864,42.787124],[23.325797,42.787071],[23.325654,42.786958],[23.325185,42.786623],[23.324312,42.785998],[23.323682,42.785552],[23.323426,42.785395],[23.32315,42.785237],[23.32266,42.784968],[23.321586,42.784376],[23.320866,42.783963],[23.32067,42.78385]]},"properties":{"name":"Искърско дефиле"}},{"type":"Feature","geometry":{"type":"LineString","coordinates":[[23.329386,42.793218],[23.329395,42.791799],[23.329403,42.791008],[23.329428,42.789462]]},"properties":{"name":"Липите"}},{"type":"Feature","geometry":{"type":"LineString","coordinates":[[23.328281,42.79324],[23.328572,42.793243],[23.328858,42.793235],[23.329386,42.793218]]},"properties":{"name":"Крушата"}},{"type":"Feature","geometry":{"type":"LineString","coordinates":[[23.310722,42.793317],[23.310764,42.793371],[23.310819,42.793408],[23.310904,42.793432],[23.310992,42.793441],[23.311098,42.793429],[23.311298,42.793393],[23.311521,42.793338],[23.311684,42.793288],[23.311894,42.793245],[23.312094,42.793214],[23.31229,42.793197],[23.315995,42.792923],[23.316249,42.792912],[23.316483,42.792918],[23.316735,42.792938],[23.31696,42.792969],[23.317149,42.793029],[23.31732,42.79311],[23.317936,42.793443],[23.318118,42.793527],[23.31829,42.793602],[23.318488,42.793673],[23.318674,42.793718],[23.319906,42.793994],[23.321191,42.794277],[23.321419,42.794323],[23.321603,42.79435],[23.321775,42.794363],[23.321986,42.794353],[23.322167,42.794323],[23.32236,42.794279],[23.326102,42.79317],[23.326276,42.793123],[23.326451,42.793089],[23.326622,42.793078],[23.326818,42.793081],[23.32706,42.793098],[23.327535,42.793147],[23.328007,42.793199],[23.328281,42.79324]]},"properties":{"name":"Каптажна"}},{"type":"Feature","geometry":{"type":"LineString","coordinates":[[23.310722,42.793317],[23.310681,42.793239],[23.310648,42.793136],[23.310589,42.792886],[23.310474,42.792394],[23.310077,42.790656],[23.30995,42.79005],[23.309835,42.789533]]},"properties":{"name":"Еделвайс"}},{"type":"Feature","geometry":{"type":"LineString","coordinates":[[23.309835,42.789533],[23.308133,42.789794],[23.30612,42.790388],[23.305038,42.790715],[23.304508,42.790876],[23.304336,42.790902],[23.304128,42.790916],[23.303863,42.790936],[23.30327,42.791006]]},"properties":{"name":"Чавдар Войвода"}},{"type":"Feature","geometry":{"type":"LineString","coordinates":[[23.30327,42.791006],[23.30332,42.79086],[23.303494,42.790305],[23.303652,42.789836],[23.303741,42.789559],[23.303789,42.789389],[23.303815,42.789328],[23.303861,42.789245],[23.303898,42.789217],[23.303941,42.789185],[23.304011,42.789143],[23.304109,42.789098],[23.304533,42.788931],[23.304632,42.788887],[23.304754,42.78881],[23.305122,42.788532],[23.305571,42.788174],[23.305701,42.788061],[23.305815,42.787936],[23.305918,42.787809],[23.30603,42.787658],[23.30655,42.787022],[23.307184,42.786284],[23.308368,42.784908],[23.312189,42.780541],[23.312378,42.78033],[23.312407,42.780296],[23.312447,42.780252]]},"properties":{"name":"Мировско шосе"}},{"type":"Feature","geometry":{"type":"LineString","coordinates":[[23.312447,42.780252],[23.312502,42.780189],[23.312523,42.780165],[23.312713,42.779948],[23.313033,42.779565],[23.31373,42.77873],[23.314216,42.778155],[23.314468,42.777827],[23.314559,42.777709],[23.314646,42.777586],[23.314713,42.77748],[23.31478,42.777375],[23.314892,42.777174],[23.315021,42.776951],[23.315123,42.776745],[23.315245,42.776502],[23.315346,42.776255],[23.315358,42.776221],[23.315451,42.77591],[23.315474,42.775746],[23.315487,42.775584],[23.315467,42.775135],[23.315466,42.775106],[23.315464,42.775065],[23.315462,42.774977],[23.315461,42.774916],[23.315459,42.774853],[23.315457,42.774755],[23.315478,42.774552],[23.315505,42.774427],[23.315522,42.774315],[23.315559,42.774215],[23.315657,42.773993],[23.315732,42.773829],[23.315798,42.773688],[23.315878,42.773534],[23.315943,42.773388],[23.315978,42.773222],[23.31601,42.773033],[23.316012,42.772835],[23.31599,42.772655],[23.315972,42.772562],[23.315769,42.771509],[23.315747,42.771394],[23.315733,42.771322],[23.315601,42.770549],[23.315535,42.770143],[23.315452,42.769736]]},"properties":{"name":"Латин Колев"}},{"type":"Feature","geometry":{"type":"LineString","coordinates":[[23.315452,42.769736],[23.315373,42.769254],[23.315364,42.769208],[23.31535,42.769137],[23.315316,42.768964],[23.315311,42.768939],[23.315282,42.76879],[23.31514,42.768068],[23.31511,42.767915],[23.314971,42.767191],[23.314209,42.763317],[23.314171,42.763096],[23.314064,42.762477],[23.314013,42.762348],[23.313898,42.761547],[23.313851,42.761241],[23.313854,42.76114],[23.313864,42.761054],[23.313885,42.760977],[23.31393,42.760887],[23.313998,42.760788],[23.314073,42.760753],[23.31419,42.760647],[23.31432,42.760541],[23.314701,42.760235],[23.31493,42.760066],[23.315117,42.759931],[23.3152,42.75988],[23.315283,42.759844],[23.315382,42.759819],[23.315496,42.759801],[23.315754,42.759781],[23.316019,42.759754],[23.316219,42.759713],[23.317025,42.759534],[23.318104,42.759303],[23.318597,42.759206],[23.319116,42.759114],[23.31911,42.759026],[23.319081,42.758599],[23.319079,42.758547],[23.319028,42.757789],[23.319005,42.757509],[23.318994,42.757414],[23.318923,42.756456],[23.318913,42.756326],[23.318869,42.755287],[23.318864,42.755158],[23.318815,42.754611],[23.318774,42.754199],[23.318768,42.754139],[23.318655,42.752569],[23.318572,42.751325],[23.31857,42.751288],[23.318566,42.751246],[23.318557,42.751146],[23.318549,42.751025],[23.318541,42.750898],[23.318475,42.750218],[23.318427,42.74932],[23.318377,42.748563],[23.318371,42.748494],[23.31837,42.748475],[23.318365,42.748409],[23.318341,42.748049],[23.318315,42.74773],[23.318309,42.747667],[23.318292,42.747511],[23.318276,42.747354],[23.318266,42.747265],[23.318254,42.747144],[23.31824,42.746987],[23.318225,42.746738],[23.318221,42.746658],[23.318222,42.746561],[23.318236,42.746415],[23.318244,42.746318],[23.318251,42.746175],[23.318234,42.745931],[23.318211,42.745604],[23.318195,42.74533],[23.318156,42.744813],[23.318155,42.744795],[23.318148,42.744712],[23.318143,42.744632],[23.318035,42.743033],[23.318024,42.742843],[23.317958,42.741729],[23.317947,42.74157],[23.317939,42.741432],[23.317929,42.741329],[23.317908,42.741249],[23.31789,42.741204],[23.317858,42.741127],[23.317814,42.741024],[23.317372,42.740188],[23.31717,42.739798],[23.316701,42.738892],[23.316508,42.738518],[23.3165,42.73849],[23.316489,42.738336],[23.316429,42.738229],[23.31641,42.738194],[23.316244,42.737898],[23.316066,42.737838],[23.315969,42.737668],[23.315769,42.737282],[23.315579,42.73689],[23.315381,42.736509],[23.315185,42.736169],[23.315129,42.73607],[23.314923,42.735674],[23.314655,42.7352],[23.314614,42.735128],[23.314497,42.734902],[23.31432,42.734571],[23.314231,42.734405],[23.314168,42.734288],[23.313879,42.733776],[23.313803,42.733652],[23.313611,42.733136],[23.313714,42.732939],[23.313677,42.732844],[23.313511,42.732146]]},"properties":{"name":"бул. Рожен"}},{"type":"Feature","geometry":{"type":"LineString","coordinates":[[23.311818,42.724518],[23.312039,42.725613],[23.312189,42.726356],[23.312327,42.726953],[23.312335,42.726987],[23.312363,42.727108],[23.312382,42.727192],[23.31239,42.727227],[23.312519,42.727785],[23.312485,42.728258],[23.312527,42.728461],[23.312636,42.728944],[23.312748,42.729434],[23.312861,42.729927],[23.312964,42.730448],[23.313058,42.730875],[23.313088,42.730945],[23.313198,42.731079],[23.31329,42.731196],[23.313338,42.731402],[23.313387,42.731614],[23.313406,42.731698],[23.31342,42.731759],[23.313427,42.731789],[23.313449,42.731882],[23.31347,42.731973],[23.313476,42.732],[23.313492,42.732068],[23.313511,42.732146],[23.313615,42.732237],[23.313727,42.732508],[23.313836,42.732863],[23.313963,42.733202],[23.314023,42.733351],[23.314162,42.733663],[23.314332,42.733977],[23.315121,42.735437],[23.316642,42.738285]]},"properties":{"name":"бул. Рожен"}},{"type":"Feature","geometry":{"type":"LineString","coordinates":[[23.310698,42.721514],[23.310785,42.721717],[23.310946,42.722131],[23.311086,42.722497],[23.311174,42.722715],[23.311423,42.723308],[23.311611,42.723765],[23.311704,42.723978],[23.311552,42.723288],[23.311343,42.722652],[23.31127,42.72243],[23.310823,42.721107],[23.310775,42.720971],[23.310677,42.720683],[23.3106,42.720457],[23.310546,42.720301],[23.310304,42.7196],[23.310229,42.719374],[23.310171,42.719182],[23.310121,42.718988],[23.310076,42.718794],[23.310037,42.71859],[23.310006,42.718386],[23.309981,42.718181],[23.309931,42.717577]]},"properties":{"name":"бул. Рожен"}},{"type":"Feature","geometry":{"type":"LineString","coordinates":[[23.310052,42.715238],[23.309973,42.715336],[23.309917,42.715403],[23.309849,42.715498],[23.309801,42.715588],[23.309794,42.71561],[23.309783,42.71568],[23.309772,42.715752],[23.309764,42.715882],[23.309769,42.716022],[23.309787,42.716181],[23.309843,42.716535]]},"properties":{"name":"бул. Рожен"}},{"type":"Feature","geometry":{"type":"LineString","coordinates":[[23.321241,42.757802],[23.321155,42.757515],[23.321107,42.75732],[23.320913,42.756495],[23.320835,42.756154],[23.320792,42.755979],[23.320752,42.755806],[23.320698,42.755587],[23.320627,42.755267],[23.320595,42.755072],[23.320586,42.754978],[23.320583,42.754946],[23.320568,42.754774]]},"properties":{"name":"бул. Рожен"}},{"type":"Feature","geometry":{"type":"LineString","coordinates":[[23.311168,42.72085],[23.311163,42.720865]]},"properties":{"name":"бул. Рожен"}},{"type":"Feature","geometry":{"type":"LineString","coordinates":[[23.310178,42.720601],[23.31022,42.720497],[23.310242,42.720442],[23.310265,42.720319],[23.310269,42.720237],[23.31024,42.720117],[23.310133,42.719823],[23.310073,42.719594],[23.310009,42.719362],[23.309951,42.719073],[23.309906,42.718806],[23.309883,42.718634],[23.309868,42.718461],[23.309859,42.718292],[23.309857,42.718122],[23.309931,42.717577]]},"properties":{"name":"бул. Рожен"}},{"type":"Feature","geometry":{"type":"LineString","coordinates":[[23.309894,42.716031],[23.309881,42.716079],[23.309869,42.716154],[23.309861,42.716232],[23.309856,42.716342],[23.309843,42.716535],[23.309913,42.717316],[23.309931,42.717577],[23.31017,42.71833],[23.310254,42.718606],[23.310377,42.719008],[23.310512,42.719404],[23.310592,42.719625],[23.310603,42.719661],[23.310726,42.720109],[23.310741,42.720146],[23.310761,42.720181],[23.310795,42.720223],[23.310837,42.720261],[23.310893,42.720303],[23.310932,42.720326],[23.310973,42.720345]]},"properties":{"name":"бул. Рожен"}},{"type":"Feature","geometry":{"type":"LineString","coordinates":[[23.316489,42.738336],[23.316581,42.738305],[23.316642,42.738285],[23.316722,42.738258],[23.317373,42.738039],[23.317667,42.737941],[23.317695,42.737931]]},"properties":{"name":"Петър Панайотов"}},{"type":"Feature","geometry":{"type":"LineString","coordinates":[[23.317695,42.737931],[23.317664,42.737549],[23.31758,42.736539],[23.317575,42.736479],[23.317514,42.735748],[23.317462,42.735119],[23.317378,42.734111],[23.317279,42.732914],[23.317216,42.732155],[23.317203,42.731999],[23.317169,42.731587],[23.317135,42.73146],[23.317085,42.731335],[23.317035,42.73125],[23.316963,42.731167],[23.31691,42.731115],[23.316846,42.731064],[23.316762,42.731014],[23.316667,42.730967],[23.316578,42.730932],[23.316483,42.730901],[23.316388,42.730882],[23.316291,42.73087],[23.316201,42.730869],[23.316117,42.730875],[23.315643,42.730928],[23.31519,42.730979],[23.314458,42.731062],[23.313958,42.731119],[23.313821,42.731135],[23.313587,42.731162],[23.313563,42.731165],[23.313524,42.731169],[23.31347,42.731175],[23.31329,42.731196]]},"properties":{"name":"Илиянско шосе"}},{"type":"Feature","geometry":{"type":"LineString","coordinates":[[23.311611,42.723765],[23.31147,42.723812]]},"properties":{"name":"Ген. Жостов"}},{"type":"Feature","geometry":{"type":"LineString","coordinates":[[23.287645,42.740304],[23.287838,42.740133],[23.288007,42.739981],[23.289202,42.738902],[23.290058,42.738128],[23.290449,42.737766],[23.290462,42.737753],[23.291145,42.737086],[23.291845,42.736434],[23.292823,42.735527],[23.292913,42.735444],[23.292962,42.735399],[23.293006,42.735358],[23.293133,42.735238],[23.293524,42.734868],[23.293607,42.734782],[23.293984,42.734446],[23.294243,42.734205],[23.294534,42.733933],[23.29471,42.733773],[23.295034,42.733478],[23.295103,42.733415],[23.29532,42.733216],[23.295568,42.732982],[23.29573,42.732835],[23.295842,42.732735],[23.295969,42.732621],[23.29617,42.732441],[23.296241,42.732377],[23.296346,42.732283],[23.296416,42.732216],[23.296493,42.732142],[23.296619,42.732022],[23.296961,42.731695],[23.297004,42.731655],[23.29711,42.731554],[23.297404,42.731279],[23.297513,42.731183],[23.297547,42.731152],[23.297725,42.730987],[23.297841,42.730879],[23.298143,42.730597],[23.298356,42.730403],[23.298706,42.73008],[23.298979,42.729827],[23.299068,42.729748],[23.299432,42.729409],[23.299691,42.729174],[23.300137,42.728762],[23.300425,42.728495],[23.300743,42.728193],[23.300919,42.728033],[23.300967,42.727993],[23.301194,42.727777],[23.301673,42.727333],[23.302118,42.726917],[23.302345,42.726709],[23.302499,42.726568],[23.302577,42.726496],[23.302617,42.72646],[23.302639,42.726441],[23.303041,42.726059],[23.303489,42.725635],[23.303746,42.725389],[23.303907,42.725241],[23.30396,42.725191],[23.304147,42.725017],[23.30443,42.724755],[23.304571,42.724628],[23.304892,42.724329],[23.305182,42.724053],[23.305226,42.724011],[23.30534,42.723907]]},"properties":{"name":"бул. Ломско шосе"}},{"type":"Feature","geometry":{"type":"LineString","coordinates":[[23.287195,42.740731],[23.286441,42.741421],[23.286178,42.741672],[23.285559,42.74224],[23.285473,42.742317],[23.285145,42.742619],[23.284716,42.743013],[23.284654,42.74307],[23.28458,42.74314]]},"properties":{"name":"бул. Ломско шосе"}},{"type":"Feature","geometry":{"type":"LineString","coordinates":[[23.309569,42.721066],[23.309316,42.721166],[23.308871,42.721354],[23.308382,42.721586],[23.308145,42.721705],[23.307964,42.721804],[23.307637,42.721996],[23.307301,42.722215],[23.306796,42.722584],[23.306161,42.723075],[23.305799,42.72337],[23.305488,42.723655],[23.305379,42.723759],[23.305371,42.723792],[23.30534,42.723907],[23.305459,42.723838],[23.30549,42.723819],[23.305562,42.723749],[23.305654,42.723667],[23.305904,42.723447],[23.306011,42.723354],[23.306086,42.723292],[23.306326,42.72309],[23.307018,42.722571],[23.307283,42.722389],[23.307505,42.72223],[23.307783,42.722062],[23.30809,42.721881],[23.308524,42.72166],[23.30898,42.721448],[23.309416,42.72126],[23.309698,42.721144],[23.309914,42.721051],[23.310004,42.721023],[23.310102,42.72101],[23.310192,42.72101],[23.310295,42.721013]]},"properties":{"name":"бул. Ломско шосе"}},{"type":"Feature","geometry":{"type":"LineString","coordinates":[[23.253298,42.773107],[23.253762,42.772614]]},"properties":{"name":"бул. Ломско шосе"}},{"type":"Feature","geometry":{"type":"LineString","coordinates":[[23.267315,42.759054],[23.267404,42.759031],[23.267482,42.759008],[23.267553,42.758974],[23.267656,42.758895],[23.267933,42.758643],[23.268114,42.758475],[23.268453,42.758162],[23.268895,42.757882],[23.269042,42.75778],[23.269267,42.757617],[23.269291,42.757595],[23.270382,42.756577],[23.270392,42.75657],[23.270463,42.756503],[23.271338,42.755591],[23.271419,42.755512],[23.271486,42.755446],[23.271593,42.755343],[23.271873,42.75502],[23.272392,42.754505],[23.272718,42.754161],[23.272966,42.753901],[23.274251,42.752549],[23.274519,42.752267],[23.274986,42.751801],[23.27512,42.751668],[23.275179,42.751609],[23.275439,42.751351],[23.27551,42.75128],[23.275788,42.751011],[23.277347,42.749539],[23.277701,42.7492],[23.279506,42.747555],[23.280134,42.74698],[23.280337,42.746909],[23.280477,42.746776],[23.282368,42.745016],[23.283179,42.744261],[23.283453,42.744005],[23.28391,42.743561],[23.284245,42.743272],[23.284276,42.743239],[23.284395,42.743129],[23.284518,42.743014],[23.284693,42.742851]]},"properties":{"name":"бул. Ломско шосе"}},{"type":"Feature","geometry":{"type":"LineString","coordinates":[[23.30534,42.723907],[23.305204,42.723846],[23.305154,42.723824],[23.305112,42.723807],[23.304997,42.723759],[23.304894,42.723727],[23.304809,42.723706],[23.304659,42.723675],[23.304548,42.723658],[23.304417,42.723638],[23.304134,42.723607]]},"properties":{"name":"Република"}},{"type":"Feature","geometry":{"type":"LineString","coordinates":[[23.304134,42.723607],[23.303471,42.723574],[23.302974,42.723548],[23.302378,42.723513],[23.301472,42.723466],[23.301433,42.723464],[23.301343,42.723458],[23.301188,42.723448],[23.301128,42.723444],[23.300226,42.723386],[23.299863,42.723368],[23.299518,42.723365],[23.298407,42.723367],[23.298374,42.723367],[23.296231,42.723378],[23.295523,42.723383],[23.295093,42.723398],[23.294958,42.723412],[23.294847,42.723446],[23.294646,42.723566],[23.294482,42.723643],[23.294338,42.723733],[23.294157,42.723846],[23.292475,42.724928],[23.292183,42.725115],[23.292023,42.725219],[23.29197,42.725253],[23.291161,42.725786],[23.28996,42.726578],[23.289666,42.72678],[23.289628,42.726806],[23.289533,42.726871],[23.289447,42.726927],[23.289305,42.727025],[23.289136,42.727142],[23.289078,42.727197],[23.289027,42.727263],[23.288924,42.727425],[23.288144,42.728637],[23.287917,42.728995],[23.287596,42.729485],[23.287534,42.729573],[23.287468,42.729674],[23.287166,42.730134],[23.287021,42.73036],[23.286916,42.730526],[23.286895,42.730559],[23.286871,42.730598],[23.286833,42.730657],[23.286504,42.73117],[23.286372,42.731361],[23.286348,42.731395],[23.286246,42.731463]]},"properties":{"name":"Хан Кубрат"}},{"type":"Feature","geometry":{"type":"LineString","coordinates":[[23.283596,42.732055],[23.283628,42.73212],[23.283658,42.732157],[23.283724,42.732219],[23.283788,42.732247],[23.283855,42.732267],[23.283911,42.732274],[23.283987,42.732273],[23.284065,42.732265],[23.284179,42.732239],[23.284416,42.732161],[23.284595,42.732084],[23.284887,42.732],[23.285106,42.731937],[23.285409,42.731848],[23.285699,42.731763],[23.285936,42.731694],[23.286048,42.731653],[23.286064,42.731647],[23.286134,42.731614],[23.286185,42.731576],[23.286246,42.731463],[23.286261,42.731285],[23.286708,42.730596],[23.286741,42.730545],[23.286783,42.730483],[23.286829,42.730409],[23.287062,42.730058],[23.287334,42.729633],[23.287377,42.729564],[23.287406,42.72952],[23.287459,42.729437],[23.288011,42.728588],[23.28809,42.728452],[23.288164,42.728335],[23.288573,42.727707],[23.288634,42.727611],[23.288896,42.727204],[23.288953,42.72713],[23.289012,42.72708],[23.289325,42.726877],[23.289358,42.726855],[23.289436,42.726808]]},"properties":{"name":"Хан Кубрат"}},{"type":"Feature","geometry":{"type":"LineString","coordinates":[[23.286246,42.731463],[23.286356,42.731612],[23.28641,42.731643],[23.28681,42.731877],[23.288186,42.732661],[23.288476,42.732828],[23.288535,42.732862],[23.288596,42.732897],[23.288663,42.732935],[23.288699,42.732956],[23.288753,42.732987],[23.288782,42.733003],[23.28917,42.733224],[23.290358,42.7339],[23.290518,42.733991],[23.290913,42.734216],[23.291353,42.734467],[23.291479,42.734539],[23.291571,42.734592],[23.29159,42.734603],[23.292268,42.734994],[23.292738,42.735269],[23.292838,42.735327],[23.292962,42.735399],[23.293128,42.735496],[23.293703,42.735831],[23.293905,42.735948],[23.294406,42.736239],[23.295883,42.737098],[23.296079,42.737203],[23.296209,42.737273],[23.296902,42.737646],[23.296987,42.737692],[23.297538,42.737987]]},"properties":{"name":"Бели Дунав"}},{"type":"Feature","geometry":{"type":"LineString","coordinates":[[23.287746,42.740541],[23.287705,42.740524]]},"properties":{"name":"Острова"}},{"type":"Feature","geometry":{"type":"LineString","coordinates":[[23.284654,42.74307],[23.284518,42.743014],[23.284301,42.742999],[23.284213,42.742995],[23.283816,42.74299],[23.283171,42.74297],[23.282555,42.74294],[23.282466,42.742921],[23.282209,42.742866],[23.281826,42.742767],[23.281176,42.742617],[23.280571,42.742466],[23.280437,42.742425],[23.280364,42.742406],[23.280338,42.742398],[23.279575,42.742205]]},"properties":{"name":"Обелски път"}},{"type":"Feature","geometry":{"type":"LineString","coordinates":[[23.278415,42.741901],[23.278495,42.741919],[23.279251,42.742106],[23.279575,42.742205],[23.279406,42.742183],[23.279035,42.742134],[23.278787,42.742082],[23.278483,42.742012],[23.278462,42.742007],[23.278378,42.741988]]},"properties":{"name":"Обелски път"}},{"type":"Feature","geometry":{"type":"LineString","coordinates":[[23.28458,42.74314],[23.284395,42.743129]]},"properties":{"name":"Обелски път"}},{"type":"Feature","geometry":{"type":"LineString","coordinates":[[23.279836,42.746619],[23.280071,42.746755],[23.280189,42.746824],[23.280201,42.746831],[23.280337,42.746909]]},"properties":{"name":"107-ма"}},{"type":"Feature","geometry":{"type":"LineString","coordinates":[[23.268473,42.746905],[23.269278,42.747878],[23.269369,42.747942],[23.269456,42.747994],[23.269538,42.748033],[23.26963,42.748055],[23.269759,42.748071],[23.27182,42.74818],[23.273324,42.748259],[23.274852,42.748255],[23.274882,42.748255],[23.27495,42.748255],[23.276214,42.748252],[23.276384,42.748252],[23.277294,42.74825],[23.277632,42.748203],[23.277785,42.74817],[23.277906,42.748144],[23.278222,42.748027],[23.278435,42.747902],[23.278609,42.747782],[23.278922,42.747488],[23.279836,42.746619]]},"properties":{"name":"Илия Георгов"}},{"type":"Feature","geometry":{"type":"LineString","coordinates":[[23.269749,42.746325],[23.269194,42.746577],[23.268473,42.746905]]},"properties":{"name":"115-та"}},{"type":"Feature","geometry":{"type":"LineString","coordinates":[[23.278415,42.741901],[23.278331,42.741889],[23.278269,42.741887],[23.278202,42.741901],[23.278177,42.741915],[23.278157,42.741925],[23.278139,42.741935],[23.278118,42.74195],[23.278096,42.741969],[23.278053,42.742008]]},"properties":{"name":"Акад. Дмитрий Лихачов"}},{"type":"Feature","geometry":{"type":"LineString","coordinates":[[23.278378,42.741988],[23.278307,42.741973],[23.278247,42.741964],[23.278212,42.741963],[23.278174,42.741968],[23.278123,42.74198],[23.278053,42.742008],[23.27799,42.742047],[23.277949,42.742072],[23.277701,42.742277],[23.277562,42.742378],[23.277383,42.742491],[23.277138,42.742635],[23.276868,42.742747],[23.276722,42.74279],[23.276685,42.742801],[23.276627,42.742818],[23.276393,42.742865],[23.27612,42.742898],[23.275777,42.742919],[23.275508,42.742923],[23.274916,42.742921],[23.274893,42.742921],[23.274869,42.742921],[23.27479,42.742921],[23.274679,42.742921],[23.27456,42.742921],[23.274486,42.742921],[23.274328,42.742922],[23.27383,42.742924],[23.273558,42.742926],[23.27178,42.74293],[23.27158,42.742931],[23.270953,42.742931],[23.270062,42.742933],[23.269541,42.742934],[23.269417,42.742935],[23.268751,42.742935],[23.267781,42.742935],[23.267702,42.742936],[23.267379,42.742931],[23.267259,42.742923],[23.26714,42.742909],[23.266922,42.742856],[23.266802,42.74281],[23.266395,42.742654],[23.266297,42.742616]]},"properties":{"name":"Акад. Дмитрий Лихачов"}},{"type":"Feature","geometry":{"type":"LineString","coordinates":[[23.265988,42.74264],[23.266223,42.742721]]},"properties":{"name":"Акад. Дмитрий Лихачов"}},{"type":"Feature","geometry":{"type":"LineString","coordinates":[[23.251056,42.715989],[23.25121,42.716146],[23.251223,42.716159],[23.251701,42.716646],[23.25249,42.717448],[23.253086,42.718085],[23.253794,42.718798],[23.253974,42.718984],[23.254128,42.719143],[23.254567,42.719599],[23.254661,42.719691],[23.254761,42.719788],[23.254865,42.71989],[23.254904,42.719928],[23.255284,42.720298],[23.25538,42.7204],[23.256961,42.721916],[23.25794,42.722893],[23.258262,42.723215],[23.25846,42.723413],[23.258595,42.723548]]},"properties":{"name":"бул. Панчо Владигеров"}},{"type":"Feature","geometry":{"type":"LineString","coordinates":[[23.278378,42.741988],[23.278395,42.741942],[23.278415,42.741901],[23.278425,42.741871],[23.27843,42.741859],[23.278438,42.741808],[23.27843,42.741778],[23.278421,42.741755],[23.278405,42.741737],[23.27837,42.741717],[23.278295,42.74169],[23.277802,42.741524],[23.277463,42.741387],[23.277048,42.74118],[23.276844,42.741065],[23.276678,42.740959],[23.276521,42.740835],[23.276325,42.740676],[23.276166,42.740539],[23.276025,42.740408],[23.275741,42.740135],[23.275652,42.740044],[23.27429,42.738743],[23.273579,42.738023]]},"properties":{"name":"бул. Панчо Владигеров"}},{"type":"Feature","geometry":{"type":"LineString","coordinates":[[23.261418,42.726391],[23.261619,42.726589],[23.261784,42.726755],[23.261865,42.726838],[23.26194,42.726915],[23.261973,42.726948],[23.262083,42.72706],[23.262127,42.727097],[23.262303,42.727246],[23.262473,42.727391],[23.262734,42.727626],[23.263028,42.727837]]},"properties":{"name":"бул. Панчо Владигеров"}},{"type":"Feature","geometry":{"type":"LineString","coordinates":[[23.245074,42.709657],[23.245219,42.709804],[23.245687,42.710278],[23.246706,42.711311],[23.247423,42.712038],[23.247774,42.712398],[23.247894,42.712521],[23.247923,42.712551],[23.248025,42.712656],[23.248159,42.712789],[23.248435,42.713057],[23.249584,42.71424],[23.250447,42.715118],[23.250919,42.715599],[23.251039,42.715722],[23.251082,42.715766],[23.251217,42.715904],[23.25137,42.716058],[23.253516,42.718221],[23.25396,42.718668],[23.254017,42.718725],[23.254138,42.718854],[23.254269,42.718993],[23.254312,42.719042],[23.254345,42.719079],[23.254695,42.719467],[23.25473,42.719506],[23.254829,42.719605],[23.254936,42.719705],[23.255038,42.7198],[23.255289,42.720064],[23.255794,42.720601],[23.255978,42.720795],[23.256261,42.721075],[23.257355,42.722173],[23.257754,42.722575],[23.258039,42.722852],[23.258522,42.723329],[23.258554,42.72336],[23.258693,42.723493],[23.258821,42.723616],[23.260311,42.725134],[23.261011,42.725838],[23.261361,42.726162],[23.261741,42.726519],[23.26187,42.726647],[23.261909,42.726685],[23.261992,42.726768],[23.26207,42.726843],[23.262223,42.726991],[23.262382,42.727144],[23.262587,42.727333],[23.262839,42.727565],[23.263028,42.727837],[23.263958,42.728713],[23.264737,42.729457],[23.265078,42.729775],[23.265303,42.729983],[23.265978,42.730657],[23.266036,42.730715],[23.266058,42.730736],[23.266148,42.730826],[23.266255,42.730931],[23.266406,42.731081],[23.266891,42.731586],[23.267143,42.731834],[23.267511,42.732208],[23.268708,42.733335],[23.269205,42.733786],[23.269781,42.734341],[23.270555,42.735076],[23.271445,42.735926],[23.271747,42.736218],[23.272237,42.736691],[23.272333,42.736784],[23.272459,42.736902],[23.272617,42.73705],[23.272722,42.737149]]},"properties":{"name":"бул. Панчо Владигеров"}},{"type":"Feature","geometry":{"type":"LineString","coordinates":[[23.273579,42.738023],[23.27346,42.737969],[23.272913,42.737413],[23.272802,42.7373],[23.272722,42.737149],[23.272866,42.737265],[23.273545,42.737942],[23.273579,42.738023]]},"properties":{"name":"бул. Панчо Владигеров"}},{"type":"Feature","geometry":{"type":"LineString","coordinates":[[23.27099,42.738093],[23.270445,42.73756],[23.270012,42.737139]]},"properties":{"name":"Обелски могили"}},{"type":"Feature","geometry":{"type":"LineString","coordinates":[[23.270012,42.737139],[23.269119,42.737133],[23.267984,42.737133]]},"properties":{"name":"Сух герен"}},{"type":"Feature","geometry":{"type":"LineString","coordinates":[[23.349645,42.826383],[23.349881,42.826347],[23.350294,42.82628],[23.350542,42.826244],[23.350787,42.826233],[23.351186,42.826248],[23.351544,42.826281],[23.351895,42.826345],[23.352163,42.826405],[23.352369,42.826461],[23.353387,42.826831],[23.353788,42.82697]]},"properties":{"name":"Теменуга"}},{"type":"Feature","geometry":{"type":"LineString","coordinates":[[23.32706,42.788182],[23.326881,42.788022]]},"properties":{"name":"16"}},{"type":"Feature","geometry":{"type":"LineString","coordinates":[[23.309973,42.715336],[23.30992,42.715329]]},"properties":{"name":"Скопие"}},{"type":"Feature","geometry":{"type":"LineString","coordinates":[[23.310052,42.715238],[23.310039,42.715194],[23.31001,42.715153],[23.309971,42.715111],[23.30993,42.71507],[23.309829,42.714977],[23.309666,42.714887],[23.309512,42.714792],[23.309401,42.714714],[23.309282,42.714628],[23.309122,42.714521],[23.30892,42.714398],[23.308733,42.714308],[23.308449,42.714191],[23.30761,42.713842],[23.307471,42.713785]]},"properties":{"name":"Скопие"}},{"type":"Feature","geometry":{"type":"LineString","coordinates":[[23.307064,42.714261],[23.307038,42.71425]]},"properties":{"name":"Скопие"}},{"type":"Feature","geometry":{"type":"LineString","coordinates":[[23.273694,42.784702],[23.273315,42.784523]]},"properties":{"name":"Иван Вазов"}},{"type":"Feature","geometry":{"type":"LineString","coordinates":[[23.272452,42.788995],[23.272583,42.789387]]},"properties":{"name":"SOF1030"}},{"type":"Feature","geometry":{"type":"LineString","coordinates":[[23.272409,42.789966],[23.27685,42.80397],[23.277583,42.806276],[23.280545,42.817656]]},"properties":{"name":"SOF1030"}},{"type":"Feature","geometry":{"type":"LineString","coordinates":[[23.272583,42.789387],[23.2726,42.789499],[23.272573,42.789613],[23.272409,42.789966],[23.271977,42.79063],[23.271826,42.79083],[23.271242,42.79148],[23.270676,42.792088],[23.270357,42.792393],[23.270013,42.792684],[23.269,42.79349],[23.268657,42.793875],[23.26831,42.794394],[23.265967,42.798886],[23.265795,42.799179],[23.265224,42.799948],[23.265144,42.800034],[23.265035,42.80016],[23.261919,42.804033],[23.259057,42.807654],[23.256575,42.810777],[23.256,42.811521],[23.254293,42.813688],[23.253705,42.81443],[23.253001,42.815352],[23.252607,42.815899],[23.252204,42.816513],[23.251562,42.817513],[23.251401,42.817785],[23.251247,42.818023],[23.250938,42.818571],[23.250667,42.818999],[23.250555,42.819175],[23.250238,42.819667],[23.250018,42.819897],[23.2489,42.820831],[23.24769,42.821777],[23.247561,42.821879],[23.245749,42.823306],[23.245167,42.823766],[23.244749,42.824097],[23.244052,42.824649],[23.243828,42.824826],[23.243586,42.825016],[23.243529,42.825061],[23.242458,42.825911],[23.242122,42.826173],[23.241032,42.827028],[23.240148,42.827699],[23.239333,42.828395],[23.239174,42.828493]]},"properties":{"name":"Житница"}},{"type":"Feature","geometry":{"type":"LineString","coordinates":[[23.284743,42.678709],[23.284629,42.678786],[23.284573,42.678821],[23.284529,42.678851],[23.284466,42.678887],[23.28422,42.679032],[23.283626,42.679372],[23.283421,42.679484],[23.283061,42.679683],[23.282894,42.679848]]},"properties":{"name":"Житница"}},{"type":"Feature","geometry":{"type":"LineString","coordinates":[[23.284895,42.678794],[23.28478,42.678871],[23.284727,42.678905],[23.284684,42.678934],[23.284661,42.678949],[23.284253,42.679207],[23.283763,42.679464],[23.28352,42.679592],[23.283147,42.679785],[23.282894,42.679848],[23.282812,42.679887],[23.282691,42.679944],[23.282442,42.680064],[23.28203,42.680267],[23.281916,42.680319],[23.28186,42.680347]]},"properties":{"name":"Житница"}},{"type":"Feature","geometry":{"type":"LineString","coordinates":[[23.274187,42.685425],[23.274272,42.685388],[23.274311,42.685371],[23.274326,42.685365],[23.274368,42.685346],[23.274402,42.68533],[23.274752,42.685168],[23.274833,42.685128],[23.275087,42.685003],[23.275447,42.684826],[23.275824,42.684645],[23.276061,42.684509],[23.276952,42.68393],[23.277108,42.683822],[23.277261,42.683719],[23.27733,42.683676],[23.277557,42.683533],[23.277597,42.683506],[23.277762,42.683383],[23.278158,42.683092],[23.278276,42.683005],[23.278417,42.682905],[23.27905,42.682455],[23.279437,42.682184],[23.279862,42.681867],[23.280036,42.681722],[23.280227,42.681563],[23.280688,42.681148],[23.28078,42.68108],[23.280909,42.680985],[23.281275,42.680742],[23.281623,42.680537],[23.28186,42.680347],[23.28163,42.680428],[23.281359,42.68058],[23.281315,42.680604],[23.280827,42.680927],[23.280583,42.68111],[23.280413,42.681262],[23.280131,42.681512],[23.280091,42.681546],[23.279955,42.68166],[23.279794,42.681796],[23.279782,42.681805],[23.279347,42.682129],[23.279228,42.682214],[23.278982,42.682389],[23.278342,42.682851],[23.278084,42.68304],[23.277902,42.683173],[23.27752,42.683451],[23.277483,42.683478],[23.277361,42.683556],[23.277256,42.683621],[23.277188,42.683666],[23.277108,42.683721],[23.276923,42.683848],[23.276598,42.684069],[23.276216,42.684309],[23.276001,42.684445],[23.275753,42.684585],[23.275495,42.684715],[23.27539,42.684765],[23.274952,42.684959],[23.274664,42.685091],[23.274288,42.685257],[23.274236,42.685282],[23.274214,42.685292],[23.274195,42.685302],[23.274114,42.685341],[23.274047,42.685373]]},"properties":{"name":"Житница"}},{"type":"Feature","geometry":{"type":"LineString","coordinates":[[23.272531,42.687297],[23.272711,42.687181],[23.27373,42.686501],[23.274092,42.686269],[23.274355,42.6861],[23.274415,42.68606],[23.274454,42.686034],[23.274532,42.685984]]},"properties":{"name":"Житница"}},{"type":"Feature","geometry":{"type":"LineString","coordinates":[[23.250938,42.818571],[23.251153,42.818632],[23.251341,42.818662],[23.252291,42.819006],[23.254483,42.819852],[23.25499,42.820014],[23.261261,42.821621],[23.262831,42.821994],[23.264009,42.822162],[23.26532,42.822224],[23.266694,42.822238],[23.267813,42.822389],[23.273599,42.822711],[23.276911,42.822835],[23.277304,42.822793],[23.277931,42.822674],[23.278679,42.822476],[23.278909,42.822363],[23.279645,42.822044],[23.280716,42.82202]]},"properties":{"name":"Доброславски път"}},{"type":"Feature","geometry":{"type":"LineString","coordinates":[[23.280716,42.82202],[23.280935,42.822057],[23.281124,42.822175]]},"properties":{"name":"Отава"}},{"type":"Feature","geometry":{"type":"LineString","coordinates":[[23.281124,42.822175],[23.281192,42.822165],[23.281576,42.822105],[23.282736,42.821926],[23.282809,42.821917],[23.283373,42.821851],[23.283596,42.82187],[23.285431,42.822002],[23.285718,42.822023]]},"properties":{"name":"Бърдо"}},{"type":"Feature","geometry":{"type":"LineString","coordinates":[[23.283496,42.821741],[23.283596,42.82187]]},"properties":{"name":"Гелкова падина"}},{"type":"Feature","geometry":{"type":"LineString","coordinates":[[23.286523,42.822157],[23.287328,42.822307],[23.287642,42.822338],[23.287788,42.822314],[23.288538,42.821916],[23.288828,42.821816],[23.289254,42.821744],[23.290007,42.821626],[23.299414,42.820219]]},"properties":{"name":"Летец"}},{"type":"Feature","geometry":{"type":"LineString","coordinates":[[23.299414,42.820219],[23.301376,42.819926],[23.302342,42.819781],[23.303291,42.81965],[23.313496,42.818333],[23.313641,42.818315],[23.315119,42.81813],[23.315514,42.81808],[23.315809,42.818033],[23.316022,42.817977],[23.316203,42.817912],[23.31638,42.817835],[23.316561,42.817735],[23.316776,42.817597],[23.319592,42.815658],[23.31978,42.815526],[23.325428,42.811628],[23.325542,42.81155],[23.325701,42.811442],[23.325879,42.811322],[23.326104,42.811157],[23.326293,42.811004],[23.326532,42.810784],[23.326809,42.810517],[23.327397,42.809961],[23.328568,42.808857],[23.330543,42.806951],[23.333145,42.804461]]},"properties":{"name":"SOF1081"}},{"type":"Feature","geometry":{"type":"LineString","coordinates":[[23.271066,42.845826],[23.271166,42.845741],[23.271347,42.845558],[23.271733,42.845251],[23.271891,42.845071],[23.272057,42.84487],[23.272345,42.844586],[23.272638,42.844355],[23.272855,42.844177],[23.273069,42.844074],[23.274,42.843729],[23.27684,42.842667],[23.277087,42.842557],[23.277176,42.842495],[23.281411,42.83725],[23.281651,42.83691],[23.282218,42.835236],[23.28245,42.834701],[23.284158,42.832272],[23.284432,42.8318],[23.284556,42.831345],[23.284688,42.829757],[23.284822,42.828184]]},"properties":{"name":"SOF1081"}},{"type":"Feature","geometry":{"type":"LineString","coordinates":[[23.333145,42.804461],[23.334588,42.803077],[23.334694,42.802968],[23.334825,42.802859],[23.334968,42.802767],[23.335118,42.802694],[23.335353,42.802591],[23.335832,42.802395],[23.33683,42.801989],[23.337406,42.80175],[23.33754,42.801699],[23.337708,42.801651],[23.337903,42.801616],[23.338104,42.801596],[23.338341,42.801578],[23.338916,42.801544],[23.339172,42.801526],[23.339304,42.80151],[23.339424,42.801477],[23.33952,42.801438],[23.339825,42.801264],[23.34006,42.801135],[23.341055,42.800576],[23.341162,42.80052],[23.341202,42.8005]]},"properties":{"name":"Хаджи Димитър"}},{"type":"Feature","geometry":{"type":"LineString","coordinates":[[23.333036,42.69161],[23.333122,42.691555]]},"properties":{"name":"Хаджи Димитър"}},{"type":"Feature","geometry":{"type":"LineString","coordinates":[[23.448462,42.79401],[23.448451,42.794182]]},"properties":{"name":"Георги Зозов"}},{"type":"Feature","geometry":{"type":"LineString","coordinates":[[23.263993,42.854434],[23.264402,42.853456]]},"properties":{"name":"Свобода"}},{"type":"Feature","geometry":{"type":"LineString","coordinates":[[23.264402,42.853456],[23.265205,42.853733]]},"properties":{"name":"Люляк"}},{"type":"Feature","geometry":{"type":"LineString","coordinates":[[23.267703,42.847048],[23.268179,42.847395],[23.26827,42.847504],[23.268323,42.847624],[23.268369,42.847849],[23.268425,42.84816],[23.26852,42.848278],[23.268621,42.848336],[23.268726,42.84839],[23.269089,42.84855],[23.269185,42.848584],[23.269289,42.848591],[23.269412,42.848559],[23.269493,42.84852],[23.269556,42.848429],[23.269692,42.84799],[23.270127,42.847768],[23.270416,42.847594],[23.270818,42.847359],[23.270974,42.847261],[23.27105,42.847158],[23.271081,42.847046],[23.270864,42.846453],[23.270828,42.846329],[23.270837,42.846196],[23.270867,42.846095],[23.27095,42.845944],[23.271005,42.845894],[23.271066,42.845826]]},"properties":{"name":"Иван Н. Денкоглу"}},{"type":"Feature","geometry":{"type":"LineString","coordinates":[[23.284822,42.828184],[23.284827,42.82809],[23.284853,42.827552],[23.284854,42.827527],[23.284865,42.826957],[23.284635,42.826206],[23.284602,42.826099],[23.284567,42.826004],[23.284495,42.825808],[23.284509,42.82571],[23.284629,42.824895],[23.284648,42.824599],[23.2845,42.824289],[23.284422,42.824132],[23.284397,42.824082],[23.284337,42.823962],[23.284249,42.823733],[23.284257,42.823619],[23.284329,42.823476],[23.28447,42.823337],[23.28461,42.823204],[23.284717,42.823106],[23.284867,42.822972],[23.285063,42.822794],[23.285508,42.822349],[23.285773,42.822272]]},"properties":{"name":"Доброславско шосе"}},{"type":"Feature","geometry":{"type":"LineString","coordinates":[[23.280545,42.817656],[23.280692,42.818183],[23.28069,42.818243],[23.2807,42.818304],[23.280732,42.818436],[23.280797,42.8187],[23.280906,42.818843]]},"properties":{"name":"Доброславско шосе"}},{"type":"Feature","geometry":{"type":"LineString","coordinates":[[23.320568,42.754774],[23.320352,42.754826],[23.320319,42.754833],[23.32018,42.754866],[23.318864,42.755158]]},"properties":{"name":"Джерман"}},{"type":"Feature","geometry":{"type":"LineString","coordinates":[[23.315932,42.72697],[23.315765,42.727026],[23.315588,42.727054],[23.315363,42.727065],[23.315183,42.727045],[23.315003,42.727029]]},"properties":{"name":"Йордан Хаджиконстантинов - Джинот"}},{"type":"Feature","geometry":{"type":"LineString","coordinates":[[23.315507,42.72729],[23.315384,42.727213],[23.315248,42.727142],[23.315003,42.727029],[23.314752,42.726962],[23.314371,42.726905],[23.313959,42.726894],[23.31354,42.726931],[23.313134,42.726989],[23.313002,42.72703],[23.312694,42.727072],[23.312662,42.727076],[23.312616,42.727083],[23.3126,42.727085],[23.312557,42.727089],[23.31255,42.727089],[23.312509,42.727093],[23.312363,42.727108]]},"properties":{"name":"Йордан Хаджиконстантинов - Джинот"}},{"type":"Feature","geometry":{"type":"LineString","coordinates":[[23.275634,42.751363],[23.275617,42.751476],[23.275606,42.751568]]},"properties":{"name":"SOF1034"}},{"type":"Feature","geometry":{"type":"LineString","coordinates":[[23.280906,42.818843],[23.281988,42.820622],[23.282736,42.821926]]},"properties":{"name":"Стадион"}},{"type":"Feature","geometry":{"type":"LineString","coordinates":[[23.407974,42.635931],[23.407883,42.635895],[23.407324,42.635673],[23.407207,42.635626],[23.406877,42.635496],[23.40684,42.635481],[23.406501,42.635346],[23.406231,42.635239],[23.405691,42.635003],[23.40534,42.634856],[23.405066,42.634746],[23.404934,42.634719],[23.40478,42.634719],[23.404665,42.634748],[23.404534,42.63481],[23.404405,42.634911],[23.403992,42.635261],[23.403445,42.635723],[23.403335,42.635768],[23.403207,42.635788],[23.403101,42.635784],[23.402385,42.63564],[23.402189,42.635615],[23.401801,42.6356],[23.401639,42.63558],[23.401491,42.635534],[23.401118,42.63535],[23.401039,42.635311],[23.400735,42.635161],[23.40068,42.635125],[23.400625,42.635089],[23.400547,42.635005],[23.400216,42.634604],[23.399921,42.634366],[23.399815,42.634271],[23.399682,42.634225],[23.399535,42.634214],[23.398995,42.634252],[23.398943,42.634267],[23.39889,42.634289],[23.398826,42.634352],[23.398818,42.634439],[23.398832,42.634495],[23.398887,42.634625],[23.398934,42.634777],[23.399056,42.635126],[23.399084,42.635207],[23.399158,42.635497],[23.399179,42.635574],[23.399201,42.635661],[23.399214,42.635712],[23.399247,42.635808],[23.39928,42.635835],[23.399369,42.635921],[23.399679,42.636146],[23.399842,42.636295],[23.399985,42.636527],[23.400066,42.636789]]},"properties":{"name":"Стадион"}},{"type":"Feature","geometry":{"type":"LineString","coordinates":[[23.260874,42.723077],[23.260923,42.723065],[23.260972,42.723049],[23.261029,42.723025],[23.261187,42.722947],[23.261555,42.722758],[23.261602,42.722735],[23.261861,42.722602],[23.261891,42.722586],[23.262735,42.722154],[23.262873,42.722084],[23.263048,42.72199],[23.263304,42.721857],[23.26419,42.721395],[23.264735,42.721114],[23.264759,42.721102],[23.264861,42.721051],[23.264962,42.721],[23.265026,42.720968],[23.266093,42.720417],[23.266346,42.720279],[23.266415,42.720245],[23.266786,42.720063],[23.267159,42.719864],[23.267843,42.719482],[23.268008,42.719383],[23.268576,42.71905],[23.268747,42.718947],[23.268857,42.718882],[23.269281,42.718628],[23.269671,42.718413],[23.270129,42.718161]]},"properties":{"name":"Търново"}},{"type":"Feature","geometry":{"type":"LineString","coordinates":[[23.264861,42.721051],[23.264808,42.72099],[23.264783,42.720962],[23.264602,42.720753],[23.264044,42.720113],[23.263972,42.720043],[23.263934,42.720005],[23.263256,42.719345],[23.263163,42.719254],[23.263035,42.71913],[23.262511,42.71862],[23.262047,42.71819],[23.261968,42.718117],[23.261566,42.717735],[23.261195,42.717374],[23.261015,42.717199],[23.260875,42.717059],[23.260828,42.717011],[23.260738,42.716921],[23.260719,42.716902],[23.260565,42.71675],[23.260482,42.716671]]},"properties":{"name":"Ген. Асен Николов"}},{"type":"Feature","geometry":{"type":"LineString","coordinates":[[23.262511,42.71862],[23.262435,42.718672]]},"properties":{"name":"Гоце Делчев"}},{"type":"Feature","geometry":{"type":"LineString","coordinates":[[23.260565,42.71675],[23.260316,42.716879],[23.259721,42.717194],[23.257144,42.718548],[23.25671,42.718777],[23.256174,42.719056],[23.256076,42.719107],[23.25512,42.719612],[23.255061,42.719642],[23.254936,42.719705],[23.254761,42.719788]]},"properties":{"name":"бул. Царица Йоанна"}},{"type":"Feature","geometry":{"type":"LineString","coordinates":[[23.254829,42.719605],[23.254661,42.719691],[23.254512,42.71977],[23.254478,42.719788],[23.254052,42.720018],[23.2537,42.720219],[23.25326,42.720454],[23.253229,42.720471],[23.253133,42.720522],[23.253105,42.720567],[23.253047,42.720597],[23.252778,42.720743],[23.252434,42.72093],[23.252317,42.720993],[23.25216,42.721079],[23.251749,42.721302],[23.251679,42.721341],[23.251615,42.721375],[23.251586,42.721391],[23.251533,42.721419],[23.250914,42.721756],[23.250262,42.72211],[23.249234,42.722668],[23.248418,42.72311],[23.248287,42.723181],[23.247715,42.723496],[23.247143,42.723803],[23.246899,42.723934],[23.246784,42.723997],[23.246461,42.724172],[23.246008,42.724417],[23.245673,42.724599],[23.245341,42.724779],[23.244731,42.72511],[23.244326,42.725348],[23.244308,42.725358],[23.24417,42.72544],[23.244024,42.72558],[23.243974,42.725628],[23.243382,42.725929],[23.243191,42.726015],[23.242791,42.726195],[23.24231,42.726412],[23.242213,42.726495],[23.242151,42.726616]]},"properties":{"name":"бул. Царица Йоанна"}},{"type":"Feature","geometry":{"type":"LineString","coordinates":[[23.260482,42.716671],[23.262935,42.715316],[23.263548,42.714977],[23.264579,42.714407],[23.265066,42.714138],[23.265506,42.713893],[23.265556,42.713868],[23.265769,42.71375],[23.265965,42.713642],[23.267617,42.712726],[23.26855,42.712213],[23.269339,42.711778],[23.269573,42.711648],[23.269806,42.711517],[23.270059,42.71138],[23.270343,42.711223],[23.270573,42.71109],[23.270633,42.711056],[23.270712,42.711004],[23.270997,42.710846],[23.272493,42.710026],[23.272919,42.709795],[23.272953,42.709777]]},"properties":{"name":"бул. Царица Йоанна"}},{"type":"Feature","geometry":{"type":"LineString","coordinates":[[23.273504,42.709478],[23.273728,42.709357],[23.274033,42.709195],[23.274332,42.709052],[23.275778,42.708316],[23.275858,42.708279],[23.275946,42.708247],[23.277194,42.707853],[23.278311,42.707557],[23.279343,42.707301],[23.280938,42.706868],[23.282394,42.706506],[23.282635,42.706446],[23.282758,42.706415],[23.283227,42.706302],[23.283558,42.706218],[23.283588,42.706211],[23.283624,42.706203],[23.284553,42.705951],[23.284605,42.705934],[23.284714,42.7059],[23.284872,42.705853]]},"properties":{"name":"бул. Царица Йоанна"}},{"type":"Feature","geometry":{"type":"LineString","coordinates":[[23.251056,42.715989],[23.250894,42.716075],[23.25085,42.716098],[23.250377,42.716347],[23.250141,42.716474],[23.249965,42.71657],[23.249713,42.716707],[23.249476,42.716836],[23.248375,42.717433],[23.247203,42.718074],[23.246737,42.718329],[23.246709,42.718344],[23.246548,42.718432],[23.24643,42.718497],[23.246027,42.718717],[23.244433,42.719588],[23.242775,42.720491],[23.242404,42.720692],[23.242285,42.720757],[23.24155,42.72115],[23.241171,42.721361],[23.241159,42.721368],[23.241058,42.721423],[23.240953,42.721482]]},"properties":{"name":"бул. Захари Стоянов"}},{"type":"Feature","geometry":{"type":"LineString","coordinates":[[23.247447,42.729564],[23.247333,42.729413],[23.247322,42.729399],[23.247089,42.729103],[23.246835,42.728782],[23.246631,42.728539],[23.246517,42.728454]]},"properties":{"name":"бул. Добринова скала"}},{"type":"Feature","geometry":{"type":"LineString","coordinates":[[23.250392,42.733433],[23.250321,42.733331],[23.2503,42.733299],[23.250203,42.73315],[23.249949,42.732811],[23.249826,42.732648],[23.249767,42.732573],[23.249078,42.731696]]},"properties":{"name":"бул. Добринова скала"}},{"type":"Feature","geometry":{"type":"LineString","coordinates":[[23.247393,42.729686],[23.247483,42.72979],[23.248005,42.730388],[23.248168,42.730535],[23.248313,42.730718],[23.248392,42.730817],[23.248732,42.731261]]},"properties":{"name":"бул. Добринова скала"}},{"type":"Feature","geometry":{"type":"LineString","coordinates":[[23.237,42.716317],[23.237253,42.716648],[23.237423,42.716865],[23.237484,42.716943],[23.237601,42.717092],[23.238074,42.717694],[23.238566,42.718321],[23.238881,42.718722],[23.238982,42.718842],[23.239108,42.719002],[23.239169,42.719082],[23.239321,42.719277],[23.239405,42.719385],[23.239807,42.719905],[23.239855,42.719967],[23.239949,42.720089],[23.240344,42.720599],[23.240384,42.720651]]},"properties":{"name":"бул. Добринова скала"}},{"type":"Feature","geometry":{"type":"LineString","coordinates":[[23.247299,42.729574],[23.247209,42.729466],[23.247002,42.729186],[23.2468,42.728907],[23.246716,42.728785],[23.246553,42.728559],[23.246517,42.728454],[23.246457,42.728376],[23.2464,42.728302],[23.246318,42.728196],[23.244668,42.726083],[23.244328,42.725642],[23.244308,42.725617],[23.24417,42.72544],[23.244061,42.725304],[23.244013,42.725249],[23.243725,42.724883],[23.243249,42.724281],[23.243007,42.723983],[23.24221,42.722954],[23.242012,42.722699]]},"properties":{"name":"бул. Добринова скала"}},{"type":"Feature","geometry":{"type":"LineString","coordinates":[[23.240953,42.721482],[23.240877,42.721383],[23.240384,42.720651],[23.240748,42.721035],[23.240801,42.721091],[23.240963,42.7213],[23.240991,42.721336],[23.241058,42.721423],[23.24115,42.72154],[23.241352,42.721795],[23.241453,42.721924],[23.241804,42.722391],[23.242012,42.722699],[23.241715,42.722415],[23.241628,42.722309],[23.241517,42.722174],[23.241357,42.721979],[23.241052,42.721609],[23.241039,42.721594],[23.240953,42.721482]]},"properties":{"name":"бул. Добринова скала"}},{"type":"Feature","geometry":{"type":"LineString","coordinates":[[23.248732,42.731261],[23.24883,42.731311],[23.249061,42.7316],[23.249078,42.731696],[23.248977,42.731633],[23.248741,42.731342],[23.248732,42.731261]]},"properties":{"name":"бул. Добринова скала"}},{"type":"Feature","geometry":{"type":"LineString","coordinates":[[23.238982,42.718842],[23.238829,42.718922],[23.238637,42.718998],[23.238509,42.719026],[23.238402,42.71903],[23.238301,42.719026],[23.238204,42.719013],[23.237996,42.71897],[23.237856,42.71893],[23.237634,42.718867],[23.236309,42.71849]]},"properties":{"name":"Филиповско шосе"}},{"type":"Feature","geometry":{"type":"LineString","coordinates":[[23.23281,42.718036],[23.232353,42.71814],[23.232172,42.718179],[23.231645,42.718277],[23.231413,42.718314],[23.231239,42.718333],[23.231048,42.718343],[23.230423,42.718333],[23.230062,42.718314],[23.229977,42.71831],[23.229782,42.718299],[23.2296,42.718277],[23.229355,42.718267],[23.229085,42.718268],[23.228419,42.718287],[23.226979,42.718327],[23.226503,42.718338],[23.226005,42.718354],[23.225319,42.71838],[23.224992,42.7184],[23.224834,42.718419],[23.224679,42.718451],[23.22451,42.718495],[23.224171,42.718635],[23.223541,42.718962],[23.223038,42.719246],[23.222745,42.719419],[23.222518,42.719542],[23.221926,42.719815],[23.221837,42.719837],[23.221748,42.719848],[23.221658,42.719848],[23.221553,42.719841],[23.221439,42.719821],[23.221348,42.719792],[23.221187,42.719703],[23.221099,42.719655],[23.220974,42.719586],[23.220865,42.719526],[23.220225,42.719173],[23.219238,42.718629],[23.218731,42.718349],[23.218268,42.718094],[23.217004,42.717396],[23.216633,42.717182],[23.216422,42.717078],[23.216275,42.71699],[23.216165,42.716894],[23.216026,42.716724]]},"properties":{"name":"3-ти март"}},{"type":"Feature","geometry":{"type":"LineString","coordinates":[[23.532153,42.724151],[23.531901,42.723895],[23.531464,42.723485],[23.531389,42.723381],[23.531273,42.723121],[23.530972,42.722466],[23.530834,42.722175],[23.530671,42.721795],[23.530633,42.721703],[23.530583,42.721582],[23.530396,42.721337],[23.530209,42.721142],[23.530013,42.720966],[23.529897,42.720669],[23.529735,42.719501],[23.529692,42.719238],[23.529653,42.718957],[23.529592,42.718772],[23.529258,42.718261],[23.529037,42.718025]]},"properties":{"name":"3-ти март"}},{"type":"Feature","geometry":{"type":"LineString","coordinates":[[23.223541,42.718962],[23.223306,42.718571],[23.222861,42.717847],[23.222264,42.717008],[23.221964,42.71664],[23.221073,42.715453],[23.220831,42.715132]]},"properties":{"name":"Суходолски път"}},{"type":"Feature","geometry":{"type":"LineString","coordinates":[[23.217356,42.714529],[23.215722,42.7147],[23.215028,42.714772],[23.214071,42.714871],[23.211722,42.715113],[23.207643,42.715534],[23.205574,42.715886],[23.203549,42.716343],[23.202464,42.716648],[23.201056,42.717133],[23.200284,42.717387],[23.19952,42.717602],[23.198784,42.717757],[23.197656,42.717901],[23.196512,42.718014],[23.19494,42.718163],[23.19479,42.718177],[23.194742,42.718182],[23.194361,42.718223],[23.193382,42.71831],[23.192498,42.718336]]},"properties":{"name":"189"}},{"type":"Feature","geometry":{"type":"LineString","coordinates":[[23.173573,42.715082],[23.173438,42.715033],[23.173306,42.714986]]},"properties":{"name":"189"}},{"type":"Feature","geometry":{"type":"LineString","coordinates":[[23.173173,42.714941],[23.173058,42.714905],[23.172851,42.714852]]},"properties":{"name":"189"}},{"type":"Feature","geometry":{"type":"LineString","coordinates":[[23.164456,42.711843],[23.163653,42.711643],[23.163273,42.711514],[23.162953,42.711358],[23.162705,42.711184],[23.1622,42.710683],[23.161886,42.71038],[23.161499,42.710129],[23.161038,42.709873],[23.160551,42.709674],[23.159787,42.709386],[23.158516,42.708991],[23.157726,42.708768],[23.157273,42.708621],[23.156783,42.708419],[23.156258,42.708097],[23.15596,42.707873],[23.154973,42.707131],[23.15456,42.706863],[23.153992,42.706603],[23.153877,42.706559],[23.15338,42.70637],[23.151966,42.705938],[23.151879,42.705919],[23.151703,42.705881],[23.151425,42.705829],[23.151045,42.705775],[23.150733,42.705725],[23.150503,42.705709],[23.150264,42.705707],[23.150015,42.705722],[23.149812,42.705755],[23.149522,42.705808],[23.148977,42.705902],[23.148513,42.705988],[23.148292,42.70605],[23.14819,42.706119],[23.148023,42.706235],[23.147884,42.706362],[23.147414,42.706777],[23.147378,42.706828],[23.147343,42.706893]]},"properties":{"name":"Цар Освободител"}},{"type":"Feature","geometry":{"type":"LineString","coordinates":[[23.147281,42.707122],[23.147093,42.70713],[23.146943,42.707162],[23.146631,42.707306],[23.146355,42.707461],[23.145512,42.707959],[23.145412,42.708018],[23.14499,42.708261],[23.142681,42.709579],[23.142103,42.709818],[23.14179,42.709867],[23.140622,42.709945],[23.139701,42.709908],[23.13956,42.709889],[23.138004,42.709847],[23.13748,42.709823],[23.136631,42.709765],[23.136029,42.709726],[23.135844,42.709711],[23.135611,42.709677],[23.135187,42.709604],[23.134219,42.709432],[23.134155,42.709422],[23.13401,42.709388],[23.133671,42.709278],[23.133332,42.709161],[23.13298,42.709035],[23.132798,42.708962],[23.132624,42.708888],[23.132428,42.708843],[23.13221,42.70884],[23.131498,42.708897],[23.131321,42.708882],[23.131192,42.708851],[23.131069,42.708806],[23.130762,42.708558],[23.1304,42.708249],[23.130067,42.708137],[23.129397,42.708007],[23.12871,42.70787],[23.12845,42.70772],[23.12781,42.70682],[23.1277,42.70656],[23.12755,42.70442],[23.127523,42.704327],[23.127452,42.704087],[23.12742,42.70298],[23.127365,42.702692],[23.127323,42.702601],[23.12691,42.70169],[23.12663,42.70126]]},"properties":{"name":"Александър Стамболийски"}},{"type":"Feature","geometry":{"type":"LineString","coordinates":[[23.12663,42.70126],[23.126443,42.701077],[23.126317,42.700954],[23.124958,42.699803],[23.12493,42.69978],[23.124225,42.699257],[23.12253,42.698],[23.12238,42.697867],[23.122283,42.697781],[23.122247,42.697718],[23.121687,42.696749],[23.121015,42.69557],[23.12061,42.694831],[23.120558,42.694742],[23.120236,42.694166],[23.120192,42.69409],[23.120167,42.694006],[23.12017,42.693937],[23.120189,42.693858],[23.120325,42.693567],[23.120461,42.693245],[23.120525,42.692912],[23.120534,42.69276],[23.120508,42.692602],[23.120429,42.692473],[23.12039,42.692428],[23.120332,42.69236],[23.119805,42.691838],[23.119676,42.691668],[23.119576,42.691509],[23.119493,42.691302],[23.119285,42.690632],[23.119221,42.690472],[23.119189,42.690391],[23.119172,42.69033],[23.119161,42.690269],[23.119155,42.69018],[23.119194,42.689881],[23.119357,42.688998],[23.119416,42.688331],[23.11938,42.68815],[23.11913,42.687551],[23.119029,42.68724],[23.118979,42.687065],[23.118964,42.686462],[23.119051,42.686116],[23.119252,42.685615],[23.119347,42.68528],[23.119442,42.684967]]},"properties":{"name":"Никола Й. Вапцаров"}},{"type":"Feature","geometry":{"type":"LineString","coordinates":[[23.119684,42.685226],[23.119593,42.685169]]},"properties":{"name":"Габър"}},{"type":"Feature","geometry":{"type":"LineString","coordinates":[[23.152381,42.70856],[23.152286,42.708703]]},"properties":{"name":"Разтоварищна"}},{"type":"Feature","geometry":{"type":"LineString","coordinates":[[23.147984,42.707171],[23.149944,42.707787],[23.15112,42.708216],[23.151474,42.708358],[23.151939,42.708556],[23.152286,42.708703],[23.154097,42.709522],[23.155647,42.710246],[23.156045,42.710464],[23.157161,42.711073],[23.157625,42.711328],[23.158393,42.71175],[23.15889,42.712023],[23.15935,42.71227],[23.159952,42.712497],[23.1606,42.71263],[23.1609,42.71268],[23.16189,42.71263],[23.16221,42.71266],[23.16253,42.71276],[23.162674,42.712832],[23.16279,42.71289],[23.163483,42.713485],[23.163791,42.713728],[23.164336,42.714141],[23.164573,42.714283],[23.164755,42.714382],[23.16638,42.714817],[23.166568,42.714868],[23.166682,42.714943],[23.166774,42.715048],[23.167107,42.715426],[23.167241,42.715578],[23.167373,42.715737],[23.16748,42.71585],[23.16774,42.71605],[23.168082,42.716209],[23.168318,42.716302],[23.170711,42.717215],[23.172009,42.717717],[23.172831,42.717884],[23.173474,42.71797],[23.174032,42.718085],[23.174505,42.718233],[23.175212,42.718531],[23.176029,42.718877],[23.176975,42.719265],[23.177439,42.719407],[23.179275,42.719794],[23.180234,42.719936],[23.182342,42.720119],[23.18293,42.72017],[23.18401,42.72027],[23.184401,42.720333],[23.18469,42.7204],[23.18727,42.72107],[23.18877,42.721373],[23.190463,42.721738],[23.192071,42.722059],[23.193231,42.722291],[23.193459,42.722335],[23.194277,42.722463],[23.195,42.722539],[23.1953,42.722552],[23.19572,42.72257],[23.196364,42.72257],[23.200441,42.722632],[23.200625,42.722634],[23.20126,42.722649],[23.201804,42.722671],[23.202437,42.72273],[23.203068,42.722848],[23.204372,42.723158],[23.20617,42.7236],[23.207054,42.723836],[23.21557,42.72675],[23.22126,42.72873]]},"properties":{"name":"Стефан Стамболов"}},{"type":"Feature","geometry":{"type":"LineString","coordinates":[[23.147336,42.707121],[23.147506,42.707128],[23.147984,42.707171],[23.147567,42.707012],[23.147455,42.706971]]},"properties":{"name":"802"}},{"type":"Feature","geometry":{"type":"LineString","coordinates":[[23.145412,42.708018],[23.145103,42.709179],[23.145001,42.709568],[23.144783,42.710314],[23.144758,42.71043],[23.144707,42.71067],[23.1445,42.711432],[23.144326,42.712054],[23.144233,42.71238],[23.144049,42.713097],[23.144108,42.713351]]},"properties":{"name":"Св. Св Кирил и Методий"}},{"type":"Feature","geometry":{"type":"LineString","coordinates":[[23.163483,42.713485],[23.16254,42.713134],[23.162291,42.713084],[23.162025,42.713059],[23.161767,42.713084],[23.160976,42.713241],[23.160763,42.713286],[23.159619,42.713333],[23.159414,42.713342],[23.158801,42.713351],[23.158085,42.713397],[23.157759,42.713393],[23.157467,42.713361],[23.155836,42.713096],[23.154691,42.712923],[23.154604,42.712911],[23.151205,42.712402],[23.150174,42.712241],[23.149657,42.712162],[23.149253,42.712107],[23.148837,42.712051],[23.148013,42.711926],[23.147325,42.712069],[23.146053,42.712538],[23.144108,42.713351],[23.142159,42.714133],[23.141174,42.714515],[23.140519,42.714785],[23.140139,42.71501],[23.139223,42.715593],[23.138933,42.715771],[23.138618,42.715965],[23.13794,42.716304],[23.137274,42.716597],[23.136231,42.717089],[23.135556,42.717408],[23.133954,42.718171],[23.133677,42.718303],[23.133087,42.718585],[23.131479,42.719376],[23.131234,42.719527],[23.131049,42.719663],[23.130916,42.71981],[23.130811,42.720021],[23.130765,42.720164],[23.13071,42.720282],[23.130637,42.72039],[23.130375,42.720671],[23.130203,42.720869],[23.129915,42.721195],[23.129815,42.721313],[23.12936,42.721843],[23.129105,42.722096],[23.128991,42.722209],[23.128937,42.72224],[23.128561,42.722463]]},"properties":{"name":"бул. Варна"}},{"type":"Feature","geometry":{"type":"LineString","coordinates":[[23.170711,42.717215],[23.170746,42.717106],[23.170931,42.716834],[23.170986,42.716742],[23.171632,42.716033],[23.171828,42.715854],[23.171982,42.71573],[23.1723,42.715491],[23.172986,42.715123]]},"properties":{"name":"Иванянско шосе"}},{"type":"Feature","geometry":{"type":"LineString","coordinates":[[23.173411,42.714837],[23.173541,42.714725],[23.174007,42.714164],[23.174427,42.71366],[23.174936,42.713287],[23.175406,42.712938],[23.175968,42.712437],[23.176675,42.711579],[23.176949,42.711215],[23.177164,42.710876],[23.177373,42.710074],[23.177338,42.709223],[23.177372,42.70911],[23.177441,42.709009],[23.177595,42.708977],[23.177784,42.709021],[23.178882,42.709866],[23.179003,42.709917],[23.179088,42.709942],[23.179201,42.709931],[23.179305,42.709861]]},"properties":{"name":"Иванянско шосе"}},{"type":"Feature","geometry":{"type":"LineString","coordinates":[[23.172986,42.715123],[23.173131,42.715031],[23.173185,42.714997]]},"properties":{"name":"SOF1070"}},{"type":"Feature","geometry":{"type":"LineString","coordinates":[[23.173291,42.714916],[23.173411,42.714837]]},"properties":{"name":"SOF1070"}},{"type":"Feature","geometry":{"type":"LineString","coordinates":[[23.191509,42.711455],[23.192075,42.711563],[23.192504,42.71165],[23.193762,42.711911],[23.19403,42.71198],[23.194691,42.712133],[23.195435,42.712282],[23.196522,42.712452],[23.197445,42.712567],[23.198307,42.712689],[23.198513,42.712737],[23.198727,42.712804],[23.199749,42.713095],[23.200033,42.713164],[23.200366,42.713233],[23.201023,42.713351],[23.201279,42.713425],[23.201411,42.713467],[23.201564,42.713525],[23.20168,42.713577],[23.201809,42.713623],[23.202478,42.713877],[23.203502,42.714232],[23.204476,42.714565],[23.206136,42.715159],[23.206488,42.715253],[23.206694,42.715278],[23.206922,42.715297],[23.207126,42.715295],[23.207321,42.715268],[23.207635,42.715192],[23.208228,42.715001],[23.208436,42.714949],[23.208602,42.714918],[23.208783,42.714914],[23.208955,42.714924],[23.209092,42.714949],[23.209266,42.715017],[23.209323,42.715039],[23.20945,42.715102],[23.209521,42.715152],[23.209964,42.715604],[23.210178,42.715796],[23.210366,42.715921],[23.210542,42.716009],[23.210708,42.71606],[23.210883,42.716089],[23.211086,42.716106],[23.211398,42.716104],[23.214665,42.716034],[23.214908,42.716043],[23.215103,42.716075],[23.215259,42.716123],[23.215408,42.71619],[23.215535,42.716253],[23.215657,42.716326],[23.215767,42.716425],[23.216026,42.716724]]},"properties":{"name":"SOF1070"}},{"type":"Feature","geometry":{"type":"LineString","coordinates":[[23.179305,42.709861],[23.179385,42.709682],[23.179601,42.708982],[23.179665,42.708888],[23.179813,42.708763],[23.180151,42.708578],[23.180263,42.708517],[23.18044,42.7084],[23.180523,42.708324],[23.18057,42.708271],[23.180936,42.707802],[23.181612,42.706947]]},"properties":{"name":"Щастие"}},{"type":"Feature","geometry":{"type":"LineString","coordinates":[[23.180769,42.706292],[23.180811,42.706356],[23.180818,42.706415],[23.1808,42.706482],[23.180957,42.706572],[23.181005,42.7066],[23.181612,42.706947],[23.182251,42.707312],[23.182736,42.70768],[23.182767,42.70771],[23.183097,42.708033],[23.183115,42.70805],[23.183501,42.708428],[23.184257,42.709122],[23.184393,42.709258],[23.184558,42.709383],[23.184743,42.709486],[23.184908,42.709568],[23.185056,42.709637],[23.185195,42.709698],[23.18562,42.709885],[23.186055,42.710061],[23.187226,42.710559],[23.187323,42.7106],[23.187398,42.710631],[23.187579,42.710707],[23.187763,42.710763],[23.187917,42.710801],[23.188285,42.710888],[23.188666,42.710976],[23.189145,42.711088],[23.189507,42.711162],[23.189873,42.711223],[23.190332,42.711292],[23.191509,42.711455]]},"properties":{"name":"Св. Св. Кирил и Методий"}},{"type":"Feature","geometry":{"type":"LineString","coordinates":[[23.128561,42.722463],[23.1281,42.722593],[23.127507,42.722731],[23.127188,42.722852],[23.126933,42.722989],[23.126767,42.723162],[23.126753,42.723307],[23.126862,42.723471],[23.126988,42.723591],[23.127572,42.724085],[23.12794,42.724413],[23.127975,42.724647],[23.127894,42.724773],[23.127704,42.724892],[23.127464,42.724937],[23.126482,42.724932],[23.125512,42.724977],[23.125218,42.724954],[23.124974,42.724912],[23.124029,42.724563],[23.123757,42.724492],[23.123477,42.724501],[23.123281,42.724564],[23.11972,42.726427],[23.117227,42.727679],[23.116938,42.727823],[23.116663,42.727934],[23.116331,42.728017],[23.115861,42.728037],[23.115176,42.727963],[23.112898,42.727536],[23.111603,42.727312],[23.111207,42.72729],[23.110791,42.727337],[23.108223,42.727764],[23.107647,42.727859],[23.107104,42.72792],[23.106046,42.727857],[23.105671,42.727834],[23.105462,42.727791],[23.105352,42.727673],[23.105313,42.727495],[23.105286,42.727155],[23.105226,42.726924],[23.104806,42.726183],[23.104257,42.72494],[23.104075,42.724607],[23.103869,42.724379],[23.103475,42.724035],[23.103188,42.723825],[23.102867,42.72364],[23.102517,42.723499],[23.102123,42.723401],[23.101818,42.723329],[23.101587,42.723222],[23.101456,42.723084],[23.10132,42.722819],[23.100775,42.721856],[23.10054,42.721526],[23.100214,42.721254],[23.099875,42.720995],[23.0995,42.720795]]},"properties":{"name":"SOF2002"}},{"type":"Feature","geometry":{"type":"LineString","coordinates":[[23.107104,42.72792],[23.106719,42.727985],[23.106144,42.728099],[23.105487,42.728288],[23.10492,42.728474],[23.104055,42.728862],[23.10251,42.729585],[23.102296,42.729692],[23.101214,42.730115],[23.100936,42.730202],[23.100563,42.730227],[23.099761,42.730095],[23.098636,42.729676],[23.097066,42.729439],[23.096453,42.729295],[23.095871,42.729223],[23.094984,42.729271],[23.093996,42.729547],[23.093337,42.73007],[23.091807,42.732057],[23.091362,42.732519],[23.091114,42.732776],[23.090506,42.733093],[23.090039,42.733235],[23.08925,42.733469],[23.08816,42.733992],[23.087714,42.734112],[23.087327,42.734137],[23.087205,42.734145],[23.08601,42.734139],[23.085594,42.73415],[23.085072,42.734105],[23.084925,42.734071],[23.084796,42.73401],[23.084622,42.733904],[23.084424,42.733764],[23.08409,42.733549],[23.083664,42.733322],[23.082929,42.732956],[23.082518,42.732752],[23.082226,42.732587],[23.082143,42.732531],[23.081996,42.732433],[23.081879,42.732314],[23.081777,42.732153],[23.08176,42.732107],[23.081703,42.731948],[23.081642,42.731656],[23.081559,42.730863],[23.081502,42.730486],[23.081432,42.730253],[23.081323,42.730016],[23.081268,42.729902],[23.081206,42.729634],[23.08112,42.729405],[23.081018,42.729178],[23.080901,42.728997],[23.080804,42.72887],[23.080653,42.7287],[23.080558,42.728586],[23.080502,42.728493],[23.080436,42.728294],[23.080407,42.728216],[23.080331,42.728129],[23.080192,42.728025],[23.080076,42.727944],[23.079944,42.727877],[23.07967,42.727784],[23.079542,42.727731],[23.07946,42.72766],[23.079378,42.727554],[23.079332,42.727459],[23.079311,42.727356],[23.079288,42.727078],[23.079258,42.726982],[23.079179,42.72686],[23.079073,42.726751],[23.078903,42.726611],[23.078805,42.72648],[23.078658,42.726287],[23.078589,42.726231],[23.07847,42.726176],[23.078321,42.72614],[23.078163,42.726116],[23.078008,42.726113]]},"properties":{"name":"SOF3003"}},{"type":"Feature","geometry":{"type":"LineString","coordinates":[[23.247752,42.734821],[23.247608,42.7349],[23.247082,42.735182],[23.245808,42.735848],[23.245645,42.736011],[23.245269,42.736231],[23.244817,42.736489],[23.244586,42.736625],[23.24419,42.736858],[23.243702,42.737137],[23.243558,42.737214],[23.243419,42.737289],[23.24338,42.737311],[23.241712,42.738201],[23.241391,42.738376],[23.241044,42.738565],[23.239148,42.739597],[23.238748,42.739815],[23.238441,42.739982],[23.238015,42.740217],[23.237606,42.740442],[23.237343,42.740581],[23.237047,42.740738],[23.236813,42.740864],[23.236289,42.741152],[23.235516,42.741575],[23.235019,42.741847],[23.234221,42.742285],[23.2328,42.743064],[23.232262,42.743362],[23.231854,42.743594]]},"properties":{"name":"бул. Европа"}},{"type":"Feature","geometry":{"type":"LineString","coordinates":[[23.222872,42.748577],[23.222487,42.748783],[23.222324,42.748875],[23.221491,42.749356],[23.22138,42.749419],[23.220894,42.749698],[23.220221,42.750084],[23.219471,42.750514],[23.219435,42.750534],[23.217314,42.751753],[23.216787,42.752055],[23.216701,42.752101],[23.216467,42.752238],[23.215651,42.752706],[23.215479,42.752809],[23.213689,42.753853],[23.213574,42.753919],[23.213425,42.754001],[23.212759,42.754398],[23.212616,42.754483],[23.21206,42.754814],[23.211161,42.755348],[23.210963,42.755467],[23.210174,42.755947],[23.210073,42.756009],[23.209119,42.756568],[23.209078,42.756593],[23.208851,42.756735],[23.208252,42.7571],[23.207909,42.75731],[23.205822,42.758567],[23.204957,42.759075],[23.204819,42.759156],[23.204742,42.759199],[23.20448,42.759345],[23.204352,42.759428],[23.203412,42.760016],[23.202217,42.760734],[23.202092,42.760809],[23.202032,42.760845],[23.201323,42.761271],[23.201288,42.761293],[23.200114,42.761999],[23.200008,42.762063],[23.199894,42.762128],[23.199825,42.76217],[23.199202,42.762546],[23.198804,42.762784],[23.198697,42.76285],[23.198643,42.762885],[23.198506,42.762971],[23.198418,42.763029],[23.198364,42.763061],[23.198114,42.763204],[23.198016,42.763262],[23.197933,42.76332],[23.197876,42.763371],[23.197831,42.763423],[23.197667,42.763682],[23.197627,42.763749],[23.197372,42.764165],[23.197324,42.764244],[23.197187,42.764467],[23.197081,42.764641],[23.196551,42.765459],[23.195921,42.766471],[23.195867,42.766533],[23.195796,42.766591],[23.195717,42.766652],[23.19493,42.767148],[23.19462,42.767338],[23.194164,42.767614],[23.194011,42.76771],[23.193703,42.767903],[23.193316,42.76817],[23.193237,42.768215],[23.193112,42.768292],[23.191601,42.769203],[23.191131,42.769487],[23.190552,42.769835],[23.190338,42.769964],[23.190085,42.770124],[23.190009,42.77017],[23.189403,42.77054],[23.189135,42.770705],[23.188649,42.770997],[23.188547,42.771059],[23.187907,42.77145],[23.187296,42.771824],[23.186639,42.772236],[23.186334,42.772419],[23.185923,42.772663],[23.185459,42.772948],[23.185329,42.773029],[23.185034,42.7732],[23.183697,42.773987],[23.180855,42.775709],[23.180576,42.77587]]},"properties":{"name":"бул. Европа"}},{"type":"Feature","geometry":{"type":"LineString","coordinates":[[23.243702,42.737137],[23.243622,42.737101],[23.243538,42.737071],[23.243287,42.736981],[23.242552,42.736722],[23.242413,42.736671],[23.241125,42.736174],[23.239649,42.735609],[23.237459,42.734762],[23.236515,42.734402],[23.23643,42.73437],[23.233813,42.733365],[23.233166,42.733116],[23.232896,42.733013],[23.232233,42.732758],[23.23078,42.7322],[23.230019,42.73191],[23.229353,42.731655],[23.229281,42.731627],[23.229092,42.731557],[23.228503,42.731337],[23.228228,42.731234],[23.227502,42.730962],[23.227399,42.730924],[23.226147,42.730455],[23.225482,42.730205],[23.22507,42.730052],[23.224978,42.730017],[23.222662,42.729215],[23.221709,42.728885],[23.22126,42.72873]]},"properties":{"name":"Банско шосе"}},{"type":"Feature","geometry":{"type":"LineString","coordinates":[[23.148023,42.706235],[23.147968,42.705961],[23.147959,42.705823],[23.148,42.705574],[23.148028,42.705483],[23.148107,42.705395],[23.14847,42.705126],[23.149625,42.704225],[23.149676,42.704173],[23.14969,42.7041],[23.149663,42.704048],[23.149622,42.704],[23.149516,42.703914],[23.149438,42.703855],[23.149318,42.703855],[23.149192,42.703879],[23.148976,42.703911],[23.148809,42.703929],[23.148318,42.703947],[23.148162,42.703944],[23.14802,42.703916],[23.147905,42.703855],[23.147664,42.703568],[23.147633,42.703478],[23.147628,42.703413],[23.147639,42.703342],[23.147669,42.703261],[23.147848,42.702923],[23.147997,42.702707],[23.148046,42.70267],[23.148105,42.702641],[23.148255,42.702601],[23.148384,42.702564],[23.148439,42.702535],[23.148495,42.702493],[23.148604,42.702423],[23.148893,42.70216],[23.148985,42.702111],[23.149102,42.702064],[23.149199,42.702022],[23.149298,42.701893],[23.149333,42.701786],[23.149354,42.701618],[23.149393,42.701452],[23.149524,42.701082],[23.149753,42.700072],[23.149775,42.699965],[23.14996,42.699265],[23.149996,42.698867],[23.149954,42.697444],[23.149913,42.697226],[23.149827,42.697022],[23.149386,42.696375],[23.14876,42.695475],[23.148244,42.694739],[23.147902,42.694257],[23.147583,42.693805],[23.147343,42.693466],[23.146757,42.692685],[23.146718,42.692631],[23.146079,42.691752],[23.146004,42.691649],[23.145868,42.691529],[23.145694,42.691415],[23.145482,42.691323],[23.144744,42.69104],[23.144513,42.69094],[23.144287,42.690841],[23.144029,42.69073],[23.143777,42.690602],[23.143534,42.690454],[23.143083,42.689839],[23.142792,42.689505],[23.141705,42.688555],[23.140086,42.687117],[23.139633,42.686723],[23.138577,42.685809]]},"properties":{"name":"Цар Симеон"}},{"type":"Feature","geometry":{"type":"LineString","coordinates":[[23.195785,42.628642],[23.195922,42.62888]]},"properties":{"name":"Цар Симеон"}},{"type":"Feature","geometry":{"type":"LineString","coordinates":[[23.160835,42.594641],[23.160506,42.594399]]},"properties":{"name":"Цар Симеон"}},{"type":"Feature","geometry":{"type":"LineString","coordinates":[[23.287336,42.70903],[23.287446,42.708975]]},"properties":{"name":"Цар Симеон"}},{"type":"Feature","geometry":{"type":"LineString","coordinates":[[23.138577,42.685809],[23.13883,42.685668]]},"properties":{"name":"Кокиче"}},{"type":"Feature","geometry":{"type":"LineString","coordinates":[[23.0995,42.720795],[23.099193,42.720689],[23.098761,42.720594],[23.098427,42.720541],[23.098061,42.720499],[23.097236,42.720396],[23.096717,42.720363],[23.096252,42.72038],[23.095778,42.720429],[23.095497,42.72048],[23.095316,42.720617],[23.095245,42.720802],[23.095205,42.721034],[23.095153,42.721124],[23.095098,42.721169],[23.094998,42.721205],[23.094868,42.721192],[23.09471,42.721105],[23.094087,42.720646],[23.09388,42.720492],[23.093805,42.720436],[23.093426,42.72022],[23.093202,42.720083],[23.093121,42.720021],[23.093066,42.71998],[23.092955,42.719804],[23.092905,42.719581],[23.092794,42.719381],[23.092672,42.719302],[23.09245,42.719247],[23.092314,42.719247],[23.092149,42.719247],[23.091516,42.719286],[23.090888,42.719396],[23.090344,42.719485],[23.089318,42.719524],[23.088239,42.71956],[23.087341,42.719601],[23.086996,42.71955],[23.086603,42.719416],[23.086095,42.71917],[23.085514,42.718887],[23.085142,42.7187],[23.084884,42.718634],[23.084582,42.718649],[23.084328,42.71873],[23.083886,42.719042],[23.083674,42.719198]]},"properties":{"name":"Балканска"}},{"type":"Feature","geometry":{"type":"LineString","coordinates":[[23.290035,42.711961],[23.29008,42.711984],[23.290149,42.712016],[23.290269,42.712059],[23.290507,42.712128],[23.291801,42.712504],[23.291999,42.712562],[23.29248,42.7127],[23.292846,42.712801],[23.293104,42.712864],[23.293404,42.712933],[23.294022,42.713105],[23.294355,42.713202],[23.294548,42.713258],[23.294818,42.713336],[23.295694,42.713586],[23.295801,42.713618],[23.296296,42.713762],[23.296561,42.713836],[23.296664,42.713865],[23.298136,42.714319]]},"properties":{"name":"Крум Хр. Стоянов"}},{"type":"Feature","geometry":{"type":"LineString","coordinates":[[23.290035,42.711961],[23.289941,42.711908],[23.289853,42.711852],[23.289788,42.711797],[23.28978,42.71179]]},"properties":{"name":"Хайдут Сидер"}},{"type":"Feature","geometry":{"type":"LineString","coordinates":[[23.287336,42.70903],[23.287428,42.709106]]},"properties":{"name":"Хайдут Сидер"}},{"type":"Feature","geometry":{"type":"LineString","coordinates":[[23.28978,42.71179],[23.289617,42.711635],[23.28954,42.711561],[23.289528,42.71155],[23.289334,42.711349],[23.289252,42.711255],[23.289116,42.711105],[23.288565,42.710468],[23.288511,42.71041],[23.287827,42.709619],[23.287534,42.709286],[23.287508,42.709253],[23.287445,42.709183],[23.287428,42.709106],[23.287501,42.709134],[23.287528,42.709145],[23.287551,42.709169],[23.287575,42.709197],[23.287589,42.70921],[23.287914,42.709572],[23.287948,42.709612],[23.288257,42.709958],[23.288614,42.710367],[23.288661,42.710418],[23.288851,42.710644],[23.289359,42.711209],[23.28944,42.711305],[23.289476,42.711349],[23.289614,42.711536],[23.28978,42.71179]]},"properties":{"name":"Хайдут Сидер"}},{"type":"Feature","geometry":{"type":"LineString","coordinates":[[23.287257,42.709085],[23.287336,42.70903]]},"properties":{"name":"Иван Хаджиенев"}},{"type":"Feature","geometry":{"type":"LineString","coordinates":[[23.287336,42.70903],[23.287219,42.708977]]},"properties":{"name":"Божурище"}},{"type":"Feature","geometry":{"type":"LineString","coordinates":[[23.284373,42.708196],[23.28461,42.708223],[23.285225,42.708295],[23.287107,42.708984],[23.287219,42.708977],[23.287156,42.708896],[23.286988,42.708834],[23.286268,42.708567],[23.28573,42.708368],[23.285314,42.708214],[23.28528,42.708207],[23.285206,42.708192],[23.284396,42.708093]]},"properties":{"name":"Божурище"}},{"type":"Feature","geometry":{"type":"LineString","coordinates":[[23.284373,42.708196],[23.284396,42.708093],[23.284573,42.70739],[23.284706,42.706769],[23.28473,42.706669],[23.284739,42.706579],[23.28477,42.706374],[23.284815,42.706151],[23.284825,42.706115],[23.284849,42.706003],[23.284861,42.705928],[23.284872,42.705853],[23.284888,42.70578],[23.2849,42.705728],[23.284929,42.705633],[23.284962,42.705535],[23.285079,42.705205],[23.2851,42.705132],[23.285349,42.704265],[23.285524,42.703495],[23.285553,42.703365],[23.285578,42.703254],[23.285704,42.702695],[23.285734,42.702561],[23.285763,42.702449],[23.285767,42.702429],[23.285781,42.702381],[23.285786,42.702363],[23.285798,42.70232],[23.285817,42.702253],[23.285822,42.702235],[23.285827,42.702218],[23.285842,42.70217],[23.285859,42.702103],[23.285867,42.702069],[23.2859,42.701932],[23.28594,42.701771],[23.285949,42.701727],[23.286071,42.701165],[23.286363,42.700035],[23.286399,42.699896],[23.286468,42.699614],[23.286732,42.698534],[23.286742,42.698486],[23.286749,42.698454],[23.28687,42.697868],[23.287033,42.697136],[23.287036,42.697119],[23.287056,42.697008],[23.287265,42.696142],[23.28727,42.696125],[23.287273,42.696111],[23.287333,42.695864],[23.287349,42.695793],[23.287365,42.695718],[23.287368,42.695704],[23.287371,42.695692],[23.287383,42.695628]]},"properties":{"name":"бул. Вардар"}},{"type":"Feature","geometry":{"type":"LineString","coordinates":[[23.285798,42.70232],[23.285468,42.702313],[23.285375,42.70231],[23.285291,42.702308],[23.285201,42.702303],[23.28515,42.702299],[23.285066,42.702292],[23.284997,42.702286],[23.284877,42.702271],[23.28475,42.702256],[23.284536,42.702229],[23.284482,42.702223],[23.284241,42.702194],[23.283978,42.702161],[23.28378,42.702136],[23.283646,42.702121],[23.283394,42.702091],[23.282468,42.701983],[23.282081,42.701938],[23.281672,42.701891],[23.280041,42.7017],[23.279978,42.701693],[23.279859,42.701679],[23.278806,42.701571],[23.27824,42.701509],[23.278178,42.701502],[23.277362,42.701407],[23.27731,42.701401],[23.276665,42.701332],[23.276219,42.701276],[23.276022,42.701254],[23.275935,42.701243]]},"properties":{"name":"бул. Александър Стамболийски"}},{"type":"Feature","geometry":{"type":"LineString","coordinates":[[23.297282,42.700405],[23.297304,42.700402],[23.297321,42.700399],[23.297366,42.700392],[23.297383,42.70039],[23.29745,42.700381],[23.298313,42.700251],[23.299188,42.700119],[23.299268,42.700107],[23.299759,42.700032],[23.300103,42.69998],[23.300146,42.699973],[23.300216,42.699963],[23.3004,42.699936],[23.300462,42.699927],[23.301337,42.699792],[23.302254,42.699652],[23.302675,42.699589],[23.302717,42.699583],[23.302802,42.699571],[23.302822,42.699568],[23.303072,42.699531],[23.303111,42.699525],[23.303144,42.69952],[23.303226,42.699508],[23.303996,42.699389],[23.304035,42.699383],[23.304097,42.699373],[23.304195,42.699359],[23.305081,42.699224],[23.305953,42.69909],[23.306639,42.698983],[23.306864,42.698949],[23.306934,42.698938],[23.307459,42.698858],[23.307659,42.698827],[23.30778,42.698807],[23.308409,42.698709],[23.309304,42.69857],[23.309515,42.698538],[23.309554,42.698532],[23.309655,42.698517],[23.309784,42.698498],[23.30987,42.698486],[23.310025,42.698462],[23.310611,42.698371],[23.311528,42.698231],[23.311656,42.698211],[23.312436,42.698093],[23.313236,42.697969],[23.313264,42.697965],[23.313304,42.697958],[23.313407,42.697944],[23.313478,42.697949],[23.313552,42.697955],[23.31461,42.69779],[23.31491,42.697744],[23.315133,42.69771],[23.315167,42.697704],[23.315246,42.697692],[23.315285,42.697687],[23.315323,42.697681],[23.31537,42.697674],[23.31545,42.697661],[23.315513,42.697652],[23.316058,42.697569],[23.316743,42.697463],[23.31684,42.697447],[23.317772,42.697303],[23.317847,42.697291],[23.318859,42.697134],[23.318948,42.69712],[23.319031,42.697107],[23.319092,42.697098],[23.31957,42.697024],[23.320286,42.696914],[23.320406,42.696894],[23.320589,42.696865],[23.320645,42.696856],[23.320756,42.696839]]},"properties":{"name":"бул. Александър Стамболийски"}},{"type":"Feature","geometry":{"type":"LineString","coordinates":[[23.275935,42.701243],[23.27596,42.701105],[23.276084,42.700437],[23.276172,42.699981],[23.27621,42.699689],[23.276273,42.699542],[23.276273,42.699384],[23.276266,42.699322],[23.276225,42.699236]]},"properties":{"name":"Западна"}},{"type":"Feature","geometry":{"type":"LineString","coordinates":[[23.276225,42.699236],[23.276097,42.699168],[23.275538,42.699025],[23.275061,42.698865],[23.274943,42.69882],[23.274504,42.698659],[23.274249,42.698566],[23.274012,42.698506],[23.27378,42.698462],[23.273649,42.698438],[23.27348,42.69841],[23.273161,42.698359],[23.27296,42.698324],[23.272429,42.69823],[23.27218,42.698186],[23.271998,42.698153],[23.271914,42.698139],[23.271223,42.698038],[23.270937,42.697996],[23.270742,42.697962],[23.270544,42.697925],[23.269956,42.697813],[23.269448,42.697718],[23.269124,42.697658],[23.267917,42.697436],[23.267335,42.69732],[23.267054,42.697263],[23.266521,42.697154],[23.266377,42.697127],[23.265768,42.697021],[23.265658,42.697001],[23.26534,42.696955],[23.264548,42.69681],[23.264183,42.696726],[23.263179,42.696488],[23.263031,42.696449],[23.262042,42.696192],[23.261631,42.696089],[23.261108,42.695953],[23.260788,42.695853],[23.260504,42.695751],[23.260209,42.695618],[23.260006,42.695527],[23.259947,42.695498],[23.259738,42.695414],[23.259342,42.69527],[23.258889,42.6952],[23.258537,42.695171],[23.2581,42.695143],[23.257663,42.695152],[23.25706,42.6952],[23.256734,42.695229],[23.255062,42.695389],[23.254389,42.695454],[23.253768,42.6955],[23.253386,42.69551],[23.253208,42.695503],[23.252981,42.695486],[23.252889,42.695473],[23.252277,42.695391],[23.249821,42.695046],[23.249584,42.69504],[23.249478,42.695045],[23.249168,42.695064],[23.248466,42.695127],[23.248194,42.69515],[23.247221,42.695232],[23.247154,42.695237],[23.246386,42.695305],[23.246083,42.695332],[23.24552,42.695381],[23.244967,42.69543],[23.244391,42.69547],[23.243723,42.69553],[23.243472,42.695552],[23.243181,42.695578],[23.239734,42.695889],[23.239531,42.695885],[23.238801,42.695841],[23.238047,42.695779],[23.237231,42.695711],[23.236774,42.69568],[23.236581,42.695664],[23.236063,42.695672],[23.235477,42.695681],[23.235144,42.695693],[23.234702,42.695711],[23.234423,42.695723],[23.234166,42.695731],[23.233661,42.695749],[23.232938,42.695774],[23.232739,42.695781],[23.232579,42.695786],[23.232473,42.695789],[23.231125,42.695855],[23.23061,42.69588],[23.230559,42.695882],[23.230298,42.695895]]},"properties":{"name":"Суходолска"}},{"type":"Feature","geometry":{"type":"LineString","coordinates":[[23.230298,42.695895],[23.230055,42.695909],[23.229935,42.695914],[23.229892,42.695915],[23.229698,42.695923],[23.228717,42.695958],[23.228367,42.69598],[23.227392,42.696038],[23.227304,42.69604],[23.227227,42.696057]]},"properties":{"name":"Бъдеще"}},{"type":"Feature","geometry":{"type":"LineString","coordinates":[[23.227227,42.696057],[23.227067,42.696108],[23.226866,42.69618],[23.226605,42.696292],[23.226409,42.696378],[23.226289,42.696431],[23.226182,42.696479],[23.225637,42.696712],[23.225539,42.696752],[23.225495,42.696769],[23.225193,42.696826],[23.224989,42.696816],[23.224478,42.696769],[23.224126,42.696726],[23.22371,42.696703],[23.223573,42.696694],[23.22306,42.696698],[23.222646,42.696708],[23.222519,42.696718],[23.222353,42.696741],[23.222168,42.696793],[23.222006,42.696859],[23.221891,42.696912],[23.221771,42.696983],[23.221651,42.697068],[23.221549,42.69716],[23.221502,42.697202],[23.221302,42.697391],[23.221197,42.697488],[23.22112,42.697542],[23.221053,42.697578],[23.220959,42.697612],[23.22088,42.697628],[23.220795,42.697634],[23.220727,42.697634],[23.220642,42.697627],[23.220562,42.697614],[23.220495,42.697598],[23.220409,42.697571],[23.220159,42.697482],[23.219904,42.697381],[23.219618,42.697275],[23.219439,42.697216],[23.219243,42.697161],[23.218934,42.697085],[23.218703,42.697027],[23.218477,42.69697],[23.218358,42.69694],[23.21716,42.696653],[23.215696,42.696271],[23.215402,42.696206],[23.215247,42.696186],[23.21509,42.696174],[23.214936,42.696173],[23.214746,42.696181],[23.214601,42.6962],[23.214484,42.696222],[23.214366,42.69625],[23.214253,42.696289],[23.214146,42.696323],[23.214045,42.696371],[23.213924,42.696432],[23.21379,42.696507],[23.213352,42.696883],[23.213076,42.697137],[23.212946,42.697245],[23.212039,42.698061]]},"properties":{"name":"Траян Танев"}},{"type":"Feature","geometry":{"type":"LineString","coordinates":[[23.212039,42.698061],[23.211622,42.698389],[23.211278,42.698645],[23.210435,42.699199],[23.209507,42.699775],[23.209377,42.699851],[23.208742,42.700245],[23.208514,42.700364],[23.208173,42.700524],[23.207841,42.700646],[23.20719,42.700807],[23.206917,42.700861],[23.206598,42.700934],[23.206099,42.701029],[23.205574,42.701083],[23.205147,42.701109],[23.203637,42.701171],[23.203209,42.701208],[23.202994,42.70124],[23.202281,42.70135],[23.202137,42.701371],[23.201935,42.701381],[23.201413,42.701315],[23.200946,42.701143],[23.199339,42.700467],[23.195623,42.698897],[23.194463,42.698419],[23.191418,42.697173],[23.191144,42.697062],[23.186997,42.695388],[23.184129,42.69423],[23.18272,42.693661]]},"properties":{"name":"Малобучински път"}},{"type":"Feature","geometry":{"type":"LineString","coordinates":[[23.18272,42.693661],[23.182121,42.693418],[23.182009,42.693337],[23.181936,42.693231],[23.181883,42.693066],[23.181891,42.692911],[23.181902,42.692627],[23.181914,42.692343],[23.181932,42.692041],[23.181928,42.691812],[23.181904,42.691672],[23.181796,42.691562],[23.1817,42.691494],[23.181691,42.69149],[23.181525,42.691445],[23.181382,42.691437],[23.181206,42.691456],[23.178708,42.691934],[23.178203,42.692045],[23.178051,42.692055],[23.177896,42.69205],[23.17762,42.691982],[23.177358,42.69185],[23.176762,42.691342],[23.175179,42.689992],[23.174723,42.68951],[23.173774,42.688409],[23.173445,42.688065],[23.173132,42.687864],[23.172699,42.687693],[23.172288,42.687623],[23.171811,42.6876],[23.170854,42.687623],[23.169918,42.68756]]},"properties":{"name":"SOF1110"}},{"type":"Feature","geometry":{"type":"LineString","coordinates":[[23.169918,42.68756],[23.169316,42.687501],[23.168967,42.687421],[23.168602,42.68732],[23.166405,42.686542],[23.166016,42.686367],[23.165598,42.686128]]},"properties":{"name":"Връх Кула"}},{"type":"Feature","geometry":{"type":"LineString","coordinates":[[23.165598,42.686128],[23.165351,42.685887],[23.164659,42.684997],[23.16386,42.684225],[23.162486,42.682935],[23.162316,42.68279],[23.162194,42.682701],[23.162011,42.682637],[23.161863,42.682601],[23.161726,42.682574],[23.161473,42.682527],[23.161221,42.682459],[23.160245,42.682125]]},"properties":{"name":"Люлин"}},{"type":"Feature","geometry":{"type":"LineString","coordinates":[[23.239682,42.65855],[23.23971,42.658494],[23.239723,42.658468],[23.23979,42.658347],[23.239841,42.658287],[23.239938,42.65821],[23.240035,42.658155],[23.240135,42.658108],[23.240264,42.658072],[23.240327,42.658073],[23.240384,42.658087],[23.240398,42.658098],[23.240436,42.658129],[23.240466,42.658241],[23.240465,42.658275],[23.24046,42.658369],[23.240459,42.658397],[23.240403,42.658553],[23.240358,42.658648],[23.240353,42.658658],[23.240346,42.658669],[23.24034,42.65868],[23.240297,42.658748]]},"properties":{"name":"Д-р Д. Съселов"}},{"type":"Feature","geometry":{"type":"LineString","coordinates":[[23.207686,42.64662],[23.208484,42.647231],[23.208804,42.647417],[23.209102,42.647539],[23.209391,42.647642],[23.210136,42.647805],[23.210198,42.647817],[23.210468,42.647871],[23.210715,42.647974],[23.210967,42.648136],[23.211408,42.64854],[23.211571,42.64869],[23.211634,42.648748],[23.211793,42.64886],[23.211996,42.648952],[23.212222,42.649024],[23.212309,42.649047],[23.212481,42.649092],[23.213059,42.649232],[23.21463,42.649678],[23.217299,42.650505],[23.21736,42.650524],[23.217435,42.650547],[23.217533,42.650578],[23.21833,42.650825],[23.21869,42.650936],[23.218723,42.650947],[23.218841,42.650983],[23.219011,42.651036],[23.219042,42.651046],[23.219476,42.65118],[23.219634,42.651229],[23.219758,42.651267],[23.219819,42.651286],[23.222663,42.652167],[23.223039,42.652281],[23.223128,42.652306],[23.223187,42.652326],[23.22356,42.652451],[23.223698,42.652507],[23.223884,42.652651],[23.22416,42.652879],[23.22454,42.653205],[23.224796,42.653391],[23.225087,42.653574],[23.225387,42.653732],[23.225689,42.653841],[23.225999,42.653931],[23.226723,42.654082],[23.227521,42.654253],[23.22791,42.65434],[23.228088,42.654378],[23.228431,42.654452],[23.228492,42.654465],[23.228568,42.654484],[23.228622,42.654496],[23.229043,42.654601],[23.230008,42.654924],[23.230811,42.655209],[23.232054,42.655654],[23.232405,42.65574],[23.232918,42.655867],[23.233309,42.655968],[23.233571,42.656054],[23.235856,42.657064],[23.236235,42.657228],[23.236278,42.657246],[23.236374,42.657288],[23.236576,42.657375],[23.236606,42.657388],[23.237077,42.657591],[23.237236,42.657659],[23.238177,42.658064],[23.23849,42.658189],[23.239446,42.658478],[23.239682,42.65855],[23.240176,42.658709],[23.240297,42.658748],[23.24033,42.658758],[23.240392,42.658776],[23.240696,42.658867],[23.240713,42.658872],[23.241146,42.658957],[23.24123,42.658973],[23.241316,42.65899],[23.241422,42.659006]]},"properties":{"name":"бул. Цар Борис III"}},{"type":"Feature","geometry":{"type":"LineString","coordinates":[[23.243566,42.659382],[23.243498,42.659372],[23.242929,42.659287],[23.242691,42.659243],[23.242149,42.659156],[23.241614,42.659071],[23.241522,42.65904],[23.241422,42.659006],[23.241452,42.659007],[23.241486,42.659007],[23.241663,42.659008],[23.242006,42.659063],[23.242168,42.659088],[23.242933,42.659209],[23.243045,42.659226],[23.243466,42.659293],[23.243521,42.659302],[23.243587,42.659313]]},"properties":{"name":"бул. Цар Борис III"}},{"type":"Feature","geometry":{"type":"LineString","coordinates":[[23.299609,42.686888],[23.299509,42.686842],[23.299103,42.686623]]},"properties":{"name":"бул. Цар Борис III"}},{"type":"Feature","geometry":{"type":"LineString","coordinates":[[23.266011,42.667824],[23.266098,42.667874],[23.266125,42.66789],[23.26628,42.667979],[23.266373,42.668032]]},"properties":{"name":"бул. Цар Борис III"}},{"type":"Feature","geometry":{"type":"LineString","coordinates":[[23.28137,42.677028],[23.281391,42.67704],[23.281413,42.677053],[23.282302,42.677552]]},"properties":{"name":"бул. Цар Борис III"}},{"type":"Feature","geometry":{"type":"LineString","coordinates":[[23.271812,42.671575],[23.270288,42.670715],[23.268736,42.669821],[23.267714,42.669242],[23.267108,42.668899],[23.266657,42.668644],[23.266204,42.668388],[23.266084,42.66832],[23.265717,42.668112],[23.265706,42.668106],[23.265629,42.668062]]},"properties":{"name":"бул. Цар Борис III"}},{"type":"Feature","geometry":{"type":"LineString","coordinates":[[23.299734,42.686758],[23.299639,42.686708],[23.299601,42.686688],[23.298988,42.686362],[23.297087,42.685382],[23.29706,42.685369],[23.296976,42.685325],[23.296864,42.685266],[23.29684,42.685253],[23.296174,42.684902],[23.29368,42.683589],[23.293183,42.683327],[23.293077,42.683271],[23.292948,42.683202],[23.292923,42.683189],[23.292518,42.682971],[23.289663,42.681443],[23.28965,42.681436],[23.289631,42.681426],[23.289593,42.681405],[23.289578,42.681397],[23.285445,42.67911],[23.285052,42.678883],[23.285011,42.678858],[23.284895,42.678794],[23.284743,42.678709],[23.284658,42.678658],[23.284596,42.678626],[23.284143,42.678374],[23.281637,42.676961],[23.281576,42.676925],[23.28152,42.676891],[23.281475,42.676866],[23.281404,42.676824],[23.279385,42.675679],[23.279243,42.675601],[23.279017,42.675469],[23.278952,42.675431],[23.278634,42.675245],[23.273044,42.672066],[23.27281,42.671931],[23.27274,42.671893],[23.272702,42.671873],[23.272573,42.671805],[23.272562,42.671798],[23.27252,42.671775],[23.2725,42.671764],[23.27247,42.671748],[23.272467,42.671746],[23.272344,42.671675],[23.272285,42.671641],[23.271873,42.671405],[23.267029,42.668661],[23.266445,42.668331],[23.266319,42.668259],[23.266308,42.668253],[23.266009,42.668083],[23.26594,42.668044],[23.265937,42.668042],[23.265911,42.668027],[23.26588,42.66801],[23.265805,42.667967],[23.265654,42.667882],[23.265639,42.667873],[23.265173,42.667609],[23.263053,42.666392],[23.262923,42.666321],[23.262776,42.666253],[23.260615,42.665457],[23.260403,42.665429],[23.26002,42.665288],[23.259942,42.665258],[23.259819,42.665215]]},"properties":{"name":"бул. Цар Борис III"}},{"type":"Feature","geometry":{"type":"LineString","coordinates":[[23.195961,42.635909],[23.195962,42.635666],[23.195938,42.635521],[23.195857,42.635222],[23.195777,42.634986],[23.195575,42.634582],[23.195567,42.634565],[23.195447,42.634431],[23.195281,42.634312],[23.195134,42.634165],[23.194394,42.633155],[23.194147,42.632793],[23.193792,42.632037],[23.193728,42.631908],[23.193743,42.63157],[23.194253,42.63013],[23.194346,42.630041],[23.194459,42.629953],[23.194683,42.629862],[23.195094,42.629776],[23.195209,42.629756],[23.195588,42.629688],[23.195838,42.629607],[23.19592,42.629563],[23.195966,42.629525],[23.195985,42.629484],[23.196003,42.629432],[23.196015,42.629331],[23.196017,42.629186],[23.195981,42.629058],[23.195922,42.62888]]},"properties":{"name":"Войнишко въстание"}},{"type":"Feature","geometry":{"type":"LineString","coordinates":[[23.195785,42.628642],[23.195698,42.628532],[23.195561,42.628425],[23.195466,42.628388],[23.195057,42.628227],[23.193634,42.627398],[23.193366,42.627228],[23.193187,42.62704],[23.193035,42.62677],[23.192963,42.626591],[23.192877,42.626225],[23.19288,42.625583],[23.192874,42.625389],[23.192785,42.625228],[23.192233,42.624788],[23.192035,42.624502],[23.191965,42.624148],[23.191967,42.623902],[23.19197,42.623553],[23.191819,42.623331],[23.19139,42.623135],[23.191242,42.623079],[23.191087,42.623019],[23.190816,42.622916],[23.190367,42.622816],[23.190273,42.622772],[23.190205,42.622724],[23.190148,42.622675],[23.189916,42.622438],[23.189685,42.622133],[23.189487,42.621701],[23.189395,42.621502],[23.189159,42.620991],[23.18895,42.620278],[23.188888,42.620009],[23.188858,42.619968],[23.188798,42.619936],[23.188688,42.619914],[23.188582,42.619894],[23.188522,42.619889],[23.188155,42.619891]]},"properties":{"name":"Войнишко въстание"}},{"type":"Feature","geometry":{"type":"LineString","coordinates":[[23.251571,42.671883],[23.251607,42.671976],[23.251629,42.672035],[23.251654,42.672101],[23.252119,42.673323],[23.252147,42.673396],[23.25219,42.673517],[23.25229,42.673811],[23.252369,42.674051],[23.25252,42.674445],[23.252565,42.674564],[23.25263,42.674735],[23.252707,42.674938],[23.252814,42.675218],[23.252908,42.675466],[23.252934,42.675534],[23.253,42.67571],[23.253146,42.676099],[23.253205,42.676257],[23.253259,42.676401],[23.253335,42.676601],[23.253424,42.676829],[23.253455,42.67691],[23.253481,42.676973],[23.253516,42.677067],[23.253529,42.677101],[23.253687,42.67752],[23.253763,42.677729],[23.253879,42.678037],[23.253917,42.678139],[23.254105,42.678637],[23.254244,42.679007],[23.254593,42.679897],[23.254715,42.680198],[23.255014,42.681021],[23.255093,42.681242],[23.255178,42.681476],[23.255262,42.681747],[23.255394,42.682153],[23.255502,42.682446],[23.25551,42.682468],[23.255562,42.682609],[23.255581,42.682658],[23.255597,42.6827],[23.255599,42.682706],[23.255628,42.682784],[23.255659,42.682871],[23.25575,42.683125],[23.255769,42.683181],[23.255793,42.683247],[23.25585,42.683405],[23.255908,42.68357],[23.255918,42.683598],[23.255948,42.683682],[23.25595,42.68369],[23.255972,42.683805],[23.25598,42.683843],[23.255993,42.683912],[23.256,42.683958],[23.256003,42.683999],[23.256005,42.684051],[23.255994,42.684277],[23.255961,42.684436],[23.255946,42.684501],[23.255898,42.684711],[23.255844,42.684949],[23.255817,42.685048],[23.255764,42.68524],[23.255614,42.68585],[23.255543,42.68611],[23.255478,42.686368],[23.255455,42.686453],[23.255048,42.688047],[23.255017,42.688169],[23.254972,42.688339],[23.25477,42.689131],[23.25464,42.689639],[23.254552,42.689993],[23.254472,42.690282],[23.254466,42.690307],[23.254444,42.690411]]},"properties":{"name":"Монтевидео"}},{"type":"Feature","geometry":{"type":"LineString","coordinates":[[23.251798,42.671514],[23.252575,42.67087],[23.25337,42.670226],[23.253693,42.669959],[23.254705,42.669145],[23.254761,42.669102],[23.254882,42.669013],[23.254949,42.668958],[23.256002,42.668114],[23.256159,42.667987],[23.257244,42.667116],[23.257666,42.666776],[23.25774,42.666717]]},"properties":{"name":"бул. Никола Петков"}},{"type":"Feature","geometry":{"type":"LineString","coordinates":[[23.237661,42.67478],[23.237923,42.674657],[23.238275,42.674527],[23.238568,42.674446],[23.238638,42.674432],[23.239125,42.674328],[23.239593,42.674227],[23.2397,42.674204],[23.240093,42.67413],[23.240242,42.674102],[23.240286,42.673813],[23.240354,42.673129],[23.240449,42.672139],[23.240508,42.671974],[23.240622,42.671813],[23.240886,42.67162],[23.240994,42.67157],[23.24137,42.671489],[23.2416,42.671454],[23.241742,42.671435],[23.241797,42.671434],[23.242221,42.671584],[23.242427,42.671651],[23.242655,42.671738],[23.242814,42.671809],[23.243339,42.672044],[23.243893,42.672308],[23.244445,42.67256],[23.244702,42.67268],[23.245104,42.672837],[23.245291,42.672895],[23.245529,42.672957],[23.2457,42.672972],[23.245915,42.672994],[23.24615,42.672995],[23.246319,42.672991],[23.246944,42.672976],[23.247583,42.67296],[23.2481,42.672946],[23.248228,42.672942],[23.248352,42.672937],[23.248666,42.672926],[23.248955,42.672916],[23.249164,42.672909],[23.24972,42.67289],[23.250123,42.672925],[23.250266,42.672931],[23.250543,42.672939],[23.250608,42.672847],[23.250772,42.67263],[23.25094,42.672439],[23.251142,42.672233],[23.25142,42.672006],[23.251431,42.671996],[23.251571,42.671883],[23.251602,42.671855],[23.251649,42.671814],[23.251796,42.671694],[23.251864,42.671638],[23.251931,42.671581],[23.253506,42.670319],[23.254384,42.669606],[23.254887,42.669205],[23.25492,42.669179],[23.255016,42.669074],[23.255083,42.66902],[23.255128,42.668984],[23.255634,42.668576],[23.25614,42.668169],[23.256858,42.66759],[23.257518,42.667059],[23.257747,42.666875],[23.257784,42.666844],[23.25786,42.666783],[23.258357,42.666383]]},"properties":{"name":"бул. Никола Петков"}},{"type":"Feature","geometry":{"type":"LineString","coordinates":[[23.262232,42.662365],[23.262185,42.662449],[23.261897,42.662969],[23.261705,42.663329],[23.261511,42.663653],[23.261417,42.663769],[23.261142,42.664063],[23.260888,42.664293],[23.260776,42.664319],[23.260597,42.664459],[23.260208,42.664763],[23.259989,42.664938],[23.259954,42.664967],[23.259884,42.665021],[23.259852,42.665048],[23.259788,42.665098],[23.259704,42.66517],[23.259598,42.665261],[23.25957,42.665284],[23.259493,42.66535],[23.259344,42.665474],[23.258843,42.665889],[23.258568,42.666118],[23.258498,42.666176],[23.258443,42.666232],[23.258402,42.666288],[23.258386,42.666319],[23.258357,42.666383],[23.258435,42.666349],[23.258481,42.666324],[23.258539,42.666288],[23.258602,42.66624],[23.258666,42.666186],[23.259287,42.665678],[23.259737,42.665292],[23.259819,42.665215]]},"properties":{"name":"бул. Никола Петков"}},{"type":"Feature","geometry":{"type":"LineString","coordinates":[[23.262726,42.661592],[23.262885,42.66138],[23.263209,42.661074],[23.263553,42.660816],[23.263858,42.66061],[23.264192,42.660435],[23.26481,42.660181],[23.264843,42.660167],[23.264974,42.660114],[23.265075,42.660077],[23.2651,42.660068],[23.265688,42.659858],[23.265778,42.659825],[23.265894,42.659784],[23.267029,42.659377],[23.268156,42.658977],[23.269181,42.658615],[23.269401,42.658539],[23.270385,42.65818],[23.270957,42.657981],[23.2713,42.657824],[23.271926,42.657593],[23.271968,42.657578],[23.272248,42.657479]]},"properties":{"name":"бул. Никола Петков"}},{"type":"Feature","geometry":{"type":"LineString","coordinates":[[23.251798,42.671514],[23.251887,42.67155],[23.251931,42.671581]]},"properties":{"name":"Букет"}},{"type":"Feature","geometry":{"type":"LineString","coordinates":[[23.248678,42.666107],[23.248783,42.666167],[23.24921,42.666387],[23.249321,42.66644],[23.250637,42.667061],[23.250787,42.667128],[23.251294,42.667365],[23.252331,42.667837],[23.253409,42.668337],[23.254023,42.668618],[23.254112,42.668659],[23.25477,42.668961],[23.254814,42.668981],[23.254882,42.669013],[23.255016,42.669074],[23.255144,42.669135],[23.255182,42.669153],[23.25523,42.669176],[23.255357,42.669236],[23.255368,42.669241],[23.255546,42.669326],[23.255595,42.669349],[23.25568,42.669389],[23.255907,42.669496],[23.255991,42.669536],[23.25654,42.669796],[23.256764,42.669902],[23.256929,42.66998],[23.25758,42.670288],[23.257707,42.670352],[23.258239,42.670607],[23.258261,42.670617],[23.258727,42.670841],[23.258807,42.670879],[23.25912,42.671029],[23.259587,42.671253],[23.259704,42.67131],[23.260186,42.67154],[23.260515,42.671697],[23.260715,42.671785],[23.261281,42.672032],[23.26145,42.672126],[23.261707,42.672297],[23.261911,42.67246],[23.261984,42.67253],[23.262773,42.673289],[23.262807,42.673322],[23.2629,42.673412],[23.262928,42.673439],[23.263032,42.673536],[23.263136,42.673633],[23.263556,42.674025],[23.263693,42.674154],[23.264093,42.674538],[23.264656,42.675055],[23.26472,42.675115],[23.264748,42.675141],[23.264818,42.675206],[23.265248,42.675609],[23.26542,42.67577],[23.265542,42.675884],[23.265629,42.675966],[23.265761,42.676089],[23.265967,42.676281],[23.266175,42.676462],[23.266411,42.676558],[23.267312,42.676848],[23.267573,42.676932],[23.267852,42.677016],[23.267899,42.67703],[23.267939,42.677042],[23.267993,42.677055],[23.268182,42.677095]]},"properties":{"name":"Любляна"}},{"type":"Feature","geometry":{"type":"LineString","coordinates":[[23.243081,42.660771],[23.243183,42.660802],[23.243266,42.66085],[23.243351,42.660916],[23.243442,42.661001],[23.24354,42.661107],[23.243986,42.661584],[23.244197,42.661789],[23.244278,42.661878],[23.244732,42.662337],[23.244795,42.662399],[23.245017,42.662618],[23.24524,42.66283],[23.24561,42.663163],[23.245865,42.663359],[23.246011,42.663459],[23.246017,42.663463],[23.246107,42.663519],[23.246799,42.663955],[23.247018,42.66411],[23.247096,42.664163],[23.247168,42.664213],[23.247396,42.664448],[23.247506,42.664571],[23.247609,42.664691],[23.247757,42.664893],[23.248457,42.665854],[23.248678,42.666107],[23.248663,42.666146]]},"properties":{"name":"Евлия Челеби"}},{"type":"Feature","geometry":{"type":"LineString","coordinates":[[23.241797,42.671434],[23.241791,42.671405],[23.24179,42.671396],[23.241646,42.670588],[23.241604,42.670379],[23.241592,42.670341],[23.241602,42.6703],[23.241642,42.670245],[23.241669,42.670218],[23.241709,42.670191],[23.241777,42.670172],[23.241861,42.670156],[23.241972,42.670153],[23.242031,42.670151],[23.243101,42.670145],[23.243359,42.67014],[23.243523,42.670138],[23.243686,42.670129],[23.244157,42.670057],[23.244307,42.670022],[23.244411,42.669984],[23.2445,42.669921],[23.244649,42.669728],[23.244692,42.669606],[23.244697,42.669495],[23.24464,42.669319],[23.244619,42.669161],[23.244515,42.668684],[23.244289,42.667638],[23.244201,42.667246],[23.244169,42.6671],[23.244056,42.666587],[23.244035,42.66646],[23.244024,42.666393],[23.244014,42.666317],[23.243982,42.666087],[23.243945,42.665811],[23.243942,42.665789],[23.243935,42.665748],[23.2439,42.665483],[23.243885,42.665377],[23.24381,42.664847],[23.243741,42.664318],[23.243714,42.664218],[23.243685,42.664125],[23.243683,42.664118],[23.243636,42.663976],[23.243492,42.663627],[23.24343,42.663426],[23.243411,42.663261],[23.243409,42.663036],[23.243442,42.662653],[23.243457,42.662493],[23.243461,42.662379],[23.243466,42.662253],[23.243459,42.662166],[23.243433,42.662068],[23.243135,42.66148],[23.243074,42.661409],[23.243029,42.661339],[23.242979,42.661282],[23.242944,42.661225],[23.242932,42.661178],[23.24293,42.661132],[23.242959,42.661029],[23.243081,42.660771],[23.243122,42.66065],[23.243139,42.660599],[23.243192,42.660446],[23.243196,42.660434],[23.243218,42.660379],[23.24334,42.660045],[23.243361,42.659989],[23.243369,42.659967],[23.24337,42.659963],[23.243391,42.659908],[23.243539,42.659467],[23.243553,42.659425],[23.243566,42.659382],[23.243574,42.659357],[23.243577,42.659345],[23.243587,42.659313]]},"properties":{"name":"Княжевска"}},{"type":"Feature","geometry":{"type":"LineString","coordinates":[[23.240676,42.658932],[23.240713,42.658872]]},"properties":{"name":"Люлински път"}},{"type":"Feature","geometry":{"type":"LineString","coordinates":[[23.180652,42.612829],[23.18117,42.612912],[23.181356,42.612961],[23.181544,42.613034],[23.181703,42.613159],[23.1818,42.613379],[23.182484,42.615677],[23.182702,42.617205],[23.182714,42.617294],[23.182731,42.617365],[23.182771,42.617423],[23.18283,42.617481],[23.18289,42.617502],[23.182945,42.617512],[23.182985,42.617519],[23.183052,42.617504],[23.18314,42.617474],[23.183191,42.617417],[23.183236,42.617293],[23.183436,42.61622],[23.183432,42.61608],[23.18337,42.615937],[23.18313,42.615576],[23.183091,42.615464],[23.183098,42.61541],[23.183131,42.615356],[23.183199,42.615319],[23.18329,42.615309],[23.183372,42.61532],[23.183453,42.615347],[23.183515,42.615396],[23.18356,42.615461],[23.183755,42.615807],[23.183853,42.616143],[23.183902,42.616266],[23.183999,42.616392],[23.184164,42.616528],[23.184842,42.61696],[23.185087,42.617059],[23.185692,42.617205],[23.185969,42.617282],[23.186223,42.617396],[23.186517,42.617557],[23.186718,42.617712],[23.186893,42.617898],[23.187521,42.618763],[23.187725,42.619072],[23.188155,42.619891]]},"properties":{"name":"SOF1020"}},{"type":"Feature","geometry":{"type":"LineString","coordinates":[[23.180652,42.612829],[23.18047,42.612793],[23.180337,42.612697],[23.180157,42.612513],[23.179713,42.611333],[23.179665,42.611245],[23.179546,42.611025],[23.179523,42.610983],[23.179296,42.610719],[23.178988,42.610442],[23.178677,42.610279],[23.178217,42.609987],[23.178025,42.609733],[23.177861,42.609335],[23.177893,42.609057],[23.177943,42.608737],[23.177945,42.608586],[23.177928,42.608484],[23.177868,42.608387],[23.176862,42.607328],[23.17651,42.60699],[23.17609,42.606578],[23.175711,42.606164],[23.17561,42.605977],[23.17563,42.605713],[23.175878,42.605193],[23.176238,42.604433],[23.176282,42.604213],[23.176273,42.604114],[23.176221,42.604022],[23.176041,42.603838],[23.175747,42.603591],[23.175637,42.603491],[23.175608,42.603465],[23.175555,42.603362],[23.175541,42.603287],[23.175549,42.603199],[23.175609,42.603056],[23.175641,42.602963],[23.175659,42.602876],[23.175671,42.602747],[23.175656,42.602653],[23.175624,42.602559],[23.175589,42.602488],[23.175552,42.602412],[23.175535,42.602376],[23.17542,42.602258],[23.175156,42.602153],[23.174777,42.602102],[23.173716,42.601993],[23.173321,42.601869],[23.173135,42.601761],[23.172912,42.601577],[23.172728,42.601363],[23.172446,42.600799],[23.172375,42.600656],[23.172291,42.600555],[23.172156,42.60045],[23.171865,42.600319],[23.171493,42.600134],[23.171235,42.599944],[23.171011,42.59972],[23.170882,42.599606],[23.170737,42.599587],[23.170605,42.599641],[23.170489,42.599837],[23.170236,42.600159],[23.170089,42.600291],[23.169867,42.600465],[23.169675,42.600616],[23.169506,42.600735],[23.169251,42.600852],[23.168995,42.600931],[23.168738,42.600993],[23.168393,42.601124],[23.168146,42.601238],[23.167583,42.601492],[23.167025,42.601716],[23.166457,42.601853],[23.165663,42.602146],[23.165097,42.602397],[23.164878,42.602415],[23.163239,42.602218],[23.162986,42.602187],[23.162781,42.602152],[23.162634,42.60209],[23.162509,42.601997],[23.162435,42.60184],[23.162376,42.601659],[23.162291,42.601155],[23.162242,42.600629],[23.162151,42.599762],[23.162159,42.599615],[23.162186,42.59949],[23.162345,42.598986],[23.16236,42.59891],[23.162372,42.59879],[23.162352,42.598641],[23.162169,42.597855],[23.162061,42.597346],[23.161979,42.596808],[23.161912,42.596434],[23.161775,42.596176],[23.161423,42.59562],[23.161088,42.595029],[23.160835,42.594641]]},"properties":{"name":"Цар Симеон I"}},{"type":"Feature","geometry":{"type":"LineString","coordinates":[[23.219571,42.63821],[23.219183,42.638286],[23.218929,42.638313],[23.218575,42.638321],[23.217869,42.638291],[23.217654,42.638319],[23.217489,42.638377],[23.217404,42.638426],[23.217249,42.638575],[23.217161,42.638759],[23.217031,42.639359],[23.216976,42.639524],[23.216571,42.640407],[23.216495,42.640643],[23.216479,42.640711],[23.216377,42.641156],[23.216371,42.641281],[23.216381,42.641334],[23.216402,42.641441],[23.216493,42.641596],[23.216672,42.641742],[23.216908,42.641852],[23.217343,42.641968],[23.217713,42.642024],[23.218064,42.642034],[23.218205,42.64201],[23.218346,42.641974],[23.218506,42.641878],[23.219153,42.641364],[23.219665,42.641022],[23.219904,42.640919],[23.220298,42.640815],[23.220576,42.640803],[23.220696,42.640812],[23.220905,42.640849],[23.221107,42.640904],[23.221436,42.641053],[23.221576,42.641136],[23.221724,42.641252],[23.222119,42.641648],[23.222237,42.641738],[23.222488,42.641862],[23.222785,42.641985],[23.223116,42.642166],[23.223254,42.642291],[23.223786,42.642939],[23.223902,42.643064],[23.224044,42.643153],[23.224155,42.6432],[23.224301,42.643221],[23.224428,42.643218],[23.224565,42.643205],[23.224723,42.643178],[23.224847,42.643158],[23.224964,42.643146],[23.225203,42.643158],[23.225399,42.643217],[23.225646,42.643276],[23.225834,42.643292],[23.225975,42.643262],[23.226117,42.643212],[23.226253,42.643123],[23.226724,42.6426],[23.226895,42.642494],[23.227044,42.642434],[23.227238,42.642421],[23.227484,42.642449],[23.22839,42.642856],[23.228582,42.642911],[23.228882,42.642937],[23.22909,42.642935],[23.229438,42.642906],[23.229673,42.642868],[23.229931,42.642781],[23.230457,42.642503],[23.230594,42.642452],[23.230785,42.642446],[23.230961,42.642472],[23.231291,42.642584],[23.231418,42.642637],[23.232354,42.642995],[23.232359,42.642997],[23.232413,42.643018],[23.233018,42.643252],[23.233853,42.643579],[23.234388,42.64377],[23.234746,42.643847],[23.23515,42.643897],[23.236064,42.643969],[23.236853,42.644053],[23.237383,42.644199],[23.238041,42.644442],[23.238297,42.644533],[23.238737,42.644664],[23.238935,42.644703],[23.239286,42.644733],[23.239578,42.644737],[23.239813,42.644715],[23.240431,42.644684],[23.240663,42.64472],[23.240935,42.644825],[23.24127,42.64507],[23.241712,42.645444],[23.241935,42.645605],[23.242113,42.645691],[23.242341,42.645765],[23.242559,42.645813],[23.243306,42.645867],[23.244633,42.645949],[23.244704,42.64595],[23.24512,42.645966],[23.246206,42.646025],[23.247271,42.646083],[23.247649,42.646082],[23.247978,42.646058],[23.248368,42.645966],[23.249064,42.6457],[23.249271,42.645636],[23.249465,42.645617],[23.24967,42.645647],[23.249818,42.645713],[23.249935,42.645823],[23.249998,42.645955],[23.250006,42.64608],[23.249979,42.646185],[23.249929,42.646284],[23.249805,42.646383],[23.249664,42.646446],[23.249504,42.646476],[23.249329,42.646474],[23.24891,42.646401],[23.248512,42.646356],[23.248297,42.646343],[23.248075,42.646396],[23.247949,42.646471],[23.247338,42.647092],[23.24722,42.647214],[23.247002,42.64736],[23.246591,42.647566],[23.246066,42.64774],[23.245215,42.647981],[23.24446,42.648194],[23.244434,42.648202],[23.243768,42.6484],[23.24221,42.648893],[23.242056,42.648975],[23.241928,42.649099],[23.241845,42.649227],[23.241837,42.649378],[23.241896,42.649525],[23.241965,42.649612],[23.242059,42.649691],[23.24217,42.649736],[23.242315,42.649776],[23.242492,42.64979],[23.242745,42.64974],[23.242981,42.649621],[23.243259,42.649473],[23.243437,42.649378],[23.243719,42.649297],[23.244119,42.649271],[23.244548,42.649327],[23.245038,42.649431],[23.24507,42.649436],[23.245957,42.64958],[23.2471,42.649753],[23.247952,42.649901],[23.248238,42.649949],[23.248563,42.649984],[23.248823,42.649988],[23.249041,42.64997],[23.249197,42.649943],[23.249367,42.649901],[23.249725,42.649795],[23.249957,42.649718],[23.250616,42.649485],[23.251393,42.64921],[23.251503,42.649171],[23.251758,42.649081],[23.25193,42.649016],[23.252133,42.648966],[23.252239,42.64894],[23.252559,42.648898],[23.252942,42.648881],[23.253854,42.648918],[23.254218,42.648934],[23.254289,42.648937],[23.25521,42.648978],[23.255372,42.648985],[23.255523,42.64899],[23.255752,42.649],[23.256142,42.649024],[23.256512,42.649061],[23.256887,42.649103],[23.257309,42.649162],[23.257585,42.649207],[23.258285,42.649321],[23.259364,42.649497],[23.259431,42.649509],[23.260043,42.649617],[23.260733,42.649738],[23.260786,42.649748],[23.260913,42.64977]]},"properties":{"name":"Беловодски път"}},{"type":"Feature","geometry":{"type":"LineString","coordinates":[[23.260913,42.64977],[23.26102,42.649643],[23.261062,42.649605],[23.261107,42.649569],[23.261656,42.649203],[23.261958,42.649047],[23.262296,42.648924],[23.262459,42.648879],[23.262598,42.648853],[23.263019,42.648816],[23.26305,42.648804],[23.263456,42.648626],[23.263973,42.648395],[23.264509,42.648149],[23.265111,42.647874],[23.265367,42.647784],[23.265564,42.647732],[23.265653,42.64771],[23.265937,42.647664],[23.266049,42.64765],[23.266123,42.647651],[23.266135,42.647651],[23.266202,42.647651],[23.266274,42.647636],[23.26634,42.647611],[23.266712,42.647356],[23.266941,42.6472],[23.267011,42.647142],[23.267056,42.647096],[23.267095,42.647046],[23.267129,42.646983],[23.26716,42.646915],[23.267192,42.646792],[23.267208,42.646708],[23.267248,42.646591],[23.267255,42.646517],[23.267284,42.646401],[23.2675,42.645858],[23.267542,42.645788],[23.267913,42.645587],[23.268854,42.645158],[23.26917,42.645138],[23.269543,42.645178],[23.272222,42.645502],[23.272551,42.645552],[23.272842,42.645583],[23.272921,42.645588],[23.273135,42.645602],[23.27318,42.6456],[23.273255,42.645597],[23.273337,42.645594],[23.274007,42.645499],[23.274149,42.645484],[23.274205,42.645507],[23.274242,42.645551],[23.274269,42.645599],[23.27428,42.645716]]},"properties":{"name":"Севастократор Калоян"}},{"type":"Feature","geometry":{"type":"LineString","coordinates":[[23.260913,42.64977],[23.261024,42.649784],[23.261105,42.649791],[23.261178,42.649794],[23.261311,42.6498],[23.261379,42.649799],[23.261448,42.649789],[23.261492,42.649779],[23.261644,42.649742],[23.262424,42.649551],[23.262855,42.649479],[23.26309,42.64946],[23.263201,42.649451],[23.263306,42.649451],[23.263961,42.649472],[23.264241,42.64948],[23.265192,42.64951]]},"properties":{"name":"Иваница Данчев"}},{"type":"Feature","geometry":{"type":"LineString","coordinates":[[23.265616,42.649465],[23.265484,42.649475],[23.265192,42.64951],[23.265365,42.649539],[23.265439,42.649559],[23.265545,42.649583]]},"properties":{"name":"Иваница Данчев"}},{"type":"Feature","geometry":{"type":"LineString","coordinates":[[23.265746,42.649453],[23.265815,42.649442],[23.265902,42.649423],[23.265918,42.649418],[23.266325,42.649302],[23.26681,42.649124],[23.267191,42.648991],[23.267431,42.648904],[23.267687,42.648814],[23.268071,42.648706],[23.268324,42.648665],[23.268472,42.648643],[23.268862,42.648619],[23.269296,42.648615],[23.269346,42.648617],[23.269596,42.648628],[23.269728,42.648638],[23.270018,42.648657],[23.27045,42.64867],[23.2707,42.648682],[23.272675,42.64878],[23.273467,42.648816],[23.274304,42.648884],[23.274595,42.64893],[23.27487,42.648973],[23.275356,42.649083],[23.275631,42.64916],[23.275818,42.649212],[23.276196,42.649329],[23.276685,42.649505],[23.277108,42.6497],[23.277733,42.650038],[23.277909,42.650152],[23.278503,42.650538],[23.278738,42.650689],[23.278809,42.650737],[23.278854,42.650767],[23.27931,42.651072]]},"properties":{"name":"Даскал Стоян Попандреев"}},{"type":"Feature","geometry":{"type":"LineString","coordinates":[[23.280073,42.651816],[23.279586,42.651488],[23.278694,42.650885],[23.278647,42.650856],[23.278416,42.650707],[23.27755,42.650148],[23.277108,42.649878],[23.276716,42.649699],[23.27666,42.649674],[23.276285,42.649527],[23.27603,42.649436],[23.275335,42.649241],[23.274829,42.64912],[23.274281,42.649031],[23.273471,42.648957],[23.272363,42.648911],[23.271775,42.648886],[23.270699,42.648841],[23.270063,42.648829],[23.270008,42.648828],[23.269987,42.648826],[23.269335,42.648796],[23.268648,42.648764],[23.268388,42.648765],[23.268101,42.648789],[23.26791,42.648822],[23.267792,42.648854],[23.267471,42.648955],[23.267369,42.648995],[23.266862,42.649201],[23.266385,42.649388],[23.266071,42.649498],[23.26597,42.649536],[23.265909,42.649558],[23.265846,42.6496]]},"properties":{"name":"Даскал Стоян Попандреев"}},{"type":"Feature","geometry":{"type":"LineString","coordinates":[[23.27931,42.651072],[23.281654,42.652582],[23.282417,42.653184],[23.282632,42.653386],[23.282808,42.653558],[23.283097,42.653848],[23.283537,42.654362],[23.2838,42.654704],[23.284056,42.655086],[23.284255,42.655435],[23.284399,42.655705],[23.284548,42.656002],[23.284658,42.656242],[23.284746,42.656458],[23.284769,42.656537],[23.284792,42.656615],[23.284943,42.657114],[23.285178,42.65794],[23.285272,42.65827],[23.285407,42.658799],[23.285583,42.659444],[23.285699,42.659878],[23.285786,42.660158],[23.285895,42.660507],[23.286714,42.663244],[23.286982,42.663877],[23.287156,42.66415],[23.287294,42.664367],[23.287523,42.664676],[23.287772,42.664947],[23.287913,42.66511],[23.288039,42.665248],[23.288665,42.66589]]},"properties":{"name":"бул. България"}},{"type":"Feature","geometry":{"type":"LineString","coordinates":[[23.289769,42.667028],[23.290053,42.667311],[23.290646,42.667919],[23.291145,42.668443],[23.292674,42.670006],[23.293575,42.670948],[23.29366,42.671037],[23.293921,42.67131],[23.294205,42.671607],[23.29432,42.671727],[23.294507,42.671922],[23.294892,42.672336],[23.295519,42.673191],[23.296137,42.674198],[23.29628,42.674429],[23.296485,42.674772],[23.296633,42.675014],[23.296781,42.675254],[23.298131,42.677481],[23.29834,42.67774],[23.298597,42.677993],[23.298843,42.678172],[23.299003,42.678276],[23.299139,42.678357],[23.299298,42.678448],[23.299462,42.678525],[23.299641,42.6786],[23.29993,42.678709],[23.300135,42.678769],[23.300433,42.67884],[23.30062,42.678876],[23.300806,42.678909],[23.301315,42.679],[23.302148,42.679152],[23.302377,42.679199],[23.302679,42.679259],[23.303027,42.679326],[23.303306,42.679398],[23.30376,42.679544],[23.303956,42.67961],[23.307262,42.680768],[23.307723,42.680902],[23.307934,42.680963],[23.308091,42.681001],[23.308137,42.681013],[23.308249,42.68104],[23.308443,42.681088],[23.308589,42.68112],[23.308968,42.681192],[23.309517,42.681282],[23.310344,42.681324],[23.312781,42.681376],[23.313383,42.681391],[23.314706,42.681414],[23.315432,42.681431],[23.315858,42.681455],[23.316297,42.68149],[23.316762,42.681544],[23.317189,42.681612],[23.317543,42.681678],[23.317932,42.681759],[23.318353,42.681875],[23.318531,42.681932],[23.318928,42.682056],[23.319465,42.682272],[23.320143,42.682471],[23.32044,42.68258],[23.320606,42.682642],[23.320717,42.682678],[23.320734,42.682684],[23.32075,42.682689],[23.320926,42.682743]]},"properties":{"name":"бул. България"}},{"type":"Feature","geometry":{"type":"LineString","coordinates":[[23.320807,42.683338],[23.32065,42.683282],[23.320633,42.683275],[23.320612,42.683268],[23.320509,42.683231],[23.319981,42.683071],[23.319747,42.682948],[23.319253,42.682762],[23.318941,42.682653],[23.318277,42.682414],[23.317708,42.682236],[23.317269,42.682108],[23.31704,42.682049],[23.316772,42.681983],[23.31627,42.681884],[23.315729,42.681791],[23.315375,42.681754]]},"properties":{"name":"бул. България"}},{"type":"Feature","geometry":{"type":"LineString","coordinates":[[23.286253,42.66278],[23.286412,42.663325],[23.286552,42.663666],[23.286701,42.663976],[23.286934,42.664344],[23.287247,42.664785],[23.287633,42.665201],[23.287766,42.665343],[23.287904,42.665495],[23.288915,42.666528],[23.28946,42.6671],[23.290472,42.668143],[23.291359,42.669057],[23.292009,42.669729],[23.292276,42.670006],[23.29431,42.672084],[23.294452,42.672245],[23.294647,42.672469],[23.294837,42.672718],[23.295099,42.673063],[23.295149,42.673143],[23.295352,42.673466],[23.295477,42.673666],[23.295973,42.674471],[23.296119,42.674709],[23.29631,42.675023],[23.296351,42.675091],[23.296479,42.675301],[23.297131,42.676373],[23.297447,42.676892],[23.297582,42.677091],[23.297771,42.677373],[23.297949,42.677645],[23.298149,42.677892],[23.298358,42.67809],[23.298523,42.678221],[23.298621,42.678298],[23.298853,42.678453],[23.299206,42.67865],[23.299385,42.67873],[23.299539,42.678795],[23.299701,42.678854],[23.299868,42.678911],[23.300136,42.678984],[23.300437,42.679051],[23.302001,42.679333],[23.302309,42.679388],[23.30262,42.679455],[23.302845,42.679509],[23.303007,42.679547],[23.303327,42.679639],[23.303624,42.679728],[23.304271,42.67996],[23.306723,42.680832],[23.30749,42.681083],[23.308342,42.681304],[23.309137,42.681457],[23.309958,42.681571],[23.311496,42.681625],[23.313024,42.68164],[23.31365,42.681648],[23.313882,42.68165],[23.314146,42.681663]]},"properties":{"name":"бул. България"}},{"type":"Feature","geometry":{"type":"LineString","coordinates":[[23.285964,42.661796],[23.285727,42.660921],[23.285683,42.660763],[23.285569,42.660354],[23.285347,42.659539],[23.284992,42.65836],[23.28483,42.657814],[23.284661,42.657188],[23.284504,42.656681],[23.284252,42.656101],[23.28422,42.656027],[23.284048,42.655641],[23.283784,42.655138],[23.28364,42.65489],[23.283464,42.65464],[23.283327,42.654464],[23.282872,42.653939],[23.282605,42.653644],[23.28242,42.653438],[23.28198,42.653052],[23.281451,42.652666],[23.28138,42.652618],[23.281111,42.652454],[23.280073,42.651816]]},"properties":{"name":"бул. България"}},{"type":"Feature","geometry":{"type":"LineString","coordinates":[[23.320807,42.683338],[23.320819,42.683184],[23.320822,42.683165],[23.320848,42.683026],[23.32087,42.682921],[23.320926,42.682743],[23.320972,42.68259],[23.321042,42.682366],[23.321116,42.68214],[23.32116,42.681937],[23.321795,42.678846],[23.321819,42.678652],[23.321778,42.67847]]},"properties":{"name":"бул. Черни връх"}},{"type":"Feature","geometry":{"type":"LineString","coordinates":[[23.310465,42.634106],[23.310396,42.634264],[23.310378,42.634464],[23.310402,42.634641],[23.310473,42.635038],[23.310484,42.635097],[23.310572,42.63557],[23.310581,42.635622],[23.310594,42.635692],[23.310629,42.635878],[23.310668,42.636091],[23.310686,42.636195],[23.31076,42.636615],[23.310785,42.636734],[23.310801,42.636808],[23.310862,42.63709],[23.31089,42.637168],[23.310936,42.637269],[23.311181,42.637742],[23.311252,42.637883],[23.311333,42.638044],[23.311446,42.63827],[23.31156,42.638654],[23.31159,42.638754],[23.311615,42.638836],[23.311664,42.638998],[23.311797,42.639447],[23.311815,42.639514],[23.311853,42.63966],[23.311899,42.639822],[23.311938,42.639939]]},"properties":{"name":"бул. Черни връх"}},{"type":"Feature","geometry":{"type":"LineString","coordinates":[[23.312473,42.64125],[23.312435,42.641228],[23.312402,42.641211],[23.312379,42.641189],[23.312359,42.641164],[23.312338,42.641096],[23.312139,42.640393],[23.312059,42.640193],[23.311998,42.639991],[23.311938,42.639939],[23.311915,42.640006],[23.312038,42.640439],[23.312221,42.641084],[23.312236,42.641129],[23.312239,42.64118],[23.312223,42.641231],[23.312201,42.641268],[23.312159,42.641302]]},"properties":{"name":"бул. Черни връх"}},{"type":"Feature","geometry":{"type":"LineString","coordinates":[[23.312749,42.642008],[23.312711,42.642039],[23.312661,42.642095],[23.312634,42.642159],[23.312636,42.642193],[23.312647,42.642235],[23.312775,42.642561],[23.312845,42.642701],[23.312918,42.642829],[23.313051,42.643051],[23.313071,42.643155]]},"properties":{"name":"бул. Черни връх"}},{"type":"Feature","geometry":{"type":"LineString","coordinates":[[23.31608,42.657561],[23.316033,42.65733],[23.315974,42.657041],[23.315968,42.65701],[23.315975,42.656988],[23.316007,42.656881]]},"properties":{"name":"бул. Черни връх"}},{"type":"Feature","geometry":{"type":"LineString","coordinates":[[23.312368,42.642076],[23.312428,42.642098],[23.312476,42.642135],[23.312496,42.642162],[23.312509,42.642184],[23.312529,42.642219],[23.312677,42.642584],[23.312746,42.642733],[23.312821,42.642863],[23.312974,42.643074],[23.313071,42.643155],[23.313424,42.643714],[23.313612,42.644],[23.313634,42.644037],[23.31381,42.644328],[23.313884,42.644455],[23.313893,42.644474],[23.313956,42.644602],[23.314096,42.64492],[23.314202,42.645214],[23.314241,42.645347],[23.314315,42.645587],[23.314353,42.645712],[23.314456,42.646078],[23.314688,42.646922],[23.314843,42.647481],[23.314893,42.64766],[23.314963,42.64791],[23.315006,42.648066],[23.315018,42.648108],[23.315029,42.64815],[23.315093,42.64838],[23.315148,42.648574],[23.315215,42.648808],[23.315296,42.64914],[23.315314,42.649217],[23.315421,42.649581],[23.315459,42.649711],[23.315594,42.650187],[23.315666,42.650486],[23.315688,42.650574],[23.315704,42.650634],[23.315796,42.650963],[23.315874,42.651274],[23.315949,42.651586],[23.315986,42.65172],[23.316011,42.65183],[23.316028,42.651937],[23.316036,42.652076],[23.316034,42.652341],[23.316018,42.652575],[23.315975,42.652901],[23.315964,42.652986],[23.315893,42.653498],[23.315874,42.653624],[23.315799,42.654126],[23.315786,42.654308],[23.315776,42.654461],[23.315755,42.65476],[23.315767,42.655309],[23.315772,42.655433],[23.31578,42.65562],[23.315785,42.65568],[23.315788,42.65572],[23.3158,42.655787],[23.315812,42.655873],[23.315876,42.656207],[23.31591,42.656376],[23.315957,42.656616],[23.315965,42.656659],[23.315972,42.656694],[23.315981,42.65674],[23.316007,42.656881],[23.316078,42.65698],[23.316094,42.657004],[23.316189,42.65748],[23.316249,42.657813],[23.316218,42.657911],[23.316265,42.658137],[23.316284,42.658231],[23.316317,42.658391],[23.316333,42.658461],[23.316464,42.659103],[23.316471,42.659135],[23.316503,42.659295],[23.316526,42.659418],[23.316548,42.659524],[23.316553,42.659547],[23.316593,42.659746],[23.316605,42.659805],[23.316613,42.659842],[23.316681,42.660177],[23.316693,42.66025],[23.316702,42.660306],[23.316709,42.660349],[23.316783,42.660747],[23.316816,42.660921],[23.316877,42.661252],[23.316981,42.661812],[23.317101,42.662473],[23.317169,42.662837],[23.317191,42.662937],[23.317248,42.663245],[23.31727,42.663361],[23.317321,42.663644],[23.317499,42.664632],[23.317503,42.664658],[23.31754,42.664871],[23.317555,42.664948],[23.317569,42.665028],[23.317604,42.665241],[23.31761,42.665275],[23.317636,42.665427],[23.317713,42.665712],[23.317775,42.665873],[23.317791,42.665908],[23.317902,42.666112],[23.318178,42.666608],[23.318652,42.667452],[23.318681,42.667503],[23.318936,42.667951],[23.319007,42.668077],[23.319276,42.668547],[23.3193,42.668588],[23.319323,42.66863],[23.31934,42.668661],[23.319355,42.668688],[23.319581,42.669096],[23.31966,42.669231],[23.319957,42.66975],[23.320324,42.670376],[23.320476,42.67065],[23.320584,42.670846],[23.320618,42.670908],[23.320711,42.671075],[23.320743,42.671128],[23.320934,42.671499],[23.321051,42.671718],[23.321262,42.672173],[23.321617,42.673023],[23.32188,42.673645],[23.321964,42.673843],[23.322175,42.674341],[23.322214,42.674522],[23.322239,42.674693],[23.3222,42.675054],[23.322198,42.675077],[23.322184,42.675189],[23.32218,42.675239],[23.322154,42.675553],[23.322124,42.675917],[23.322066,42.676604],[23.321999,42.677022],[23.321969,42.677203],[23.321926,42.677487],[23.321851,42.678015],[23.321805,42.678304],[23.321778,42.67847],[23.321614,42.678626],[23.321599,42.67864],[23.321595,42.678659],[23.32157,42.678787],[23.321474,42.679269],[23.321234,42.680553],[23.321121,42.681095],[23.321028,42.68147],[23.320945,42.681725],[23.320847,42.681992],[23.320689,42.682415],[23.320606,42.682642],[23.320584,42.682724],[23.320563,42.682811],[23.320537,42.68292],[23.320514,42.683092],[23.320509,42.683231]]},"properties":{"name":"бул. Черни връх"}},{"type":"Feature","geometry":{"type":"LineString","coordinates":[[23.272422,42.658071],[23.272479,42.65832],[23.272516,42.658483],[23.272563,42.658692],[23.2726,42.658854],[23.272678,42.659226],[23.272704,42.659351],[23.272739,42.659518],[23.272872,42.660045],[23.273107,42.660566],[23.273221,42.660861],[23.273243,42.660907],[23.273298,42.661025],[23.27331,42.661052],[23.273387,42.661218],[23.273479,42.661417],[23.273514,42.661491],[23.273569,42.661611],[23.273596,42.661667],[23.27367,42.661827],[23.273709,42.661915],[23.273874,42.662281],[23.27404,42.662641],[23.274247,42.663102],[23.274288,42.663195],[23.274355,42.663341],[23.274371,42.663376],[23.274664,42.664028],[23.27483,42.664392],[23.274939,42.664623],[23.275018,42.664801],[23.275121,42.66503],[23.275147,42.665089],[23.275275,42.665377],[23.275303,42.665448],[23.275447,42.665777],[23.275529,42.665966],[23.275618,42.666173],[23.275933,42.66691],[23.276035,42.667148],[23.276208,42.667578],[23.276266,42.667783],[23.276276,42.667825],[23.276329,42.668033],[23.276386,42.66826],[23.276399,42.668304],[23.276426,42.668396],[23.276545,42.668872],[23.276586,42.669024],[23.276638,42.669211],[23.276673,42.669342],[23.276681,42.669372],[23.276693,42.669414],[23.276734,42.669567],[23.276767,42.669692],[23.276769,42.6697],[23.276783,42.669755],[23.276856,42.670046],[23.276963,42.670458],[23.276996,42.67056],[23.277108,42.670905],[23.277114,42.670924],[23.277199,42.671101],[23.277293,42.671296],[23.277509,42.67174],[23.277544,42.671818],[23.277667,42.672073],[23.277818,42.672387],[23.277912,42.672581],[23.278061,42.672891],[23.278805,42.674436],[23.27887,42.67457],[23.279003,42.674846],[23.279128,42.675107],[23.279156,42.675164],[23.279231,42.675319],[23.279239,42.675336],[23.27926,42.67538],[23.279284,42.675453],[23.279289,42.675475],[23.279287,42.675497],[23.279243,42.675601]]},"properties":{"name":"бул. Братя Бъкстон"}},{"type":"Feature","geometry":{"type":"LineString","coordinates":[[23.296976,42.685325],[23.297015,42.685259],[23.297033,42.685234],[23.297054,42.685205],[23.297066,42.685188],[23.297094,42.685159],[23.297132,42.685118],[23.297149,42.6851],[23.297175,42.685074],[23.297356,42.684883],[23.297589,42.684639],[23.297956,42.684254],[23.297987,42.684221],[23.298015,42.684191],[23.298072,42.684132],[23.298275,42.683919],[23.298327,42.683864]]},"properties":{"name":"Софийски герой"}},{"type":"Feature","geometry":{"type":"LineString","coordinates":[[23.298327,42.683864],[23.298425,42.683898],[23.298481,42.683916],[23.299135,42.68406],[23.29954,42.684151],[23.300085,42.684276],[23.300305,42.684331],[23.30041,42.684328],[23.300488,42.684331],[23.300653,42.684345],[23.300706,42.684358],[23.300802,42.684412]]},"properties":{"name":"Найден Геров"}},{"type":"Feature","geometry":{"type":"LineString","coordinates":[[23.300802,42.684412],[23.300906,42.684426],[23.300931,42.68443],[23.301153,42.684461],[23.301175,42.684464],[23.301296,42.684481],[23.301396,42.684496],[23.301453,42.684507],[23.301483,42.684513],[23.302154,42.684691],[23.302334,42.684737],[23.302384,42.684751],[23.30286,42.684874],[23.303342,42.685001],[23.304313,42.685261],[23.304388,42.685281],[23.304975,42.685438],[23.305856,42.685672],[23.305939,42.685693],[23.306412,42.685815],[23.306623,42.685869],[23.306849,42.685928],[23.307583,42.686122],[23.307639,42.686137],[23.307782,42.686175],[23.307903,42.686204],[23.308862,42.686451],[23.30957,42.686634],[23.309736,42.686684],[23.309871,42.686736],[23.310007,42.686788],[23.310157,42.686859],[23.310222,42.686892],[23.310256,42.686909],[23.310394,42.686993]]},"properties":{"name":"Св. Георги Софийски"}},{"type":"Feature","geometry":{"type":"LineString","coordinates":[[23.300175,42.686988],[23.300255,42.686904],[23.300281,42.686877],[23.300327,42.686829],[23.300361,42.686791],[23.300383,42.686769],[23.300492,42.68666],[23.300573,42.68657],[23.300642,42.686485],[23.30077,42.68629],[23.300847,42.686165],[23.300925,42.686031],[23.301001,42.685873],[23.301066,42.685695],[23.301103,42.685573],[23.301111,42.685544],[23.301151,42.685371],[23.301229,42.68497],[23.301284,42.684569],[23.301296,42.684481],[23.301317,42.684359],[23.301321,42.684331],[23.301378,42.68401],[23.301419,42.683806],[23.301468,42.683561],[23.301506,42.683359],[23.301518,42.683291],[23.301578,42.683028],[23.301629,42.682811],[23.30169,42.68261],[23.301792,42.682196],[23.301805,42.682151],[23.30185,42.682003],[23.302035,42.681395],[23.302197,42.680861],[23.302216,42.680802],[23.302332,42.680419],[23.302539,42.679738],[23.30262,42.679455]]},"properties":{"name":"бул. Акад. Иван Евстратиев Гешов"}},{"type":"Feature","geometry":{"type":"LineString","coordinates":[[23.299609,42.686888],[23.299638,42.686858],[23.299734,42.686758]]},"properties":{"name":"бул. Акад. Иван Евстратиев Гешов"}},{"type":"Feature","geometry":{"type":"LineString","coordinates":[[23.294767,42.693713],[23.294766,42.693636],[23.294762,42.693456],[23.294765,42.693382],[23.294768,42.693291],[23.294791,42.693115],[23.29483,42.692939],[23.294889,42.692768],[23.294935,42.692654],[23.294985,42.692543],[23.295047,42.692429],[23.295119,42.692316],[23.295142,42.692281],[23.295206,42.692186],[23.295288,42.692086],[23.295349,42.691994],[23.295559,42.691713],[23.29566,42.691581],[23.296059,42.691088],[23.296416,42.690606],[23.296565,42.690419],[23.296878,42.690019],[23.297117,42.689714],[23.297244,42.689596],[23.297354,42.689471],[23.29755,42.689236],[23.297892,42.688864],[23.298346,42.688396],[23.298775,42.687914],[23.299526,42.687127],[23.299658,42.686986],[23.300053,42.686604],[23.300167,42.68648],[23.300385,42.686136],[23.300441,42.686031],[23.300503,42.685892],[23.300566,42.685713],[23.300601,42.685586],[23.300625,42.685446],[23.300667,42.685168],[23.300661,42.684968],[23.300718,42.684748],[23.300767,42.684562],[23.30078,42.684513],[23.300802,42.684412],[23.300833,42.684294],[23.301092,42.683346],[23.30122,42.682807],[23.301279,42.682584],[23.301361,42.68238],[23.301417,42.682282],[23.301432,42.682232],[23.30145,42.682172],[23.301478,42.682077],[23.301744,42.68123],[23.301851,42.680887],[23.301878,42.680802],[23.302048,42.680295],[23.302071,42.680221],[23.302238,42.679632],[23.302269,42.679522],[23.302309,42.679388],[23.30234,42.679302],[23.302353,42.679269],[23.302377,42.679199]]},"properties":{"name":"бул. Акад. Иван Евстратиев Гешов"}},{"type":"Feature","geometry":{"type":"LineString","coordinates":[[23.295853,42.691573],[23.295514,42.692002],[23.295477,42.692049],[23.295385,42.692172],[23.295334,42.692238],[23.295211,42.692427],[23.295127,42.69258],[23.295029,42.692801],[23.294972,42.69298],[23.294947,42.693148],[23.29493,42.693329],[23.294933,42.693599],[23.294944,42.693729],[23.294967,42.693873]]},"properties":{"name":"бул. Акад. Иван Евстратиев Гешов"}},{"type":"Feature","geometry":{"type":"LineString","coordinates":[[23.299734,42.686758],[23.299799,42.686792],[23.3001,42.686949],[23.300175,42.686988],[23.300302,42.687053],[23.300345,42.687076],[23.300417,42.687114],[23.300767,42.687295],[23.301117,42.687477],[23.301473,42.687654],[23.301786,42.687813],[23.302222,42.688037],[23.302676,42.688269],[23.302783,42.688324],[23.302877,42.688372],[23.303341,42.688609],[23.304146,42.68902],[23.305775,42.68988],[23.306154,42.690079],[23.306184,42.690095],[23.306354,42.690173],[23.306493,42.690237],[23.306543,42.690261],[23.307263,42.690631],[23.309211,42.691635],[23.30983,42.691956],[23.309906,42.69197],[23.309978,42.691983],[23.310043,42.691992],[23.310104,42.691996],[23.310169,42.691999],[23.310241,42.692007]]},"properties":{"name":"бул. Ген. Тотлебен"}},{"type":"Feature","geometry":{"type":"LineString","coordinates":[[23.305685,42.689579],[23.306156,42.689818],[23.306356,42.689923],[23.306393,42.689944],[23.30654,42.690026]]},"properties":{"name":"бул. Ген. Тотлебен"}},{"type":"Feature","geometry":{"type":"LineString","coordinates":[[23.300327,42.686829],[23.300447,42.686893]]},"properties":{"name":"бул. Ген. Тотлебен"}},{"type":"Feature","geometry":{"type":"LineString","coordinates":[[23.285232,42.659563],[23.285347,42.659539]]},"properties":{"name":"Проф. Велизар Велков"}},{"type":"Feature","geometry":{"type":"LineString","coordinates":[[23.268854,42.645158],[23.268827,42.645145]]},"properties":{"name":"Ралевица"}},{"type":"Feature","geometry":{"type":"LineString","coordinates":[[23.28354,42.661301],[23.283282,42.66116],[23.283002,42.661046],[23.282877,42.66097],[23.282517,42.660748],[23.282377,42.660631],[23.281834,42.66018],[23.281347,42.659769],[23.281257,42.659697],[23.281109,42.659577],[23.280997,42.659487],[23.280833,42.659355],[23.280566,42.659082],[23.280412,42.658812]]},"properties":{"name":"Ралевица"}},{"type":"Feature","geometry":{"type":"LineString","coordinates":[[23.27428,42.645716],[23.274745,42.645704],[23.275048,42.645695],[23.275164,42.645678],[23.275858,42.645573],[23.27616,42.645521],[23.276637,42.645421],[23.277211,42.645241],[23.277631,42.645075],[23.277729,42.645036],[23.278689,42.644705],[23.278855,42.644607],[23.278993,42.644487],[23.279614,42.643768],[23.279916,42.643587],[23.280886,42.643341],[23.281469,42.643227],[23.282004,42.643125],[23.282657,42.64299],[23.283119,42.642893],[23.283737,42.642761],[23.284011,42.642702],[23.284352,42.64263],[23.284753,42.642563],[23.284909,42.642549],[23.284958,42.642545],[23.285063,42.642535],[23.285114,42.642535],[23.285803,42.642527],[23.285844,42.642526],[23.286955,42.642514],[23.287348,42.642509],[23.287769,42.642505],[23.289032,42.642501],[23.28952,42.642499],[23.289666,42.642499],[23.289786,42.642494],[23.290412,42.642469],[23.290753,42.642433],[23.290944,42.642412],[23.291611,42.64227],[23.292051,42.642101],[23.292365,42.641958],[23.29267,42.641808],[23.293026,42.641633]]},"properties":{"name":"Кумата"}},{"type":"Feature","geometry":{"type":"LineString","coordinates":[[23.293026,42.641633],[23.293125,42.641586],[23.293463,42.641436],[23.293553,42.641395],[23.293976,42.641076],[23.29437,42.640685],[23.295211,42.639873],[23.296074,42.639039],[23.296341,42.638759],[23.29675,42.638351],[23.296862,42.638251],[23.297073,42.638063],[23.297294,42.637841],[23.297484,42.637645],[23.297513,42.637615],[23.297711,42.637365],[23.2978,42.637226],[23.297903,42.63697],[23.297982,42.636644],[23.298139,42.635722],[23.298144,42.635693],[23.298193,42.635586],[23.298274,42.635495],[23.298415,42.635393],[23.298634,42.635303]]},"properties":{"name":"Боянска"}},{"type":"Feature","geometry":{"type":"LineString","coordinates":[[23.298634,42.635303],[23.298934,42.635278],[23.299356,42.63531],[23.299544,42.635324],[23.299752,42.635341],[23.300151,42.63538],[23.300345,42.635398],[23.30057,42.635414],[23.300925,42.635439],[23.301307,42.635432],[23.301597,42.635387],[23.301957,42.635283],[23.302255,42.635157],[23.302515,42.635047],[23.303266,42.634732],[23.303751,42.634502],[23.303949,42.634408],[23.304038,42.634366],[23.304367,42.634173],[23.304486,42.634086],[23.30466,42.633888],[23.304731,42.633613],[23.304771,42.633242],[23.304823,42.632965],[23.3049,42.632799],[23.304953,42.632738],[23.305126,42.632539],[23.30557,42.632078],[23.305677,42.631949],[23.305724,42.631876],[23.305791,42.631733],[23.305827,42.631518],[23.305861,42.631341],[23.305948,42.631106],[23.306063,42.630914],[23.306278,42.630692],[23.306344,42.63063],[23.306521,42.630478],[23.306625,42.630399],[23.306984,42.630116],[23.307792,42.629578],[23.308196,42.629382],[23.308496,42.629279],[23.308696,42.629224],[23.308794,42.629207]]},"properties":{"name":"Нарцис"}},{"type":"Feature","geometry":{"type":"LineString","coordinates":[[23.308992,42.629178],[23.309167,42.629155],[23.309275,42.62914],[23.309605,42.629114],[23.309789,42.629106],[23.309916,42.629103],[23.310479,42.629101],[23.311157,42.629139],[23.311314,42.629148],[23.311613,42.629161],[23.312057,42.629204],[23.312457,42.629302],[23.312828,42.629454],[23.313107,42.629588],[23.313344,42.62981],[23.313492,42.630006],[23.313633,42.630267],[23.313661,42.630329],[23.313676,42.630375],[23.313693,42.630456],[23.313703,42.630501]]},"properties":{"name":"Папрат"}},{"type":"Feature","geometry":{"type":"LineString","coordinates":[[23.313786,42.630645],[23.313703,42.630501],[23.313639,42.630629]]},"properties":{"name":"Папрат"}},{"type":"Feature","geometry":{"type":"LineString","coordinates":[[23.313762,42.630836],[23.313686,42.630918],[23.313596,42.631012]]},"properties":{"name":"Папрат"}},{"type":"Feature","geometry":{"type":"LineString","coordinates":[[23.310465,42.634106],[23.310539,42.633959],[23.31067,42.633698],[23.310775,42.633579],[23.310956,42.633418],[23.311022,42.633358],[23.311349,42.633061],[23.312494,42.632107],[23.313145,42.631555],[23.31339,42.631316],[23.313438,42.631256],[23.313489,42.631187],[23.313596,42.631012],[23.313598,42.630899],[23.3136,42.630824]]},"properties":{"name":"Папрат"}},{"type":"Feature","geometry":{"type":"LineString","coordinates":[[23.325815,42.62185],[23.325462,42.621876],[23.32509,42.621833],[23.324765,42.621783],[23.324759,42.621782],[23.324575,42.621769],[23.324225,42.621793],[23.323871,42.621889],[23.32323,42.622174],[23.322096,42.622687],[23.321994,42.622734],[23.321191,42.623103],[23.320943,42.623217],[23.320877,42.623249],[23.32071,42.623329],[23.32064,42.623362],[23.320311,42.623565],[23.320147,42.623692],[23.320005,42.623828],[23.31949,42.624411],[23.318214,42.625912],[23.318171,42.625966],[23.318129,42.626019],[23.317898,42.626307],[23.317438,42.62688],[23.317146,42.627364],[23.316612,42.628223],[23.316368,42.628607],[23.316233,42.628841],[23.316147,42.62912],[23.316038,42.629449],[23.315927,42.629751],[23.315866,42.629871],[23.315777,42.629994],[23.315644,42.630119],[23.315469,42.630238],[23.314961,42.63043],[23.314203,42.630654],[23.314052,42.63069],[23.313947,42.630715],[23.313847,42.630739]]},"properties":{"name":"Захари Зограф"}},{"type":"Feature","geometry":{"type":"LineString","coordinates":[[23.316503,42.659295],[23.316745,42.659404],[23.316886,42.659469],[23.317264,42.659649],[23.317326,42.659679],[23.317397,42.659716],[23.317468,42.659753],[23.317542,42.659791],[23.317613,42.659824],[23.31782,42.659922],[23.318256,42.660128],[23.318403,42.660193],[23.318554,42.660253],[23.318652,42.66029],[23.318752,42.660323],[23.318868,42.660356],[23.318986,42.660386],[23.319162,42.660422],[23.319262,42.660449],[23.319357,42.660484],[23.31937,42.660489],[23.319448,42.660525],[23.319522,42.660566],[23.319613,42.660619],[23.319673,42.660644],[23.319738,42.66066],[23.319806,42.660667],[23.319874,42.660666],[23.319928,42.660658],[23.31998,42.660645],[23.320029,42.660626]]},"properties":{"name":"Сребърна"}},{"type":"Feature","geometry":{"type":"LineString","coordinates":[[23.328037,42.657869],[23.328049,42.658115],[23.328057,42.65825],[23.328069,42.658468],[23.328058,42.658637],[23.328048,42.658703],[23.328031,42.658757],[23.328006,42.658808],[23.327958,42.658882],[23.327875,42.658947],[23.327794,42.658991],[23.327696,42.659034],[23.32759,42.65907],[23.327417,42.659101],[23.327225,42.659122],[23.327059,42.659142],[23.326933,42.659158],[23.326558,42.659204],[23.325318,42.659359],[23.324886,42.659412],[23.324801,42.659422],[23.324524,42.659455],[23.324387,42.659469],[23.324162,42.659487],[23.323666,42.659501],[23.323463,42.659507],[23.322939,42.659531],[23.322786,42.659549],[23.322609,42.659604],[23.322541,42.659637],[23.322491,42.659662],[23.322418,42.6597],[23.32223,42.659799],[23.32197,42.659937],[23.321812,42.66002],[23.32171,42.660066],[23.321681,42.66008],[23.321506,42.660157],[23.321305,42.660235],[23.321214,42.66026],[23.321103,42.66029],[23.320901,42.660332],[23.320814,42.660351],[23.320566,42.660414],[23.320327,42.660489],[23.320029,42.660626],[23.320007,42.660651],[23.319989,42.660678],[23.319976,42.660707],[23.31997,42.660727],[23.319966,42.660766],[23.319971,42.660805],[23.319985,42.660842]]},"properties":{"name":"Сребърна"}},{"type":"Feature","geometry":{"type":"LineString","coordinates":[[23.3196,42.660915],[23.319394,42.660808],[23.319238,42.660727],[23.319188,42.660703],[23.319078,42.660647],[23.318967,42.660593],[23.318183,42.660214],[23.317465,42.659874],[23.31739,42.659837],[23.317317,42.659798],[23.317251,42.659763],[23.31719,42.659734],[23.316901,42.659599],[23.316766,42.659535],[23.316725,42.659516],[23.316694,42.659501],[23.316526,42.659418]]},"properties":{"name":"Сребърна"}},{"type":"Feature","geometry":{"type":"LineString","coordinates":[[23.328022,42.657579],[23.328018,42.65735],[23.328016,42.65684],[23.328018,42.65675],[23.328012,42.656664]]},"properties":{"name":"Сребърна"}},{"type":"Feature","geometry":{"type":"LineString","coordinates":[[23.321812,42.66002],[23.321776,42.659941]]},"properties":{"name":"Атанас Дуков"}},{"type":"Feature","geometry":{"type":"LineString","coordinates":[[23.325101,42.663629],[23.325195,42.663713],[23.325529,42.664074],[23.32578,42.664338],[23.325931,42.664506],[23.326278,42.664881],[23.32666,42.665287],[23.326684,42.665321],[23.326781,42.66544],[23.326852,42.665537],[23.326901,42.665613],[23.326944,42.66569],[23.326984,42.665771],[23.327013,42.665849],[23.327076,42.666053],[23.327062,42.666218],[23.327068,42.666268],[23.327071,42.666332],[23.327071,42.666394],[23.327062,42.666481],[23.327044,42.666592],[23.327027,42.666679],[23.327008,42.666761],[23.326982,42.666839],[23.32694,42.666932],[23.326882,42.667043],[23.326736,42.667294],[23.326582,42.667553],[23.326575,42.667565],[23.32653,42.667642]]},"properties":{"name":"Атанас Дуков"}},{"type":"Feature","geometry":{"type":"LineString","coordinates":[[23.266277,42.644195],[23.266593,42.644425]]},"properties":{"name":"Поп Евстати Витошки"}},{"type":"Feature","geometry":{"type":"LineString","coordinates":[[23.266593,42.644425],[23.266566,42.644486],[23.266538,42.644547],[23.266551,42.64469],[23.266584,42.644955],[23.266631,42.645332],[23.26669,42.645807],[23.266774,42.646488],[23.26676,42.646572]]},"properties":{"name":"Белите брези"}},{"type":"Feature","geometry":{"type":"LineString","coordinates":[[23.267248,42.646591],[23.266885,42.646597],[23.26676,42.646572]]},"properties":{"name":"Брезовица"}},{"type":"Feature","geometry":{"type":"LineString","coordinates":[[23.265816,42.649638],[23.265786,42.649685],[23.265777,42.649726],[23.265808,42.650041],[23.266043,42.650704],[23.266124,42.650925],[23.266137,42.650963],[23.266178,42.6511],[23.266205,42.651296],[23.266201,42.651584],[23.266119,42.65232],[23.266037,42.65287],[23.265786,42.654538],[23.26573,42.654802],[23.265547,42.65541],[23.265488,42.655599],[23.265327,42.656142],[23.265166,42.656684],[23.264983,42.657315],[23.264888,42.657645],[23.264767,42.658068],[23.26473,42.658196],[23.264675,42.658483],[23.26467,42.658646],[23.264668,42.658739],[23.264748,42.659107],[23.264792,42.65932],[23.264935,42.659941],[23.264945,42.659983],[23.264974,42.660114],[23.264993,42.660198],[23.265007,42.660255],[23.265024,42.660332],[23.265042,42.660411],[23.265124,42.660768],[23.265328,42.661653],[23.265392,42.661938],[23.265512,42.662481],[23.265529,42.662552],[23.265608,42.662898],[23.265627,42.66298],[23.265646,42.663066],[23.265677,42.663212],[23.26572,42.663418],[23.265806,42.663553],[23.265852,42.663619],[23.265918,42.66369],[23.266062,42.663791]]},"properties":{"name":"бул. Александър С. Пушкин"}},{"type":"Feature","geometry":{"type":"LineString","coordinates":[[23.26625,42.664463],[23.266144,42.664555],[23.266101,42.664599],[23.266054,42.664671],[23.266044,42.664694],[23.265997,42.664798],[23.26596,42.664987],[23.26598,42.665204],[23.265994,42.665348],[23.266074,42.666187],[23.266126,42.666743],[23.266163,42.667129],[23.266182,42.667332],[23.266189,42.667514],[23.266176,42.667551],[23.266159,42.667594],[23.266141,42.667635],[23.266119,42.667675],[23.266066,42.667759],[23.266051,42.667783],[23.266011,42.667824],[23.26595,42.667869],[23.265916,42.667892],[23.265805,42.667967]]},"properties":{"name":"бул. Александър С. Пушкин"}},{"type":"Feature","geometry":{"type":"LineString","coordinates":[[23.266459,42.664361],[23.266435,42.664354],[23.266383,42.664338]]},"properties":{"name":"Голям Братан"}},{"type":"Feature","geometry":{"type":"LineString","coordinates":[[23.266294,42.667507],[23.266189,42.667514]]},"properties":{"name":"Вихрен"}},{"type":"Feature","geometry":{"type":"LineString","coordinates":[[23.272591,42.671787],[23.272573,42.671805]]},"properties":{"name":"Тодор Каблешков"}},{"type":"Feature","geometry":{"type":"LineString","coordinates":[[23.299731,42.6593],[23.29985,42.659241],[23.300107,42.659114],[23.300359,42.658981],[23.301238,42.658482],[23.301719,42.658213],[23.3025,42.657789],[23.302539,42.657769],[23.302715,42.657686],[23.30296,42.657582],[23.303109,42.657523],[23.303363,42.657432],[23.303569,42.657358],[23.303824,42.657278],[23.30425,42.65716],[23.304582,42.657085],[23.304941,42.657015],[23.305226,42.656968],[23.305532,42.656925],[23.305813,42.656898],[23.306107,42.65688],[23.306582,42.656856],[23.306828,42.656849],[23.309412,42.656816],[23.311776,42.656805],[23.312688,42.65679],[23.31275,42.656789],[23.312985,42.656788],[23.313117,42.656786],[23.31416,42.656771],[23.314344,42.656768],[23.315663,42.656749],[23.315723,42.656747],[23.315981,42.65674]]},"properties":{"name":"Тодор Каблешков"}},{"type":"Feature","geometry":{"type":"LineString","coordinates":[[23.316007,42.656881],[23.315769,42.656885],[23.315193,42.656898],[23.315081,42.6569],[23.314688,42.656908],[23.314411,42.656914],[23.313472,42.656929],[23.313192,42.656932],[23.313111,42.656931],[23.312969,42.656934],[23.312754,42.656936],[23.311297,42.656945],[23.307703,42.65697],[23.306833,42.656984],[23.306597,42.656989],[23.306159,42.656999],[23.305653,42.65704],[23.305277,42.657091],[23.305026,42.657133],[23.304787,42.657176],[23.304544,42.657224],[23.304329,42.657276],[23.304173,42.657316],[23.30409,42.657338],[23.303901,42.657393],[23.303724,42.657449],[23.303356,42.65758],[23.303175,42.65765],[23.303084,42.65769],[23.303049,42.657702],[23.302813,42.657803],[23.302779,42.657817],[23.302645,42.65788],[23.302466,42.657971],[23.302115,42.65816],[23.301305,42.658614],[23.30065,42.658984],[23.300573,42.659031],[23.300362,42.659151],[23.300001,42.659358],[23.299973,42.659373],[23.299804,42.659453],[23.29963,42.659536],[23.298962,42.659852],[23.298706,42.659969],[23.298537,42.660046],[23.298441,42.66009],[23.298185,42.660207],[23.298117,42.660238],[23.297953,42.660312],[23.297848,42.660358],[23.296946,42.660774],[23.296376,42.661051],[23.29602,42.661224],[23.295572,42.661446],[23.29553,42.661466],[23.295335,42.661561],[23.295128,42.661665],[23.294696,42.661882],[23.294201,42.66214],[23.293837,42.662317],[23.293818,42.662327],[23.293693,42.662387],[23.292906,42.66278],[23.29262,42.662928],[23.292247,42.66312],[23.292147,42.663171],[23.291946,42.663274],[23.291115,42.663683],[23.289705,42.664401],[23.28863,42.664954],[23.288164,42.665185],[23.288039,42.665248],[23.287929,42.665286],[23.287909,42.665293],[23.287888,42.665301],[23.287766,42.665343]]},"properties":{"name":"Тодор Каблешков"}},{"type":"Feature","geometry":{"type":"LineString","coordinates":[[23.297412,42.660381],[23.297303,42.660434],[23.296914,42.660622],[23.295432,42.661331],[23.295241,42.661431],[23.29508,42.661513],[23.295014,42.661546],[23.294579,42.661763],[23.293713,42.662197],[23.293609,42.662249],[23.293476,42.662316],[23.292802,42.662653],[23.292708,42.6627],[23.292026,42.663041],[23.291946,42.66308],[23.291908,42.6631],[23.291727,42.663191],[23.291468,42.66332],[23.291317,42.663396],[23.291045,42.663532],[23.290206,42.66395]]},"properties":{"name":"Тодор Каблешков"}},{"type":"Feature","geometry":{"type":"LineString","coordinates":[[23.27247,42.671748],[23.272506,42.671719],[23.272567,42.671672],[23.272596,42.671649],[23.272649,42.671603],[23.272681,42.671576],[23.272847,42.671435],[23.273129,42.671215],[23.273159,42.671194],[23.273189,42.671171],[23.27364,42.670817],[23.27386,42.67067],[23.273897,42.670648],[23.273957,42.670615],[23.274075,42.670551],[23.274119,42.670528],[23.274506,42.670354],[23.274576,42.670322],[23.274739,42.670275],[23.275115,42.670134],[23.27523,42.67009],[23.275288,42.67007],[23.275366,42.670043],[23.275401,42.670031],[23.275722,42.669921],[23.27599,42.669828],[23.276017,42.669819],[23.276073,42.669799],[23.276408,42.66968],[23.27655,42.66963],[23.276589,42.669617],[23.276611,42.669611],[23.276734,42.669567],[23.276801,42.669545],[23.276843,42.66953],[23.27723,42.669381],[23.277491,42.669273],[23.277523,42.66926],[23.277751,42.669153],[23.277906,42.669061],[23.278083,42.668954],[23.278545,42.668693],[23.278568,42.66868],[23.278621,42.66865],[23.279057,42.668438],[23.279092,42.66842],[23.279309,42.668321],[23.279499,42.668235],[23.279567,42.668209],[23.279739,42.668141],[23.279833,42.668107],[23.28024,42.667957],[23.280615,42.667827],[23.280723,42.667789],[23.280758,42.667777],[23.281243,42.66761],[23.281369,42.667566],[23.281857,42.667398],[23.282177,42.667287],[23.282245,42.667264],[23.282322,42.667237],[23.282387,42.667215],[23.282486,42.667179],[23.282527,42.667166],[23.283072,42.666976],[23.283113,42.666962],[23.283143,42.666952],[23.283229,42.666922],[23.283303,42.666897],[23.283336,42.666885],[23.283629,42.666783],[23.283692,42.666761],[23.284048,42.666637],[23.284574,42.666454],[23.28473,42.666399],[23.285196,42.666237],[23.285443,42.666151],[23.285636,42.666084],[23.286418,42.665811],[23.287169,42.66555],[23.287467,42.665446],[23.287654,42.665382],[23.287766,42.665343],[23.287832,42.665239],[23.287843,42.66522],[23.287853,42.665205],[23.287913,42.66511],[23.288295,42.664916],[23.288626,42.664749]]},"properties":{"name":"Тодор Каблешков"}},{"type":"Feature","geometry":{"type":"LineString","coordinates":[[23.319613,42.660619],[23.319845,42.660749],[23.319985,42.660842],[23.320152,42.660953],[23.320375,42.661092],[23.320559,42.661229],[23.321014,42.661638],[23.321128,42.661749],[23.321311,42.661902],[23.321491,42.662045],[23.321657,42.662155],[23.321791,42.662239],[23.321965,42.662347],[23.322308,42.662552],[23.322437,42.662626],[23.322563,42.662686],[23.322919,42.662839],[23.323082,42.662901],[23.323267,42.662955],[23.323887,42.663137],[23.323964,42.663163],[23.324109,42.663213],[23.324229,42.663249],[23.324552,42.663346],[23.324714,42.66341],[23.32484,42.663464],[23.324913,42.663499],[23.325031,42.663577],[23.325101,42.663629]]},"properties":{"name":"Люба Величкова"}},{"type":"Feature","geometry":{"type":"LineString","coordinates":[[23.319963,42.661142],[23.319745,42.660996],[23.3196,42.660915]]},"properties":{"name":"Проф. Кръстьо Мирски"}},{"type":"Feature","geometry":{"type":"LineString","coordinates":[[23.309789,42.629106],[23.309759,42.629049],[23.30975,42.629031],[23.30973,42.628994],[23.309717,42.628977],[23.309698,42.628966],[23.309678,42.628956],[23.309655,42.628951],[23.309232,42.628953],[23.309203,42.62895],[23.309179,42.628941],[23.30916,42.628917],[23.309081,42.628819],[23.309053,42.628783],[23.309035,42.628761],[23.308947,42.628625],[23.308725,42.628198],[23.308275,42.627454],[23.308148,42.627245],[23.308014,42.627028],[23.307917,42.62687],[23.307892,42.626679],[23.307906,42.626351],[23.307923,42.625991],[23.307931,42.625749],[23.307836,42.625679],[23.307828,42.625584],[23.307856,42.625505],[23.307932,42.625428],[23.308146,42.625256]]},"properties":{"name":"Генерал Ковачев"}},{"type":"Feature","geometry":{"type":"LineString","coordinates":[[23.308146,42.625256],[23.308872,42.624251],[23.308941,42.624033],[23.308939,42.623939],[23.308944,42.623846],[23.308956,42.623767],[23.308979,42.623687],[23.309015,42.623587],[23.309082,42.623447],[23.309146,42.623318],[23.30917,42.623248],[23.309184,42.623191],[23.309196,42.623075],[23.309209,42.622916],[23.309217,42.622679],[23.309159,42.622519],[23.309134,42.622469],[23.309039,42.622324],[23.308949,42.622171],[23.308883,42.622071],[23.30886,42.622019],[23.308846,42.621964],[23.308826,42.621892],[23.308769,42.621672],[23.308746,42.621566],[23.308728,42.621456],[23.308711,42.621413],[23.308661,42.621338],[23.308597,42.621261],[23.308524,42.621191],[23.308474,42.62113]]},"properties":{"name":"Акад. Сандерс"}},{"type":"Feature","geometry":{"type":"LineString","coordinates":[[23.333643,42.676282],[23.333652,42.676268],[23.333712,42.67615],[23.333744,42.67598],[23.333774,42.675759],[23.333794,42.675584],[23.333817,42.675374],[23.333857,42.675045],[23.333875,42.674867],[23.33389,42.674807],[23.333944,42.674736],[23.334052,42.674667],[23.334194,42.67462],[23.334152,42.674835],[23.334134,42.675061],[23.334107,42.6754],[23.334087,42.675601],[23.334054,42.675927],[23.334002,42.676139],[23.333906,42.67623],[23.333809,42.676317]]},"properties":{"name":"пл. Велчова завера"}},{"type":"Feature","geometry":{"type":"LineString","coordinates":[[23.334194,42.67462],[23.334131,42.674586],[23.334066,42.674524]]},"properties":{"name":"Златовръх"}},{"type":"Feature","geometry":{"type":"LineString","coordinates":[[23.334194,42.67462],[23.334318,42.674484],[23.334645,42.674139],[23.335621,42.673114],[23.335891,42.67283],[23.335912,42.672808],[23.335985,42.672723]]},"properties":{"name":"Стоян Михайловски"}},{"type":"Feature","geometry":{"type":"LineString","coordinates":[[23.335985,42.672723],[23.336175,42.672502],[23.33628,42.672381],[23.336306,42.672351],[23.336701,42.671931],[23.337407,42.671187],[23.337697,42.670838],[23.33778,42.670676],[23.337811,42.670557],[23.337842,42.670406],[23.337854,42.670227],[23.337839,42.670046],[23.337616,42.667622],[23.337596,42.667412],[23.33758,42.667254],[23.337529,42.666791],[23.337504,42.666609]]},"properties":{"name":"бул. Симеоновско шосе"}},{"type":"Feature","geometry":{"type":"LineString","coordinates":[[23.336468,42.657609],[23.336464,42.657434],[23.336369,42.657319],[23.336336,42.656575],[23.33633,42.65651],[23.336298,42.656149],[23.336251,42.655705],[23.336227,42.655476],[23.336217,42.655361],[23.336175,42.655029],[23.336147,42.654761],[23.336074,42.654061],[23.336001,42.653435],[23.33599,42.653357],[23.335973,42.653187],[23.335962,42.653081],[23.335931,42.652804],[23.335855,42.65225],[23.335851,42.652222],[23.335839,42.652132],[23.335718,42.651196],[23.335695,42.651044],[23.335689,42.650995],[23.335605,42.650178],[23.335581,42.649961],[23.335503,42.649275],[23.335485,42.649064],[23.335461,42.648815],[23.335436,42.64862],[23.335424,42.648494],[23.335414,42.648372],[23.3354,42.648247],[23.335342,42.647766],[23.335293,42.64755],[23.335219,42.647346],[23.335029,42.646925],[23.33498,42.646857],[23.33489,42.646732],[23.334724,42.64653],[23.33456,42.646365],[23.334485,42.646289],[23.33441,42.646214],[23.334379,42.646185],[23.333985,42.645815],[23.333962,42.645784],[23.333889,42.645685],[23.333717,42.645387],[23.333685,42.645316],[23.333647,42.645171],[23.333623,42.644875],[23.333624,42.644769],[23.333644,42.644618],[23.333659,42.644539],[23.333696,42.644403],[23.333742,42.644273],[23.33388,42.643959],[23.333895,42.643928],[23.334028,42.643641],[23.334298,42.643028],[23.334378,42.642833],[23.334451,42.642622],[23.334457,42.642602],[23.334495,42.642478],[23.33453,42.642303],[23.334562,42.642123],[23.3346,42.64181],[23.334609,42.641695],[23.334604,42.641554],[23.334584,42.641208],[23.334566,42.641019],[23.334561,42.640982],[23.334553,42.640917],[23.33454,42.640811],[23.334515,42.640612],[23.334469,42.64028],[23.334412,42.639837],[23.33437,42.63946],[23.33434,42.639161],[23.33431,42.638924],[23.334226,42.638213],[23.334223,42.638178],[23.334205,42.638051],[23.334194,42.637944],[23.334135,42.637311],[23.334124,42.6372],[23.334083,42.636819],[23.334048,42.63648],[23.334038,42.636384],[23.333982,42.635934],[23.333894,42.635114],[23.333859,42.634819],[23.333828,42.63455],[23.33382,42.63447],[23.333799,42.634277],[23.333739,42.633788],[23.333701,42.633476],[23.333695,42.633422],[23.333683,42.633296],[23.333681,42.633272],[23.333721,42.633173],[23.333717,42.633128],[23.333696,42.632887],[23.33369,42.632812],[23.333684,42.632739],[23.333681,42.6327],[23.333679,42.632674],[23.333659,42.632448],[23.333642,42.632239],[23.333611,42.631873],[23.333575,42.631452],[23.333572,42.631392],[23.333558,42.631241],[23.333549,42.631153],[23.333542,42.631087],[23.333515,42.630826],[23.333386,42.629587],[23.333382,42.629551],[23.333345,42.629314],[23.33327,42.628755],[23.333251,42.628582],[23.333181,42.628409],[23.333032,42.628222],[23.332883,42.62809],[23.332681,42.627935],[23.33134,42.627096],[23.330718,42.626669],[23.330638,42.626613],[23.330568,42.62655],[23.330506,42.626478],[23.33045,42.626399],[23.330267,42.626074],[23.330246,42.625974],[23.330254,42.625872],[23.330279,42.62579],[23.330316,42.625721],[23.330378,42.62565],[23.330448,42.62559],[23.330717,42.625426],[23.330924,42.625318],[23.330991,42.625275],[23.331041,42.625225],[23.331099,42.625133],[23.331129,42.624995],[23.331194,42.624546],[23.331228,42.624315],[23.331248,42.624216],[23.331284,42.624116],[23.331326,42.624046],[23.331379,42.623976],[23.331459,42.6239],[23.331643,42.623727],[23.332018,42.623377],[23.33208,42.623319],[23.33226,42.623151],[23.332553,42.622878],[23.332646,42.622791],[23.333159,42.622312],[23.333664,42.621841],[23.333831,42.621575],[23.334153,42.620966],[23.334438,42.620554],[23.334773,42.620158],[23.334815,42.62011],[23.335236,42.619565],[23.335388,42.619375],[23.33552,42.619202],[23.335811,42.618827],[23.335944,42.618636],[23.336757,42.617379],[23.336791,42.617326],[23.337076,42.61689],[23.337132,42.616791],[23.337213,42.616653],[23.33727,42.616567],[23.337408,42.616366],[23.337648,42.616093],[23.3377,42.616042],[23.338305,42.615413],[23.338521,42.615194],[23.33862,42.615066],[23.338718,42.614927],[23.338863,42.614641],[23.33889,42.614534],[23.33892,42.614428],[23.33894,42.614276],[23.338927,42.614014],[23.338859,42.613832],[23.338828,42.613748],[23.338676,42.613465],[23.338664,42.613443],[23.338648,42.613392],[23.338642,42.613374],[23.338629,42.613333],[23.338615,42.613289],[23.338579,42.613132],[23.33857,42.612992],[23.338594,42.612815],[23.338636,42.612646],[23.338645,42.61261],[23.338657,42.612576],[23.338685,42.612511],[23.338708,42.612458],[23.338736,42.612416],[23.338763,42.612374],[23.338872,42.612246],[23.339006,42.612113],[23.339144,42.612004],[23.339203,42.611967],[23.339703,42.611647],[23.340098,42.611411],[23.34038,42.611243],[23.340556,42.611137],[23.340572,42.611127],[23.340613,42.611093],[23.340692,42.611025],[23.340768,42.610916],[23.340829,42.610812],[23.341012,42.610505],[23.341024,42.610486],[23.341068,42.610411],[23.341083,42.610386],[23.341201,42.610242],[23.34216,42.609317],[23.342483,42.609014],[23.342597,42.608911],[23.342963,42.608666],[23.343382,42.608506],[23.344485,42.608223],[23.344978,42.60809],[23.345208,42.607992],[23.345366,42.607864],[23.345653,42.607563],[23.345917,42.607248],[23.346094,42.607075],[23.346326,42.606908],[23.347285,42.606409],[23.347469,42.60631],[23.34765,42.606217],[23.347968,42.60605],[23.348398,42.605885],[23.348486,42.60586],[23.34881,42.605766],[23.348885,42.60575],[23.349016,42.605721],[23.349235,42.605673],[23.349992,42.605507],[23.350443,42.605395],[23.350779,42.605304],[23.351018,42.605193],[23.351238,42.604991],[23.351341,42.604829],[23.351351,42.604713],[23.351291,42.604467],[23.351152,42.604224],[23.350939,42.603963],[23.35072,42.603806],[23.350409,42.60367],[23.349822,42.603466],[23.349542,42.603316],[23.349366,42.603172],[23.349194,42.602964],[23.349088,42.602774],[23.348954,42.602483],[23.348918,42.602188],[23.348972,42.60194],[23.349082,42.601773],[23.34916,42.601702],[23.349238,42.601651]]},"properties":{"name":"бул. Симеоновско шосе"}},{"type":"Feature","geometry":{"type":"LineString","coordinates":[[23.334281,42.63791],[23.3343,42.638058],[23.334312,42.638172],[23.334353,42.638493]]},"properties":{"name":"бул. Симеоновско шосе"}},{"type":"Feature","geometry":{"type":"LineString","coordinates":[[23.341831,42.677253],[23.341893,42.677246],[23.341949,42.677226],[23.342003,42.677199],[23.342024,42.677187],[23.342394,42.67689],[23.342607,42.676742],[23.343059,42.676471]]},"properties":{"name":"бул. Драган Цанков"}},{"type":"Feature","geometry":{"type":"LineString","coordinates":[[23.35737,42.663377],[23.357198,42.663513],[23.357003,42.663681],[23.356635,42.664018],[23.356385,42.664246],[23.356253,42.664428]]},"properties":{"name":"бул. Драган Цанков"}},{"type":"Feature","geometry":{"type":"LineString","coordinates":[[23.357498,42.663425],[23.35736,42.663541],[23.357316,42.663578],[23.357197,42.663674],[23.356629,42.664179],[23.356487,42.664292],[23.356253,42.664428],[23.355198,42.665353],[23.355172,42.665376],[23.355071,42.665466],[23.35489,42.665621],[23.354814,42.665685],[23.354682,42.665798],[23.354582,42.665889],[23.354164,42.666267],[23.353953,42.666477],[23.353753,42.66671],[23.353636,42.666845],[23.353518,42.666981],[23.353374,42.667196],[23.353264,42.66738],[23.353166,42.667568],[23.353011,42.667906],[23.352725,42.668616],[23.352514,42.669114],[23.35209,42.670162],[23.351926,42.670448],[23.35175,42.670706],[23.351418,42.671091],[23.351398,42.671114],[23.351296,42.671215],[23.351205,42.6713],[23.351138,42.671352],[23.350963,42.671489],[23.350866,42.671556],[23.350525,42.671759],[23.350459,42.671791],[23.350173,42.671928],[23.349558,42.672174],[23.348703,42.672475],[23.348428,42.672581],[23.34835,42.672614],[23.348213,42.672672],[23.348063,42.672743],[23.348013,42.672766],[23.347545,42.672998],[23.347092,42.673245],[23.346889,42.673377],[23.346636,42.673555],[23.34636,42.673776],[23.343837,42.675853],[23.343059,42.676471],[23.342672,42.676794],[23.342426,42.676975],[23.342169,42.67719],[23.342118,42.677254],[23.342104,42.677287],[23.342096,42.677333],[23.342103,42.677375],[23.342114,42.677414]]},"properties":{"name":"бул. Драган Цанков"}},{"type":"Feature","geometry":{"type":"LineString","coordinates":[[23.341473,42.658091],[23.341749,42.658149],[23.342284,42.658261],[23.34232,42.658268],[23.342388,42.658283],[23.343221,42.658457],[23.34605,42.65905],[23.34635,42.659123],[23.347042,42.659372],[23.34756,42.659568],[23.347687,42.659616],[23.347793,42.659656],[23.347942,42.659713],[23.347985,42.65973],[23.348387,42.659892],[23.348783,42.660046],[23.350986,42.660899],[23.351674,42.661166],[23.35245,42.661467],[23.35301,42.661684],[23.354118,42.662114],[23.354417,42.662229],[23.354776,42.662371],[23.355396,42.66261],[23.356067,42.66287],[23.356188,42.662917],[23.356299,42.662961],[23.356441,42.663015],[23.356586,42.663071],[23.357246,42.663327],[23.35737,42.663377],[23.357498,42.663425],[23.357634,42.663477],[23.357675,42.663493],[23.358252,42.663717],[23.358533,42.663824],[23.358607,42.663853],[23.359342,42.664145],[23.359491,42.664203],[23.359904,42.664367],[23.360215,42.66449],[23.360372,42.664552],[23.360943,42.664782],[23.362396,42.665433],[23.36253,42.665492],[23.362631,42.665548],[23.36265,42.665558],[23.362866,42.665677],[23.36306,42.665784],[23.363182,42.665852],[23.363447,42.665998],[23.364165,42.666465],[23.364786,42.666868],[23.36494,42.666968],[23.365243,42.667166],[23.366307,42.667885],[23.366415,42.667961],[23.366705,42.668166],[23.366786,42.668258],[23.36684,42.668351],[23.366881,42.668477],[23.366896,42.6686],[23.366924,42.668849]]},"properties":{"name":"бул. Д-р Г. М. Димитров"}},{"type":"Feature","geometry":{"type":"LineString","coordinates":[[23.340481,42.657884],[23.340228,42.65783],[23.340161,42.657816],[23.339673,42.657714],[23.339106,42.657606],[23.338945,42.657576],[23.338805,42.657557],[23.338707,42.657545],[23.338581,42.657535],[23.338396,42.657527],[23.338201,42.657516],[23.337998,42.657515],[23.337839,42.657518],[23.33761,42.657533],[23.337303,42.657565],[23.337016,42.657591],[23.336731,42.657609],[23.33668,42.657613],[23.336587,42.657616],[23.336468,42.657609]]},"properties":{"name":"бул. Д-р Г. М. Димитров"}},{"type":"Feature","geometry":{"type":"LineString","coordinates":[[23.356167,42.662759],[23.355715,42.662604],[23.354122,42.662006],[23.353994,42.661956],[23.353207,42.66165],[23.352944,42.661548],[23.351739,42.661079],[23.351664,42.661049],[23.350885,42.660753],[23.35057,42.660632],[23.349781,42.660328],[23.348,42.659623],[23.347849,42.65957],[23.347747,42.659533]]},"properties":{"name":"бул. Д-р Г. М. Димитров"}},{"type":"Feature","geometry":{"type":"LineString","coordinates":[[23.336355,42.657404],[23.336464,42.657434]]},"properties":{"name":"Филип Кутев"}},{"type":"Feature","geometry":{"type":"LineString","coordinates":[[23.315981,42.65674],[23.316233,42.656735],[23.316673,42.656727],[23.316711,42.656726],[23.317303,42.656716],[23.318243,42.656698],[23.318945,42.656685],[23.320067,42.656665],[23.320752,42.656652],[23.320919,42.656649],[23.321114,42.656645],[23.321166,42.656644],[23.321392,42.65664],[23.321591,42.656637],[23.322564,42.656619],[23.323737,42.656597],[23.325088,42.656572],[23.326345,42.656549],[23.327267,42.656532],[23.327706,42.656524],[23.327787,42.656522],[23.328008,42.656506]]},"properties":{"name":"Филип Кутев"}},{"type":"Feature","geometry":{"type":"LineString","coordinates":[[23.316007,42.656881],[23.316229,42.656877],[23.316317,42.656876],[23.316778,42.656868],[23.317406,42.656857],[23.318483,42.656837],[23.318943,42.65683],[23.31937,42.656822],[23.320207,42.656807],[23.3211,42.656793],[23.321171,42.656791],[23.321395,42.656786],[23.321592,42.656783],[23.321659,42.656782],[23.322345,42.65677],[23.322408,42.656769],[23.322633,42.656765],[23.322683,42.656764],[23.322877,42.65676],[23.323929,42.656742],[23.324397,42.656733],[23.324757,42.656727],[23.327162,42.656685],[23.327726,42.656675],[23.327795,42.656675],[23.328012,42.656664],[23.328206,42.656656],[23.3283,42.656653],[23.329278,42.656629],[23.329392,42.656618],[23.329507,42.656608],[23.329658,42.656579],[23.329792,42.656546],[23.329915,42.656522],[23.33001,42.656492],[23.330149,42.656448],[23.330248,42.656409],[23.330423,42.656327],[23.330607,42.656231],[23.330799,42.656128],[23.330968,42.656038],[23.331106,42.655975],[23.331218,42.655924],[23.331324,42.655882],[23.331441,42.655848],[23.331533,42.655827],[23.331654,42.655797],[23.331852,42.655764],[23.332055,42.655733],[23.332193,42.655724],[23.332335,42.655724],[23.332507,42.655734],[23.33273,42.655758],[23.332854,42.655777],[23.33298,42.655804],[23.333073,42.655829],[23.333199,42.655868],[23.333322,42.655913],[23.333461,42.655973],[23.333571,42.656024],[23.333646,42.656061],[23.333765,42.656131],[23.333869,42.656199],[23.334009,42.656306],[23.334084,42.656368],[23.334523,42.6567],[23.3347,42.656844],[23.3349,42.656995],[23.335051,42.657098],[23.335192,42.657185],[23.335314,42.657251],[23.335424,42.657301],[23.335509,42.657335],[23.335595,42.65737],[23.335672,42.657399],[23.33577,42.657428],[23.335889,42.657458],[23.336,42.657482],[23.336099,42.657506],[23.336155,42.657515],[23.336223,42.657527],[23.336332,42.657555],[23.336468,42.657609]]},"properties":{"name":"Филип Кутев"}},{"type":"Feature","geometry":{"type":"LineString","coordinates":[[23.338723,42.61466],[23.338863,42.614641]]},"properties":{"name":"Момина сълза"}},{"type":"Feature","geometry":{"type":"LineString","coordinates":[[23.338657,42.612576],[23.338568,42.612553]]},"properties":{"name":"Буката"}},{"type":"Feature","geometry":{"type":"LineString","coordinates":[[23.325815,42.62185],[23.326171,42.621752],[23.326495,42.621591],[23.326793,42.621379],[23.327682,42.620612],[23.327895,42.620429],[23.328196,42.620221],[23.328327,42.620158],[23.328443,42.620111],[23.328537,42.62008]]},"properties":{"name":"Зографи Молерови"}},{"type":"Feature","geometry":{"type":"LineString","coordinates":[[23.328537,42.62008],[23.328785,42.620031],[23.329311,42.619981],[23.329737,42.619929],[23.330239,42.619875],[23.331316,42.619761],[23.331825,42.619665],[23.332338,42.619535],[23.332648,42.619438],[23.332889,42.619351],[23.333073,42.619284],[23.333588,42.619038],[23.3338,42.618894],[23.334007,42.618755],[23.334101,42.618691],[23.334493,42.618423],[23.334619,42.618336],[23.334718,42.618267],[23.335212,42.617953],[23.335664,42.617646],[23.336295,42.617218],[23.336375,42.617165],[23.336726,42.616942],[23.336956,42.616802],[23.336994,42.616779],[23.337036,42.616753],[23.337213,42.616653]]},"properties":{"name":"Симеоновска"}},{"type":"Feature","geometry":{"type":"LineString","coordinates":[[23.349495,42.656846],[23.349452,42.656977],[23.349323,42.657203],[23.349162,42.657454],[23.349056,42.657615],[23.348864,42.657908],[23.348776,42.658042],[23.348457,42.658545],[23.348392,42.658645],[23.348345,42.658723],[23.348303,42.658789],[23.348177,42.658987],[23.348117,42.65908],[23.347967,42.659307]]},"properties":{"name":"Никола Габровски"}},{"type":"Feature","geometry":{"type":"LineString","coordinates":[[23.337504,42.666609],[23.33767,42.666617],[23.337725,42.666621],[23.338008,42.66663],[23.338595,42.666654],[23.338692,42.666657],[23.339775,42.666689],[23.340867,42.666737],[23.341069,42.666735],[23.341253,42.666712],[23.341453,42.666671],[23.341614,42.66661],[23.341762,42.666529],[23.341914,42.666419],[23.342098,42.66625],[23.342293,42.666041],[23.342549,42.665743],[23.342652,42.665618],[23.342854,42.665374],[23.342992,42.665193],[23.343302,42.66478],[23.343465,42.66457],[23.343522,42.664498],[23.343778,42.664175],[23.343962,42.663941],[23.344071,42.663802],[23.34413,42.663734],[23.344176,42.66368],[23.344432,42.663424],[23.344602,42.663253],[23.344924,42.662929],[23.345074,42.662775],[23.345099,42.662751],[23.345152,42.6627],[23.345193,42.662659],[23.34521,42.662643],[23.345367,42.66248],[23.345442,42.662403],[23.345517,42.662326],[23.345888,42.661945],[23.346135,42.661691],[23.346217,42.661607],[23.34646,42.661346],[23.346507,42.661294],[23.346598,42.661174],[23.346702,42.661046],[23.346834,42.660863],[23.346895,42.66078],[23.346911,42.660759],[23.347052,42.660575],[23.347321,42.660214],[23.347529,42.659937]]},"properties":{"name":"Никола Габровски"}},{"type":"Feature","geometry":{"type":"LineString","coordinates":[[23.347687,42.659616],[23.347747,42.659533],[23.347812,42.659443],[23.347832,42.659414],[23.347967,42.659307],[23.347932,42.659437],[23.347923,42.659451],[23.347911,42.659471],[23.347849,42.65957],[23.347793,42.659656],[23.347708,42.659779],[23.347686,42.659806],[23.347618,42.659859],[23.347529,42.659937],[23.347581,42.659767],[23.347602,42.659739],[23.347604,42.659731],[23.347687,42.659616]]},"properties":{"name":"Никола Габровски"}},{"type":"Feature","geometry":{"type":"LineString","coordinates":[[23.349495,42.656846],[23.349554,42.656609],[23.349555,42.656455],[23.349522,42.656146],[23.349516,42.656087],[23.349463,42.655582],[23.349446,42.655412],[23.349438,42.655344],[23.34936,42.6546],[23.349353,42.654548],[23.349326,42.654502],[23.349296,42.654475],[23.349251,42.654449],[23.349188,42.654433],[23.349126,42.654431],[23.348812,42.654449],[23.348114,42.654492],[23.34783,42.654509],[23.347745,42.654492],[23.34767,42.654457],[23.347613,42.654407],[23.347579,42.654347],[23.347571,42.654282],[23.347561,42.654137],[23.347544,42.653991],[23.347497,42.653574],[23.347482,42.653432],[23.347436,42.652885],[23.347419,42.652692],[23.347389,42.652336],[23.347378,42.652239],[23.347374,42.652151],[23.34737,42.652098],[23.347361,42.652001],[23.347349,42.651904],[23.347344,42.651885],[23.347341,42.651844],[23.347304,42.651536],[23.347224,42.651185],[23.347144,42.650984],[23.347071,42.650812],[23.346939,42.650497],[23.346861,42.650318],[23.346816,42.650225],[23.346658,42.649886],[23.346395,42.649275],[23.346279,42.649011],[23.346144,42.648707],[23.345788,42.647903],[23.345739,42.647791],[23.345578,42.647422]]},"properties":{"name":"Акад. Стефан Младенов"}},{"type":"Feature","geometry":{"type":"LineString","coordinates":[[23.345046,42.6428],[23.345054,42.642918],[23.345072,42.643268],[23.345147,42.644067],[23.345155,42.64418],[23.345164,42.64426],[23.345208,42.645041],[23.345234,42.64548],[23.345246,42.645678],[23.345303,42.646274],[23.34536,42.646834],[23.345393,42.646952]]},"properties":{"name":"Акад. Стефан Младенов"}},{"type":"Feature","geometry":{"type":"LineString","coordinates":[[23.353301,42.651575],[23.352795,42.651605],[23.352735,42.651612],[23.352488,42.651643],[23.352051,42.651696],[23.351571,42.65172],[23.350531,42.651783],[23.350382,42.651792],[23.349014,42.651871],[23.348102,42.651924],[23.347565,42.651955],[23.347515,42.651967],[23.347444,42.651984],[23.347361,42.652001],[23.34745,42.65201],[23.347519,42.652016],[23.347561,42.652019],[23.347942,42.651998],[23.348008,42.651994],[23.349021,42.651936],[23.350388,42.651858],[23.350538,42.651849],[23.351558,42.651791],[23.353312,42.651691],[23.353445,42.651684],[23.353572,42.651677],[23.355041,42.651593],[23.356161,42.651529],[23.356393,42.651505],[23.357021,42.65144],[23.357199,42.651413],[23.35786,42.651313],[23.358161,42.651257],[23.358517,42.651177],[23.358551,42.651167],[23.358578,42.651158],[23.358676,42.651128]]},"properties":{"name":"8-ми декември"}},{"type":"Feature","geometry":{"type":"LineString","coordinates":[[23.356373,42.651388],[23.357002,42.65132],[23.35754,42.651236],[23.358067,42.651144],[23.358366,42.651081],[23.358408,42.651073],[23.358447,42.651064],[23.358473,42.651056],[23.358575,42.651027],[23.358688,42.650983]]},"properties":{"name":"8-ми декември"}},{"type":"Feature","geometry":{"type":"LineString","coordinates":[[23.353312,42.651691],[23.353301,42.651575]]},"properties":{"name":"Росарио"}},{"type":"Feature","geometry":{"type":"LineString","coordinates":[[23.357252,42.649636],[23.357298,42.64966],[23.357332,42.649682],[23.357356,42.649704],[23.357371,42.649731],[23.357387,42.649787],[23.357412,42.64983],[23.357443,42.64987],[23.35749,42.649918],[23.357597,42.650031],[23.3577,42.650135],[23.358499,42.650949],[23.358575,42.651027],[23.358676,42.651128],[23.358783,42.651235],[23.359074,42.651521],[23.35923,42.651701],[23.359554,42.652115]]},"properties":{"name":"бул. Свети Климент Охридски"}},{"type":"Feature","geometry":{"type":"LineString","coordinates":[[23.357126,42.649428],[23.357121,42.649387],[23.357107,42.649356],[23.357059,42.649286],[23.356945,42.649145],[23.356873,42.649067],[23.356837,42.649028],[23.356599,42.648757],[23.355875,42.648016],[23.355648,42.64779],[23.355515,42.647661],[23.355389,42.647539],[23.355374,42.647525],[23.354874,42.647037],[23.354741,42.646899],[23.354663,42.64682],[23.354168,42.646317],[23.354037,42.646186],[23.35396,42.646096],[23.353892,42.64598],[23.353848,42.64585],[23.353458,42.644344],[23.353418,42.644186],[23.353392,42.64408],[23.353343,42.643845],[23.353296,42.643666],[23.353243,42.64346],[23.353199,42.643285],[23.353105,42.642947],[23.35303,42.64263],[23.353001,42.642467],[23.352984,42.642315],[23.352989,42.641448],[23.352995,42.641219],[23.35302,42.641017],[23.353088,42.640761],[23.353139,42.64057],[23.353155,42.640511],[23.353186,42.640392],[23.353232,42.640137],[23.353232,42.640069],[23.353231,42.639945],[23.353182,42.639671],[23.353117,42.639401],[23.353108,42.639338],[23.353107,42.639266],[23.353109,42.639146],[23.353118,42.639021],[23.353245,42.6383],[23.353262,42.638189],[23.353279,42.638073],[23.353352,42.637576],[23.353362,42.637508],[23.353411,42.637206],[23.353461,42.636898],[23.35351,42.636589],[23.353562,42.636312],[23.353624,42.636044],[23.353729,42.635643],[23.35382,42.635296],[23.353885,42.635051],[23.353942,42.634829],[23.354072,42.634323],[23.354161,42.633977],[23.354221,42.633733],[23.354273,42.633522],[23.354349,42.633218],[23.354376,42.633128],[23.354566,42.632729],[23.354769,42.632362],[23.354839,42.632239],[23.35492,42.63208],[23.355252,42.631514],[23.355372,42.631305],[23.355509,42.631063],[23.355571,42.630968],[23.355641,42.63088],[23.355801,42.630689],[23.356035,42.630403],[23.356334,42.630037],[23.35662,42.629687],[23.357285,42.628892],[23.357394,42.628757],[23.357481,42.628641],[23.357556,42.628524],[23.357624,42.628404],[23.358096,42.627474],[23.358271,42.627173],[23.358308,42.627125],[23.358474,42.626913],[23.358651,42.626688],[23.358721,42.626592],[23.358821,42.626444],[23.358855,42.62635],[23.358859,42.626252],[23.358847,42.62618],[23.358809,42.626099],[23.358605,42.625842],[23.358545,42.625728],[23.358061,42.624599],[23.358008,42.624534]]},"properties":{"name":"бул. Свети Климент Охридски"}},{"type":"Feature","geometry":{"type":"LineString","coordinates":[[23.35757,42.649587],[23.357538,42.649635],[23.357522,42.649666],[23.35751,42.649701],[23.357509,42.649736],[23.357518,42.649776],[23.357533,42.649803],[23.357553,42.649829],[23.357588,42.649866],[23.357688,42.649969]]},"properties":{"name":"бул. Свети Климент Охридски"}},{"type":"Feature","geometry":{"type":"LineString","coordinates":[[23.359271,42.651602],[23.359327,42.651667],[23.359469,42.651858],[23.359554,42.652115],[23.359632,42.652278],[23.359703,42.652499],[23.359744,42.652688],[23.359765,42.652863],[23.359779,42.653005]]},"properties":{"name":"бул. Свети Климент Охридски"}},{"type":"Feature","geometry":{"type":"LineString","coordinates":[[23.358688,42.650983],[23.358784,42.651081],[23.358842,42.651142],[23.35917,42.651483]]},"properties":{"name":"бул. Свети Климент Охридски"}},{"type":"Feature","geometry":{"type":"LineString","coordinates":[[23.357498,42.663425],[23.357666,42.663292],[23.357759,42.663214],[23.357795,42.663184],[23.358111,42.662917],[23.358317,42.662719],[23.358402,42.662632],[23.358478,42.662548],[23.35855,42.662461],[23.358624,42.662351],[23.358689,42.662241],[23.358781,42.662056],[23.35881,42.661977],[23.358864,42.661805],[23.358873,42.661771],[23.35891,42.661616],[23.358976,42.660937],[23.359002,42.660673],[23.359016,42.660528],[23.358964,42.660104]]},"properties":{"name":"бул. Свети Климент Охридски"}},{"type":"Feature","geometry":{"type":"LineString","coordinates":[[23.35737,42.663377],[23.357541,42.663241],[23.357657,42.663149],[23.358005,42.662855],[23.358197,42.662672],[23.358406,42.662431],[23.358626,42.662106],[23.358635,42.66209],[23.358674,42.662006],[23.35876,42.661789],[23.358798,42.661653],[23.358837,42.66141],[23.358871,42.66093],[23.358879,42.660813],[23.358894,42.660525],[23.358964,42.660104],[23.358981,42.659794],[23.358983,42.659767],[23.359046,42.658607],[23.359113,42.65779],[23.35914,42.65738],[23.35914,42.657347],[23.35914,42.657248],[23.35914,42.657162],[23.35914,42.657141],[23.359172,42.656509],[23.359185,42.656249],[23.359202,42.655893],[23.359251,42.655519],[23.35934,42.655113],[23.359605,42.654007]]},"properties":{"name":"бул. Свети Климент Охридски"}},{"type":"Feature","geometry":{"type":"LineString","coordinates":[[23.359779,42.653005],[23.359816,42.653087],[23.35982,42.653239],[23.359801,42.653391],[23.359774,42.653528],[23.35975,42.653645],[23.359674,42.653929],[23.359605,42.654007],[23.359579,42.653913],[23.359647,42.653656],[23.359675,42.653546],[23.359681,42.653517],[23.359686,42.653484],[23.359714,42.653354],[23.35975,42.653093],[23.359779,42.653005]]},"properties":{"name":"бул. Свети Климент Охридски"}},{"type":"Feature","geometry":{"type":"LineString","coordinates":[[23.357792,42.624058],[23.357767,42.623988],[23.357765,42.623981],[23.357747,42.623908],[23.35774,42.623817],[23.35774,42.623759],[23.357745,42.623706],[23.35776,42.623628],[23.357789,42.623558],[23.357986,42.62309],[23.358047,42.622938],[23.358195,42.622567],[23.358227,42.622476],[23.358518,42.621666],[23.358793,42.620903],[23.358861,42.620696],[23.358877,42.620602],[23.358888,42.620508],[23.358881,42.620416],[23.358854,42.620296],[23.35882,42.620186],[23.358621,42.619702],[23.358206,42.618741],[23.358051,42.6184],[23.358033,42.618344],[23.358019,42.618285],[23.358012,42.618212],[23.35802,42.618141],[23.35804,42.618076],[23.358078,42.618006],[23.358135,42.617942],[23.358201,42.617886],[23.358293,42.617839],[23.358394,42.617806],[23.358502,42.617787],[23.358639,42.617788],[23.358906,42.617825],[23.359055,42.617847],[23.359218,42.617863],[23.359399,42.617862],[23.359488,42.617856],[23.359571,42.617848],[23.360154,42.617725],[23.360675,42.617607],[23.360948,42.617545],[23.361231,42.617459],[23.361473,42.617341],[23.361973,42.617028],[23.362342,42.616787],[23.362503,42.616631],[23.362599,42.616475],[23.362951,42.615647],[23.363039,42.61543],[23.363089,42.61532],[23.363431,42.614494],[23.363583,42.614126],[23.36367,42.613931],[23.363837,42.613542],[23.363893,42.613327],[23.3639,42.61308],[23.363889,42.612886],[23.363704,42.611841],[23.363574,42.611388],[23.363437,42.611105],[23.363337,42.610865],[23.363318,42.610804],[23.363308,42.610713],[23.363377,42.610582],[23.363448,42.61048],[23.363537,42.610386],[23.36365,42.610322],[23.363762,42.610291],[23.363956,42.610255],[23.364088,42.610252],[23.364212,42.610262],[23.364317,42.610292],[23.364649,42.610375],[23.364919,42.610421],[23.365135,42.610435],[23.365332,42.610411],[23.365508,42.610363],[23.365639,42.6103],[23.365751,42.610216],[23.365826,42.610138],[23.366426,42.609314],[23.366501,42.609191],[23.366567,42.609042],[23.366678,42.608753],[23.366847,42.608256],[23.366894,42.608172],[23.366956,42.608084],[23.367055,42.607986],[23.367128,42.60793],[23.367423,42.607676],[23.367569,42.607508],[23.367689,42.607291],[23.36843,42.605965],[23.368468,42.605886],[23.368491,42.605812],[23.368478,42.605733],[23.368446,42.605684],[23.368404,42.605642],[23.368336,42.605605],[23.368257,42.605586],[23.368144,42.605587],[23.368007,42.605624],[23.367298,42.605917],[23.366687,42.606155],[23.366565,42.606179],[23.366458,42.606187],[23.366364,42.606179],[23.366293,42.606146],[23.366234,42.606101],[23.366194,42.606042],[23.366184,42.605962],[23.36624,42.60584],[23.36657,42.60546],[23.367618,42.604373],[23.367754,42.604223],[23.367788,42.604155],[23.36779,42.604063],[23.367734,42.60397],[23.367648,42.603856],[23.367595,42.603761],[23.367593,42.603578],[23.367629,42.603308],[23.367698,42.60316],[23.367805,42.603087],[23.367951,42.603046],[23.368075,42.602982],[23.368222,42.60284],[23.36846,42.602482],[23.368507,42.602378],[23.368695,42.601772],[23.368714,42.60163],[23.368715,42.601543],[23.368698,42.601357],[23.36866,42.601107],[23.368611,42.600994],[23.368537,42.600882],[23.36814,42.600433],[23.367762,42.599988],[23.36772,42.599904],[23.367764,42.599789],[23.367899,42.599695],[23.368135,42.59966],[23.368388,42.599631],[23.36854,42.599559],[23.368631,42.599463],[23.368636,42.599357],[23.368477,42.598483],[23.368436,42.598373],[23.368346,42.598273],[23.368126,42.598073],[23.367908,42.597903],[23.367712,42.597756],[23.367347,42.597546],[23.367202,42.597443],[23.367087,42.597316],[23.366941,42.597081],[23.366851,42.597009],[23.366725,42.596971],[23.366582,42.596956],[23.366351,42.59696],[23.366032,42.597015],[23.365859,42.597006],[23.365714,42.596951],[23.365682,42.596917],[23.365604,42.596835],[23.365456,42.59657],[23.365373,42.596433],[23.365316,42.596378],[23.365189,42.596292],[23.364998,42.59621],[23.364622,42.59605],[23.364481,42.595974],[23.364388,42.595911],[23.364295,42.595818],[23.364257,42.595724],[23.36424,42.595639],[23.364245,42.595],[23.364284,42.594816],[23.36443,42.594584],[23.364567,42.594454],[23.364936,42.594278],[23.365176,42.594185],[23.365386,42.594137],[23.365597,42.594143],[23.365807,42.594184],[23.366022,42.594181],[23.36623,42.594117],[23.366498,42.593972],[23.366651,42.593811],[23.366707,42.593671],[23.366753,42.5935],[23.366795,42.59325],[23.366793,42.592978],[23.366755,42.59275],[23.366685,42.592588],[23.366533,42.592396],[23.366285,42.592241],[23.365818,42.59202],[23.365215,42.591734],[23.365042,42.591645],[23.364906,42.59154],[23.364824,42.591428],[23.364774,42.591278],[23.364679,42.590528]]},"properties":{"name":"Бистришко шосе"}},{"type":"Feature","geometry":{"type":"LineString","coordinates":[[23.364679,42.590528],[23.364621,42.590395],[23.364614,42.590265],[23.36461,42.590186],[23.364578,42.590038],[23.364538,42.589915],[23.364406,42.589713],[23.364238,42.589539],[23.363999,42.589387],[23.363286,42.588982],[23.362919,42.58874],[23.36257,42.588456],[23.362445,42.58834],[23.362104,42.587952],[23.361971,42.587847],[23.361767,42.587757],[23.361339,42.587603],[23.361235,42.58756],[23.361093,42.58746],[23.360594,42.587054]]},"properties":{"name":"Никола Крушкин"}},{"type":"Feature","geometry":{"type":"LineString","coordinates":[[23.3597,42.585829],[23.359674,42.585729],[23.359434,42.584797],[23.359383,42.584462],[23.359362,42.584175],[23.359321,42.58394],[23.359286,42.583809],[23.359049,42.583184],[23.359026,42.583089],[23.359006,42.582964],[23.359008,42.582849],[23.359055,42.582711],[23.359139,42.5826],[23.359269,42.582468],[23.359425,42.582349],[23.359613,42.582254],[23.360682,42.581831],[23.360966,42.581705],[23.361104,42.581622],[23.361185,42.581536],[23.361221,42.581443],[23.361218,42.581336],[23.361175,42.581247],[23.361087,42.581153],[23.36093,42.581022],[23.359992,42.580383],[23.359892,42.580312],[23.359849,42.580266],[23.359818,42.580203],[23.359803,42.580138],[23.359755,42.579831],[23.359683,42.579368],[23.359619,42.57896],[23.359611,42.578781],[23.359611,42.578672],[23.359636,42.578157],[23.359619,42.578039],[23.359587,42.577972],[23.359543,42.577918],[23.359236,42.577601],[23.359071,42.577431],[23.359025,42.577367],[23.358988,42.577298],[23.358967,42.577217],[23.358961,42.577152],[23.358963,42.577087],[23.35897,42.577008],[23.359282,42.57579],[23.359323,42.575644],[23.359329,42.575509],[23.359309,42.575379],[23.359254,42.575228],[23.358752,42.574408],[23.358421,42.573867],[23.358403,42.573778],[23.358437,42.573608]]},"properties":{"name":"Никола Крушкин"}},{"type":"Feature","geometry":{"type":"LineString","coordinates":[[23.360594,42.587054],[23.360566,42.587029],[23.360466,42.586926],[23.359959,42.586464],[23.359867,42.586358],[23.359817,42.586242],[23.359772,42.586085],[23.359761,42.586048],[23.359718,42.585897],[23.3597,42.585829]]},"properties":{"name":"Никола Крушкин - Чолака"}},{"type":"Feature","geometry":{"type":"LineString","coordinates":[[23.358437,42.573608],[23.358526,42.573395],[23.358651,42.573105],[23.359292,42.571891],[23.359347,42.57172],[23.359353,42.571555],[23.359306,42.571296],[23.359273,42.571141],[23.359264,42.570996],[23.359296,42.57086],[23.359385,42.570724],[23.359496,42.570622],[23.359655,42.57052],[23.36141,42.569555],[23.362675,42.568867],[23.362885,42.568723],[23.363059,42.568549],[23.363225,42.568348],[23.363315,42.56816],[23.363343,42.567929],[23.363372,42.567669],[23.363404,42.567078],[23.363463,42.566491],[23.363483,42.566161],[23.363501,42.565882],[23.363473,42.565679],[23.363388,42.565496],[23.3633,42.565409],[23.363201,42.565324],[23.362169,42.564715],[23.361964,42.56455],[23.361871,42.564382],[23.361854,42.564184],[23.361955,42.564019],[23.36207,42.563911],[23.362239,42.563797],[23.363335,42.563088],[23.363617,42.562927],[23.363927,42.562732],[23.364156,42.562565],[23.3643,42.562426],[23.364568,42.562082],[23.364865,42.561663],[23.365214,42.561212],[23.365474,42.560892],[23.365704,42.56063],[23.365851,42.56051],[23.365989,42.560421],[23.366227,42.560334],[23.367177,42.560094],[23.367351,42.560035],[23.367473,42.55995],[23.36755,42.559828],[23.367583,42.559696],[23.367575,42.559566],[23.367533,42.559403],[23.367226,42.558525],[23.367159,42.5583],[23.367144,42.558047],[23.367177,42.557871],[23.367248,42.557709],[23.367432,42.557461],[23.367654,42.55717],[23.367705,42.557069],[23.367709,42.556967],[23.367681,42.556891],[23.367608,42.556805],[23.367506,42.55674],[23.366332,42.556233],[23.36614,42.556179],[23.36597,42.556146],[23.365778,42.556132],[23.364716,42.556123],[23.364499,42.556128],[23.364319,42.556105],[23.364213,42.556061],[23.364203,42.556051],[23.364131,42.555983],[23.364107,42.555961],[23.364071,42.555902],[23.364041,42.55583],[23.364025,42.555713],[23.364062,42.555593],[23.364132,42.555487],[23.365138,42.554129],[23.365237,42.55393],[23.365293,42.553744],[23.365455,42.552964],[23.365462,42.5528],[23.365441,42.552629],[23.36534,42.552313],[23.365316,42.552238],[23.365313,42.552093],[23.365345,42.551934],[23.365382,42.551859],[23.365441,42.551785],[23.365546,42.551674],[23.365667,42.55157],[23.365797,42.551486],[23.366276,42.551255],[23.366549,42.551113],[23.366626,42.551048],[23.366706,42.550962],[23.366763,42.55086],[23.366797,42.55073],[23.366953,42.549967],[23.366949,42.549848],[23.366901,42.549743],[23.366806,42.549623],[23.366667,42.549522],[23.36637,42.54934],[23.366056,42.549191],[23.36569,42.54903],[23.365464,42.548947],[23.365328,42.548914],[23.365134,42.54888],[23.364276,42.548783],[23.363336,42.548697],[23.362634,42.548624],[23.362401,42.548599],[23.362179,42.548552],[23.361795,42.54841],[23.36162,42.548321],[23.361478,42.548224],[23.361292,42.54807],[23.361162,42.547917],[23.361015,42.547604],[23.360973,42.547501],[23.360958,42.547375],[23.360964,42.547248],[23.361021,42.547152],[23.361101,42.547077],[23.36121,42.547028],[23.361362,42.546986],[23.361551,42.546974],[23.361784,42.546954],[23.361924,42.546923],[23.362039,42.546897],[23.362138,42.546856],[23.362558,42.546621],[23.36278,42.546514],[23.362995,42.546418],[23.363178,42.546315],[23.363546,42.546061],[23.36372,42.545914],[23.363797,42.545807],[23.363822,42.54569],[23.363822,42.545574],[23.363754,42.54542],[23.363569,42.545069],[23.36347,42.544864],[23.363417,42.544716],[23.363413,42.544587],[23.363428,42.544505],[23.363461,42.544405],[23.363611,42.544203],[23.36374,42.544023],[23.363899,42.543763],[23.364041,42.543618],[23.365467,42.542469],[23.365552,42.54234],[23.365599,42.542185],[23.365611,42.542047],[23.365594,42.541932],[23.365538,42.541786]]},"properties":{"name":"181"}},{"type":"Feature","geometry":{"type":"LineString","coordinates":[[23.364427,42.52826],[23.364599,42.528277],[23.365121,42.528383],[23.365329,42.528396],[23.365608,42.528397],[23.366221,42.528364],[23.36661,42.528323],[23.366849,42.52824],[23.367023,42.528145],[23.367192,42.527997],[23.367334,42.527838],[23.367401,42.527736],[23.367463,42.527532],[23.367475,42.527386],[23.367446,42.5272],[23.367388,42.527081],[23.367295,42.526949],[23.367202,42.526831],[23.367049,42.52664],[23.367021,42.526558],[23.367009,42.526475],[23.367031,42.52638],[23.367064,42.526324],[23.367098,42.526274],[23.367156,42.52622],[23.367241,42.526169],[23.367357,42.526129],[23.367454,42.526107],[23.367551,42.52611],[23.368029,42.526136],[23.368241,42.526162],[23.368361,42.526177],[23.368562,42.526201],[23.368706,42.526209],[23.368823,42.52621],[23.368928,42.526195],[23.369009,42.526172],[23.369073,42.526142],[23.369122,42.52609],[23.369161,42.526045],[23.369184,42.525977],[23.36919,42.525914],[23.369171,42.525856],[23.369144,42.525817],[23.369093,42.525781],[23.369023,42.525741],[23.368938,42.525712],[23.36876,42.52568],[23.367888,42.525552],[23.366987,42.525366],[23.366036,42.525139],[23.36489,42.524872],[23.364528,42.524785],[23.364036,42.524677],[23.363673,42.52462],[23.363264,42.524597],[23.361536,42.524596],[23.361232,42.524575],[23.361107,42.524556],[23.360979,42.524523],[23.360664,42.524402]]},"properties":{"name":"181"}},{"type":"Feature","geometry":{"type":"LineString","coordinates":[[23.360084,42.524074],[23.359126,42.523553],[23.356757,42.522287],[23.35576,42.521756],[23.355569,42.521615],[23.355421,42.521487],[23.355326,42.52132],[23.355281,42.521115],[23.355265,42.52102],[23.355205,42.52065],[23.35513,42.520465],[23.355014,42.520311],[23.354873,42.520174],[23.354342,42.519899],[23.354128,42.519754],[23.354075,42.519699],[23.354034,42.519656],[23.354001,42.519534],[23.35403,42.519435],[23.354103,42.519351],[23.354286,42.519251],[23.355983,42.518722],[23.356519,42.518569],[23.356727,42.518478],[23.356884,42.51839],[23.357007,42.518289],[23.357176,42.518132],[23.357792,42.517327],[23.358041,42.517028],[23.35809,42.516909],[23.358118,42.516793],[23.35809,42.516705],[23.358034,42.516588],[23.357982,42.516528],[23.357865,42.516433],[23.357709,42.516361],[23.357388,42.51626],[23.354471,42.515493],[23.354063,42.515432],[23.353682,42.515414],[23.353289,42.515422],[23.35293,42.515468],[23.352534,42.515578],[23.352172,42.515735],[23.351116,42.516278],[23.349827,42.516988],[23.349506,42.517146],[23.349294,42.517221],[23.349087,42.517275],[23.348833,42.517303],[23.348578,42.517315],[23.348306,42.517304],[23.347995,42.517273],[23.347702,42.517187],[23.347406,42.517038],[23.347077,42.516841],[23.346781,42.516619],[23.345452,42.51564],[23.345047,42.515432],[23.344832,42.515345],[23.344549,42.515249],[23.344199,42.515165],[23.34394,42.515097],[23.343703,42.514995],[23.343475,42.514854],[23.34311,42.514588],[23.342877,42.514416],[23.342679,42.514304],[23.342521,42.514244],[23.342369,42.514194],[23.34212,42.514147],[23.341857,42.514125],[23.341736,42.514124],[23.341552,42.514118],[23.341306,42.514063],[23.341116,42.513997],[23.340322,42.5136],[23.338897,42.512869],[23.338515,42.512701],[23.338217,42.512598],[23.33803,42.512558],[23.337816,42.512537],[23.337417,42.512533],[23.337116,42.512491],[23.336959,42.512449],[23.336844,42.512398],[23.336696,42.512286],[23.336633,42.51222],[23.336588,42.512143],[23.336519,42.511914],[23.336403,42.511311],[23.336341,42.511148],[23.336248,42.510997],[23.33619,42.510908],[23.336107,42.510824],[23.335881,42.510652],[23.334704,42.50978],[23.334549,42.509631],[23.334493,42.509535],[23.33446,42.509416],[23.334435,42.509198],[23.33439,42.50892],[23.334333,42.508766],[23.334257,42.50865],[23.334132,42.508551],[23.333979,42.508475],[23.333766,42.508425],[23.33344,42.508379],[23.333047,42.508339],[23.33269,42.50829],[23.332465,42.50823],[23.332235,42.50811],[23.332131,42.507994],[23.332011,42.507795],[23.332001,42.507732],[23.331989,42.507632],[23.331974,42.507522],[23.331968,42.507417],[23.331997,42.507255],[23.33203,42.507081],[23.332145,42.506472],[23.332391,42.505498],[23.332577,42.504714],[23.33289,42.503293],[23.332997,42.502817],[23.333183,42.501948],[23.333255,42.501325],[23.333341,42.500637],[23.333406,42.499986]]},"properties":{"name":"181"}},{"type":"Feature","geometry":{"type":"LineString","coordinates":[[23.365538,42.541786],[23.365159,42.54087],[23.364994,42.540481],[23.364927,42.540323],[23.364832,42.540103],[23.364786,42.540001],[23.364761,42.539914],[23.364754,42.539856],[23.364764,42.539806],[23.364783,42.539756],[23.364839,42.539662],[23.365213,42.539144],[23.365784,42.538364],[23.365985,42.53811],[23.366081,42.537947],[23.36613,42.537849],[23.366168,42.537743],[23.366174,42.537654],[23.366169,42.537551],[23.366144,42.537417],[23.365928,42.536759],[23.365634,42.535899],[23.365566,42.535702],[23.365486,42.535393],[23.36538,42.535233],[23.365261,42.535093],[23.36516,42.534993],[23.364922,42.534829],[23.364494,42.534599],[23.364257,42.534458],[23.364174,42.534391],[23.364123,42.534321],[23.36408,42.53424],[23.364058,42.534178],[23.364036,42.53405],[23.364039,42.53403],[23.364048,42.533904],[23.364052,42.533889],[23.364079,42.533744],[23.364098,42.533601],[23.364141,42.533487],[23.364182,42.5334],[23.364265,42.533309],[23.364586,42.533005],[23.364812,42.532762],[23.364978,42.532594],[23.365022,42.532559],[23.36509,42.532526],[23.365215,42.532493],[23.36538,42.532476],[23.365706,42.532463],[23.36635,42.53247],[23.36684,42.532469],[23.366961,42.532447],[23.367079,42.532395],[23.367147,42.532338],[23.367212,42.532241],[23.367223,42.532165],[23.367206,42.532078],[23.367144,42.531988],[23.36686,42.531804],[23.366442,42.531548],[23.36621,42.531398],[23.36609,42.531316],[23.365974,42.531235],[23.365847,42.531141],[23.365735,42.531035],[23.365327,42.530506],[23.36517,42.530308],[23.364753,42.529753],[23.364556,42.529498],[23.364392,42.529283],[23.364296,42.529166],[23.364108,42.52893],[23.363989,42.528749],[23.363964,42.528666],[23.363963,42.528605],[23.363977,42.528549],[23.364007,42.528473],[23.364063,42.528393],[23.364131,42.52834],[23.36419,42.528304],[23.364255,42.52828],[23.364325,42.528268],[23.364427,42.52826]]},"properties":{"name":"Самоковско шосе"}},{"type":"Feature","geometry":{"type":"LineString","coordinates":[[23.404581,42.621888],[23.404524,42.621776],[23.404463,42.621659],[23.404419,42.621575],[23.404369,42.621477],[23.404309,42.621362],[23.404258,42.621262],[23.40418,42.621113],[23.404152,42.621058],[23.403839,42.62048],[23.403829,42.620462],[23.403473,42.619809],[23.403184,42.619272],[23.402792,42.618542],[23.402618,42.618223],[23.402157,42.617373],[23.401874,42.616851],[23.401605,42.616362],[23.401569,42.616298],[23.40152,42.616209],[23.401487,42.616154],[23.401462,42.616107],[23.401437,42.616062],[23.401213,42.61567],[23.401018,42.615293],[23.400942,42.615148],[23.4009,42.615068],[23.400577,42.614499],[23.400429,42.61423],[23.400374,42.614119],[23.400212,42.613803],[23.399987,42.613386],[23.399918,42.613245],[23.399906,42.613219],[23.399862,42.61313],[23.399791,42.612949],[23.399759,42.612869],[23.399658,42.6126],[23.399581,42.612342],[23.399564,42.61228],[23.399502,42.612053],[23.399451,42.611792],[23.399429,42.611618],[23.399401,42.611378],[23.399382,42.611065],[23.399408,42.61042],[23.399491,42.609789],[23.399546,42.609579],[23.399655,42.609164],[23.399876,42.608651],[23.399999,42.608367],[23.400105,42.60814],[23.400376,42.607562],[23.400416,42.607478],[23.40084,42.606586],[23.401778,42.604625],[23.402014,42.60415],[23.402227,42.603691],[23.402359,42.603427],[23.402625,42.602915],[23.402665,42.602837],[23.402839,42.602498],[23.402859,42.602446],[23.403028,42.601988],[23.4032,42.60164],[23.403299,42.601438],[23.403601,42.6008],[23.403626,42.600746],[23.40396,42.600025],[23.404066,42.599811],[23.40412,42.599716],[23.404172,42.599651],[23.404374,42.599424],[23.40462,42.599204],[23.404956,42.598945],[23.40539,42.59862],[23.405821,42.598297],[23.406186,42.598005],[23.406426,42.597812],[23.406649,42.597645],[23.406778,42.597566],[23.406991,42.597456],[23.407254,42.597339],[23.407487,42.597259],[23.408336,42.596987],[23.408676,42.59687],[23.409141,42.596716],[23.409296,42.596663],[23.409775,42.596556],[23.410033,42.596507],[23.410324,42.596475],[23.410725,42.596459],[23.410948,42.596461],[23.411134,42.596473],[23.411512,42.596502],[23.41189,42.596518],[23.412512,42.596572],[23.412866,42.596545],[23.413095,42.59651],[23.413308,42.596458],[23.41358,42.596363],[23.413823,42.596254],[23.413899,42.596203],[23.414341,42.595905],[23.414645,42.595682],[23.414913,42.595443],[23.415088,42.595227],[23.415316,42.594801],[23.415414,42.594594],[23.415472,42.59448],[23.4157,42.594025],[23.415864,42.593783],[23.415974,42.593679],[23.416138,42.593544],[23.416476,42.593296],[23.416826,42.593055],[23.417198,42.592762],[23.417314,42.592627],[23.417494,42.592352],[23.417718,42.591945],[23.418194,42.591058],[23.418664,42.590111],[23.419112,42.589305],[23.419432,42.588723],[23.419742,42.588142],[23.419846,42.587977],[23.419924,42.587855],[23.420081,42.587617],[23.42026,42.587329],[23.420703,42.586656],[23.420954,42.586263],[23.421096,42.586044],[23.421216,42.585884],[23.421401,42.585659],[23.42165,42.585404],[23.421831,42.585256],[23.422294,42.584893],[23.42276,42.584514],[23.423009,42.5842],[23.423378,42.583712],[23.423878,42.583016],[23.423905,42.582979],[23.424028,42.582811]]},"properties":{"name":"Самоковско шосе"}},{"type":"Feature","geometry":{"type":"LineString","coordinates":[[23.405043,42.622609],[23.405046,42.622713],[23.405052,42.622801]]},"properties":{"name":"Самоковско шосе"}},{"type":"Feature","geometry":{"type":"LineString","coordinates":[[23.424215,42.582528],[23.424266,42.582454],[23.424318,42.582379],[23.424872,42.581599],[23.424979,42.581398],[23.425054,42.58118],[23.425073,42.580938],[23.425056,42.580727],[23.425024,42.580378],[23.425004,42.580082],[23.424995,42.579688],[23.425015,42.579444],[23.425118,42.579159],[23.42524,42.578741],[23.425344,42.578543],[23.42546,42.578403],[23.425611,42.578273],[23.425747,42.578183],[23.425925,42.578086],[23.426248,42.577942],[23.426584,42.57782],[23.426948,42.577702],[23.427203,42.577583],[23.427407,42.577447],[23.427563,42.577297],[23.427645,42.577204],[23.427717,42.577085],[23.427769,42.576958],[23.427845,42.576639],[23.42792,42.576322],[23.42807,42.575669],[23.428106,42.575483],[23.42816,42.575342],[23.428233,42.575187],[23.428332,42.575034],[23.42848,42.574834],[23.42864,42.574655],[23.428861,42.57446],[23.429113,42.574241],[23.430075,42.573433],[23.430233,42.573292],[23.43037,42.573117],[23.43055,42.572864],[23.430642,42.572736],[23.430757,42.572613],[23.430934,42.57248],[23.431112,42.572406],[23.431375,42.572339],[23.432124,42.572147],[23.432305,42.572083],[23.432481,42.571969],[23.432609,42.571871],[23.432684,42.571757],[23.432738,42.571632],[23.432756,42.571496],[23.432741,42.571354],[23.432696,42.571232],[23.432579,42.571044],[23.431818,42.570073],[23.431743,42.569946],[23.431699,42.569822],[23.431615,42.569477],[23.431552,42.569313],[23.431461,42.56916],[23.431341,42.569004],[23.431199,42.568866],[23.431008,42.568741],[23.43081,42.568649],[23.430628,42.568575],[23.430053,42.568369],[23.429605,42.568225],[23.429359,42.568186],[23.4291,42.568196],[23.428778,42.568259],[23.427835,42.568517],[23.427518,42.568595],[23.427312,42.568612],[23.426964,42.56857],[23.426337,42.568464],[23.426091,42.568394],[23.425912,42.568331],[23.42508,42.567998],[23.424269,42.567692],[23.423956,42.56756],[23.423704,42.567389],[23.423601,42.56723],[23.423549,42.567078],[23.423549,42.566954],[23.42358,42.566842],[23.423759,42.566286],[23.423957,42.565742],[23.424198,42.565134],[23.424361,42.564833],[23.424495,42.564656],[23.424653,42.564475],[23.424834,42.564266],[23.424902,42.56416],[23.424945,42.564047],[23.424963,42.563931],[23.424961,42.56382],[23.424935,42.563665],[23.42482,42.563337],[23.424658,42.563039],[23.424386,42.562558],[23.424163,42.562282],[23.423829,42.561921],[23.423644,42.561753],[23.423035,42.56133],[23.422893,42.561213],[23.422782,42.561084],[23.422697,42.56094],[23.422626,42.560801],[23.422574,42.560661],[23.422504,42.560357],[23.422475,42.560244],[23.422384,42.559801],[23.422362,42.559681],[23.422356,42.559431],[23.422493,42.558477],[23.422534,42.558093],[23.42254,42.557766],[23.422487,42.557318],[23.422388,42.55684],[23.422343,42.556534],[23.422315,42.556312],[23.422316,42.556173],[23.422371,42.556015],[23.422482,42.555864],[23.422654,42.55571],[23.422891,42.555591],[23.423201,42.55551],[23.423535,42.555469],[23.423884,42.555503],[23.424342,42.555592],[23.424567,42.555599],[23.424754,42.555581],[23.424915,42.55554],[23.425076,42.555449],[23.426098,42.554528],[23.426291,42.55441],[23.426522,42.554327],[23.426783,42.554293],[23.427088,42.554288],[23.427312,42.554289],[23.427529,42.554333],[23.42778,42.554409],[23.428064,42.554512],[23.428197,42.554552],[23.428311,42.554575],[23.428373,42.554581],[23.428424,42.554578],[23.42854,42.554553],[23.428647,42.554508],[23.428694,42.554481],[23.428781,42.554407],[23.428848,42.554315],[23.428907,42.55418],[23.428953,42.554022],[23.428982,42.553855],[23.428979,42.553668],[23.428949,42.553468],[23.428899,42.553187],[23.428937,42.553066],[23.428951,42.552942],[23.429028,42.552785],[23.429598,42.551813],[23.429796,42.551627],[23.430034,42.551437],[23.43027,42.551293],[23.43048,42.551217],[23.430735,42.551169],[23.431022,42.551135],[23.431242,42.551136],[23.431486,42.551178],[23.431794,42.551277],[23.432457,42.551519],[23.432716,42.551591],[23.434017,42.5519],[23.436404,42.552671],[23.437095,42.552776],[23.437734,42.553015],[23.438219,42.553268],[23.439096,42.553655],[23.439501,42.553767],[23.439984,42.553854],[23.440483,42.553854],[23.44085,42.553752],[23.441105,42.553621],[23.441574,42.553272],[23.44182,42.553097],[23.442033,42.552961],[23.442165,42.552898],[23.442447,42.552806],[23.442784,42.552697],[23.443071,42.552631],[23.443248,42.552595],[23.443471,42.552497],[23.443653,42.552325],[23.443927,42.552108],[23.444144,42.552035],[23.444482,42.552025],[23.444756,42.552082],[23.444954,42.552159],[23.445101,42.552247],[23.445322,42.55247],[23.445501,42.552637],[23.445608,42.552768],[23.445718,42.552965],[23.445812,42.553254],[23.446054,42.553827],[23.446282,42.554421],[23.446432,42.554761],[23.446512,42.55489],[23.446612,42.554996],[23.446758,42.555112],[23.447113,42.555299],[23.447387,42.555405],[23.448326,42.55569],[23.44872,42.55585],[23.450737,42.556976],[23.450903,42.557071],[23.451069,42.557188],[23.451187,42.557328],[23.451238,42.557462],[23.451241,42.557569],[23.451228,42.557662],[23.451185,42.557753],[23.451112,42.557845],[23.451021,42.557936],[23.4509,42.558019],[23.450686,42.558108],[23.450077,42.558294],[23.449514,42.558484],[23.44902,42.558731],[23.448674,42.558924],[23.448486,42.559076],[23.448374,42.559192],[23.448299,42.559313],[23.448237,42.559488],[23.448226,42.559717],[23.448272,42.559893],[23.448822,42.56108],[23.449093,42.561623],[23.449256,42.561817],[23.449482,42.56201],[23.44972,42.562123],[23.449989,42.562188],[23.450361,42.562212],[23.450624,42.562168],[23.450817,42.562105],[23.450976,42.562018],[23.45115,42.561905],[23.451378,42.561686],[23.451466,42.561587],[23.451568,42.561453],[23.451612,42.561392],[23.451737,42.561218],[23.451847,42.561084],[23.452432,42.56069],[23.453486,42.559912],[23.453998,42.559507],[23.454503,42.559126],[23.455028,42.558754],[23.455551,42.558426],[23.456053,42.558164],[23.456595,42.557867],[23.45748,42.55748],[23.458537,42.557069],[23.459427,42.556669],[23.459862,42.556445],[23.460169,42.556285],[23.460339,42.556127],[23.460512,42.55589],[23.461228,42.554849],[23.461514,42.554469],[23.461833,42.554093],[23.462023,42.553844],[23.462201,42.553554],[23.462473,42.552842],[23.462648,42.552273],[23.462815,42.551632],[23.462956,42.551036],[23.463031,42.550816],[23.463078,42.550725],[23.46315,42.550627],[23.46329,42.550493],[23.46344,42.550364],[23.463655,42.55024],[23.463997,42.550091],[23.464298,42.549986],[23.464657,42.549902],[23.46504,42.54986],[23.465386,42.549895],[23.465661,42.549972],[23.465894,42.550059],[23.466062,42.550148],[23.466188,42.55024],[23.466311,42.550391],[23.466482,42.550607],[23.466647,42.550734],[23.466902,42.550825],[23.467162,42.550861],[23.467441,42.550848],[23.467677,42.5508],[23.467917,42.550734],[23.468497,42.550561],[23.468823,42.550437],[23.469097,42.550286],[23.469313,42.550152],[23.47003,42.549702],[23.470295,42.549588],[23.470611,42.549511],[23.47093,42.549489],[23.471217,42.549527],[23.471504,42.549632],[23.471754,42.549772],[23.472074,42.549991],[23.472377,42.550229],[23.473815,42.551494],[23.474112,42.551741],[23.474326,42.551873],[23.474543,42.55196],[23.475088,42.552104],[23.475844,42.5523],[23.476235,42.552357],[23.476711,42.552384],[23.477148,42.552396],[23.477291,42.552393],[23.477502,42.552364],[23.477678,42.552325],[23.47785,42.552266],[23.478154,42.552136],[23.47867,42.551896],[23.479988,42.551398],[23.480233,42.551287],[23.480456,42.551156],[23.480614,42.551013],[23.480741,42.550865],[23.48084,42.550684],[23.480901,42.550479],[23.480916,42.550298],[23.480901,42.550102],[23.480843,42.549924],[23.480719,42.549724],[23.480493,42.54946],[23.480358,42.549303],[23.480229,42.549151],[23.479778,42.54862],[23.479595,42.548308],[23.479423,42.547974],[23.479274,42.547675],[23.479199,42.547396],[23.479194,42.547099],[23.479235,42.546594],[23.479282,42.546333],[23.479359,42.546059],[23.479505,42.545617],[23.479651,42.545314],[23.479861,42.544905],[23.479935,42.544788],[23.480052,42.544637],[23.480143,42.544538],[23.480634,42.544233],[23.481174,42.543946],[23.481434,42.543835],[23.481736,42.543725],[23.482024,42.543665],[23.482403,42.543603],[23.482632,42.543583],[23.482922,42.543574],[23.483193,42.543567],[23.483557,42.543588],[23.484346,42.543674],[23.484677,42.543703],[23.485028,42.543712],[23.485501,42.543679],[23.486876,42.543556],[23.48732,42.543499],[23.487678,42.543416],[23.488054,42.543273],[23.488512,42.543089],[23.489087,42.542922],[23.489821,42.542749],[23.490069,42.542683],[23.490302,42.5426],[23.490549,42.542486],[23.490964,42.542288],[23.491267,42.542151],[23.491498,42.542063],[23.491803,42.541965],[23.492792,42.541714],[23.493157,42.541576],[23.493404,42.541449],[23.493611,42.541311],[23.494463,42.540504],[23.494933,42.540059],[23.495143,42.539884],[23.495499,42.539623],[23.496649,42.538899],[23.4971,42.538654],[23.497878,42.5383],[23.498441,42.538041],[23.499085,42.537747]]},"properties":{"name":"Самоковско шосе"}},{"type":"Feature","geometry":{"type":"LineString","coordinates":[[23.400943,42.643009],[23.40125,42.642947],[23.401425,42.642912],[23.401601,42.64285],[23.401772,42.642743],[23.401814,42.642709],[23.401906,42.642637],[23.401955,42.642599],[23.402073,42.642506],[23.402127,42.642463],[23.402255,42.642356],[23.402351,42.642273],[23.402818,42.641869],[23.403024,42.641691],[23.403063,42.641654],[23.403258,42.641472],[23.403552,42.641221],[23.403707,42.641087],[23.403876,42.640931],[23.404588,42.640298],[23.405022,42.639913],[23.405043,42.639894],[23.405379,42.639597],[23.405534,42.639418],[23.405763,42.639152],[23.406049,42.638779],[23.406073,42.638748],[23.4061,42.638706],[23.406135,42.63866],[23.406164,42.638615],[23.406191,42.638574],[23.406378,42.63829],[23.406516,42.638088],[23.40675,42.637747],[23.406894,42.63754],[23.406949,42.637462],[23.40715,42.637164],[23.407426,42.636754],[23.407974,42.635931],[23.408168,42.63565],[23.408377,42.635347],[23.408494,42.635193],[23.408583,42.635075],[23.408607,42.635032],[23.408627,42.634996],[23.408697,42.634871],[23.408805,42.634665],[23.408826,42.634627],[23.408954,42.634355],[23.409064,42.633974],[23.409084,42.633864],[23.409105,42.633745],[23.409133,42.633524],[23.409137,42.633494],[23.40916,42.633284],[23.409151,42.633135],[23.409147,42.633085],[23.409139,42.63299],[23.409103,42.63256],[23.409078,42.632349],[23.408943,42.631714],[23.408858,42.63128],[23.408844,42.631217],[23.408781,42.630894],[23.40871,42.630551],[23.40867,42.630337],[23.408656,42.630262],[23.408584,42.629935],[23.408562,42.629832],[23.408469,42.629492],[23.40811,42.628837],[23.407917,42.628526],[23.407768,42.628285],[23.407758,42.628268],[23.407728,42.628221],[23.407692,42.628162],[23.407677,42.628139],[23.407238,42.627429],[23.406911,42.626865],[23.406769,42.626459],[23.406753,42.626393],[23.40659,42.625805],[23.406465,42.625424],[23.406378,42.625202],[23.406295,42.625024],[23.406122,42.624692],[23.405766,42.624028],[23.405602,42.623722],[23.405378,42.623331],[23.405105,42.622887],[23.405092,42.622866],[23.405052,42.622801],[23.404935,42.622722],[23.404829,42.622669]]},"properties":{"name":"Самоковско шосе"}},{"type":"Feature","geometry":{"type":"LineString","coordinates":[[23.364786,42.540001],[23.364768,42.540036]]},"properties":{"name":"Стадион Железница"}},{"type":"Feature","geometry":{"type":"LineString","coordinates":[[23.411673,42.479429],[23.411592,42.479318],[23.411257,42.478941],[23.411138,42.478857],[23.41105,42.478824],[23.410962,42.478817],[23.410872,42.478827],[23.410806,42.478868]]},"properties":{"name":"Милан Турмачки"}},{"type":"Feature","geometry":{"type":"LineString","coordinates":[[23.408395,42.486968],[23.408203,42.486754],[23.408033,42.486573],[23.407883,42.48648],[23.407639,42.486316],[23.407465,42.486144],[23.407424,42.486032],[23.407436,42.485943],[23.407501,42.485859],[23.407688,42.48574],[23.408089,42.485476],[23.408231,42.485341],[23.408326,42.48519],[23.408416,42.484857],[23.408482,42.484724],[23.408575,42.484589],[23.408758,42.484408],[23.408802,42.484305],[23.408792,42.484225],[23.408752,42.484121],[23.408543,42.483925],[23.407934,42.48346],[23.407865,42.48338],[23.40783,42.483301],[23.407838,42.483187],[23.407877,42.483117],[23.40796,42.483052],[23.408054,42.483016],[23.40816,42.483007],[23.408306,42.48303],[23.408543,42.483146],[23.409193,42.483681],[23.409271,42.483724],[23.409349,42.483751],[23.40947,42.483765],[23.409576,42.483745],[23.409664,42.483699],[23.409783,42.483602],[23.409877,42.483522],[23.409973,42.483459]]},"properties":{"name":"Велин Динчев"}},{"type":"Feature","geometry":{"type":"LineString","coordinates":[[23.408395,42.486968],[23.408629,42.486858]]},"properties":{"name":"Сливата"}},{"type":"Feature","geometry":{"type":"LineString","coordinates":[[23.275538,42.699025],[23.275927,42.698349],[23.276047,42.698046],[23.276146,42.697727],[23.276206,42.697571],[23.276257,42.697515],[23.276326,42.697466]]},"properties":{"name":"Кубан"}},{"type":"Feature","geometry":{"type":"LineString","coordinates":[[23.319465,42.682272],[23.318876,42.682149],[23.318255,42.681976],[23.318005,42.681922],[23.317869,42.681907],[23.317718,42.681903],[23.317528,42.681907],[23.317352,42.681922],[23.317061,42.681967],[23.316859,42.682018],[23.316697,42.682071],[23.316469,42.682155],[23.316335,42.682193],[23.316199,42.682253],[23.316085,42.682319],[23.315654,42.682627],[23.315572,42.682683],[23.315516,42.682726],[23.315365,42.682837],[23.315083,42.683055],[23.314992,42.683127],[23.314925,42.683183],[23.314902,42.683203],[23.314856,42.683241],[23.314797,42.683286],[23.314765,42.683311],[23.314712,42.683352],[23.314447,42.683556],[23.313886,42.684026],[23.31287,42.684881],[23.312652,42.685162],[23.31205,42.685648],[23.312015,42.685727],[23.311935,42.68579],[23.311877,42.685835],[23.311849,42.685857],[23.311422,42.68619],[23.311234,42.686337],[23.310939,42.686567],[23.310853,42.686634],[23.310658,42.686786],[23.310518,42.686896],[23.310491,42.686917],[23.310394,42.686993],[23.310277,42.687084],[23.310246,42.687109],[23.310059,42.687256],[23.309885,42.687393],[23.309852,42.687419],[23.309415,42.687763],[23.309077,42.688029],[23.308715,42.688314],[23.308652,42.688366],[23.308258,42.688674],[23.308183,42.688733],[23.307777,42.689053],[23.307533,42.689245],[23.306999,42.689665],[23.306894,42.689748],[23.30683,42.689798],[23.306619,42.689964],[23.306579,42.689997],[23.30654,42.690026]]},"properties":{"name":"бул. Пенчо Славейков"}},{"type":"Feature","geometry":{"type":"LineString","coordinates":[[23.360532,42.696374],[23.360521,42.696341],[23.360514,42.696323],[23.360507,42.696297],[23.360462,42.696112],[23.360452,42.69604],[23.360459,42.695961],[23.36049,42.695892],[23.36057,42.695769],[23.360609,42.695709],[23.36066,42.695607],[23.360663,42.695546],[23.360648,42.695487],[23.360514,42.695077],[23.360492,42.695021],[23.360307,42.694575],[23.360247,42.694418],[23.36019,42.694266],[23.360148,42.694156],[23.359985,42.693726],[23.359946,42.69362],[23.359916,42.693542],[23.359805,42.693247],[23.359606,42.692722],[23.359581,42.692655],[23.359528,42.692498],[23.359429,42.692219],[23.359262,42.691747],[23.359228,42.691653],[23.359213,42.691608],[23.358995,42.690969],[23.358611,42.690097]]},"properties":{"name":"Велчо Атанасов"}},{"type":"Feature","geometry":{"type":"LineString","coordinates":[[23.358611,42.690097],[23.358784,42.690048],[23.359649,42.689802],[23.360078,42.68968],[23.360303,42.689615],[23.360681,42.689499],[23.361191,42.689369],[23.361779,42.689209],[23.362173,42.689103],[23.362539,42.689004],[23.362764,42.688945],[23.363179,42.688836]]},"properties":{"name":"Георги Минчев"}},{"type":"Feature","geometry":{"type":"LineString","coordinates":[[23.363179,42.688836],[23.363295,42.689123],[23.363329,42.689206],[23.363464,42.689538],[23.363532,42.689706]]},"properties":{"name":"Стоил Войвода"}},{"type":"Feature","geometry":{"type":"LineString","coordinates":[[23.363532,42.689706],[23.363932,42.689859],[23.364035,42.689899]]},"properties":{"name":"Братован"}},{"type":"Feature","geometry":{"type":"LineString","coordinates":[[23.364035,42.689899],[23.36409,42.689824],[23.364623,42.689091],[23.364683,42.689009],[23.365359,42.688058],[23.36558,42.687766],[23.365665,42.687643],[23.365793,42.687434],[23.36585,42.687308],[23.365888,42.687157],[23.365886,42.68701],[23.365843,42.68675],[23.365795,42.686485],[23.365772,42.686401],[23.3657,42.686187],[23.365576,42.685824],[23.365495,42.685583],[23.365411,42.685396],[23.365344,42.685284],[23.365221,42.68512],[23.365091,42.684976],[23.36499,42.684886],[23.364919,42.684826],[23.364847,42.684772],[23.364598,42.684609],[23.364407,42.684497],[23.364254,42.684414],[23.364085,42.684321]]},"properties":{"name":"Атанас Узунов"}},{"type":"Feature","geometry":{"type":"LineString","coordinates":[[23.364085,42.684321],[23.363836,42.684171],[23.363658,42.684036],[23.363464,42.683862],[23.36335,42.683737],[23.363283,42.683654],[23.363204,42.683539],[23.363132,42.683412],[23.363,42.683173],[23.362979,42.683133],[23.362959,42.683096],[23.362942,42.68306],[23.36292,42.683016],[23.362825,42.682822],[23.36264,42.682419],[23.362608,42.682354],[23.362335,42.681759],[23.362062,42.681207],[23.361975,42.681031],[23.36194,42.68096],[23.361909,42.680898],[23.3616,42.680264],[23.361426,42.679899],[23.361406,42.679856],[23.361186,42.679416],[23.361158,42.679368],[23.361129,42.679322],[23.361115,42.679299],[23.361101,42.679277],[23.361081,42.679246],[23.361047,42.679186],[23.361029,42.679152],[23.360858,42.678783],[23.360719,42.678474],[23.360696,42.678428],[23.360667,42.678369],[23.360516,42.678052],[23.360335,42.677703],[23.360249,42.677529],[23.360221,42.677469],[23.360198,42.677417],[23.36006,42.677153],[23.359853,42.676745],[23.359834,42.676696],[23.359818,42.676654],[23.359764,42.676539],[23.359682,42.676384],[23.359657,42.676352],[23.359634,42.676325],[23.359601,42.676291],[23.359568,42.676264],[23.359513,42.676226],[23.359463,42.676192],[23.359332,42.67609]]},"properties":{"name":"Николай Коперник"}},{"type":"Feature","geometry":{"type":"LineString","coordinates":[[23.334394,42.68832],[23.334343,42.688348],[23.334266,42.688392],[23.33402,42.68853],[23.333966,42.68856],[23.333914,42.688589],[23.333855,42.688626],[23.33374,42.688692],[23.333707,42.688712],[23.332869,42.689206],[23.332678,42.689319],[23.332634,42.689344],[23.332101,42.689661],[23.332067,42.689681]]},"properties":{"name":"Ген. Йосиф В. Гурко"}},{"type":"Feature","geometry":{"type":"LineString","coordinates":[[23.331405,42.690043],[23.331321,42.690082],[23.331211,42.690128]]},"properties":{"name":"Ген. Йосиф В. Гурко"}},{"type":"Feature","geometry":{"type":"LineString","coordinates":[[23.377136,42.685863],[23.377118,42.685803],[23.377013,42.685427],[23.376893,42.685007],[23.376758,42.684667],[23.376565,42.684235],[23.376524,42.684141],[23.376405,42.68388],[23.376317,42.683681],[23.37616,42.683337],[23.376089,42.683185],[23.375895,42.682759],[23.375882,42.682731],[23.375861,42.682679],[23.375531,42.681939],[23.375391,42.681632],[23.375339,42.681511],[23.375308,42.681441],[23.375252,42.681312],[23.37502,42.680742],[23.374965,42.680606],[23.3749,42.680445],[23.374885,42.680407],[23.374852,42.680335]]},"properties":{"name":"Слатинска река"}},{"type":"Feature","geometry":{"type":"LineString","coordinates":[[23.370686,42.678625],[23.370592,42.678661]]},"properties":{"name":"Мирково"}},{"type":"Feature","geometry":{"type":"LineString","coordinates":[[23.385112,42.623558],[23.385177,42.623726],[23.385378,42.624183],[23.385404,42.624241],[23.385427,42.624291],[23.38547,42.624462],[23.38547,42.624578],[23.385444,42.624684],[23.385398,42.624789],[23.385341,42.624894],[23.385137,42.62525],[23.385092,42.62533],[23.384978,42.625529],[23.384955,42.625569],[23.384901,42.625662],[23.384818,42.625798],[23.384661,42.62606],[23.384508,42.626313],[23.384419,42.626459],[23.384334,42.6266],[23.384185,42.626844],[23.384047,42.62706],[23.383879,42.627344],[23.38372,42.627606],[23.383506,42.627957],[23.383377,42.628167],[23.383278,42.628327],[23.383193,42.628462],[23.383148,42.62853],[23.382989,42.628788],[23.382866,42.628985],[23.382549,42.629479],[23.3825,42.629554],[23.38249,42.62957],[23.382298,42.629862],[23.38229,42.629872],[23.382014,42.63021],[23.3817,42.630474],[23.381631,42.630525],[23.381556,42.630584],[23.381129,42.630916],[23.38091,42.631078],[23.380782,42.631177],[23.3807,42.631243],[23.380576,42.631399],[23.380479,42.631561],[23.380399,42.631734]]},"properties":{"name":"Проф. Александър Танев"}},{"type":"Feature","geometry":{"type":"LineString","coordinates":[[23.384924,42.62342],[23.384969,42.623444],[23.385022,42.623484],[23.385112,42.623558],[23.385118,42.623502],[23.385123,42.623457],[23.385134,42.623414],[23.385157,42.623366]]},"properties":{"name":"Проф. Александър Танев"}},{"type":"Feature","geometry":{"type":"LineString","coordinates":[[23.380399,42.631734],[23.380374,42.631942],[23.380343,42.632181],[23.380338,42.632261],[23.380336,42.632349],[23.380328,42.633202],[23.380328,42.633229],[23.380325,42.633306],[23.380322,42.633395],[23.380321,42.63346],[23.38032,42.63362],[23.380319,42.633717],[23.380317,42.634329],[23.380316,42.63466],[23.38031,42.635098],[23.380312,42.635136],[23.380313,42.63523],[23.380314,42.635265],[23.380314,42.635471],[23.380316,42.635522],[23.380316,42.635541],[23.380321,42.635934],[23.380321,42.636042],[23.38033,42.636255],[23.380333,42.636359],[23.380343,42.636467],[23.380382,42.636652],[23.380428,42.636836],[23.38047,42.636946],[23.380518,42.637045],[23.380653,42.637291],[23.380679,42.637338],[23.380724,42.63742],[23.380766,42.637486],[23.380785,42.637516],[23.380971,42.637806],[23.381152,42.638087],[23.381328,42.638423],[23.38135,42.638465],[23.381428,42.638638],[23.381487,42.638787],[23.381583,42.639101],[23.381629,42.639387],[23.381645,42.639492],[23.381678,42.639868],[23.381663,42.640218],[23.38161,42.640576],[23.381572,42.640782],[23.381567,42.640805],[23.381536,42.640903],[23.381484,42.641037],[23.38147,42.641071],[23.381375,42.641275],[23.381179,42.641582],[23.381053,42.641758],[23.380257,42.642755],[23.380178,42.642857],[23.380073,42.642988],[23.379828,42.643285],[23.379332,42.643877]]},"properties":{"name":"Филип Аврамов"}},{"type":"Feature","geometry":{"type":"LineString","coordinates":[[23.376227,42.646833],[23.376323,42.646802],[23.376353,42.646791],[23.376546,42.646723],[23.376769,42.646634],[23.376925,42.646561],[23.377051,42.646492],[23.377175,42.646413],[23.377198,42.646397],[23.377277,42.646339],[23.377373,42.646256],[23.377402,42.646228]]},"properties":{"name":"Филип Аврамов"}},{"type":"Feature","geometry":{"type":"LineString","coordinates":[[23.377402,42.646228],[23.377452,42.646126],[23.377697,42.645827],[23.378778,42.644512],[23.378844,42.644432],[23.378869,42.644402],[23.378928,42.64433],[23.379015,42.644223],[23.379123,42.644092],[23.379332,42.643877],[23.379197,42.64412],[23.37912,42.644214],[23.379085,42.644256],[23.378995,42.644366],[23.378938,42.644435],[23.378809,42.644593],[23.378396,42.645091],[23.37815,42.645392],[23.377521,42.646156],[23.37745,42.646202],[23.377402,42.646228]]},"properties":{"name":"Филип Аврамов"}},{"type":"Feature","geometry":{"type":"LineString","coordinates":[[23.380325,42.633306],[23.380214,42.633305],[23.380182,42.633305],[23.380038,42.633303],[23.37993,42.633302],[23.37896,42.633288],[23.378281,42.633278],[23.377655,42.633269],[23.377388,42.633266],[23.376889,42.633258],[23.376545,42.633253],[23.376358,42.63325],[23.375118,42.633232],[23.375013,42.633234]]},"properties":{"name":"Божан Ангелов"}},{"type":"Feature","geometry":{"type":"LineString","coordinates":[[23.373072,42.641329],[23.373287,42.641244],[23.37357,42.64112],[23.373786,42.641026],[23.373957,42.640935],[23.374169,42.640794],[23.374359,42.640649],[23.374524,42.640501],[23.374827,42.640152],[23.374926,42.640041],[23.374932,42.639919],[23.37493,42.639524],[23.37493,42.639097],[23.374935,42.638617],[23.374938,42.638409],[23.374952,42.637544],[23.374954,42.637291],[23.374954,42.637199],[23.37496,42.636404],[23.374962,42.636282],[23.374963,42.63622],[23.374971,42.635826],[23.374976,42.635527],[23.374979,42.635429],[23.374983,42.635219],[23.374984,42.6352],[23.374988,42.635037],[23.374998,42.634238],[23.374999,42.633927],[23.375002,42.633801],[23.375013,42.633234],[23.375015,42.633192],[23.375018,42.633114],[23.375028,42.632256],[23.375041,42.631174],[23.375042,42.63114],[23.375043,42.631104],[23.375066,42.630332],[23.37507,42.630282],[23.375072,42.63016],[23.375082,42.630051],[23.375088,42.62982],[23.375093,42.629597],[23.375103,42.629155],[23.375107,42.628963],[23.375106,42.628683],[23.375105,42.628459],[23.375104,42.628336],[23.375105,42.628071],[23.375112,42.62797],[23.375154,42.627877],[23.375221,42.627768],[23.375306,42.627661],[23.375421,42.627569],[23.375528,42.627494],[23.375651,42.627425],[23.375785,42.627368],[23.375935,42.627332],[23.376092,42.627306],[23.376214,42.627292],[23.376361,42.627281],[23.376569,42.62727],[23.377136,42.627243],[23.378039,42.627199],[23.378146,42.627194],[23.378482,42.627178],[23.378497,42.627177],[23.379013,42.627152],[23.37912,42.627144],[23.379206,42.627137],[23.379432,42.62711],[23.379652,42.62708],[23.379898,42.627028],[23.38007,42.626986],[23.380124,42.626971],[23.380575,42.626849],[23.381615,42.626545],[23.381827,42.626485],[23.382031,42.626439],[23.382155,42.626421],[23.382574,42.626374],[23.382919,42.626366],[23.383231,42.626372],[23.383496,42.626398],[23.383718,42.626437],[23.383978,42.6265],[23.384223,42.626569],[23.384334,42.6266]]},"properties":{"name":"Д-р Атанас Москов"}},{"type":"Feature","geometry":{"type":"LineString","coordinates":[[23.373057,42.629848],[23.373203,42.62987],[23.373453,42.629908],[23.373502,42.629913],[23.374097,42.630004],[23.374595,42.63008],[23.374723,42.630099],[23.374938,42.630135],[23.375072,42.63016],[23.375251,42.63019],[23.375605,42.630239],[23.375831,42.630271],[23.376505,42.63036],[23.377918,42.630569],[23.378276,42.630598],[23.378653,42.630618],[23.378987,42.630631],[23.379337,42.63064],[23.379488,42.630644],[23.379934,42.630656],[23.380372,42.630666],[23.380426,42.63067],[23.380471,42.630684],[23.380502,42.630703]]},"properties":{"name":"Самара"}},{"type":"Feature","geometry":{"type":"LineString","coordinates":[[23.373121,42.635357],[23.373121,42.635194],[23.373122,42.635103],[23.37313,42.634591],[23.373186,42.630852],[23.373194,42.630036],[23.373203,42.62987],[23.37321,42.62974],[23.373211,42.62971],[23.373227,42.628863],[23.373387,42.628494],[23.373428,42.628322],[23.373438,42.627476],[23.373452,42.627092],[23.373473,42.626913],[23.373499,42.626738],[23.373605,42.626287],[23.373719,42.625952],[23.373835,42.625679],[23.374,42.625375],[23.374058,42.625273],[23.374181,42.625079],[23.374239,42.624999],[23.37465,42.624471],[23.374809,42.624292],[23.375207,42.623937],[23.375286,42.623873],[23.375552,42.623653],[23.376104,42.623183],[23.376127,42.623164],[23.376218,42.623079]]},"properties":{"name":"бул. Александър Малинов"}},{"type":"Feature","geometry":{"type":"LineString","coordinates":[[23.371065,42.635334],[23.370905,42.635438],[23.370823,42.635492],[23.370444,42.635754],[23.370265,42.63592],[23.370184,42.636038],[23.370127,42.636193],[23.370097,42.636332],[23.370076,42.63649],[23.370075,42.636664],[23.370088,42.636777],[23.370104,42.63683],[23.370137,42.636887],[23.370169,42.636938],[23.370229,42.637031],[23.370296,42.637134]]},"properties":{"name":"бул. Александър Малинов"}},{"type":"Feature","geometry":{"type":"LineString","coordinates":[[23.372948,42.637208],[23.372994,42.637216],[23.373031,42.637232],[23.373059,42.637256],[23.373085,42.637299],[23.373059,42.639648],[23.373036,42.640706],[23.373037,42.64104],[23.373039,42.641112],[23.373072,42.641329],[23.373151,42.641559],[23.373279,42.641886],[23.373421,42.642221],[23.373464,42.64231],[23.373661,42.642658],[23.374042,42.643276],[23.374478,42.643986],[23.374699,42.644337],[23.374911,42.644693],[23.374935,42.644734],[23.375474,42.645619],[23.375698,42.645984],[23.376135,42.646687],[23.376159,42.646723],[23.376227,42.646833],[23.376286,42.646928],[23.376736,42.647649],[23.376878,42.647882],[23.376964,42.648024],[23.37703,42.648128],[23.377387,42.648747],[23.377462,42.64886],[23.377817,42.649414],[23.377883,42.649512],[23.377906,42.649548],[23.377975,42.649652],[23.378043,42.649757],[23.378085,42.649827],[23.378116,42.649874],[23.378554,42.650562],[23.378664,42.650736],[23.3788,42.650941],[23.379471,42.651981],[23.379506,42.652035],[23.379529,42.652073],[23.38019,42.653082],[23.380355,42.653345],[23.380389,42.653398],[23.380466,42.653511],[23.380526,42.653605],[23.381011,42.65435],[23.381247,42.65469],[23.381409,42.654904],[23.3816,42.655132],[23.381695,42.65523],[23.381882,42.655419],[23.382187,42.655687],[23.382273,42.655754],[23.382512,42.655932],[23.382789,42.656119],[23.382863,42.656165],[23.383073,42.656291],[23.383272,42.656397],[23.383628,42.656569],[23.383964,42.65672],[23.38442,42.656918],[23.384659,42.657019],[23.384705,42.657039]]},"properties":{"name":"бул. Александър Малинов"}},{"type":"Feature","geometry":{"type":"LineString","coordinates":[[23.384321,42.656989],[23.38389,42.656795],[23.383608,42.656663],[23.383179,42.656452],[23.38299,42.656347],[23.382695,42.656173],[23.382536,42.656071],[23.382395,42.655979],[23.382094,42.655757],[23.381734,42.655447],[23.381618,42.655333],[23.38155,42.655266],[23.381431,42.655137],[23.381269,42.654934],[23.38113,42.654743],[23.380928,42.654428],[23.380452,42.653683],[23.380421,42.65364],[23.380357,42.653538],[23.380292,42.653436],[23.379684,42.652512],[23.379451,42.652145],[23.379429,42.65211],[23.378409,42.650536],[23.378047,42.64996],[23.37801,42.649905],[23.377955,42.649826],[23.377883,42.649715],[23.377808,42.649601],[23.377437,42.649038],[23.377162,42.648609],[23.376973,42.648278],[23.376903,42.648157],[23.376841,42.648054],[23.376563,42.647601],[23.376377,42.647295],[23.376186,42.646993],[23.376169,42.646967],[23.376106,42.646867],[23.376044,42.646765],[23.375591,42.646022],[23.375362,42.645655],[23.374856,42.644811],[23.374829,42.644768],[23.374583,42.644377],[23.374259,42.643864],[23.374226,42.643809],[23.373755,42.643036],[23.373543,42.642679],[23.373331,42.642303],[23.373151,42.641926],[23.373013,42.64158],[23.372941,42.641366],[23.372923,42.641248],[23.3729,42.641045],[23.372888,42.640717],[23.372912,42.639547],[23.372915,42.638989],[23.372923,42.638699],[23.372944,42.637349],[23.372948,42.637208],[23.372949,42.637106],[23.372956,42.636863],[23.37296,42.635788],[23.372964,42.635487],[23.372969,42.635355],[23.372996,42.634209],[23.373047,42.631109],[23.373051,42.630859],[23.373049,42.630003],[23.373057,42.629848],[23.37306,42.629735],[23.37306,42.62956],[23.372908,42.629357],[23.372883,42.629265],[23.372878,42.629168],[23.372881,42.629015],[23.37288,42.6289],[23.372881,42.628838],[23.37294,42.627242],[23.372987,42.626856],[23.373052,42.626588],[23.373127,42.626331],[23.373291,42.625886],[23.373395,42.625688],[23.373543,42.625458],[23.373777,42.625159],[23.373801,42.625129],[23.373901,42.625021],[23.373975,42.624948],[23.374637,42.624327],[23.375084,42.623934],[23.37515,42.623876],[23.375408,42.623655],[23.375947,42.623189],[23.375959,42.623171],[23.375958,42.623154],[23.375944,42.623126],[23.375916,42.623096]]},"properties":{"name":"бул. Александър Малинов"}},{"type":"Feature","geometry":{"type":"LineString","coordinates":[[23.36537,42.623645],[23.365549,42.623636],[23.366133,42.623552],[23.366653,42.623441],[23.367203,42.623326],[23.367403,42.623292],[23.367576,42.623269],[23.367782,42.623245],[23.368093,42.623224],[23.368345,42.623219],[23.368567,42.623221],[23.368675,42.623225],[23.368934,42.623234]]},"properties":{"name":"бул. Александър Малинов"}},{"type":"Feature","geometry":{"type":"LineString","coordinates":[[23.370672,42.624303],[23.370503,42.624228],[23.370265,42.624142],[23.369933,42.624038],[23.369567,42.623946],[23.369165,42.623874],[23.368857,42.623836],[23.368488,42.623805]]},"properties":{"name":"бул. Александър Малинов"}},{"type":"Feature","geometry":{"type":"LineString","coordinates":[[23.385574,42.656508],[23.384947,42.656961],[23.384528,42.657269],[23.384007,42.657632],[23.383184,42.658192],[23.38208,42.658992],[23.380155,42.660364],[23.377507,42.662236],[23.377138,42.662493],[23.374639,42.664267],[23.374401,42.66444],[23.372136,42.66604],[23.37061,42.667128],[23.370107,42.667484],[23.369593,42.667856],[23.368741,42.668484],[23.367259,42.669544],[23.365941,42.670454],[23.364612,42.671381],[23.363656,42.672052],[23.361638,42.673497],[23.358719,42.675586],[23.357531,42.676422],[23.356426,42.677216],[23.35589,42.677603],[23.354457,42.67863],[23.353449,42.679345],[23.352809,42.679798],[23.352575,42.679965],[23.352162,42.680258],[23.350366,42.681537],[23.349704,42.682024],[23.349116,42.682457],[23.34839,42.682975],[23.347805,42.683381],[23.347459,42.683621],[23.347002,42.68393],[23.3467,42.684137],[23.346211,42.68447],[23.34594,42.684657],[23.341169,42.688],[23.340749,42.688292],[23.34009,42.688754],[23.339462,42.689189],[23.33894,42.689472]]},"properties":{"name":"бул. Цариградско шосе"}},{"type":"Feature","geometry":{"type":"LineString","coordinates":[[23.337645,42.690403],[23.33771,42.690357],[23.338061,42.690114],[23.338241,42.689989],[23.33894,42.689472],[23.339357,42.689105],[23.344251,42.685693],[23.344717,42.685361],[23.345147,42.685063],[23.3456,42.684739],[23.346873,42.683854],[23.347336,42.683524],[23.347684,42.683285],[23.348005,42.683059],[23.349977,42.681649],[23.350265,42.681442],[23.352076,42.680151],[23.353012,42.679486],[23.353302,42.679281],[23.35449,42.678438],[23.355197,42.677921],[23.355809,42.677491],[23.357414,42.676337],[23.358598,42.675501],[23.359404,42.674927],[23.360338,42.674257],[23.361018,42.67377],[23.361954,42.673113],[23.363016,42.672347],[23.363528,42.671977],[23.364024,42.671617],[23.364499,42.671291],[23.365839,42.670371],[23.367134,42.66946],[23.368622,42.668403],[23.37001,42.667409],[23.370507,42.667045],[23.371957,42.665997],[23.372582,42.665553],[23.374293,42.664322],[23.375394,42.663532],[23.375627,42.663362],[23.37605,42.663051],[23.377081,42.662317],[23.378118,42.661578],[23.379208,42.660804],[23.379551,42.660561],[23.380011,42.660234]]},"properties":{"name":"бул. Цариградско шосе"}},{"type":"Feature","geometry":{"type":"LineString","coordinates":[[23.393126,42.650621],[23.393226,42.650532],[23.393701,42.650126],[23.393724,42.650107],[23.393888,42.649962],[23.393903,42.649948],[23.393998,42.649864],[23.394113,42.649766],[23.394596,42.649338],[23.395166,42.648832],[23.395911,42.648171],[23.396001,42.648063],[23.396057,42.647996],[23.396112,42.647944],[23.396265,42.647799],[23.396405,42.64752],[23.396472,42.64741],[23.396723,42.647011],[23.39748,42.646342],[23.398777,42.6452],[23.399404,42.644745],[23.399753,42.64451],[23.400256,42.64419],[23.400673,42.643947],[23.401095,42.643727],[23.401556,42.643495],[23.40246,42.643062],[23.404926,42.641931]]},"properties":{"name":"бул. Цариградско шосе"}},{"type":"Feature","geometry":{"type":"LineString","coordinates":[[23.392117,42.651095],[23.391951,42.65124],[23.391487,42.651646],[23.390938,42.652129],[23.389501,42.653406],[23.388667,42.654139],[23.388189,42.654547],[23.387869,42.654802],[23.387204,42.655322],[23.387172,42.655346],[23.386924,42.65553]]},"properties":{"name":"бул. Цариградско шосе"}},{"type":"Feature","geometry":{"type":"LineString","coordinates":[[23.374497,42.664765],[23.374315,42.664894],[23.373405,42.665536],[23.37258,42.666118],[23.372481,42.666175],[23.372372,42.66623],[23.37204,42.666359],[23.371799,42.666436],[23.37166,42.666486]]},"properties":{"name":"бул. Цариградско шосе"}},{"type":"Feature","geometry":{"type":"LineString","coordinates":[[23.448046,42.633273],[23.44782,42.633303],[23.447673,42.633322],[23.443891,42.633824],[23.443701,42.63385],[23.443582,42.633864],[23.443529,42.633871],[23.442508,42.634009],[23.439088,42.634459],[23.436417,42.634817],[23.436356,42.634825],[23.428973,42.635798],[23.427721,42.635964],[23.427549,42.635987],[23.427255,42.636024],[23.427139,42.636039],[23.425962,42.636181],[23.424756,42.636325],[23.42419,42.636386],[23.423591,42.636457],[23.422654,42.636558],[23.421432,42.636696]]},"properties":{"name":"бул. Цариградско шосе"}},{"type":"Feature","geometry":{"type":"LineString","coordinates":[[23.420103,42.636842],[23.419397,42.636918],[23.41901,42.636964],[23.418351,42.637036],[23.417312,42.637149],[23.416457,42.637243],[23.416225,42.637272],[23.41602,42.6373],[23.415762,42.637344],[23.415663,42.637365],[23.415461,42.637406],[23.415241,42.637461],[23.415019,42.63752],[23.414801,42.637579]]},"properties":{"name":"бул. Цариградско шосе"}},{"type":"Feature","geometry":{"type":"LineString","coordinates":[[23.414126,42.63783],[23.413784,42.637978],[23.41331,42.638191]]},"properties":{"name":"бул. Цариградско шосе"}},{"type":"Feature","geometry":{"type":"LineString","coordinates":[[23.412452,42.638575],[23.412392,42.638602],[23.411982,42.638787],[23.411891,42.638829],[23.411805,42.638867],[23.411647,42.638939],[23.410583,42.63941],[23.410458,42.639465]]},"properties":{"name":"бул. Цариградско шосе"}},{"type":"Feature","geometry":{"type":"LineString","coordinates":[[23.407129,42.640947],[23.405922,42.641492],[23.405567,42.64165]]},"properties":{"name":"бул. Цариградско шосе"}},{"type":"Feature","geometry":{"type":"LineString","coordinates":[[23.380603,42.65982],[23.38115,42.659417],[23.381381,42.659255],[23.38273,42.65829],[23.383088,42.658036],[23.38364,42.657644],[23.384309,42.657165],[23.384727,42.656866],[23.385133,42.656588]]},"properties":{"name":"бул. Цариградско шосе"}},{"type":"Feature","geometry":{"type":"LineString","coordinates":[[23.355146,42.677828],[23.355544,42.677514],[23.355866,42.677289],[23.356128,42.677127],[23.356505,42.67686],[23.357962,42.675812],[23.358403,42.675494],[23.358541,42.675379],[23.358949,42.675083],[23.359014,42.675038],[23.359355,42.674824],[23.359673,42.674598]]},"properties":{"name":"бул. Цариградско шосе"}},{"type":"Feature","geometry":{"type":"LineString","coordinates":[[23.376091,42.662561],[23.376024,42.662645],[23.376012,42.662659],[23.375981,42.662693],[23.375817,42.662867],[23.375732,42.662943],[23.375649,42.663008],[23.375563,42.663076],[23.375433,42.663168],[23.375068,42.663427],[23.374672,42.663719],[23.374296,42.663976],[23.373781,42.664346],[23.3735,42.664549],[23.373197,42.664758],[23.372992,42.664894],[23.372758,42.665048],[23.372699,42.665086],[23.371792,42.665702],[23.371704,42.665763],[23.370709,42.666451],[23.370507,42.666593],[23.370167,42.666831],[23.370015,42.666936],[23.369701,42.667153],[23.369139,42.66755],[23.369082,42.667587]]},"properties":{"name":"бул. Цариградско шосе"}},{"type":"Feature","geometry":{"type":"LineString","coordinates":[[23.368777,42.668474],[23.368786,42.668379],[23.368787,42.668362],[23.368785,42.668114],[23.368783,42.668023],[23.368792,42.667975],[23.368801,42.667927],[23.368843,42.667832],[23.368902,42.66776],[23.369082,42.667587],[23.368833,42.66774],[23.368252,42.668109]]},"properties":{"name":"бул. Цариградско шосе"}},{"type":"Feature","geometry":{"type":"LineString","coordinates":[[23.365464,42.670929],[23.36535,42.671054],[23.365283,42.671171],[23.365222,42.671214],[23.36516,42.671254],[23.365034,42.67129],[23.36488,42.671365],[23.364603,42.671537],[23.364376,42.671696],[23.364292,42.671771],[23.364166,42.671867],[23.36402,42.671971],[23.363703,42.672187],[23.362772,42.672844]]},"properties":{"name":"бул. Цариградско шосе"}},{"type":"Feature","geometry":{"type":"LineString","coordinates":[[23.320516,42.683312],[23.320509,42.683231]]},"properties":{"name":"проф. Фритьоф Нансен"}},{"type":"Feature","geometry":{"type":"LineString","coordinates":[[23.320807,42.683338],[23.320802,42.683419],[23.320802,42.68346],[23.320803,42.683554],[23.32082,42.683676],[23.320851,42.683838],[23.320938,42.684263],[23.321015,42.68464],[23.321146,42.685283],[23.321168,42.685417],[23.321233,42.685779],[23.321247,42.685848]]},"properties":{"name":"проф. Фритьоф Нансен"}},{"type":"Feature","geometry":{"type":"LineString","coordinates":[[23.321758,42.688742],[23.321737,42.688642],[23.321729,42.688603],[23.321552,42.687748],[23.321359,42.686816],[23.321334,42.686697],[23.321112,42.686023],[23.321068,42.685864],[23.321049,42.685799],[23.321005,42.685598],[23.320971,42.685432],[23.320713,42.684309],[23.320666,42.68413],[23.320628,42.683962],[23.320722,42.684119],[23.32076,42.684182],[23.320806,42.684293],[23.32083,42.684376],[23.321044,42.685354],[23.321047,42.685378],[23.321055,42.685468],[23.321035,42.685525],[23.321009,42.685581],[23.320972,42.685635],[23.32091,42.685694],[23.32084,42.685736],[23.320787,42.685766],[23.320709,42.685793],[23.320612,42.685817],[23.32056,42.685828]]},"properties":{"name":"проф. Фритьоф Нансен"}},{"type":"Feature","geometry":{"type":"LineString","coordinates":[[23.302377,42.679199],[23.302738,42.678081],[23.30293,42.677431],[23.303171,42.676618]]},"properties":{"name":"бул. Петко Ю. Тодоров"}},{"type":"Feature","geometry":{"type":"LineString","coordinates":[[23.302861,42.665208],[23.302898,42.66537],[23.302939,42.665546],[23.302988,42.665766],[23.303067,42.666158],[23.303075,42.666196],[23.303307,42.667344],[23.303315,42.667387],[23.303324,42.667428],[23.303382,42.667718],[23.303694,42.66926],[23.30377,42.669636],[23.303782,42.669696],[23.303793,42.669753],[23.303813,42.66985],[23.303821,42.669891],[23.303864,42.670098],[23.304015,42.670842],[23.304175,42.671624],[23.304204,42.671769],[23.304268,42.672082],[23.304299,42.672231],[23.304318,42.672326],[23.304363,42.672544],[23.304378,42.67262],[23.304384,42.672866],[23.304289,42.673204],[23.304278,42.673242],[23.304264,42.673287],[23.304139,42.673685],[23.304059,42.673941],[23.303972,42.674217],[23.30388,42.674511],[23.303829,42.674676],[23.303799,42.674768],[23.30379,42.674798],[23.303769,42.674867],[23.303646,42.675221],[23.303363,42.676042],[23.303216,42.676472],[23.303171,42.676618],[23.303199,42.676737],[23.303274,42.677104],[23.303284,42.677181],[23.303281,42.677274],[23.303236,42.677495],[23.303039,42.67808],[23.30288,42.678602],[23.302711,42.679157],[23.302679,42.679259],[23.302668,42.679298],[23.302656,42.679337],[23.302646,42.679369],[23.30262,42.679455]]},"properties":{"name":"бул. Петко Ю. Тодоров"}},{"type":"Feature","geometry":{"type":"LineString","coordinates":[[23.302861,42.665208],[23.302717,42.665306],[23.302496,42.665454],[23.302403,42.665518],[23.302119,42.66571],[23.301791,42.665932],[23.301781,42.665939],[23.301397,42.666222],[23.301043,42.666503],[23.300833,42.666682],[23.300818,42.666694],[23.300756,42.66675],[23.300677,42.666815],[23.300658,42.666831],[23.300377,42.667064],[23.299586,42.66772],[23.298898,42.668291],[23.298299,42.668791],[23.297803,42.669201],[23.297748,42.669247],[23.297688,42.669297],[23.297076,42.669806],[23.296557,42.670239],[23.296464,42.670316],[23.295985,42.670707],[23.295741,42.670907],[23.295494,42.671108],[23.295134,42.671404],[23.294649,42.671804],[23.294507,42.671922],[23.294419,42.671994],[23.294391,42.672018],[23.29431,42.672084],[23.294121,42.672219],[23.293796,42.672449],[23.293432,42.672708],[23.293039,42.672987],[23.292908,42.67308],[23.292731,42.673204],[23.291989,42.673724],[23.291608,42.673993],[23.291557,42.674027],[23.290909,42.674482],[23.290647,42.674666],[23.290615,42.674689],[23.290353,42.674872],[23.290302,42.674908],[23.290163,42.675006],[23.289892,42.675196],[23.28978,42.675276],[23.289377,42.675557],[23.289335,42.675586],[23.289232,42.675655],[23.289196,42.67568],[23.288808,42.675955],[23.288786,42.675969],[23.288681,42.676045],[23.288567,42.676125],[23.288547,42.676139],[23.288106,42.676447],[23.287842,42.676631],[23.287715,42.67672],[23.287604,42.676797],[23.287449,42.676905],[23.287061,42.677176],[23.286936,42.677264],[23.286859,42.677318],[23.28663,42.67748],[23.286454,42.677603],[23.286415,42.67763],[23.286129,42.677832],[23.285912,42.677984]]},"properties":{"name":"бул. Гоце Делчев"}},{"type":"Feature","geometry":{"type":"LineString","coordinates":[[23.284895,42.678794],[23.285019,42.678714],[23.285048,42.678695],[23.285094,42.678664],[23.285117,42.678646],[23.285167,42.678609],[23.285642,42.678275],[23.285756,42.678197],[23.285807,42.678152],[23.28581,42.678149],[23.285871,42.678073],[23.285912,42.677984],[23.285851,42.677988],[23.285802,42.67799],[23.285739,42.678016],[23.285622,42.678095],[23.284967,42.678559],[23.28494,42.678576],[23.284895,42.678609],[23.284863,42.678632],[23.284743,42.678709]]},"properties":{"name":"бул. Гоце Делчев"}},{"type":"Feature","geometry":{"type":"LineString","coordinates":[[23.300756,42.66675],[23.300649,42.666661],[23.300619,42.666637],[23.300394,42.66645],[23.300313,42.666387],[23.300137,42.666255],[23.299895,42.666072],[23.299218,42.665559],[23.299086,42.665455],[23.298706,42.665159],[23.29865,42.665116],[23.298619,42.665092],[23.298267,42.664822],[23.298222,42.664787],[23.297967,42.664592],[23.297933,42.664565],[23.297892,42.664534],[23.297584,42.664299],[23.29742,42.664174],[23.297377,42.664141],[23.297316,42.664095],[23.297276,42.664064],[23.297226,42.664025],[23.297166,42.663982],[23.297147,42.663969],[23.296968,42.66384],[23.296945,42.663823],[23.296867,42.663767],[23.296682,42.663617],[23.296557,42.663476],[23.296503,42.663415],[23.296259,42.663073],[23.296179,42.662942],[23.295834,42.662374],[23.295595,42.661976],[23.295525,42.661861],[23.295415,42.66168],[23.295386,42.661631],[23.295335,42.661561],[23.295241,42.661431]]},"properties":{"name":"Костенски водопад"}},{"type":"Feature","geometry":{"type":"LineString","coordinates":[[23.299897,42.712033],[23.299592,42.712431],[23.299273,42.712848],[23.299032,42.713162],[23.298647,42.713662],[23.298565,42.713762],[23.298428,42.713937],[23.298328,42.714073],[23.298264,42.714158],[23.298136,42.714319],[23.298015,42.714467],[23.297799,42.714757],[23.297734,42.714846]]},"properties":{"name":"Йосиф Щросмайер"}},{"type":"Feature","geometry":{"type":"LineString","coordinates":[[23.29894,42.713125],[23.299032,42.713162]]},"properties":{"name":"Русе"}},{"type":"Feature","geometry":{"type":"LineString","coordinates":[[23.299897,42.712033],[23.300111,42.712121],[23.3003,42.712201],[23.300497,42.712283],[23.300937,42.712467],[23.300991,42.71249],[23.301361,42.712645],[23.302118,42.712966],[23.302231,42.713009],[23.302907,42.713292],[23.30363,42.713597],[23.303749,42.713646],[23.304355,42.713899],[23.304842,42.714102],[23.305015,42.714175],[23.305111,42.714215],[23.305644,42.714438],[23.306055,42.71461],[23.306496,42.714795],[23.306613,42.714844]]},"properties":{"name":"Пражка пролет"}},{"type":"Feature","geometry":{"type":"LineString","coordinates":[[23.306613,42.714844],[23.306807,42.714588],[23.306988,42.714359],[23.307009,42.714332],[23.307054,42.714274],[23.307064,42.714261],[23.30708,42.714242],[23.307123,42.714191],[23.307131,42.714184],[23.307148,42.714166],[23.307179,42.714128],[23.307303,42.713987],[23.307337,42.713947],[23.307404,42.71387],[23.307471,42.713785]]},"properties":{"name":"Подполк. Калитин"}},{"type":"Feature","geometry":{"type":"LineString","coordinates":[[23.311726,42.714301],[23.311668,42.714207]]},"properties":{"name":"Княз Церетели"}},{"type":"Feature","geometry":{"type":"LineString","coordinates":[[23.379579,42.713015],[23.37957,42.712965],[23.379572,42.712916],[23.379591,42.71286],[23.379837,42.712135],[23.379867,42.712044],[23.379907,42.711919],[23.379946,42.711795],[23.380112,42.711332],[23.380233,42.710984],[23.380345,42.710661],[23.38036,42.710615],[23.380396,42.7105]]},"properties":{"name":"Поп Груйо"}},{"type":"Feature","geometry":{"type":"LineString","coordinates":[[23.349953,42.702012],[23.349499,42.701931],[23.34931,42.701892],[23.348729,42.701765],[23.348081,42.701599],[23.347781,42.701514],[23.347407,42.701394],[23.346971,42.701223],[23.346682,42.701096],[23.346273,42.700912],[23.345447,42.700442],[23.345096,42.700244],[23.344259,42.699747],[23.34408,42.699672],[23.343911,42.699624],[23.343609,42.699564],[23.343355,42.699523]]},"properties":{"name":"Мост Чавдар"}},{"type":"Feature","geometry":{"type":"LineString","coordinates":[[23.34243,42.699441],[23.342522,42.699448],[23.342633,42.699455],[23.343355,42.699523],[23.343591,42.699523],[23.343822,42.699534],[23.344043,42.69957],[23.344225,42.699618],[23.344472,42.699724],[23.344878,42.699941],[23.345869,42.700466],[23.346138,42.700604],[23.346769,42.700886],[23.347036,42.700994],[23.347384,42.70112],[23.347815,42.701265],[23.348295,42.701408],[23.348833,42.701555],[23.34936,42.701648],[23.349572,42.701688],[23.349702,42.701716],[23.350085,42.701803],[23.35027,42.701845]]},"properties":{"name":"Мост Чавдар"}},{"type":"Feature","geometry":{"type":"LineString","coordinates":[[23.382762,42.68943],[23.383301,42.68929]]},"properties":{"name":"514-та"}},{"type":"Feature","geometry":{"type":"LineString","coordinates":[[23.383301,42.68929],[23.383334,42.689345],[23.383687,42.689938],[23.383716,42.689985],[23.383754,42.690049],[23.384273,42.69092],[23.38473,42.691717]]},"properties":{"name":"511-та"}},{"type":"Feature","geometry":{"type":"LineString","coordinates":[[23.38473,42.691717],[23.384578,42.691789],[23.384423,42.691839],[23.384033,42.691905],[23.382537,42.692001],[23.38248,42.692036],[23.38239,42.692109],[23.382278,42.6922],[23.382041,42.692397],[23.381923,42.692468],[23.381774,42.692525],[23.380424,42.69301],[23.380367,42.69303],[23.379792,42.693233],[23.379695,42.693267],[23.379647,42.693284],[23.379064,42.693482],[23.377808,42.693908],[23.37754,42.693999],[23.376229,42.694454],[23.375979,42.694551],[23.375609,42.694708],[23.375299,42.694853],[23.37519,42.694907],[23.374996,42.695017]]},"properties":{"name":"Мими Балканска"}},{"type":"Feature","geometry":{"type":"LineString","coordinates":[[23.375289,42.698319],[23.375218,42.697828],[23.375185,42.697524],[23.375181,42.697377],[23.375187,42.696983],[23.375198,42.696744],[23.375201,42.696665],[23.375199,42.696083],[23.375059,42.695379],[23.375037,42.695285],[23.375019,42.695203],[23.375008,42.695118],[23.375004,42.695068],[23.374996,42.695017]]},"properties":{"name":"Бесарабия"}},{"type":"Feature","geometry":{"type":"LineString","coordinates":[[23.372955,42.708628],[23.372693,42.709382],[23.372672,42.709437],[23.372614,42.709554],[23.372567,42.709616],[23.372513,42.709668],[23.372438,42.709707],[23.372359,42.709739],[23.372295,42.709754],[23.372189,42.709772],[23.371978,42.709773],[23.371832,42.709776],[23.371692,42.709796],[23.37159,42.70982],[23.371488,42.709852],[23.371431,42.709889],[23.371357,42.709939],[23.371251,42.710046],[23.370929,42.710521],[23.370867,42.710613],[23.370824,42.710679],[23.370731,42.710823],[23.370528,42.711126],[23.37051,42.711153],[23.370458,42.711234],[23.370277,42.711508]]},"properties":{"name":"Бесарабия"}},{"type":"Feature","geometry":{"type":"LineString","coordinates":[[23.375289,42.698319],[23.373428,42.698403],[23.372904,42.698486],[23.372806,42.698495],[23.372479,42.698514],[23.372439,42.698517]]},"properties":{"name":"Д-р Иван Селимински"}},{"type":"Feature","geometry":{"type":"LineString","coordinates":[[23.372439,42.698517],[23.372454,42.698783],[23.372497,42.699054],[23.37276,42.699839],[23.372839,42.700063],[23.372874,42.700261],[23.372889,42.700357],[23.372897,42.700415],[23.372893,42.700487],[23.372894,42.700589],[23.372891,42.70063],[23.372884,42.700712]]},"properties":{"name":"Витиня"}},{"type":"Feature","geometry":{"type":"LineString","coordinates":[[23.370213,42.711605],[23.368833,42.711283],[23.368722,42.711265],[23.368413,42.711199],[23.368341,42.711163],[23.368319,42.711118],[23.368311,42.711078],[23.368446,42.710671],[23.368633,42.710181],[23.36878,42.709793],[23.368841,42.709632],[23.36896,42.709289],[23.369051,42.708966],[23.369043,42.708894],[23.368982,42.708837],[23.368958,42.708823],[23.368836,42.70877]]},"properties":{"name":"Витиня"}},{"type":"Feature","geometry":{"type":"LineString","coordinates":[[23.53179,42.724868],[23.531666,42.724876],[23.531509,42.724878],[23.530984,42.724849],[23.530597,42.724821],[23.530201,42.724793],[23.529167,42.724713],[23.528903,42.724707],[23.528691,42.724714],[23.528493,42.724758],[23.528245,42.72485]]},"properties":{"name":"Витиня"}},{"type":"Feature","geometry":{"type":"LineString","coordinates":[[23.518802,42.736818],[23.516697,42.738112],[23.516043,42.738535],[23.515938,42.738597],[23.514936,42.739207],[23.514698,42.739294],[23.514507,42.739325],[23.514316,42.73939],[23.512907,42.740006],[23.512509,42.740167],[23.512393,42.74019]]},"properties":{"name":"Витиня"}},{"type":"Feature","geometry":{"type":"LineString","coordinates":[[23.361835,42.698736],[23.361547,42.698919],[23.360948,42.699313],[23.360669,42.69951],[23.36064,42.69954],[23.360554,42.699629],[23.360506,42.69968],[23.360457,42.699749],[23.360414,42.699835],[23.360352,42.699987],[23.36033,42.70006],[23.36031,42.700147],[23.360004,42.701599],[23.359897,42.702121],[23.359887,42.702167],[23.359863,42.702259]]},"properties":{"name":"Александър Екзарх"}},{"type":"Feature","geometry":{"type":"LineString","coordinates":[[23.359823,42.701944],[23.359924,42.701513],[23.36001,42.701094],[23.360077,42.700769],[23.360145,42.700443],[23.360208,42.700139],[23.360229,42.700018],[23.360341,42.699708],[23.360423,42.699583],[23.360519,42.699472],[23.360687,42.699328],[23.360851,42.699224],[23.361167,42.699021],[23.361314,42.69893],[23.361584,42.698763],[23.361693,42.698698],[23.361828,42.69863],[23.36189,42.698596],[23.362101,42.69852]]},"properties":{"name":"Александър Екзарх"}},{"type":"Feature","geometry":{"type":"LineString","coordinates":[[23.359863,42.702259],[23.359826,42.702388],[23.359486,42.703404],[23.359273,42.704054],[23.359236,42.704174],[23.35911,42.704524],[23.359087,42.704587],[23.358995,42.704891],[23.358986,42.70492],[23.358942,42.705043]]},"properties":{"name":"Река Велека"}},{"type":"Feature","geometry":{"type":"LineString","coordinates":[[23.358801,42.704992],[23.358835,42.704882],[23.359,42.704376],[23.359403,42.703249],[23.359494,42.702973],[23.359537,42.702834],[23.359685,42.702398],[23.3597,42.702352],[23.359736,42.702238]]},"properties":{"name":"Река Велека"}},{"type":"Feature","geometry":{"type":"LineString","coordinates":[[23.358942,42.705043],[23.358911,42.705116],[23.358851,42.705268],[23.358841,42.70529],[23.358814,42.705352]]},"properties":{"name":"Васил Кънчев"}},{"type":"Feature","geometry":{"type":"LineString","coordinates":[[23.357781,42.707342],[23.357718,42.707423],[23.357614,42.707559],[23.35719,42.708091],[23.356657,42.708709],[23.356253,42.709132],[23.356171,42.709212]]},"properties":{"name":"Васил Кънчев"}},{"type":"Feature","geometry":{"type":"LineString","coordinates":[[23.354568,42.7113],[23.35458,42.711414],[23.354599,42.711516],[23.354608,42.711564],[23.354676,42.711678],[23.354735,42.711747],[23.355107,42.712067],[23.355758,42.712524],[23.356046,42.712737],[23.356163,42.712916]]},"properties":{"name":"Васил Кънчев"}},{"type":"Feature","geometry":{"type":"LineString","coordinates":[[23.360387,42.715325],[23.360491,42.7154],[23.36055,42.715425],[23.360628,42.715439],[23.360706,42.71543],[23.360767,42.715411],[23.360806,42.715377],[23.360826,42.715323],[23.360822,42.715269],[23.360789,42.715216],[23.360753,42.715192],[23.360703,42.715174],[23.360038,42.715073]]},"properties":{"name":"Васил Кънчев"}},{"type":"Feature","geometry":{"type":"LineString","coordinates":[[23.360345,42.715295],[23.360038,42.715073],[23.359441,42.714653],[23.359105,42.714415],[23.35892,42.714323],[23.358621,42.714251],[23.358336,42.714195],[23.358035,42.714156],[23.3578,42.714095],[23.357403,42.713829],[23.357245,42.713713],[23.356726,42.71333],[23.356163,42.712916],[23.355685,42.712586],[23.354926,42.712044],[23.354844,42.711986],[23.354608,42.711777],[23.354482,42.711595],[23.354465,42.711556],[23.354451,42.711523],[23.354396,42.711398],[23.354392,42.711284],[23.3544,42.711177],[23.354403,42.711132],[23.354468,42.710932],[23.354611,42.710698],[23.355144,42.710142],[23.355664,42.7096],[23.35598,42.709272],[23.356102,42.709148],[23.356159,42.709088],[23.356542,42.708691],[23.357076,42.708058],[23.357561,42.707445],[23.357579,42.707422],[23.357643,42.70734],[23.357711,42.707236],[23.357927,42.706892],[23.3582,42.706414],[23.358389,42.706042],[23.358507,42.70574],[23.358624,42.705439],[23.358631,42.705418],[23.358676,42.705304]]},"properties":{"name":"Васил Кънчев"}},{"type":"Feature","geometry":{"type":"LineString","coordinates":[[23.335615,42.709833],[23.335582,42.709845],[23.335552,42.709855],[23.335518,42.709868],[23.335439,42.709896],[23.335386,42.709914],[23.334851,42.710102],[23.334429,42.710274],[23.334301,42.710339]]},"properties":{"name":"Грънчарска"}},{"type":"Feature","geometry":{"type":"LineString","coordinates":[[23.334301,42.710339],[23.334212,42.710443],[23.33412,42.710529],[23.333896,42.710702],[23.333723,42.710823],[23.333363,42.711043],[23.333334,42.711061],[23.332786,42.711395],[23.332732,42.711428],[23.332586,42.711518],[23.332516,42.711559],[23.330851,42.712527],[23.329248,42.71343],[23.328431,42.713846],[23.327502,42.714278],[23.326795,42.714575],[23.324342,42.71553],[23.324249,42.715565],[23.323233,42.715949],[23.321817,42.716484],[23.320671,42.716912],[23.320583,42.716945],[23.320518,42.71697],[23.320039,42.717156],[23.318649,42.717691],[23.317982,42.717948],[23.317828,42.718007],[23.317762,42.718032],[23.315993,42.718721],[23.315548,42.718887],[23.315477,42.718914],[23.314842,42.719166]]},"properties":{"name":"бул. История Славянобългарска"}},{"type":"Feature","geometry":{"type":"LineString","coordinates":[[23.312202,42.720202],[23.31204,42.720266],[23.311928,42.720312],[23.311724,42.720394],[23.31157,42.720465],[23.311451,42.720546],[23.311347,42.720631],[23.311274,42.720713],[23.311206,42.720788]]},"properties":{"name":"бул. История Славянобългарска"}},{"type":"Feature","geometry":{"type":"LineString","coordinates":[[23.315095,42.71892],[23.315372,42.71881],[23.315409,42.718792],[23.315579,42.718725]]},"properties":{"name":"бул. История Славянобългарска"}},{"type":"Feature","geometry":{"type":"LineString","coordinates":[[23.318911,42.717353],[23.319656,42.717069],[23.320402,42.716784],[23.321999,42.716173],[23.324264,42.71531],[23.324901,42.715063],[23.325738,42.71474],[23.326619,42.714399],[23.326807,42.714347],[23.327403,42.71418],[23.328088,42.713868],[23.328234,42.713801],[23.32862,42.713608],[23.329189,42.713308],[23.329977,42.712871],[23.330212,42.712741],[23.330746,42.712436],[23.331565,42.711965],[23.332374,42.711491],[23.332429,42.71146],[23.332515,42.711411]]},"properties":{"name":"бул. История Славянобългарска"}},{"type":"Feature","geometry":{"type":"LineString","coordinates":[[23.311103,42.720384],[23.311144,42.720388]]},"properties":{"name":"бул. История Славянобългарска"}},{"type":"Feature","geometry":{"type":"LineString","coordinates":[[23.313821,42.721647],[23.31438,42.722321],[23.314682,42.722684],[23.314783,42.722813],[23.314865,42.722918],[23.315343,42.723495],[23.315503,42.723689],[23.315669,42.723898],[23.316292,42.724681],[23.316328,42.724727],[23.316603,42.725082],[23.316631,42.725118],[23.316674,42.725173],[23.31683,42.725376],[23.316859,42.725413],[23.316996,42.725592],[23.317141,42.72579],[23.317369,42.726135],[23.317645,42.726553],[23.318192,42.727425],[23.318274,42.727557],[23.318394,42.72776],[23.318934,42.728702],[23.319284,42.729277],[23.319331,42.729361],[23.31951,42.729599],[23.319571,42.729678],[23.31985,42.730001],[23.32065,42.730976],[23.321505,42.732049],[23.321904,42.732548],[23.321942,42.732596],[23.322516,42.733339],[23.322972,42.73393],[23.323158,42.734171],[23.323998,42.735212],[23.324499,42.735833],[23.325975,42.737663],[23.326248,42.738001],[23.326445,42.738282],[23.326497,42.738355]]},"properties":{"name":"бул. Илиянци"}},{"type":"Feature","geometry":{"type":"LineString","coordinates":[[23.330259,42.746149],[23.330359,42.74609],[23.330364,42.745962],[23.330123,42.745297],[23.329741,42.744174],[23.329665,42.74395],[23.329393,42.743278],[23.329221,42.742801],[23.329216,42.742787],[23.328897,42.741884],[23.328702,42.741447],[23.328268,42.740799],[23.32819,42.740712],[23.327733,42.740119],[23.326753,42.738749]]},"properties":{"name":"бул. Илиянци"}},{"type":"Feature","geometry":{"type":"LineString","coordinates":[[23.311429,42.719068],[23.311424,42.719033],[23.311431,42.718997],[23.31145,42.718964],[23.31148,42.718936],[23.311519,42.718914],[23.311559,42.718901],[23.311603,42.718895],[23.311647,42.718897],[23.311689,42.718906],[23.311722,42.718926],[23.311968,42.719242]]},"properties":{"name":"бул. Илиянци"}},{"type":"Feature","geometry":{"type":"LineString","coordinates":[[23.326497,42.738355],[23.326553,42.738399],[23.32675,42.738695],[23.326753,42.738749],[23.326688,42.738712],[23.326497,42.738415],[23.326497,42.738355]]},"properties":{"name":"бул. Илиянци"}},{"type":"Feature","geometry":{"type":"LineString","coordinates":[[23.323488,42.727605],[23.324811,42.729541],[23.325286,42.73022],[23.325627,42.730728],[23.325726,42.730851],[23.3262,42.731535],[23.326528,42.732009],[23.327657,42.733642],[23.327954,42.734071],[23.328136,42.734338],[23.328465,42.734807],[23.328901,42.735437],[23.329741,42.736643],[23.326993,42.737711],[23.326248,42.738001]]},"properties":{"name":"Проф. Иван Георгов"}},{"type":"Feature","geometry":{"type":"LineString","coordinates":[[23.266297,42.742616],[23.266223,42.742721],[23.266181,42.742781]]},"properties":{"name":"7-ма"}},{"type":"Feature","geometry":{"type":"LineString","coordinates":[[23.265541,42.742685],[23.265595,42.742505],[23.265733,42.742323]]},"properties":{"name":"6-та"}},{"type":"Feature","geometry":{"type":"LineString","coordinates":[[23.265733,42.742323],[23.26563,42.742182],[23.265546,42.742025],[23.265311,42.741321],[23.265187,42.74095],[23.265171,42.740904],[23.265151,42.740844],[23.265089,42.740658],[23.265068,42.740596],[23.264822,42.739872],[23.264772,42.739727],[23.264729,42.7396],[23.264417,42.738752],[23.264351,42.738543],[23.264254,42.738231],[23.264236,42.738183],[23.264222,42.738146],[23.26421,42.738112],[23.264192,42.73806],[23.264136,42.737898]]},"properties":{"name":"Ефрем Чучков"}},{"type":"Feature","geometry":{"type":"LineString","coordinates":[[23.263529,42.737562],[23.263452,42.737613],[23.262864,42.737931],[23.262638,42.73805],[23.262234,42.738269],[23.262138,42.738289]]},"properties":{"name":"Обелско шосе"}},{"type":"Feature","geometry":{"type":"LineString","coordinates":[[23.262138,42.738289],[23.262042,42.738275],[23.261861,42.738118],[23.261469,42.737736],[23.261246,42.737517],[23.261157,42.737436],[23.260782,42.737071],[23.260701,42.736992],[23.260512,42.73682],[23.260128,42.736457],[23.259598,42.735924]]},"properties":{"name":"Ефрем Каранфилов"}},{"type":"Feature","geometry":{"type":"LineString","coordinates":[[23.259598,42.735924],[23.25827,42.736683],[23.257668,42.73701],[23.257303,42.737211],[23.255592,42.738169]]},"properties":{"name":"Веселин Ханчев"}},{"type":"Feature","geometry":{"type":"LineString","coordinates":[[23.255592,42.738169],[23.256481,42.73908],[23.25668,42.739288],[23.256729,42.739311],[23.256814,42.73931],[23.256903,42.739269],[23.257299,42.739045],[23.258284,42.738489],[23.258388,42.73843]]},"properties":{"name":"Георги Караславов"}},{"type":"Feature","geometry":{"type":"LineString","coordinates":[[23.247447,42.729564],[23.24755,42.729512],[23.247564,42.729504],[23.247863,42.729342],[23.248043,42.729244],[23.249063,42.728695],[23.249206,42.728618],[23.249356,42.728537],[23.250145,42.728112],[23.250232,42.728066],[23.251782,42.72723],[23.251908,42.727163],[23.252925,42.726615],[23.254021,42.726024],[23.25468,42.725668],[23.25538,42.725292],[23.256755,42.724552],[23.256892,42.724478],[23.257286,42.724266],[23.257549,42.724119],[23.25809,42.723833],[23.258389,42.723664],[23.258406,42.723654],[23.258595,42.723548],[23.258693,42.723493]]},"properties":{"name":"Проф. Александър Станишев"}},{"type":"Feature","geometry":{"type":"LineString","coordinates":[[23.278853,42.717531],[23.278882,42.717565],[23.278929,42.717619]]},"properties":{"name":"бул. Д-р Петър Дертлиев"}},{"type":"Feature","geometry":{"type":"LineString","coordinates":[[23.278782,42.71757],[23.278717,42.717502],[23.278481,42.717247],[23.278291,42.717042],[23.277242,42.715918],[23.277216,42.715883],[23.277157,42.71572],[23.277074,42.715625],[23.277045,42.715591],[23.276321,42.714773],[23.275636,42.713985],[23.275023,42.713343],[23.274593,42.712941],[23.274475,42.712851],[23.274205,42.712655],[23.274173,42.712633],[23.274141,42.712612],[23.273882,42.712439],[23.273698,42.712325],[23.273394,42.712155],[23.272972,42.711953],[23.271982,42.711518],[23.271756,42.711426],[23.271324,42.711255],[23.271059,42.711147],[23.270895,42.71107],[23.270815,42.711041],[23.270769,42.711025],[23.270712,42.711004],[23.270546,42.710942],[23.270286,42.710844],[23.270186,42.710815],[23.270083,42.710795],[23.269955,42.71079],[23.269841,42.7108],[23.269748,42.71082],[23.269586,42.710867],[23.269403,42.710967],[23.269298,42.710872],[23.26911,42.710708],[23.268923,42.710545],[23.268851,42.710476],[23.268774,42.710401],[23.268714,42.710368],[23.268628,42.710343],[23.268549,42.710322],[23.268467,42.710307],[23.267001,42.710163],[23.266898,42.710153],[23.266796,42.710143],[23.266478,42.710104],[23.265554,42.709993],[23.264949,42.709921],[23.263963,42.709821],[23.263301,42.709751],[23.263165,42.709737],[23.262904,42.709714],[23.262081,42.709641],[23.261687,42.709625],[23.260918,42.709616],[23.260596,42.709586],[23.260532,42.70958],[23.260151,42.709545],[23.260125,42.709543],[23.260015,42.709532],[23.259831,42.709515],[23.259414,42.709477],[23.259382,42.709475],[23.259212,42.709461],[23.258977,42.709437],[23.258237,42.709364],[23.257933,42.709334],[23.257805,42.70931],[23.257731,42.709297],[23.257025,42.709144],[23.256997,42.709138],[23.25687,42.70911],[23.256689,42.709069],[23.256481,42.709021],[23.256223,42.708982],[23.256113,42.70897],[23.255804,42.708936],[23.25526,42.708876],[23.254995,42.70885],[23.25486,42.708835],[23.25434,42.708782],[23.253417,42.708694],[23.252818,42.708629],[23.252408,42.708591],[23.252177,42.708583],[23.251954,42.708596],[23.251661,42.708645],[23.251621,42.70865],[23.251452,42.708672],[23.251247,42.70868],[23.250401,42.708602],[23.250337,42.708597],[23.249899,42.708561],[23.249698,42.708553],[23.249438,42.708565],[23.248853,42.708654],[23.248721,42.708675],[23.24857,42.708689],[23.248245,42.708696],[23.247981,42.708713],[23.247856,42.708723],[23.247654,42.70875],[23.247565,42.708762],[23.247469,42.708776],[23.247305,42.708805],[23.247073,42.70885],[23.246841,42.708902],[23.246727,42.70893],[23.246451,42.709017],[23.246323,42.709059],[23.246212,42.709096],[23.245759,42.709295],[23.24531,42.709533],[23.245281,42.709548],[23.245074,42.709657]]},"properties":{"name":"бул. Д-р Петър Дертлиев"}},{"type":"Feature","geometry":{"type":"LineString","coordinates":[[23.277157,42.71572],[23.277376,42.715847],[23.277655,42.716167],[23.278296,42.716885],[23.278402,42.71701],[23.278446,42.717063],[23.278641,42.717296]]},"properties":{"name":"бул. Д-р Петър Дертлиев"}},{"type":"Feature","geometry":{"type":"LineString","coordinates":[[23.278929,42.717619],[23.278969,42.717664],[23.279091,42.717844],[23.279192,42.718003],[23.279355,42.718251],[23.279391,42.718366],[23.279438,42.718522],[23.279454,42.718576],[23.279488,42.718687],[23.279626,42.719108],[23.279797,42.71957],[23.279922,42.719958],[23.279965,42.720062],[23.280131,42.720493],[23.280178,42.720639],[23.280388,42.721284],[23.280542,42.721756],[23.280551,42.721785],[23.280557,42.721802],[23.280595,42.721914],[23.280611,42.721966],[23.280621,42.721994],[23.281003,42.723174],[23.281024,42.723236],[23.281093,42.723451],[23.281217,42.723832],[23.281417,42.724457],[23.281502,42.724717],[23.281642,42.725175],[23.281698,42.725359]]},"properties":{"name":"Адам Мицкевич"}},{"type":"Feature","geometry":{"type":"LineString","coordinates":[[23.281615,42.725372],[23.281601,42.725415],[23.281596,42.725487],[23.281594,42.725542],[23.281596,42.725586],[23.281609,42.725646],[23.281838,42.726345],[23.283204,42.730572],[23.283596,42.732055]]},"properties":{"name":"Адам Мицкевич"}},{"type":"Feature","geometry":{"type":"LineString","coordinates":[[23.280595,42.721914],[23.280705,42.721893],[23.280726,42.721889],[23.281884,42.721667],[23.28204,42.721637],[23.282167,42.721614],[23.282604,42.721534],[23.283041,42.721454],[23.283805,42.721309],[23.284275,42.721225],[23.285194,42.721061],[23.285303,42.721018]]},"properties":{"name":"3019-та"}},{"type":"Feature","geometry":{"type":"LineString","coordinates":[[23.286243,42.716672],[23.286247,42.716721],[23.286293,42.717565],[23.286277,42.717633],[23.286249,42.717714],[23.28622,42.717785],[23.286095,42.717967],[23.285892,42.718212],[23.285852,42.718257],[23.285744,42.718382],[23.285711,42.718429],[23.285691,42.718475],[23.28568,42.718534],[23.285673,42.718603],[23.285674,42.718651],[23.285685,42.718778],[23.285716,42.719038],[23.285754,42.719302],[23.285746,42.719336],[23.285729,42.71936],[23.285598,42.719512],[23.28555,42.719576],[23.285512,42.71964],[23.285483,42.719715],[23.285462,42.719785],[23.28537,42.720349],[23.285303,42.721018],[23.285288,42.721094]]},"properties":{"name":"Суходолска река"}},{"type":"Feature","geometry":{"type":"LineString","coordinates":[[23.281698,42.725359],[23.281615,42.725372]]},"properties":{"name":"Суходолска река"}},{"type":"Feature","geometry":{"type":"LineString","coordinates":[[23.297734,42.714846],[23.297624,42.714921],[23.297576,42.71501],[23.297551,42.715056],[23.297536,42.715085],[23.297458,42.715255],[23.297462,42.715319],[23.297449,42.715348],[23.297327,42.71561],[23.297292,42.715683],[23.297119,42.716011],[23.297068,42.716096],[23.297042,42.716135],[23.29702,42.716168],[23.296962,42.716224],[23.296918,42.716252],[23.296874,42.716278],[23.296818,42.716297],[23.296757,42.716317],[23.29661,42.716352],[23.295775,42.716548],[23.295418,42.716631],[23.294578,42.716823],[23.294455,42.716852],[23.293731,42.717017],[23.29316,42.717144],[23.293038,42.717172],[23.292833,42.71723],[23.292647,42.717299],[23.292574,42.717329],[23.292449,42.717381],[23.292411,42.717393],[23.292232,42.717505],[23.292183,42.717542],[23.292146,42.71757],[23.29211,42.717602],[23.292068,42.717638],[23.29199,42.717711],[23.291928,42.71778],[23.291873,42.717844],[23.291739,42.718062],[23.291701,42.718108],[23.291452,42.718414],[23.29136,42.718458],[23.291258,42.718484],[23.291146,42.71849],[23.290998,42.718467],[23.290738,42.718374],[23.29071,42.718363],[23.290055,42.718121],[23.289869,42.718051],[23.289479,42.717902],[23.288827,42.717654],[23.288415,42.717498],[23.288151,42.717397],[23.287704,42.717227],[23.287432,42.717124],[23.287266,42.717057],[23.287137,42.717006],[23.286906,42.716924],[23.286346,42.716711],[23.286243,42.716672],[23.285661,42.716469],[23.285158,42.716286],[23.284894,42.716187],[23.283704,42.71572],[23.283504,42.715585],[23.283405,42.715532],[23.283228,42.715447],[23.283157,42.715405],[23.283101,42.715382],[23.283034,42.715374],[23.282979,42.715377],[23.282918,42.715387]]},"properties":{"name":"Кукуш"}},{"type":"Feature","geometry":{"type":"LineString","coordinates":[[23.316526,42.659418],[23.31616,42.659237],[23.315726,42.659043],[23.31536,42.658871],[23.31472,42.658568],[23.314564,42.658496],[23.314014,42.658242],[23.313497,42.658003],[23.313423,42.657969],[23.313189,42.657861],[23.313164,42.657843],[23.312841,42.657612]]},"properties":{"name":"Хенрик Ибсен"}},{"type":"Feature","geometry":{"type":"LineString","coordinates":[[23.302861,42.665208],[23.302835,42.665074],[23.302754,42.66463],[23.302717,42.66435],[23.302714,42.664065],[23.30275,42.663774],[23.302771,42.663671],[23.302819,42.663559],[23.302854,42.663487],[23.302908,42.663376],[23.302977,42.663272],[23.302994,42.663251],[23.303123,42.663081],[23.303259,42.662906],[23.303577,42.662515],[23.303584,42.662506],[23.303639,42.662439],[23.304141,42.661826],[23.304468,42.661419],[23.304716,42.6611],[23.304965,42.66078],[23.305266,42.660378],[23.305443,42.660147],[23.305696,42.659818],[23.305826,42.659648],[23.305967,42.659463],[23.306113,42.659272],[23.306148,42.659227],[23.306156,42.659216],[23.306222,42.659129],[23.306319,42.659003],[23.306346,42.658967],[23.306449,42.658854],[23.306568,42.658742],[23.306687,42.658629],[23.306877,42.658449],[23.30698,42.658364],[23.307086,42.658279],[23.307297,42.658137],[23.307603,42.657968],[23.308062,42.657739],[23.30831,42.657629],[23.308538,42.657549],[23.308756,42.657479],[23.308979,42.657419],[23.309231,42.657367],[23.309377,42.657337],[23.309457,42.657321],[23.309753,42.657274],[23.309955,42.657248],[23.310065,42.657237],[23.310483,42.657217],[23.310635,42.657213],[23.3108,42.657219],[23.310974,42.657236],[23.311288,42.657286],[23.31175,42.657366],[23.312219,42.657446],[23.312606,42.657537],[23.312841,42.657612],[23.31322,42.65778],[23.313249,42.657794],[23.31329,42.657812],[23.313477,42.657899],[23.313543,42.657929],[23.313803,42.658049],[23.314069,42.658172],[23.314237,42.65825],[23.314617,42.658425],[23.314774,42.658498],[23.315423,42.658804],[23.315785,42.658975],[23.316141,42.659134],[23.31622,42.659169],[23.316503,42.659295]]},"properties":{"name":"Хенрик Ибсен"}},{"type":"Feature","geometry":{"type":"LineString","coordinates":[[23.289436,42.726808],[23.289533,42.726871],[23.289597,42.72692],[23.289623,42.726941],[23.289766,42.727052],[23.289865,42.727127],[23.290005,42.727239],[23.290079,42.727296],[23.291221,42.728221],[23.291296,42.728282],[23.291718,42.728621],[23.291808,42.728695],[23.291974,42.728835],[23.292333,42.729117],[23.292405,42.729177],[23.292503,42.729254],[23.292664,42.729381],[23.293334,42.729917],[23.293363,42.72994],[23.293459,42.730017],[23.293518,42.730066],[23.293618,42.730149],[23.29375,42.730258],[23.293951,42.73042],[23.294215,42.730634],[23.294247,42.73066],[23.294669,42.731001],[23.294794,42.731102],[23.295377,42.731565],[23.295443,42.731617],[23.295656,42.731786],[23.295768,42.731875],[23.296158,42.73215],[23.296192,42.732174],[23.296346,42.732283],[23.296418,42.732329],[23.296463,42.732358],[23.2969,42.732642],[23.297348,42.732912],[23.297465,42.732959],[23.297618,42.733007],[23.297899,42.733082],[23.298361,42.733187],[23.298519,42.733209],[23.298613,42.733216],[23.298872,42.733233],[23.300206,42.733275],[23.301245,42.733315],[23.302141,42.73335],[23.302215,42.733353],[23.303158,42.733389],[23.3034,42.733399],[23.303576,42.733406],[23.305095,42.733464],[23.305287,42.733472],[23.306055,42.733502],[23.306837,42.733525],[23.307103,42.733533],[23.308523,42.733575],[23.308634,42.733579],[23.309019,42.73359]]},"properties":{"name":"Христо Силянов"}},{"type":"Feature","geometry":{"type":"LineString","coordinates":[[23.309864,42.733581],[23.30975,42.73359],[23.309494,42.733593],[23.309438,42.733593],[23.309019,42.73359],[23.309114,42.733627],[23.309193,42.733681],[23.309221,42.733713],[23.30925,42.733745],[23.309295,42.733795],[23.309325,42.733829]]},"properties":{"name":"Христо Силянов"}},{"type":"Feature","geometry":{"type":"LineString","coordinates":[[23.31342,42.731759],[23.313225,42.731856],[23.313169,42.731885],[23.312723,42.732115],[23.312525,42.732221],[23.312478,42.732246],[23.31241,42.732281],[23.310885,42.733069],[23.310628,42.733198],[23.310078,42.733474],[23.309903,42.733562],[23.309864,42.733581],[23.309476,42.733758],[23.309453,42.73377],[23.309325,42.733829],[23.309192,42.73389],[23.309152,42.733909],[23.308861,42.73405],[23.307768,42.734578],[23.306279,42.735294],[23.305453,42.735692],[23.305171,42.735827],[23.304904,42.735947],[23.304889,42.735954],[23.304824,42.735983],[23.304715,42.736028],[23.304538,42.736101],[23.304191,42.736225],[23.303843,42.736335],[23.303462,42.736445],[23.303136,42.73653],[23.302939,42.736575],[23.302668,42.736631],[23.301861,42.736791],[23.301438,42.736876],[23.30131,42.736901],[23.300723,42.737016],[23.299954,42.737171],[23.299359,42.73729],[23.299216,42.737321],[23.299074,42.737358],[23.298912,42.737408],[23.298709,42.737487],[23.298563,42.737553],[23.298447,42.737613],[23.298334,42.737677],[23.298193,42.737767],[23.298103,42.737835],[23.29793,42.737975],[23.297859,42.738013],[23.29779,42.738029],[23.297731,42.738033],[23.297676,42.738028],[23.297615,42.738015],[23.297538,42.737987]]},"properties":{"name":"Ген. Никола Жеков"}},{"type":"Feature","geometry":{"type":"LineString","coordinates":[[23.401011,42.686218],[23.401083,42.68619],[23.401165,42.686157],[23.401262,42.686119],[23.401316,42.686098],[23.401782,42.685959],[23.401858,42.68594],[23.402432,42.685802],[23.402597,42.685761],[23.402696,42.685737],[23.402908,42.685688],[23.403216,42.685615],[23.403371,42.685579],[23.403418,42.685568],[23.403839,42.685468],[23.404152,42.685394],[23.404249,42.685371],[23.404994,42.685198],[23.405075,42.685179],[23.405121,42.685167],[23.405294,42.685124],[23.406615,42.684786],[23.407148,42.684649],[23.408853,42.684206],[23.408945,42.684183],[23.408954,42.68418],[23.409096,42.684143],[23.409736,42.683977],[23.410406,42.683803],[23.410517,42.683775],[23.410584,42.683755],[23.410618,42.683745],[23.410779,42.683702],[23.410827,42.683689]]},"properties":{"name":"Продан Таракчиев"}},{"type":"Feature","geometry":{"type":"LineString","coordinates":[[23.401165,42.686157],[23.401231,42.686323],[23.401568,42.687174],[23.401894,42.688017],[23.401922,42.688075],[23.40196,42.68813],[23.401996,42.688165],[23.40204,42.688186],[23.402085,42.688201],[23.402135,42.688206],[23.402167,42.688206],[23.402214,42.688204]]},"properties":{"name":"бул. Брюксел"}},{"type":"Feature","geometry":{"type":"LineString","coordinates":[[23.401574,42.688331],[23.401641,42.688307],[23.40169,42.688283],[23.401729,42.688255],[23.401753,42.688228],[23.401765,42.688197],[23.40177,42.688164],[23.401764,42.688124],[23.401737,42.688058],[23.4014,42.68721],[23.401314,42.686991],[23.40109,42.686421],[23.401068,42.686363],[23.401011,42.686218]]},"properties":{"name":"бул. Брюксел"}},{"type":"Feature","geometry":{"type":"LineString","coordinates":[[23.290969,42.739983],[23.29093,42.739622],[23.290862,42.739451],[23.290824,42.73937],[23.290786,42.739292]]},"properties":{"name":"Тричко Велев"}},{"type":"Feature","geometry":{"type":"LineString","coordinates":[[23.293697,42.739815],[23.293471,42.739899],[23.293297,42.739951],[23.292954,42.740032],[23.292602,42.740088],[23.29239,42.740113],[23.291903,42.740136],[23.291609,42.740142],[23.291342,42.740151],[23.291225,42.740153]]},"properties":{"name":"Тричко Велев"}},{"type":"Feature","geometry":{"type":"LineString","coordinates":[[23.293697,42.739815],[23.294165,42.739618],[23.294336,42.739519],[23.29441,42.739448],[23.29446,42.739346],[23.294556,42.739079],[23.294591,42.738981],[23.294736,42.738578],[23.294837,42.738373],[23.294865,42.738335],[23.295316,42.737739],[23.295348,42.737696],[23.295815,42.737172],[23.295852,42.737132],[23.295883,42.737098]]},"properties":{"name":"Златен клас"}},{"type":"Feature","geometry":{"type":"LineString","coordinates":[[23.333293,42.704876],[23.333539,42.704952],[23.333585,42.704975],[23.333616,42.70499],[23.333701,42.70504],[23.333779,42.7051],[23.333823,42.705143],[23.333973,42.705314]]},"properties":{"name":"Владайска река"}},{"type":"Feature","geometry":{"type":"LineString","coordinates":[[23.33616,42.707312],[23.33541,42.706713],[23.335335,42.706655],[23.335205,42.706555],[23.335093,42.706466],[23.334875,42.706276],[23.334819,42.706226],[23.334577,42.705995],[23.333973,42.705314],[23.333862,42.705259],[23.333779,42.705232],[23.333715,42.705218],[23.333673,42.705215],[23.33357,42.70522],[23.333476,42.705237]]},"properties":{"name":"Владайска река"}},{"type":"Feature","geometry":{"type":"LineString","coordinates":[[23.337313,42.70676],[23.337159,42.706768],[23.336989,42.706818],[23.336613,42.707042],[23.336224,42.707274],[23.33616,42.707312]]},"properties":{"name":"Зидарска"}},{"type":"Feature","geometry":{"type":"LineString","coordinates":[[23.337313,42.70676],[23.339021,42.706942],[23.339097,42.706948],[23.339908,42.707015],[23.340216,42.707031],[23.340362,42.707033],[23.340629,42.70704],[23.340759,42.707063],[23.340849,42.707094]]},"properties":{"name":"Градинарска"}},{"type":"Feature","geometry":{"type":"LineString","coordinates":[[23.340849,42.707094],[23.340947,42.707044]]},"properties":{"name":"Бдин"}},{"type":"Feature","geometry":{"type":"LineString","coordinates":[[23.340849,42.707094],[23.341435,42.70745],[23.3415,42.707486],[23.341609,42.707549],[23.341851,42.707682],[23.342219,42.707881],[23.342388,42.707972],[23.342607,42.70809],[23.342813,42.708202],[23.342923,42.708261],[23.343395,42.708514],[23.343445,42.708541],[23.34358,42.708613],[23.343679,42.708666],[23.34397,42.708823],[23.344429,42.709068],[23.344754,42.709243],[23.345094,42.709425],[23.345487,42.709636],[23.345589,42.70969],[23.345691,42.709745],[23.346032,42.709928],[23.346236,42.710037],[23.34682,42.71035],[23.346908,42.710383],[23.347031,42.710429],[23.347263,42.710478],[23.348462,42.71062],[23.348575,42.710634],[23.348624,42.710639],[23.348939,42.710677],[23.349136,42.7107],[23.349619,42.710757],[23.350019,42.710804],[23.350097,42.710814],[23.350222,42.710829],[23.350365,42.710845],[23.350839,42.710901],[23.350893,42.710908],[23.35231,42.711087],[23.353724,42.711222],[23.353809,42.71123],[23.354254,42.711271],[23.354297,42.711275],[23.354392,42.711284],[23.354568,42.7113]]},"properties":{"name":"Резбарска"}},{"type":"Feature","geometry":{"type":"LineString","coordinates":[[23.350214,42.710897],[23.35009,42.71088],[23.349636,42.71082],[23.349346,42.710782],[23.349194,42.710773],[23.348734,42.710805],[23.348713,42.710807],[23.348636,42.710812]]},"properties":{"name":"Резбарска"}},{"type":"Feature","geometry":{"type":"LineString","coordinates":[[23.3415,42.707486],[23.34232,42.707024],[23.343221,42.706527],[23.343415,42.706421],[23.344137,42.706021]]},"properties":{"name":"Видини Кули"}},{"type":"Feature","geometry":{"type":"LineString","coordinates":[[23.344137,42.706021],[23.345036,42.70594],[23.345986,42.705864],[23.346782,42.705799],[23.346895,42.70579],[23.347145,42.70577],[23.347886,42.705711],[23.34868,42.705646],[23.34881,42.705635],[23.349349,42.705592],[23.349811,42.705555],[23.350375,42.705507],[23.350571,42.705488],[23.350616,42.705484],[23.350727,42.705481]]},"properties":{"name":"Ген. Липранди"}},{"type":"Feature","geometry":{"type":"LineString","coordinates":[[23.350727,42.705481],[23.350856,42.705588],[23.350814,42.705664],[23.350789,42.705728],[23.350779,42.70579],[23.350746,42.706201],[23.350716,42.706464],[23.350701,42.706598],[23.350671,42.706861],[23.350642,42.707117],[23.350634,42.707187],[23.350514,42.708252],[23.350499,42.708386],[23.350442,42.708886],[23.350376,42.709469],[23.350345,42.709743],[23.350301,42.710128],[23.350271,42.710401],[23.350236,42.710708],[23.350229,42.710764],[23.350222,42.710829],[23.350214,42.710897]]},"properties":{"name":"Макгахан"}},{"type":"Feature","geometry":{"type":"LineString","coordinates":[[23.350499,42.708386],[23.350621,42.708386],[23.351127,42.708386],[23.3513,42.708386]]},"properties":{"name":"Родина"}},{"type":"Feature","geometry":{"type":"LineString","coordinates":[[23.3513,42.708386],[23.351487,42.708367],[23.351696,42.708267],[23.352294,42.70787],[23.35268,42.707612],[23.352776,42.707549]]},"properties":{"name":"Клисура"}},{"type":"Feature","geometry":{"type":"LineString","coordinates":[[23.352776,42.707549],[23.353454,42.707478],[23.35406,42.707414],[23.354621,42.707347],[23.354683,42.707346],[23.355686,42.707344],[23.355874,42.707341],[23.357386,42.707341],[23.357643,42.70734],[23.357781,42.707342],[23.359166,42.707356],[23.359362,42.707395],[23.359534,42.707399],[23.360554,42.707378],[23.361123,42.707357]]},"properties":{"name":"Ангел Войвода"}},{"type":"Feature","geometry":{"type":"LineString","coordinates":[[23.356171,42.709212],[23.356768,42.709522],[23.356984,42.709602],[23.357524,42.709779],[23.357886,42.709862],[23.358323,42.709909],[23.359218,42.70989],[23.361113,42.709835]]},"properties":{"name":"Теофил Ганев"}},{"type":"Feature","geometry":{"type":"LineString","coordinates":[[23.361129,42.71041],[23.361118,42.710205],[23.361113,42.709978],[23.361113,42.709835],[23.361111,42.709496],[23.361104,42.709221],[23.361117,42.708611],[23.361116,42.708415],[23.361133,42.707965],[23.361128,42.707673],[23.361123,42.707357]]},"properties":{"name":"Гинци"}},{"type":"Feature","geometry":{"type":"LineString","coordinates":[[23.303381,42.739452],[23.30345,42.739483],[23.303558,42.739501],[23.303688,42.739517],[23.304566,42.739632],[23.305086,42.739704],[23.305631,42.739776],[23.305752,42.73979],[23.306018,42.739824],[23.306976,42.739938],[23.307601,42.740025],[23.307631,42.740029],[23.308145,42.740105],[23.308282,42.740127],[23.308366,42.740123],[23.309008,42.739853],[23.309091,42.739818],[23.309507,42.739644],[23.309549,42.739583],[23.309589,42.73941],[23.309838,42.738352],[23.309865,42.738242],[23.309991,42.737713],[23.310096,42.73727],[23.310169,42.736966],[23.310174,42.736944],[23.310175,42.736942],[23.310176,42.736938],[23.310177,42.736932],[23.310189,42.736887],[23.310191,42.736878],[23.310213,42.736788],[23.310233,42.736709],[23.310264,42.736581],[23.310533,42.735557],[23.310542,42.735522],[23.310562,42.735421],[23.310562,42.735345],[23.310529,42.73526],[23.310478,42.735185],[23.31039,42.735072],[23.310094,42.734751],[23.310007,42.734657],[23.309916,42.734558],[23.30987,42.734508],[23.30977,42.734376],[23.309701,42.734296],[23.309627,42.734205],[23.309405,42.733929],[23.309395,42.733916],[23.309357,42.733869],[23.309325,42.733829]]},"properties":{"name":"Народни будители"}},{"type":"Feature","geometry":{"type":"LineString","coordinates":[[23.306796,42.722584],[23.306703,42.722522]]},"properties":{"name":"Иван Мърквичка"}},{"type":"Feature","geometry":{"type":"LineString","coordinates":[[23.309676,42.698598],[23.309698,42.698681],[23.309708,42.698718],[23.309781,42.698988],[23.310033,42.699874],[23.31006,42.699972],[23.310114,42.700149],[23.310302,42.700802],[23.310336,42.700919],[23.310389,42.701103],[23.310409,42.701175],[23.310414,42.701192],[23.310419,42.701209],[23.310432,42.701253],[23.310446,42.701301],[23.31053,42.701596],[23.31059,42.701804],[23.310801,42.702587],[23.310908,42.703006],[23.31091,42.703021],[23.310925,42.703134],[23.31094,42.703253],[23.310951,42.703305],[23.311089,42.703897],[23.311099,42.703932],[23.311163,42.704177],[23.311279,42.704568],[23.311335,42.704772],[23.311347,42.704816],[23.311365,42.704879],[23.311383,42.704923],[23.311442,42.705061],[23.311573,42.705311],[23.311604,42.705374],[23.311651,42.705466],[23.31166,42.705484],[23.311722,42.70559],[23.311764,42.705655],[23.311785,42.705692],[23.311946,42.705975],[23.311982,42.706035],[23.312043,42.706139],[23.312078,42.706202],[23.312331,42.706655],[23.312458,42.706887],[23.312563,42.707119],[23.31274,42.707532],[23.313021,42.708222],[23.313062,42.708323],[23.313091,42.70839],[23.313114,42.708443],[23.31323,42.708715],[23.313619,42.70962],[23.313637,42.709664],[23.313663,42.709726],[23.314099,42.710778],[23.314337,42.711332],[23.314359,42.711377],[23.314812,42.712389],[23.314989,42.712693],[23.315245,42.713062],[23.315259,42.713068],[23.315364,42.713112]]},"properties":{"name":"Опълченска"}},{"type":"Feature","geometry":{"type":"LineString","coordinates":[[23.315536,42.713336],[23.315459,42.713236],[23.315443,42.713216],[23.315429,42.713198],[23.315364,42.713112],[23.315368,42.713018],[23.315369,42.713006],[23.315322,42.712937],[23.315263,42.71285],[23.315119,42.712638],[23.314953,42.712351],[23.314832,42.712125],[23.314488,42.71132],[23.314478,42.711299],[23.314464,42.711264],[23.314349,42.710992],[23.314288,42.710846],[23.314176,42.710579],[23.313993,42.710144],[23.313772,42.709632],[23.313753,42.709588],[23.313718,42.709506],[23.313563,42.709139],[23.313505,42.709002],[23.313442,42.708858],[23.313301,42.708535],[23.313227,42.708361],[23.313197,42.708293],[23.313156,42.708193],[23.313152,42.708182],[23.31288,42.707506],[23.312735,42.707152],[23.312714,42.7071],[23.312505,42.706637],[23.312248,42.706113],[23.312197,42.706018],[23.312164,42.705954],[23.312142,42.705913],[23.311985,42.705637],[23.311939,42.705573],[23.311862,42.705459],[23.311843,42.705428],[23.311838,42.705419],[23.311772,42.705292],[23.311669,42.705106],[23.311561,42.70494],[23.311534,42.704892],[23.311496,42.70479],[23.311479,42.704747],[23.311461,42.704693],[23.311445,42.704642],[23.311357,42.704361],[23.311281,42.704097],[23.311241,42.703939],[23.311077,42.70324],[23.311076,42.703236],[23.311058,42.703113],[23.311042,42.702997],[23.311039,42.702987],[23.311027,42.702943],[23.310928,42.70256],[23.310907,42.702479],[23.310819,42.702139],[23.310716,42.701751],[23.310615,42.70141],[23.310564,42.701231],[23.310552,42.701187],[23.310547,42.70117],[23.310542,42.701153],[23.310521,42.701081],[23.310513,42.701052],[23.310398,42.700647],[23.310241,42.700094],[23.310196,42.699949],[23.310165,42.699851],[23.310112,42.69968],[23.30984,42.698694],[23.309832,42.698664],[23.309808,42.698577]]},"properties":{"name":"Опълченска"}},{"type":"Feature","geometry":{"type":"LineString","coordinates":[[23.415851,42.640375],[23.415463,42.640371],[23.414906,42.640359],[23.414593,42.640356],[23.413487,42.640351],[23.413238,42.640349],[23.412895,42.640347],[23.412546,42.640345],[23.412377,42.640349],[23.41223,42.640367],[23.412206,42.64037],[23.412098,42.640382],[23.41194,42.640407],[23.411772,42.640443],[23.411625,42.64048],[23.41148,42.640526],[23.41137,42.640568],[23.411085,42.640691],[23.409699,42.641319],[23.409481,42.641415],[23.409183,42.641549],[23.408727,42.641754],[23.408236,42.641973],[23.40814,42.642015],[23.407362,42.642361],[23.407067,42.642492],[23.406716,42.642648],[23.406587,42.642705],[23.405799,42.643056],[23.405395,42.643239],[23.405213,42.643346],[23.405139,42.643411],[23.405064,42.643482],[23.404985,42.643587],[23.404944,42.643677],[23.404913,42.64376],[23.40489,42.643885],[23.40488,42.643993],[23.40488,42.644075],[23.40488,42.644228],[23.404879,42.64475],[23.404877,42.645424],[23.404876,42.64556],[23.404858,42.646484],[23.404853,42.646571],[23.404852,42.646671],[23.404841,42.646771],[23.404806,42.64687],[23.404745,42.646962],[23.404694,42.647016],[23.40456,42.647114],[23.404112,42.647347],[23.403886,42.647458],[23.403846,42.647478],[23.40376,42.647521],[23.403643,42.647578],[23.40361,42.647595],[23.403504,42.647647]]},"properties":{"name":"Обиколна"}},{"type":"Feature","geometry":{"type":"LineString","coordinates":[[23.394248,42.657404],[23.394264,42.657471]]},"properties":{"name":"Обиколна"}},{"type":"Feature","geometry":{"type":"LineString","coordinates":[[23.394963,42.659826],[23.394934,42.659786]]},"properties":{"name":"Обиколна"}},{"type":"Feature","geometry":{"type":"LineString","coordinates":[[23.376903,42.648157],[23.375843,42.648396],[23.375285,42.648526],[23.375205,42.648544],[23.374963,42.648599],[23.374816,42.648632],[23.373134,42.649023],[23.372257,42.649221],[23.371614,42.649345],[23.371408,42.649378],[23.370894,42.649463],[23.370346,42.649522],[23.369696,42.649579],[23.369078,42.649625],[23.368114,42.649694],[23.368031,42.649701],[23.367958,42.649707],[23.367756,42.649721],[23.367679,42.649727],[23.366691,42.649806],[23.366406,42.649827],[23.365409,42.649903],[23.364855,42.649938],[23.36442,42.649961],[23.363858,42.64997],[23.363254,42.649973],[23.36304,42.649972],[23.361939,42.649977],[23.361019,42.649982],[23.36094,42.649981],[23.360891,42.649982],[23.360747,42.649977],[23.360361,42.649952],[23.360059,42.649927],[23.359704,42.649886],[23.359407,42.649847],[23.359015,42.649781],[23.358745,42.64973],[23.358509,42.64968],[23.35845,42.649667],[23.358231,42.649617],[23.357904,42.64953],[23.357851,42.649517],[23.357815,42.649509],[23.357773,42.649504],[23.357725,42.649503],[23.357678,42.649512],[23.35763,42.649529],[23.357597,42.649554]]},"properties":{"name":"бул. Андрей Ляпчев"}},{"type":"Feature","geometry":{"type":"LineString","coordinates":[[23.357489,42.649308],[23.357796,42.649395],[23.357953,42.649439],[23.358063,42.649466],[23.358282,42.649521],[23.358609,42.649594],[23.358922,42.649657],[23.359073,42.649686],[23.359211,42.649707],[23.359519,42.649759],[23.359909,42.649804],[23.360395,42.649844],[23.360835,42.64987],[23.360941,42.649875],[23.362257,42.649868],[23.363038,42.649864],[23.363455,42.64986],[23.364413,42.64985],[23.364843,42.649832],[23.365399,42.649799],[23.365661,42.649779],[23.366345,42.649727],[23.366717,42.649701],[23.367089,42.649676],[23.36758,42.649642],[23.367665,42.649636],[23.367744,42.64963]]},"properties":{"name":"бул. Андрей Ляпчев"}},{"type":"Feature","geometry":{"type":"LineString","coordinates":[[23.357688,42.649969],[23.357743,42.650001],[23.357817,42.650031],[23.35789,42.650061],[23.357937,42.65009],[23.358704,42.650859],[23.358999,42.65115],[23.359286,42.651436],[23.359301,42.651453],[23.359365,42.651528],[23.359455,42.651632],[23.359611,42.651785]]},"properties":{"name":"Иван Боримечката"}},{"type":"Feature","geometry":{"type":"LineString","coordinates":[[23.34518,42.66271],[23.345152,42.6627]]},"properties":{"name":"Апостол Карамитев"}},{"type":"Feature","geometry":{"type":"LineString","coordinates":[[23.333139,42.670179],[23.332968,42.670048]]},"properties":{"name":"бул. Пейо К. Яворов"}},{"type":"Feature","geometry":{"type":"LineString","coordinates":[[23.333262,42.670148],[23.333473,42.670325],[23.334346,42.671019]]},"properties":{"name":"бул. Пейо К. Яворов"}},{"type":"Feature","geometry":{"type":"LineString","coordinates":[[23.338758,42.674821],[23.339686,42.675643],[23.34153,42.67723],[23.341734,42.677401],[23.342103,42.677716],[23.342526,42.678066],[23.343692,42.679021],[23.344001,42.679274],[23.344206,42.679443],[23.344434,42.679631],[23.345177,42.680269],[23.345448,42.680545],[23.345716,42.680872],[23.346033,42.681277],[23.34637,42.68176],[23.346645,42.682154],[23.346713,42.682252],[23.346773,42.682338],[23.346891,42.682504],[23.347139,42.682826],[23.347408,42.68316],[23.347524,42.683285],[23.347668,42.683427]]},"properties":{"name":"бул. Пейо К. Яворов"}},{"type":"Feature","geometry":{"type":"LineString","coordinates":[[23.347705,42.683612],[23.347416,42.683358],[23.347334,42.683277],[23.347039,42.682912],[23.346808,42.682615],[23.346614,42.682349],[23.346553,42.682261],[23.346465,42.682135],[23.345905,42.68135],[23.345572,42.680933],[23.34529,42.680606],[23.344947,42.680267],[23.344302,42.679698],[23.344236,42.679639],[23.343903,42.679344]]},"properties":{"name":"бул. Пейо К. Яворов"}},{"type":"Feature","geometry":{"type":"LineString","coordinates":[[23.332968,42.670048],[23.332781,42.669929],[23.332614,42.66983],[23.332344,42.669679],[23.332157,42.669587],[23.331958,42.669504],[23.331828,42.669456],[23.331673,42.669403],[23.331419,42.66932],[23.331066,42.669207],[23.329555,42.668739],[23.329509,42.668724],[23.329133,42.668612],[23.327605,42.668133],[23.326626,42.66783],[23.326453,42.667777],[23.326303,42.667731],[23.322961,42.666698],[23.320657,42.665981],[23.320533,42.665944],[23.320135,42.665823],[23.318666,42.665364]]},"properties":{"name":"бул. Никола Й. Вапцаров"}},{"type":"Feature","geometry":{"type":"LineString","coordinates":[[23.31754,42.664871],[23.31756,42.664877],[23.317863,42.664966],[23.318654,42.66521],[23.318952,42.6653],[23.320078,42.665654],[23.320732,42.665853],[23.321151,42.665983],[23.322909,42.666528],[23.324342,42.66697],[23.325346,42.66728],[23.3255,42.667327],[23.325621,42.667365],[23.32601,42.667483],[23.326331,42.667581],[23.326372,42.667594],[23.32653,42.667642],[23.327287,42.667881],[23.327609,42.667982],[23.328178,42.668158],[23.328884,42.668377],[23.329353,42.668523],[23.329444,42.66855],[23.329474,42.66856],[23.33053,42.668884],[23.330876,42.668994],[23.331122,42.669075],[23.331543,42.669216],[23.331834,42.669323],[23.332058,42.669415],[23.332218,42.669493],[23.332418,42.669591],[23.332679,42.669739],[23.332892,42.669874],[23.333069,42.669993],[23.333262,42.670148]]},"properties":{"name":"бул. Никола Й. Вапцаров"}},{"type":"Feature","geometry":{"type":"LineString","coordinates":[[23.31727,42.663361],[23.317249,42.663362]]},"properties":{"name":"Страцин"}},{"type":"Feature","geometry":{"type":"LineString","coordinates":[[23.317085,42.662474],[23.317101,42.662473]]},"properties":{"name":"Русалийски проход"}},{"type":"Feature","geometry":{"type":"LineString","coordinates":[[23.316686,42.66035],[23.316709,42.660349]]},"properties":{"name":"Кишинев"}},{"type":"Feature","geometry":{"type":"LineString","coordinates":[[23.353469,42.703106],[23.35343,42.703153],[23.353412,42.703173],[23.353321,42.703279],[23.353307,42.703296],[23.353239,42.703379],[23.35318,42.703452],[23.353147,42.703487],[23.35291,42.703738],[23.352756,42.703898],[23.352557,42.704094],[23.35247,42.704179],[23.351879,42.704683],[23.351721,42.704818],[23.351637,42.704889],[23.351212,42.705251],[23.351079,42.705364],[23.351045,42.705393],[23.350943,42.705487],[23.350856,42.705588]]},"properties":{"name":"Острово"}},{"type":"Feature","geometry":{"type":"LineString","coordinates":[[23.353469,42.703106],[23.353543,42.70302],[23.353598,42.702955],[23.353852,42.702658],[23.353991,42.702544],[23.354103,42.702474],[23.354169,42.702433],[23.354514,42.702277],[23.354735,42.70221],[23.354884,42.702167],[23.355316,42.702034],[23.355638,42.701949],[23.355752,42.701928],[23.35581,42.701922],[23.35591,42.701911],[23.356053,42.701911],[23.356118,42.701913],[23.356321,42.701919],[23.356996,42.701969],[23.357183,42.701983],[23.358566,42.702089],[23.358826,42.702115],[23.358898,42.702124],[23.359028,42.702139],[23.359252,42.70216],[23.359559,42.702211],[23.359618,42.702221],[23.359736,42.702238],[23.359863,42.702259],[23.359989,42.702284],[23.360038,42.702294],[23.360825,42.702445],[23.360874,42.702453],[23.361051,42.702485],[23.361437,42.702556],[23.361513,42.70257],[23.361633,42.702592],[23.362784,42.702802],[23.362951,42.702833],[23.3631,42.702859],[23.363845,42.702996],[23.364291,42.703116],[23.364601,42.703239],[23.36467,42.703271],[23.365012,42.703438],[23.365122,42.703495],[23.365289,42.703583],[23.36556,42.703724],[23.366576,42.704261],[23.366729,42.704338],[23.366994,42.704463],[23.367762,42.704782],[23.36822,42.70497],[23.368868,42.705238],[23.369358,42.705438],[23.369466,42.705484],[23.369803,42.70562],[23.370404,42.705887],[23.370457,42.705906],[23.370532,42.705933],[23.37083,42.706041],[23.370932,42.706073]]},"properties":{"name":"Тодорини кукли"}},{"type":"Feature","geometry":{"type":"LineString","coordinates":[[23.35591,42.701911],[23.355934,42.701845]]},"properties":{"name":"Йоаким Груев"}},{"type":"Feature","geometry":{"type":"LineString","coordinates":[[23.526041,42.714967],[23.526176,42.715017],[23.526424,42.715112],[23.529516,42.716225],[23.529824,42.71634],[23.532044,42.717149],[23.532269,42.717239],[23.532477,42.717329],[23.532689,42.717427],[23.532952,42.717582],[23.533196,42.717766],[23.533369,42.717905],[23.533692,42.718214],[23.534206,42.718723],[23.534899,42.719387],[23.535176,42.719641],[23.535539,42.719979],[23.535829,42.72021],[23.536039,42.720364],[23.536288,42.720525],[23.536709,42.720749]]},"properties":{"name":"Здравец"}},{"type":"Feature","geometry":{"type":"LineString","coordinates":[[23.508806,42.738713],[23.508465,42.737788]]},"properties":{"name":"Здравец"}},{"type":"Feature","geometry":{"type":"LineString","coordinates":[[23.536709,42.720749],[23.537221,42.720981],[23.53866,42.721587],[23.538942,42.721696],[23.539251,42.72181],[23.539601,42.721924],[23.539991,42.722045],[23.542543,42.722771],[23.543321,42.723024],[23.543483,42.723129]]},"properties":{"name":"1"}},{"type":"Feature","geometry":{"type":"LineString","coordinates":[[23.551126,42.725319],[23.550708,42.725114],[23.55027,42.724838],[23.549905,42.724605],[23.548824,42.723873],[23.548503,42.723667],[23.548416,42.723615],[23.548303,42.723554],[23.548187,42.723497],[23.548058,42.723442],[23.547884,42.723376],[23.547698,42.723315],[23.547505,42.723264],[23.547328,42.723226],[23.547186,42.7232],[23.547015,42.723173],[23.546869,42.723155],[23.546702,42.723144],[23.546587,42.723138],[23.545138,42.723077],[23.54507,42.723078],[23.545009,42.723085],[23.544948,42.723095]]},"properties":{"name":"1"}},{"type":"Feature","geometry":{"type":"LineString","coordinates":[[23.536616,42.720864],[23.537162,42.721089],[23.538449,42.721635],[23.538667,42.721723],[23.538885,42.721807],[23.539217,42.721926],[23.539562,42.722041],[23.539929,42.722154],[23.540306,42.722264],[23.542497,42.722874],[23.543306,42.723097],[23.543483,42.723129],[23.544202,42.723347]]},"properties":{"name":"1"}},{"type":"Feature","geometry":{"type":"LineString","coordinates":[[23.544202,42.723347],[23.544329,42.723352],[23.54439,42.723347],[23.544453,42.723331],[23.544505,42.723306],[23.544585,42.723254],[23.544622,42.723224],[23.544669,42.723189],[23.54472,42.72316],[23.544779,42.723134],[23.544844,42.723115],[23.544948,42.723095],[23.544861,42.723141],[23.544806,42.723178],[23.544757,42.723218],[23.544708,42.723266],[23.544674,42.723308],[23.544647,42.723341],[23.544612,42.72338],[23.544572,42.723406],[23.544529,42.72342],[23.544473,42.723426],[23.544202,42.723347]]},"properties":{"name":"1"}},{"type":"Feature","geometry":{"type":"LineString","coordinates":[[23.551126,42.725319],[23.552193,42.725643],[23.552527,42.725732],[23.553709,42.726042],[23.555129,42.726442],[23.555833,42.726633],[23.55593,42.726659],[23.557098,42.726994],[23.557273,42.727044],[23.558854,42.727486],[23.559285,42.727608],[23.55959,42.727704],[23.559834,42.727794],[23.560053,42.727897],[23.560228,42.727987],[23.56038,42.728074],[23.560756,42.7283],[23.561029,42.728459],[23.561243,42.728572],[23.561469,42.728664],[23.561711,42.728744],[23.562182,42.728869],[23.562733,42.729017],[23.563107,42.729117],[23.564355,42.729455],[23.565573,42.72979],[23.565886,42.729881],[23.566206,42.729983],[23.566501,42.730082],[23.567619,42.730496],[23.568167,42.730701],[23.568465,42.730803],[23.568721,42.730887],[23.568974,42.730948],[23.569252,42.730996],[23.569566,42.731028],[23.570547,42.731102],[23.571667,42.731185],[23.572023,42.731203],[23.572332,42.731211],[23.572667,42.731208],[23.573005,42.731188],[23.573336,42.731152],[23.574167,42.731049],[23.57592,42.730807],[23.578572,42.730445],[23.579883,42.730274],[23.580439,42.730209],[23.580861,42.730173],[23.581286,42.730148],[23.581677,42.730146],[23.5821,42.730153],[23.582576,42.730172],[23.584016,42.730251],[23.589085,42.73053],[23.592311,42.730709],[23.59387,42.730795],[23.594651,42.730843],[23.595412,42.730899],[23.596531,42.730995],[23.597658,42.731111],[23.598775,42.73123],[23.599329,42.731286],[23.599668,42.73133],[23.599953,42.731376],[23.600234,42.731437],[23.600462,42.731497],[23.600702,42.731582],[23.600915,42.731672],[23.601117,42.731769],[23.601319,42.731884],[23.601483,42.731983],[23.601659,42.732094],[23.602737,42.732863],[23.602975,42.733014],[23.603155,42.733115],[23.603333,42.733191],[23.603505,42.733246],[23.603683,42.733284],[23.603894,42.733307],[23.604102,42.733309],[23.604307,42.73329],[23.604508,42.733247]]},"properties":{"name":"Ботевградско шосе"}},{"type":"Feature","geometry":{"type":"LineString","coordinates":[[23.558188,42.732178],[23.556858,42.732358],[23.555579,42.732528],[23.554317,42.732704],[23.5539,42.732759],[23.55313,42.732862]]},"properties":{"name":"Юрий Гагарин"}},{"type":"Feature","geometry":{"type":"LineString","coordinates":[[23.558414,42.754678],[23.555101,42.741022],[23.55455,42.738749],[23.553996,42.736436],[23.55377,42.735514],[23.553545,42.734589],[23.553336,42.733724],[23.55313,42.732862],[23.552994,42.732246],[23.552967,42.732107],[23.552947,42.731994],[23.552935,42.731879],[23.552931,42.731731],[23.552933,42.731448],[23.552941,42.731304],[23.552963,42.731151],[23.552995,42.730963],[23.553035,42.730809],[23.553091,42.730622],[23.553166,42.730433],[23.553262,42.730216],[23.553385,42.729994],[23.553643,42.729591],[23.554284,42.728573],[23.554685,42.727924],[23.554807,42.727736],[23.555291,42.726961],[23.555346,42.726861],[23.555358,42.726794],[23.555355,42.726738],[23.555334,42.726676],[23.555298,42.726602],[23.555248,42.726534],[23.555129,42.726442]]},"properties":{"name":"Буховско шосе"}},{"type":"Feature","geometry":{"type":"LineString","coordinates":[[23.558414,42.754678],[23.558568,42.75477],[23.559167,42.75516],[23.559684,42.755461],[23.559984,42.755636]]},"properties":{"name":"Мина Бухово"}},{"type":"Feature","geometry":{"type":"LineString","coordinates":[[23.559984,42.755636],[23.561034,42.758775],[23.561097,42.758972],[23.561131,42.759079],[23.561196,42.759278],[23.5613,42.759489],[23.561401,42.759645],[23.561498,42.75976],[23.561885,42.760165],[23.562235,42.760535],[23.562349,42.760654],[23.562401,42.760707],[23.562946,42.761261],[23.563273,42.761581],[23.563546,42.761848],[23.563723,42.762022],[23.563761,42.762059],[23.564205,42.762507],[23.564886,42.763176],[23.56565,42.763887],[23.565821,42.763995],[23.566053,42.76412],[23.566302,42.764228],[23.566366,42.764256],[23.566503,42.764301],[23.566569,42.764321],[23.566967,42.764444],[23.567593,42.76458],[23.567895,42.764639],[23.56795,42.764649],[23.56817,42.764698],[23.568792,42.764844]]},"properties":{"name":"бул. Никола Бонев"}},{"type":"Feature","geometry":{"type":"LineString","coordinates":[[23.56915,42.765268],[23.568344,42.765142],[23.56806,42.765101],[23.567844,42.765061],[23.567303,42.764951],[23.566826,42.764822],[23.566689,42.764768],[23.566553,42.764715],[23.56631,42.76462],[23.566235,42.764591],[23.565892,42.764403],[23.565417,42.764078],[23.565025,42.763726],[23.564805,42.763504],[23.564641,42.76334],[23.564392,42.763093],[23.563969,42.762663],[23.563635,42.762322],[23.56348,42.762163],[23.56269,42.761396],[23.562662,42.761367],[23.562172,42.760884],[23.562135,42.760848],[23.56209,42.760804],[23.561601,42.760274],[23.561178,42.759833],[23.561067,42.759677],[23.560938,42.75938],[23.560868,42.759177],[23.560793,42.758958],[23.560738,42.758804],[23.560171,42.757213],[23.559914,42.756646],[23.559354,42.755447],[23.559269,42.755298],[23.559167,42.75516]]},"properties":{"name":"бул. Никола Бонев"}},{"type":"Feature","geometry":{"type":"LineString","coordinates":[[23.568792,42.764844],[23.568979,42.764584]]},"properties":{"name":"Янтра"}},{"type":"Feature","geometry":{"type":"LineString","coordinates":[[23.569002,42.764552],[23.569035,42.764507],[23.569412,42.764711],[23.569261,42.764956],[23.569235,42.765042],[23.569188,42.765157],[23.56915,42.765268]]},"properties":{"name":"Янтра"}},{"type":"Feature","geometry":{"type":"LineString","coordinates":[[23.337229,42.690698],[23.337044,42.690845],[23.336989,42.69089],[23.336313,42.69143],[23.335211,42.692366],[23.334805,42.692712],[23.334528,42.692969],[23.334455,42.693039],[23.334314,42.69314],[23.334212,42.693208],[23.334186,42.693222],[23.334087,42.693271],[23.333956,42.69333],[23.333747,42.693415],[23.332916,42.693742],[23.332833,42.693774],[23.332043,42.694088],[23.331979,42.694113],[23.331943,42.694128],[23.331453,42.694324],[23.331421,42.694337],[23.331102,42.694464],[23.330965,42.694518],[23.330576,42.694673],[23.330491,42.694708],[23.329963,42.694919],[23.329488,42.695107],[23.329401,42.695143],[23.329333,42.695169],[23.32924,42.695206],[23.329213,42.695217],[23.328906,42.695339],[23.328561,42.695474],[23.328385,42.695544],[23.32753,42.695883],[23.327389,42.69594],[23.326083,42.696465],[23.326006,42.696496],[23.325975,42.696508],[23.325879,42.696547],[23.325692,42.696625],[23.325133,42.69685],[23.32418,42.697227]]},"properties":{"name":"бул. Цар Освободител"}},{"type":"Feature","geometry":{"type":"LineString","coordinates":[[23.323267,42.697448],[23.323627,42.697369],[23.323957,42.697291],[23.324072,42.697263],[23.32418,42.697227],[23.323979,42.697403],[23.323872,42.697495]]},"properties":{"name":"бул. Цар Освободител"}},{"type":"Feature","geometry":{"type":"LineString","coordinates":[[23.321778,42.67847],[23.322062,42.678435],[23.322102,42.678427],[23.32212,42.678424],[23.322143,42.67842],[23.322626,42.678327],[23.322697,42.678313],[23.32284,42.678296],[23.323183,42.678253],[23.323457,42.678244],[23.324139,42.678222],[23.3251,42.67819],[23.325195,42.678188],[23.325819,42.678165],[23.325985,42.678159],[23.326173,42.678153],[23.326394,42.678145],[23.326461,42.678142],[23.3266,42.678137],[23.326861,42.678128],[23.327059,42.678121],[23.327116,42.678119],[23.327178,42.678117],[23.327256,42.678112],[23.327315,42.678108],[23.327529,42.678095],[23.327648,42.678088],[23.328308,42.678046],[23.328744,42.678019],[23.328841,42.678011],[23.32889,42.678006],[23.329311,42.677956],[23.32934,42.677952],[23.329651,42.677904],[23.329734,42.677886],[23.330037,42.67781],[23.330288,42.677735],[23.330311,42.677726],[23.33188,42.677198],[23.332511,42.676983],[23.333373,42.676691]]},"properties":{"name":"бул. Свети Наум"}},{"type":"Feature","geometry":{"type":"LineString","coordinates":[[23.333643,42.676282],[23.333634,42.676295],[23.333578,42.676376],[23.333554,42.676413],[23.333373,42.676691],[23.333448,42.676665],[23.333565,42.676594],[23.333705,42.676429],[23.33378,42.676346],[23.333804,42.676322],[23.333809,42.676317]]},"properties":{"name":"бул. Свети Наум"}},{"type":"Feature","geometry":{"type":"LineString","coordinates":[[23.347497,42.653574],[23.347396,42.653577],[23.346932,42.653598],[23.346826,42.653603],[23.345392,42.653667],[23.345357,42.653669],[23.344977,42.653686],[23.344924,42.653688],[23.344616,42.653702],[23.344522,42.653706],[23.344119,42.653726],[23.343978,42.65373],[23.34368,42.65374],[23.343587,42.653739],[23.343321,42.653737],[23.343048,42.653729],[23.342961,42.65372],[23.342836,42.653688],[23.342721,42.653623],[23.34261,42.653604]]},"properties":{"name":"Доктор Йордан Йосифов"}},{"type":"Feature","geometry":{"type":"LineString","coordinates":[[23.342721,42.653623],[23.342695,42.653598],[23.342671,42.653565],[23.342648,42.653494],[23.342613,42.653175],[23.342547,42.65258],[23.34254,42.652522],[23.342437,42.651717],[23.342432,42.651678],[23.342426,42.651637],[23.342399,42.651455],[23.342388,42.651385],[23.342379,42.651345],[23.342295,42.650984],[23.342209,42.650786],[23.342041,42.650401],[23.341885,42.650018],[23.341798,42.649798],[23.341723,42.649411],[23.34165,42.648941],[23.341602,42.64844],[23.341591,42.648335],[23.341588,42.648243],[23.341622,42.647915],[23.341637,42.647777],[23.342153,42.646421],[23.342165,42.646379],[23.342171,42.64633],[23.342175,42.646278],[23.342172,42.646222],[23.342131,42.645897],[23.342115,42.645773],[23.342015,42.644832],[23.341997,42.64467],[23.341985,42.644572],[23.341976,42.644492],[23.341965,42.644386],[23.341938,42.644118],[23.341905,42.643798],[23.341837,42.643144],[23.341821,42.642996],[23.341816,42.642953]]},"properties":{"name":"Акад. Борис Стефанов"}},{"type":"Feature","geometry":{"type":"LineString","coordinates":[[23.345046,42.6428],[23.344873,42.642807],[23.344781,42.642812],[23.344348,42.642837],[23.343786,42.642869],[23.34309,42.642914],[23.342415,42.642957],[23.342057,42.642981],[23.341821,42.642996],[23.341669,42.643006],[23.340944,42.643046],[23.339843,42.643108],[23.339733,42.643116],[23.338438,42.643177],[23.337559,42.643219],[23.337399,42.643201],[23.33706,42.643112],[23.336561,42.642975],[23.336482,42.642954],[23.336073,42.642854],[23.336052,42.642848],[23.335951,42.642824],[23.335889,42.642808],[23.335743,42.642772],[23.335483,42.642708],[23.335379,42.642683],[23.335232,42.642647],[23.335184,42.642635],[23.334749,42.642529],[23.334678,42.642511],[23.334579,42.642486],[23.334536,42.642482],[23.334495,42.642478]]},"properties":{"name":"Проф. д-р Иван Странски"}},{"type":"Feature","geometry":{"type":"LineString","coordinates":[[23.345393,42.646952],[23.345512,42.646952],[23.345704,42.646954],[23.346422,42.646966]]},"properties":{"name":"Проф. Атанас Иширков"}},{"type":"Feature","geometry":{"type":"LineString","coordinates":[[23.302908,42.663376],[23.302789,42.663332],[23.302719,42.66327],[23.302594,42.663115],[23.302584,42.663103],[23.302533,42.663042],[23.302465,42.662951],[23.302324,42.66277],[23.302254,42.662672],[23.302206,42.662605],[23.302164,42.662545],[23.301748,42.66199],[23.301551,42.661728],[23.301463,42.66161],[23.301452,42.661595],[23.301295,42.661374],[23.301218,42.661265],[23.300936,42.660869],[23.300922,42.660851],[23.30091,42.660833],[23.30088,42.660794],[23.30087,42.660781],[23.300821,42.660716],[23.300647,42.660468],[23.300621,42.660435],[23.300591,42.660398],[23.300541,42.660335],[23.300448,42.660218],[23.300265,42.660014],[23.300231,42.659977],[23.299988,42.659694],[23.299862,42.659547],[23.299846,42.659528],[23.299804,42.659453],[23.299731,42.6593],[23.299697,42.65923],[23.299683,42.659199],[23.299677,42.659186],[23.299629,42.659108],[23.299571,42.659034],[23.299563,42.659025],[23.299559,42.659019],[23.299355,42.658759],[23.299272,42.658654],[23.299004,42.658392],[23.298814,42.658203],[23.29873,42.65811],[23.298556,42.657846],[23.298526,42.657798],[23.298497,42.657749],[23.298303,42.657441],[23.297998,42.656953],[23.297945,42.656847],[23.297876,42.656691],[23.297811,42.656497],[23.297792,42.65644],[23.297733,42.656151],[23.297702,42.656002],[23.297698,42.655935],[23.297673,42.655843],[23.297595,42.655673],[23.297356,42.655382],[23.297047,42.654999],[23.296721,42.654604],[23.296588,42.654499],[23.296432,42.654429],[23.295934,42.654291],[23.295585,42.654213],[23.29533,42.654136],[23.295129,42.654057],[23.29492,42.653899],[23.294524,42.653531],[23.294349,42.653378],[23.294171,42.653211],[23.294043,42.653102]]},"properties":{"name":"Луи Айер"}},{"type":"Feature","geometry":{"type":"LineString","coordinates":[[23.328008,42.656506],[23.328004,42.656446],[23.327999,42.656389],[23.327977,42.656264],[23.327918,42.656046],[23.327912,42.655999],[23.327919,42.655948],[23.327959,42.655895],[23.328122,42.655799],[23.328159,42.655783],[23.328354,42.655702],[23.328878,42.655484],[23.329128,42.655365],[23.329485,42.655195],[23.329871,42.654979],[23.330482,42.654642],[23.33071,42.654516],[23.330798,42.654439],[23.330871,42.654345],[23.33095,42.65419],[23.331025,42.654113],[23.331132,42.654047],[23.331549,42.653841],[23.331644,42.653803],[23.331756,42.653772],[23.331868,42.653735],[23.332088,42.653631],[23.332331,42.653516],[23.332436,42.653466],[23.333004,42.653192],[23.333066,42.653162],[23.333166,42.653102]]},"properties":{"name":"Могилата"}},{"type":"Feature","geometry":{"type":"LineString","coordinates":[[23.333166,42.653102],[23.333234,42.652846],[23.333259,42.652749],[23.333276,42.652693],[23.333185,42.652325],[23.333129,42.652254],[23.333052,42.652202],[23.333012,42.652153],[23.33296,42.652016]]},"properties":{"name":"Чавдар Мутафов"}},{"type":"Feature","geometry":{"type":"LineString","coordinates":[[23.33296,42.652016],[23.332848,42.651755],[23.332645,42.651368],[23.33262,42.651324],[23.332466,42.651044],[23.332442,42.650962],[23.332372,42.650733],[23.332352,42.650665],[23.332338,42.650612],[23.33226,42.650307],[23.332049,42.650099],[23.331891,42.649944],[23.331818,42.649872],[23.331703,42.649749],[23.33152,42.649555]]},"properties":{"name":"Данаил Крапчев"}},{"type":"Feature","geometry":{"type":"LineString","coordinates":[[23.33152,42.649555],[23.331892,42.649374],[23.332031,42.649307],[23.332215,42.649239],[23.332316,42.649201],[23.332421,42.649178],[23.332477,42.649166],[23.332635,42.649166]]},"properties":{"name":"Трифон Кунев"}},{"type":"Feature","geometry":{"type":"LineString","coordinates":[[23.332635,42.649166],[23.332553,42.648742],[23.332462,42.648269],[23.332394,42.647911],[23.332359,42.647731],[23.332177,42.64677],[23.332132,42.646536],[23.332125,42.646493],[23.332105,42.646375],[23.332039,42.645981],[23.332002,42.645763]]},"properties":{"name":"Емануил Попдимитров"}},{"type":"Feature","geometry":{"type":"LineString","coordinates":[[23.332002,42.645763],[23.33248,42.645659],[23.332831,42.645575],[23.333444,42.64543]]},"properties":{"name":"Георги Райчев"}},{"type":"Feature","geometry":{"type":"LineString","coordinates":[[23.333444,42.64543],[23.333514,42.645529],[23.33357,42.645632],[23.333625,42.645738],[23.333729,42.645729],[23.33378,42.645715],[23.333819,42.645704],[23.333889,42.645685]]},"properties":{"name":"Асен Разцветников"}},{"type":"Feature","geometry":{"type":"LineString","coordinates":[[23.334194,42.637944],[23.334281,42.63791],[23.33436,42.637877],[23.334404,42.637859],[23.335201,42.637528],[23.335332,42.637473],[23.335659,42.637349],[23.335715,42.637338],[23.335816,42.637318],[23.33585,42.637314],[23.335997,42.637297],[23.336078,42.637294],[23.336468,42.63728],[23.336644,42.637273],[23.337437,42.637233],[23.337723,42.637216],[23.338043,42.637197],[23.33854,42.637167],[23.338875,42.637126],[23.339083,42.637087],[23.339173,42.637071],[23.339497,42.636998],[23.339591,42.636968],[23.339792,42.636905],[23.339884,42.63687],[23.340614,42.636563],[23.34076,42.6365]]},"properties":{"name":"Георги Русев"}},{"type":"Feature","geometry":{"type":"LineString","coordinates":[[23.34076,42.6365],[23.340861,42.636609],[23.341107,42.636931],[23.341716,42.637755],[23.341783,42.637844],[23.341872,42.637959],[23.342438,42.63869],[23.342962,42.639364],[23.343677,42.640285],[23.344285,42.641067],[23.344734,42.641709],[23.344871,42.641904],[23.344954,42.642121],[23.344968,42.642189],[23.345008,42.642382],[23.345035,42.642679],[23.345046,42.6428]]},"properties":{"name":"Проф. Живко Сталев"}},{"type":"Feature","geometry":{"type":"LineString","coordinates":[[23.341107,42.636931],[23.341037,42.636959]]},"properties":{"name":"Борислав Йорданов"}},{"type":"Feature","geometry":{"type":"LineString","coordinates":[[23.339144,42.612004],[23.339069,42.611968]]},"properties":{"name":"Витошки езера"}},{"type":"Feature","geometry":{"type":"LineString","coordinates":[[23.349238,42.601651],[23.349376,42.601563],[23.349714,42.601474],[23.350623,42.601332],[23.351792,42.601163],[23.352739,42.60099],[23.352973,42.600912],[23.353164,42.600793],[23.353287,42.600653],[23.353326,42.600493],[23.353319,42.600357],[23.353281,42.60014],[23.353144,42.599589],[23.353114,42.599449],[23.35311,42.599309],[23.353102,42.599125],[23.353123,42.598964],[23.3532,42.598753],[23.353243,42.598649],[23.353302,42.598563],[23.353574,42.598279],[23.354052,42.597932],[23.354356,42.597684],[23.35451,42.597528],[23.354627,42.597363],[23.354693,42.597231],[23.35475,42.597114],[23.354894,42.59686],[23.355161,42.5964],[23.355299,42.596184],[23.355344,42.596127],[23.355436,42.59604],[23.355587,42.595964],[23.355703,42.595927],[23.355823,42.595895],[23.355956,42.595876],[23.3561,42.595877],[23.35626,42.595899],[23.356596,42.59598],[23.357169,42.59614],[23.357429,42.596183],[23.357812,42.59622],[23.35839,42.59624],[23.358632,42.59623],[23.358889,42.596188],[23.359139,42.596087],[23.359371,42.595919],[23.359543,42.595721],[23.35966,42.595459],[23.359735,42.595224],[23.359819,42.594928],[23.359923,42.594589],[23.360044,42.59434],[23.360227,42.59413],[23.360786,42.593763],[23.363109,42.592281],[23.363365,42.592114],[23.363648,42.591925],[23.363868,42.5917],[23.364646,42.590575],[23.364679,42.590528]]},"properties":{"name":"Буйновско ждрело"}},{"type":"Feature","geometry":{"type":"LineString","coordinates":[[23.365486,42.535393],[23.365518,42.535364],[23.365956,42.534468],[23.366122,42.534172],[23.366178,42.534072],[23.366241,42.533966]]},"properties":{"name":"Искърска"}},{"type":"Feature","geometry":{"type":"LineString","coordinates":[[23.339481,42.736667],[23.339324,42.736722],[23.339084,42.736806],[23.338695,42.736942],[23.338069,42.737161],[23.33634,42.737766]]},"properties":{"name":"Биримирски извор"}},{"type":"Feature","geometry":{"type":"LineString","coordinates":[[23.339481,42.736667],[23.339615,42.736761],[23.339903,42.736963],[23.340361,42.737292],[23.340433,42.737343],[23.340609,42.737466],[23.341171,42.737852],[23.341643,42.738165]]},"properties":{"name":"Иван Кралича"}},{"type":"Feature","geometry":{"type":"LineString","coordinates":[[23.329284,42.753153],[23.329224,42.752998],[23.329205,42.752948],[23.329137,42.752521],[23.329069,42.752069],[23.329031,42.751918],[23.328988,42.75178],[23.328886,42.751492],[23.328671,42.750861],[23.328404,42.750244],[23.328066,42.7495],[23.327772,42.748841],[23.327747,42.748787],[23.327711,42.748727],[23.327655,42.748639],[23.327564,42.748516],[23.32738,42.748269],[23.326702,42.747391],[23.326667,42.74732],[23.32664,42.747233],[23.326656,42.747122],[23.326723,42.747013],[23.326818,42.746922],[23.326999,42.746846],[23.327352,42.746771],[23.32769,42.746699],[23.330259,42.746149]]},"properties":{"name":"Железничар"}},{"type":"Feature","geometry":{"type":"LineString","coordinates":[[23.251833,42.69007],[23.25185,42.689998]]},"properties":{"name":"Петя Дубарова"}},{"type":"Feature","geometry":{"type":"LineString","coordinates":[[23.272531,42.687297],[23.272374,42.687356],[23.272246,42.687398],[23.272055,42.687408],[23.271849,42.687384],[23.271301,42.687278],[23.271016,42.687225],[23.270937,42.687211],[23.270663,42.687205],[23.270432,42.687244],[23.270272,42.687305],[23.270226,42.687323],[23.26981,42.687509],[23.269762,42.687529],[23.269665,42.68757],[23.269614,42.687591],[23.2694,42.687654],[23.269105,42.687688],[23.268912,42.687694],[23.268592,42.687684],[23.26808,42.687654],[23.267804,42.687636],[23.267669,42.687626],[23.267621,42.687623],[23.267094,42.68759],[23.266823,42.687582],[23.266488,42.687572],[23.266409,42.687571],[23.266162,42.687564],[23.265368,42.687522],[23.265198,42.687524],[23.265041,42.687526],[23.264808,42.687546],[23.264443,42.687604],[23.264325,42.687623],[23.264184,42.687633]]},"properties":{"name":"Зеленика"}},{"type":"Feature","geometry":{"type":"LineString","coordinates":[[23.303829,42.674676],[23.303927,42.674681],[23.304012,42.674686],[23.304492,42.674714],[23.305096,42.674745],[23.305697,42.674777],[23.306099,42.674799],[23.306548,42.674827],[23.306665,42.674842],[23.306771,42.674857],[23.307011,42.674912],[23.307242,42.674943],[23.30749,42.674957],[23.307817,42.674958],[23.308048,42.674941],[23.308268,42.674913],[23.308333,42.674903],[23.308406,42.674892],[23.308601,42.674851],[23.308683,42.674834],[23.308701,42.674829],[23.308738,42.674819],[23.308808,42.674801],[23.309007,42.674749],[23.309026,42.674744],[23.309084,42.67473],[23.309161,42.674709],[23.309369,42.674655],[23.309474,42.674628],[23.309672,42.674576],[23.309848,42.67453],[23.30994,42.674504],[23.310238,42.674423],[23.310619,42.674331],[23.310908,42.674279],[23.311117,42.674252],[23.311332,42.67423],[23.311552,42.674218],[23.311723,42.674215],[23.311792,42.674215],[23.312016,42.674219]]},"properties":{"name":"Бяла черква"}},{"type":"Feature","geometry":{"type":"LineString","coordinates":[[23.312016,42.674219],[23.312176,42.674229],[23.312233,42.674233],[23.312312,42.674239],[23.312605,42.674275],[23.312868,42.674338],[23.31309,42.674425],[23.313303,42.674533],[23.313379,42.674572],[23.313671,42.674726],[23.313754,42.67477],[23.314008,42.674905],[23.314225,42.675015],[23.314451,42.675135],[23.314559,42.675192],[23.314728,42.675281],[23.314758,42.675297],[23.315044,42.675448],[23.31507,42.675462],[23.315855,42.675863],[23.316639,42.676272],[23.316805,42.676359],[23.317981,42.676975],[23.318639,42.677316],[23.31932,42.677676],[23.319426,42.677731],[23.319732,42.677888],[23.320071,42.678017],[23.320392,42.678121],[23.320762,42.678243],[23.321385,42.67843],[23.321431,42.678443],[23.321574,42.678466],[23.321778,42.67847]]},"properties":{"name":"бул. Арсеналски"}},{"type":"Feature","geometry":{"type":"LineString","coordinates":[[23.320686,42.678336],[23.321346,42.678542],[23.321387,42.678555]]},"properties":{"name":"бул. Арсеналски"}},{"type":"Feature","geometry":{"type":"LineString","coordinates":[[23.347221,42.660177],[23.347321,42.660214]]},"properties":{"name":"Константин Попрусинов"}},{"type":"Feature","geometry":{"type":"LineString","coordinates":[[23.266175,42.676462],[23.266092,42.676453]]},"properties":{"name":"Драгоман"}},{"type":"Feature","geometry":{"type":"LineString","coordinates":[[23.240242,42.674102],[23.240267,42.674236],[23.240308,42.674451],[23.240579,42.675638],[23.2406,42.675733],[23.240616,42.675811],[23.240771,42.676607],[23.240839,42.676952],[23.240936,42.677526],[23.24094,42.677602],[23.240904,42.678096],[23.240741,42.679824],[23.240725,42.679929],[23.24068,42.680082]]},"properties":{"name":"Николай Хрелков"}},{"type":"Feature","geometry":{"type":"LineString","coordinates":[[23.24068,42.680082],[23.240601,42.679984],[23.240542,42.679946],[23.240503,42.679906],[23.2405,42.679904],[23.240485,42.679888],[23.23971,42.679091],[23.239162,42.67845],[23.239,42.67826]]},"properties":{"name":"Планиница"}},{"type":"Feature","geometry":{"type":"LineString","coordinates":[[23.238783,42.676577],[23.239597,42.677432],[23.239315,42.678138]]},"properties":{"name":"Планиница"}},{"type":"Feature","geometry":{"type":"LineString","coordinates":[[23.240542,42.679946],[23.240469,42.679989],[23.240306,42.680068],[23.240245,42.680065],[23.240184,42.680052],[23.239917,42.679959],[23.239681,42.679915],[23.239112,42.679796],[23.238903,42.679751],[23.238822,42.67973],[23.238762,42.679709],[23.238678,42.679666],[23.23713,42.67887],[23.237066,42.678851],[23.236892,42.678814]]},"properties":{"name":"Лотос"}},{"type":"Feature","geometry":{"type":"LineString","coordinates":[[23.238661,42.679703],[23.238678,42.679666],[23.238663,42.679605],[23.238427,42.678606],[23.238398,42.678502],[23.238366,42.678443],[23.238303,42.678379],[23.238054,42.67813],[23.237596,42.677702],[23.237563,42.677672],[23.237536,42.677657],[23.237509,42.677642]]},"properties":{"name":"Перуника"}},{"type":"Feature","geometry":{"type":"LineString","coordinates":[[23.237628,42.677205],[23.237668,42.677173],[23.237876,42.677062],[23.238783,42.676577],[23.239618,42.67614],[23.240579,42.675638]]},"properties":{"name":"Христо Стефчов"}},{"type":"Feature","geometry":{"type":"LineString","coordinates":[[23.216269,42.66558],[23.216713,42.665833],[23.216796,42.665881],[23.217407,42.666256],[23.217815,42.666515],[23.21805,42.666682],[23.218184,42.666777],[23.218341,42.666918],[23.218619,42.667171],[23.219097,42.667606],[23.219231,42.667772],[23.219369,42.667978],[23.219435,42.668133],[23.219602,42.668623],[23.21968,42.668853],[23.220035,42.669896],[23.220093,42.670063],[23.22025,42.670526],[23.220368,42.670827],[23.220414,42.670958],[23.220476,42.671099],[23.220547,42.671247],[23.220702,42.671541],[23.221192,42.672412],[23.221351,42.672809],[23.221432,42.673151],[23.221408,42.673398],[23.22133,42.673695],[23.221246,42.674061],[23.221233,42.674262],[23.221296,42.674344],[23.221432,42.674391],[23.221663,42.674399],[23.223516,42.674365],[23.223696,42.674373],[23.223824,42.6744],[23.223974,42.674469],[23.224449,42.674756],[23.224767,42.67495],[23.225475,42.675429],[23.226128,42.675886],[23.226264,42.675968],[23.226506,42.676012],[23.226851,42.676022],[23.227948,42.675955],[23.228015,42.67595],[23.22834,42.675928],[23.228355,42.675927],[23.228423,42.675922],[23.228789,42.675903],[23.229256,42.675862],[23.229645,42.67583],[23.230027,42.675788],[23.230461,42.675787],[23.230956,42.675862],[23.231543,42.675968],[23.231829,42.676033],[23.231933,42.676056],[23.232563,42.6762],[23.233805,42.676483],[23.234083,42.676542],[23.23498,42.67676]]},"properties":{"name":"Обзор"}},{"type":"Feature","geometry":{"type":"LineString","coordinates":[[23.216269,42.66558],[23.215939,42.665437],[23.214954,42.665071],[23.214347,42.664792],[23.213709,42.664477],[23.213238,42.664246],[23.21313,42.664193],[23.212954,42.664095],[23.212748,42.663958],[23.212504,42.66373],[23.212147,42.663348],[23.211936,42.663095],[23.21168,42.662691],[23.211491,42.662343],[23.211332,42.662083],[23.211172,42.661868],[23.211021,42.661693],[23.210719,42.661385],[23.210582,42.661279],[23.210379,42.661121],[23.210219,42.661034],[23.209587,42.660724],[23.209274,42.660575],[23.208635,42.66032],[23.208015,42.660122],[23.207901,42.660082],[23.206701,42.659678],[23.20577,42.659364],[23.205162,42.659083],[23.204301,42.658577],[23.204136,42.658464],[23.204078,42.658353],[23.204086,42.658263],[23.204144,42.658191],[23.204243,42.658143],[23.204369,42.658123],[23.204547,42.658124],[23.204656,42.658135],[23.205041,42.658197],[23.205197,42.658216],[23.205349,42.658224],[23.205502,42.658204],[23.205582,42.658169],[23.205654,42.658096],[23.2057,42.657975],[23.205684,42.657889],[23.205607,42.657752],[23.205457,42.657583],[23.205336,42.657486],[23.205215,42.657391],[23.205016,42.657314],[23.204815,42.657312],[23.204654,42.65731],[23.204526,42.657308],[23.203877,42.657356],[23.203657,42.657355],[23.203443,42.657335],[23.203137,42.657231],[23.202935,42.657123],[23.202703,42.656834],[23.2026,42.656605],[23.202519,42.656338],[23.202371,42.656001],[23.20216,42.655795],[23.201963,42.655653],[23.201349,42.655072],[23.201054,42.654775],[23.200813,42.654461],[23.200673,42.65417],[23.200566,42.653944],[23.200396,42.653551],[23.200319,42.653476],[23.200188,42.653366],[23.199959,42.653235],[23.199722,42.653127],[23.199387,42.653019],[23.199261,42.653031],[23.199152,42.65305],[23.198552,42.653199],[23.197752,42.653399],[23.197622,42.653417],[23.19753,42.653421],[23.197385,42.653422],[23.19726,42.653406],[23.196646,42.653276],[23.196313,42.653195],[23.195946,42.653099],[23.195507,42.652953],[23.195106,42.652795],[23.194974,42.652732],[23.194852,42.652671],[23.194748,42.652628],[23.194587,42.652561],[23.194492,42.65254],[23.193833,42.652468],[23.192817,42.65228],[23.192755,42.65227],[23.192594,42.652245],[23.192296,42.652198]]},"properties":{"name":"Пъстроцветна"}},{"type":"Feature","geometry":{"type":"LineString","coordinates":[[23.265629,42.668062],[23.265574,42.668096],[23.265522,42.668126],[23.265122,42.668356],[23.264697,42.6686],[23.264649,42.668628],[23.264376,42.668787],[23.263571,42.66926],[23.263402,42.669367],[23.263368,42.669391],[23.263277,42.669454],[23.263109,42.669613],[23.263041,42.669672],[23.262967,42.669731],[23.262677,42.66996],[23.262434,42.670139],[23.262319,42.670223],[23.262185,42.670327],[23.262138,42.670365],[23.262112,42.670385],[23.262019,42.670457],[23.261654,42.670747],[23.261274,42.671052],[23.260959,42.671315],[23.260656,42.671565],[23.260515,42.671697]]},"properties":{"name":"Народен герой"}},{"type":"Feature","geometry":{"type":"LineString","coordinates":[[23.244619,42.669161],[23.244463,42.669148],[23.243988,42.669007],[23.243451,42.668833],[23.243088,42.66871],[23.242929,42.66866],[23.2425,42.668527],[23.241191,42.668131],[23.24099,42.668147]]},"properties":{"name":"Буря"}},{"type":"Feature","geometry":{"type":"LineString","coordinates":[[23.232264,42.687426],[23.232414,42.687331],[23.232603,42.687212],[23.23265,42.687186],[23.232867,42.687067],[23.23328,42.686842],[23.233433,42.686765],[23.235464,42.685775],[23.236191,42.685414],[23.236862,42.685071],[23.238065,42.684435],[23.239885,42.6835],[23.240276,42.683319],[23.240572,42.683175],[23.240735,42.683092],[23.240761,42.683079],[23.241072,42.682916],[23.241421,42.682734],[23.241875,42.682496],[23.241921,42.682473],[23.241991,42.682437],[23.242334,42.682258],[23.242602,42.682118],[23.243709,42.681538],[23.244659,42.681064],[23.245326,42.680731],[23.245549,42.680624],[23.246093,42.680356],[23.246273,42.680263],[23.246738,42.680023],[23.246871,42.679952],[23.247081,42.679842],[23.247367,42.679692],[23.247664,42.679503],[23.247832,42.679386],[23.248081,42.679208],[23.248207,42.679086],[23.248492,42.678822],[23.248668,42.67863],[23.249051,42.678092],[23.249197,42.677835],[23.249327,42.677573],[23.2494,42.67739],[23.249486,42.67714],[23.249555,42.676856],[23.249598,42.676609],[23.249605,42.676558],[23.249612,42.676513],[23.249619,42.676468],[23.249677,42.676079],[23.249696,42.675945],[23.2497,42.675923],[23.249742,42.675638],[23.249866,42.674808],[23.249936,42.674383],[23.250054,42.673967],[23.250174,42.673648],[23.250249,42.673465],[23.250306,42.673339],[23.250369,42.673227],[23.250471,42.673054],[23.250543,42.672939]]},"properties":{"name":"Бойчо Бойчев"}},{"type":"Feature","geometry":{"type":"LineString","coordinates":[[23.370369,42.623066],[23.370411,42.623106],[23.370442,42.623129],[23.370476,42.623146],[23.37051,42.623157],[23.370548,42.623161],[23.370705,42.623157],[23.37086,42.623177],[23.371973,42.623137],[23.372047,42.623134],[23.372881,42.623101],[23.373154,42.62309],[23.373224,42.623088],[23.374351,42.623044],[23.374426,42.623041],[23.375199,42.623004],[23.375374,42.622965],[23.375677,42.62295],[23.375749,42.622946],[23.375776,42.622944],[23.375798,42.62294],[23.37582,42.622929],[23.37584,42.622912]]},"properties":{"name":"Донка Ушлинова"}},{"type":"Feature","geometry":{"type":"LineString","coordinates":[[23.378043,42.649757],[23.377955,42.649826],[23.3778,42.649937],[23.37714,42.650401],[23.376958,42.650532],[23.376644,42.65076],[23.376542,42.650832],[23.374369,42.652372],[23.37433,42.6524],[23.373407,42.65305],[23.37219,42.653903],[23.372063,42.653992],[23.3716,42.654324],[23.371265,42.65456]]},"properties":{"name":"бул. Андрей Сахаров"}},{"type":"Feature","geometry":{"type":"LineString","coordinates":[[23.368098,42.646022],[23.368132,42.646146],[23.368144,42.646241],[23.368147,42.646352],[23.368149,42.646411],[23.368133,42.646523],[23.368115,42.64662],[23.36809,42.64672],[23.367991,42.646971],[23.367858,42.647291],[23.367828,42.647366],[23.367724,42.647636],[23.367702,42.647721],[23.367689,42.647815]]},"properties":{"name":"бул. Андрей Сахаров"}},{"type":"Feature","geometry":{"type":"LineString","coordinates":[[23.369848,42.654773],[23.369816,42.654756],[23.369736,42.654732],[23.369683,42.654716],[23.369563,42.654679],[23.369309,42.654617],[23.36898,42.654521],[23.368716,42.654418],[23.36859,42.654348],[23.368473,42.654277],[23.368307,42.654157],[23.368194,42.654061],[23.368098,42.653963],[23.368018,42.653869],[23.367959,42.653762],[23.367884,42.65361],[23.367839,42.653455],[23.367813,42.653348],[23.367789,42.653219],[23.36778,42.653055],[23.367782,42.65291],[23.367789,42.652674],[23.367835,42.651556],[23.367835,42.651538],[23.367857,42.651274],[23.367886,42.650776]]},"properties":{"name":"бул. Андрей Сахаров"}},{"type":"Feature","geometry":{"type":"LineString","coordinates":[[23.367689,42.647815],[23.367727,42.647938],[23.367745,42.648042],[23.367762,42.648144],[23.367826,42.648662],[23.36787,42.648981],[23.367906,42.649259],[23.367936,42.649514],[23.367942,42.649561],[23.367949,42.649615],[23.367958,42.649707],[23.367964,42.649769],[23.367986,42.650074],[23.367985,42.650314],[23.367979,42.650659],[23.367886,42.650776],[23.367821,42.65066],[23.367791,42.650199],[23.367788,42.650057],[23.367784,42.649982],[23.367766,42.64982],[23.367763,42.649782],[23.367756,42.649721],[23.367744,42.64963],[23.367736,42.649575],[23.3677,42.649272],[23.367643,42.648786],[23.367606,42.648463],[23.367589,42.648302],[23.367592,42.648135],[23.367607,42.648017],[23.36763,42.647935],[23.367689,42.647815]]},"properties":{"name":"бул. Андрей Сахаров"}},{"type":"Feature","geometry":{"type":"LineString","coordinates":[[23.558414,42.754678],[23.558266,42.754881],[23.558212,42.754933],[23.555636,42.757437],[23.55457,42.758353],[23.552685,42.759947],[23.551354,42.761063],[23.550911,42.76143],[23.550496,42.761775],[23.55017,42.762014],[23.549793,42.762274],[23.548934,42.762814],[23.547775,42.763521],[23.547741,42.763544]]},"properties":{"name":"Сеславски път"}},{"type":"Feature","geometry":{"type":"LineString","coordinates":[[23.547741,42.763544],[23.547349,42.763813],[23.547127,42.763983],[23.546941,42.764156],[23.546264,42.764782],[23.545798,42.765223],[23.545044,42.76594],[23.544869,42.766101],[23.544699,42.766246],[23.544556,42.766357],[23.544385,42.766481],[23.543591,42.767045],[23.542649,42.767707],[23.540497,42.76921],[23.538747,42.770305],[23.538282,42.770569],[23.537616,42.770908],[23.537549,42.770942],[23.536091,42.77169],[23.535983,42.771745],[23.535958,42.771758],[23.535887,42.771794],[23.531256,42.774146],[23.527599,42.776003],[23.526167,42.776684],[23.525422,42.777003],[23.523703,42.77765],[23.523578,42.777695],[23.523456,42.777739],[23.522585,42.778066],[23.520619,42.778804],[23.520356,42.778901],[23.51926,42.779304]]},"properties":{"name":"SOF1054"}},{"type":"Feature","geometry":{"type":"LineString","coordinates":[[23.51926,42.779304],[23.518987,42.779442],[23.518814,42.779534],[23.518646,42.779643],[23.51848,42.779771],[23.518429,42.779811],[23.518225,42.780074],[23.518144,42.78024],[23.518096,42.78037],[23.518052,42.780534],[23.518036,42.780666],[23.518026,42.780772],[23.518017,42.780861],[23.518003,42.781028],[23.518003,42.781062],[23.518003,42.781154],[23.518001,42.781317],[23.51801,42.781454],[23.518043,42.78164],[23.518096,42.781781],[23.518262,42.782094],[23.518745,42.78297],[23.518803,42.783081],[23.518845,42.783151],[23.519202,42.783773],[23.519675,42.784661],[23.519711,42.784729],[23.5198,42.784896],[23.519915,42.785097],[23.520074,42.785337],[23.520228,42.785542],[23.520458,42.785805],[23.520676,42.78603],[23.520909,42.786251],[23.52115,42.786455],[23.521388,42.786651],[23.521526,42.786766],[23.521681,42.786929],[23.522066,42.787346],[23.522208,42.787504]]},"properties":{"name":"Мургаш"}},{"type":"Feature","geometry":{"type":"LineString","coordinates":[[23.532191,42.724136],[23.532153,42.724151]]},"properties":{"name":"Мургаш"}},{"type":"Feature","geometry":{"type":"LineString","coordinates":[[23.522208,42.787504],[23.522201,42.787563],[23.522178,42.787601],[23.522152,42.787627],[23.522108,42.787649],[23.522049,42.787665],[23.521974,42.787679],[23.520547,42.787304],[23.520306,42.787231],[23.520105,42.787161],[23.519911,42.787093],[23.519751,42.787024],[23.519607,42.786951]]},"properties":{"name":"Боримечката"}},{"type":"Feature","geometry":{"type":"LineString","coordinates":[[23.514749,42.780066],[23.513809,42.780179],[23.513421,42.780235],[23.513221,42.780264],[23.512888,42.780305],[23.512641,42.780323],[23.512338,42.780335],[23.51209,42.780339]]},"properties":{"name":"Чавдар"}},{"type":"Feature","geometry":{"type":"LineString","coordinates":[[23.51209,42.780339],[23.510347,42.780344],[23.509827,42.780393],[23.509551,42.780443],[23.5092,42.780514],[23.507999,42.780757],[23.507397,42.780885],[23.506832,42.781046],[23.50635,42.781214],[23.506177,42.781274]]},"properties":{"name":"Радивоя"}},{"type":"Feature","geometry":{"type":"LineString","coordinates":[[23.506177,42.781274],[23.506221,42.781358],[23.506309,42.78152],[23.506402,42.781692],[23.506479,42.781833],[23.506527,42.781965],[23.50655,42.782076],[23.506549,42.7821],[23.506546,42.782219],[23.506538,42.782351],[23.50651,42.782514],[23.506477,42.782691],[23.506445,42.782804],[23.506362,42.782981],[23.506223,42.783198],[23.506129,42.783299],[23.50603,42.783406],[23.505784,42.783608],[23.505504,42.783792],[23.505349,42.783867],[23.505165,42.783937],[23.505003,42.784005]]},"properties":{"name":"алея Ален мак"}},{"type":"Feature","geometry":{"type":"LineString","coordinates":[[23.505481,42.784618],[23.50526,42.784295],[23.505213,42.784228],[23.505144,42.784155],[23.505003,42.784005]]},"properties":{"name":"алея Металург"}},{"type":"Feature","geometry":{"type":"LineString","coordinates":[[23.500767,42.78623],[23.50221,42.785681],[23.503211,42.785389],[23.503621,42.785263],[23.504037,42.785136],[23.504377,42.785014],[23.505382,42.784653],[23.505481,42.784618]]},"properties":{"name":"Райна Княгиня"}},{"type":"Feature","geometry":{"type":"LineString","coordinates":[[23.500767,42.78623],[23.500664,42.786007],[23.500383,42.785322],[23.500287,42.78508],[23.500223,42.784961],[23.500151,42.784864],[23.499974,42.784645],[23.499755,42.784413],[23.499694,42.784338],[23.499283,42.783523],[23.498976,42.782964],[23.498352,42.781923],[23.498302,42.78184],[23.498125,42.78152],[23.497774,42.780932],[23.497656,42.780734],[23.497531,42.780532],[23.497379,42.780305],[23.497209,42.780086],[23.49698,42.779859],[23.496641,42.77949],[23.496517,42.779364],[23.496392,42.779239],[23.496178,42.77901],[23.49613,42.778948],[23.496093,42.778897],[23.496059,42.778816],[23.495987,42.778599],[23.495946,42.778452],[23.495753,42.777771],[23.495673,42.777463],[23.495585,42.777122],[23.495407,42.776538],[23.495338,42.776313],[23.495324,42.776267],[23.495074,42.775449]]},"properties":{"name":"Св. Георги Победоносец"}},{"type":"Feature","geometry":{"type":"LineString","coordinates":[[23.494775,42.774348],[23.494862,42.774054],[23.494973,42.773868],[23.495367,42.773427],[23.496976,42.771839],[23.497308,42.771513],[23.497468,42.77135],[23.497581,42.771182],[23.497641,42.77104],[23.497661,42.770948],[23.497676,42.770825],[23.497639,42.77068],[23.497559,42.770509],[23.497549,42.770373]]},"properties":{"name":"Св. Георги Победоносец"}},{"type":"Feature","geometry":{"type":"LineString","coordinates":[[23.495074,42.775449],[23.494846,42.774702],[23.494775,42.774348]]},"properties":{"name":"Кремиковско шосе"}},{"type":"Feature","geometry":{"type":"LineString","coordinates":[[23.492759,42.767598],[23.492371,42.767152],[23.488427,42.761539],[23.488301,42.761369],[23.488215,42.761252],[23.487931,42.760868],[23.486929,42.759512],[23.486161,42.758502]]},"properties":{"name":"Кремиковско шосе"}},{"type":"Feature","geometry":{"type":"LineString","coordinates":[[23.497549,42.770373],[23.496246,42.76964],[23.496215,42.769622],[23.496127,42.769573],[23.493873,42.768301],[23.493184,42.767901],[23.492759,42.767598]]},"properties":{"name":"Сеславско шосе"}},{"type":"Feature","geometry":{"type":"LineString","coordinates":[[23.486161,42.758502],[23.493509,42.753932],[23.49404,42.753601],[23.497694,42.751328],[23.49791,42.751194],[23.498229,42.750994],[23.498503,42.750841],[23.498739,42.750758],[23.499018,42.75075],[23.499265,42.750829],[23.499447,42.750951],[23.500717,42.752065],[23.500843,42.752175],[23.501561,42.752805],[23.501958,42.753153],[23.502156,42.753228]]},"properties":{"name":"Евтим Евтимов"}},{"type":"Feature","geometry":{"type":"LineString","coordinates":[[23.502156,42.753228],[23.502357,42.75317],[23.503742,42.752306],[23.503816,42.75226],[23.503897,42.752209],[23.505444,42.751247],[23.505834,42.751005],[23.509381,42.748797],[23.509509,42.748717],[23.509748,42.748577],[23.509683,42.748496],[23.509522,42.74839],[23.507478,42.746604]]},"properties":{"name":"SOF1057"}},{"type":"Feature","geometry":{"type":"LineString","coordinates":[[23.507478,42.746604],[23.507227,42.746398],[23.506983,42.746125],[23.5068,42.745857],[23.506608,42.745461],[23.506382,42.74479],[23.506133,42.744056],[23.504603,42.739647],[23.504409,42.739235],[23.504205,42.738997],[23.504086,42.73888],[23.503974,42.738769],[23.503709,42.738566]]},"properties":{"name":"SOF1053"}},{"type":"Feature","geometry":{"type":"LineString","coordinates":[[23.503709,42.738566],[23.503327,42.738329],[23.50294,42.738189],[23.502589,42.738101],[23.493508,42.735989],[23.493153,42.735911],[23.49281,42.735863],[23.492031,42.735798],[23.491396,42.7358],[23.486208,42.736244],[23.485904,42.73627],[23.482035,42.736589],[23.471136,42.73749],[23.470535,42.737477],[23.470184,42.737417],[23.469797,42.737327],[23.469362,42.737149],[23.468821,42.736837],[23.468398,42.736476],[23.466762,42.734549],[23.466598,42.734355],[23.466118,42.733781],[23.466042,42.73369],[23.465448,42.732979],[23.465256,42.73275],[23.465079,42.732541],[23.464969,42.732412],[23.464634,42.732015],[23.464247,42.731545],[23.464087,42.731371],[23.463924,42.731208],[23.463819,42.731121],[23.463694,42.731034],[23.463607,42.730982],[23.463431,42.730889],[23.463224,42.730789],[23.462421,42.73042],[23.460823,42.729688],[23.459219,42.728944],[23.458922,42.728799],[23.458637,42.728645],[23.458434,42.728525],[23.458227,42.728398],[23.456012,42.72702],[23.453167,42.725259],[23.450338,42.723511],[23.447653,42.721846],[23.446869,42.72137],[23.446503,42.721128],[23.446143,42.720885],[23.444997,42.72018],[23.444864,42.720097],[23.443229,42.719076],[23.442881,42.718856],[23.442112,42.71837],[23.441831,42.718195],[23.440661,42.717464],[23.440224,42.717191],[23.439111,42.716482],[23.438167,42.715909],[23.437649,42.715589],[23.436799,42.715094],[23.436692,42.715034],[23.436608,42.714987],[23.434867,42.714008],[23.434609,42.71385],[23.434342,42.713664],[23.434152,42.713502],[23.434004,42.713346],[23.433881,42.713201],[23.433764,42.713042],[23.433422,42.712555],[23.433277,42.712348],[23.432882,42.711786],[23.432775,42.711633],[23.432582,42.711359],[23.431464,42.709766],[23.431424,42.70971],[23.431358,42.709621],[23.431274,42.709526],[23.431183,42.709435],[23.431078,42.709351],[23.431003,42.709305],[23.430908,42.709261],[23.430783,42.70922],[23.430524,42.709163],[23.430264,42.709121]]},"properties":{"name":"Челопешко шосе"}},{"type":"Feature","geometry":{"type":"LineString","coordinates":[[23.430659,42.708955],[23.430856,42.708983],[23.430967,42.709025],[23.43104,42.709069],[23.431142,42.709164],[23.43127,42.709297],[23.431386,42.709431],[23.431473,42.709542],[23.431542,42.70964],[23.431592,42.709709],[23.432439,42.710906],[23.432916,42.711579],[23.433325,42.712155],[23.433471,42.712362],[23.433763,42.712775],[23.43388,42.71295],[23.433925,42.713019],[23.434106,42.713251],[23.434274,42.713417],[23.434476,42.713587],[23.434711,42.713763],[23.434974,42.71393],[23.4355,42.714227],[23.436456,42.714768],[23.436536,42.714813],[23.436621,42.714861],[23.43694,42.715041],[23.437481,42.71535],[23.437765,42.715511],[23.438268,42.715821],[23.438436,42.715922],[23.438528,42.715978],[23.4392,42.7164],[23.440327,42.717111],[23.440769,42.717387],[23.441912,42.718093],[23.441947,42.718117],[23.442977,42.718763],[23.443327,42.718984],[23.445099,42.720093],[23.446266,42.720803],[23.446904,42.72121],[23.44767,42.721696],[23.449552,42.722869],[23.450442,42.723421],[23.453281,42.725179],[23.456122,42.726942],[23.458342,42.728312],[23.458545,42.728436],[23.458734,42.728548],[23.458815,42.728591],[23.459019,42.728699],[23.459299,42.728834],[23.4609,42.729589],[23.462503,42.730332],[23.462909,42.730525],[23.463289,42.730705],[23.463497,42.730812],[23.463669,42.730907],[23.463764,42.730965],[23.463904,42.731066],[23.464024,42.731155],[23.464194,42.731314],[23.464356,42.731485],[23.464475,42.731625],[23.464755,42.731953],[23.465093,42.732354],[23.4652,42.732483],[23.465416,42.732743]]},"properties":{"name":"Челопешко шосе"}},{"type":"Feature","geometry":{"type":"LineString","coordinates":[[23.485948,42.736141],[23.486193,42.736121],[23.491316,42.735701],[23.492037,42.735695],[23.492482,42.735725],[23.492799,42.735755],[23.493282,42.735833],[23.493659,42.735922],[23.502984,42.738098],[23.503442,42.73825],[23.503616,42.738348],[23.503846,42.738479]]},"properties":{"name":"Челопешко шосе"}},{"type":"Feature","geometry":{"type":"LineString","coordinates":[[23.605097,42.733324],[23.60636,42.734004],[23.606614,42.734146],[23.606836,42.734287],[23.606976,42.734394],[23.607114,42.734525],[23.607224,42.734656],[23.607307,42.734805],[23.60737,42.734948],[23.607405,42.735119],[23.607416,42.735303],[23.607416,42.73548],[23.607388,42.735851],[23.607304,42.7366],[23.607223,42.737324],[23.607143,42.738091],[23.607114,42.738371],[23.606977,42.739784],[23.606939,42.740163],[23.60684,42.74114],[23.606769,42.74193],[23.606745,42.742199],[23.606725,42.742378],[23.606696,42.742544],[23.606675,42.742599],[23.606642,42.742685],[23.606574,42.742824],[23.606434,42.743078],[23.605896,42.744105],[23.605769,42.744341],[23.605664,42.744534]]},"properties":{"name":"SOF2050"}},{"type":"Feature","geometry":{"type":"LineString","coordinates":[[23.529037,42.718025],[23.529163,42.717825]]},"properties":{"name":"Стубела"}},{"type":"Feature","geometry":{"type":"LineString","coordinates":[[23.528245,42.72485],[23.528106,42.724941],[23.527979,42.725034],[23.527896,42.725133],[23.527802,42.725298],[23.527746,42.725431],[23.527548,42.726084],[23.527435,42.726472],[23.527251,42.727042],[23.527195,42.727208],[23.527072,42.727447],[23.526784,42.727688],[23.519387,42.733639],[23.519251,42.73378],[23.519219,42.733812],[23.519058,42.733936],[23.51879,42.734062],[23.518343,42.734241],[23.518098,42.734404],[23.517701,42.734838],[23.517599,42.734982],[23.517593,42.735092],[23.517651,42.735206],[23.51867,42.736162],[23.518814,42.736314],[23.518949,42.736481],[23.51897,42.736559],[23.518964,42.736636],[23.518919,42.736727],[23.518802,42.736818]]},"properties":{"name":"SOF1056"}},{"type":"Feature","geometry":{"type":"LineString","coordinates":[[23.503846,42.738479],[23.503709,42.738566]]},"properties":{"name":"SOF1056"}},{"type":"Feature","geometry":{"type":"LineString","coordinates":[[23.465416,42.732743],[23.465611,42.732735],[23.466044,42.732728],[23.466503,42.732719],[23.466825,42.732713],[23.466995,42.732704],[23.46814,42.732601],[23.468736,42.732536],[23.470077,42.732431],[23.470182,42.73243],[23.470366,42.732452],[23.470601,42.732504],[23.471306,42.732682],[23.471449,42.732706],[23.471567,42.732701],[23.472413,42.732608],[23.472541,42.732592],[23.473117,42.732525],[23.473789,42.732343],[23.473872,42.73232],[23.474518,42.732134],[23.475178,42.731953],[23.475653,42.731839],[23.475778,42.731809],[23.475885,42.731772],[23.476159,42.731685],[23.476301,42.731638],[23.476394,42.731608],[23.476456,42.731599],[23.476523,42.731598],[23.476609,42.731606],[23.47684,42.731683],[23.476934,42.73173],[23.477038,42.731793],[23.477262,42.731981],[23.477304,42.732014],[23.477357,42.732031],[23.477413,42.732042],[23.477483,42.732044],[23.477578,42.732038],[23.477655,42.732018],[23.477934,42.731915],[23.47847,42.731746],[23.478587,42.731722],[23.478707,42.731713],[23.478847,42.731722],[23.478953,42.731742],[23.479184,42.731822],[23.480028,42.732125]]},"properties":{"name":"Ангел Маджаров"}},{"type":"Feature","geometry":{"type":"LineString","coordinates":[[23.480028,42.732125],[23.483046,42.733187],[23.486418,42.734394]]},"properties":{"name":"SOF1052"}},{"type":"Feature","geometry":{"type":"LineString","coordinates":[[23.512807,42.736995],[23.512794,42.736429],[23.512837,42.736016],[23.512872,42.735432]]},"properties":{"name":"Мусала"}},{"type":"Feature","geometry":{"type":"LineString","coordinates":[[23.35215,42.686983],[23.352118,42.687003],[23.352095,42.687022],[23.352082,42.687034],[23.35206,42.687056],[23.352046,42.687072],[23.352026,42.687102],[23.352011,42.687126],[23.351987,42.687167],[23.35197,42.687201],[23.351928,42.687286],[23.351912,42.687319],[23.351873,42.6874],[23.351839,42.687474],[23.351811,42.687545],[23.351756,42.687702],[23.351732,42.687826],[23.351665,42.68825],[23.351599,42.688919],[23.351559,42.689326],[23.351507,42.689858],[23.351477,42.690119],[23.351441,42.690434],[23.35138,42.691045],[23.351374,42.691158],[23.351366,42.691313],[23.351364,42.691353],[23.351337,42.691875],[23.351359,42.692089],[23.351378,42.692277],[23.351451,42.693029],[23.351495,42.693455],[23.351502,42.693526],[23.351509,42.693607],[23.351606,42.694737],[23.351611,42.694792],[23.351616,42.694839],[23.351699,42.69556],[23.351703,42.695611],[23.351741,42.695877],[23.351828,42.696436],[23.351831,42.69649],[23.351837,42.696646],[23.351838,42.696655],[23.351839,42.696705],[23.351841,42.696742],[23.351842,42.696773],[23.351844,42.696814],[23.351845,42.696863],[23.351846,42.696886],[23.351875,42.697205],[23.351981,42.698072],[23.352082,42.698978],[23.352109,42.699289],[23.352123,42.69941],[23.352109,42.699695],[23.352104,42.699802],[23.352094,42.700036],[23.352086,42.700246],[23.352071,42.700352],[23.352022,42.700403],[23.35136,42.700766],[23.351286,42.700824],[23.351207,42.700911],[23.351092,42.701041],[23.350963,42.701209],[23.350812,42.701406],[23.350735,42.7015],[23.350631,42.7016]]},"properties":{"name":"Черковна"}},{"type":"Feature","geometry":{"type":"LineString","coordinates":[[23.351464,42.691032],[23.35138,42.691045]]},"properties":{"name":"Попова шапка"}},{"type":"Feature","geometry":{"type":"LineString","coordinates":[[23.248048,42.753742],[23.24778,42.75394],[23.24768,42.754021],[23.247305,42.754324],[23.246288,42.755251]]},"properties":{"name":"Детелина"}},{"type":"Feature","geometry":{"type":"LineString","coordinates":[[23.246288,42.755251],[23.245875,42.755573],[23.244936,42.756153],[23.244708,42.756335],[23.244553,42.756526],[23.244482,42.756669],[23.244313,42.75855],[23.244286,42.758912],[23.244177,42.760371],[23.244154,42.760658],[23.244083,42.761554],[23.24403,42.762127],[23.243986,42.762608],[23.243968,42.76281],[23.243826,42.764422],[23.243771,42.765068],[23.243768,42.765125],[23.243732,42.765771],[23.243699,42.766781],[23.243696,42.766869],[23.243714,42.767823],[23.243715,42.768279],[23.243599,42.768622],[23.243519,42.768737],[23.243426,42.768835],[23.243157,42.769014],[23.24246,42.769541],[23.242319,42.769651],[23.242136,42.769807],[23.241534,42.77028],[23.2414,42.770536],[23.24163,42.771604],[23.241659,42.77166],[23.241979,42.772275],[23.242176,42.772613],[23.242363,42.772903],[23.242808,42.7735],[23.243069,42.773811],[23.243332,42.77393],[23.244047,42.774103],[23.244973,42.77403],[23.245376,42.774006],[23.24594,42.774016],[23.246168,42.774028],[23.246293,42.774037],[23.246765,42.774071],[23.247208,42.774122],[23.247968,42.774307],[23.248547,42.77447],[23.250001,42.774941],[23.250204,42.775023],[23.250621,42.775236],[23.250823,42.775294],[23.251024,42.77535]]},"properties":{"name":"Зорница"}},{"type":"Feature","geometry":{"type":"LineString","coordinates":[[23.253762,42.772614],[23.254485,42.771845],[23.255104,42.771187],[23.258275,42.767959],[23.263561,42.762773],[23.264841,42.761561],[23.265746,42.760711],[23.266212,42.760216],[23.266294,42.760109],[23.266332,42.760027],[23.26633,42.759844]]},"properties":{"name":"81"}},{"type":"Feature","geometry":{"type":"LineString","coordinates":[[23.267962,42.736087],[23.267973,42.736056],[23.26801,42.736021],[23.268053,42.735998],[23.268114,42.735988],[23.268568,42.735984],[23.269097,42.735979]]},"properties":{"name":"Бабин дол"}},{"type":"Feature","geometry":{"type":"LineString","coordinates":[[23.404611,42.622173],[23.404642,42.62213],[23.404647,42.62208],[23.404621,42.621993],[23.404606,42.621941],[23.404581,42.621888],[23.404622,42.621943],[23.404662,42.621991],[23.404693,42.622024],[23.404721,42.622055],[23.404735,42.622066],[23.404774,42.622098],[23.404857,42.622129]]},"properties":{"name":"82"}},{"type":"Feature","geometry":{"type":"LineString","coordinates":[[23.399311,42.617004],[23.399417,42.617007],[23.399504,42.616993],[23.399614,42.616957],[23.401356,42.616268],[23.401419,42.616245],[23.401468,42.616227],[23.40152,42.616209]]},"properties":{"name":"Синя светлина"}},{"type":"Feature","geometry":{"type":"LineString","coordinates":[[23.397856,42.61361],[23.397912,42.613656],[23.398266,42.614234],[23.398599,42.614722],[23.398717,42.614929],[23.398751,42.615085],[23.398881,42.615908],[23.398962,42.616357],[23.399015,42.616654],[23.399107,42.616881],[23.399168,42.616946],[23.399229,42.616977],[23.399311,42.617004]]},"properties":{"name":"Понор"}},{"type":"Feature","geometry":{"type":"LineString","coordinates":[[23.387842,42.610242],[23.388029,42.610431],[23.388222,42.610596],[23.38841,42.61073],[23.388765,42.61094],[23.389122,42.611139],[23.389503,42.611365],[23.389633,42.611442],[23.390016,42.611693],[23.390325,42.611916],[23.39086,42.612287],[23.39139,42.612706],[23.391659,42.612899],[23.391954,42.613058],[23.39203,42.613098],[23.392114,42.61314],[23.392249,42.613182],[23.392407,42.613209],[23.392514,42.613222],[23.392615,42.61324],[23.392913,42.613258],[23.39308,42.613265],[23.393456,42.613265],[23.394378,42.613207],[23.394877,42.613176],[23.395152,42.613202],[23.395603,42.6133],[23.396084,42.613419],[23.396472,42.613508],[23.396779,42.613572],[23.396979,42.613601],[23.397087,42.613613],[23.39726,42.613625],[23.397433,42.613602],[23.397614,42.613574],[23.39767,42.613571],[23.397752,42.613576],[23.397803,42.613588],[23.397856,42.61361]]},"properties":{"name":"Проф. Асен Киселинчев"}},{"type":"Feature","geometry":{"type":"LineString","coordinates":[[23.387842,42.610242],[23.387748,42.610139],[23.387681,42.609999],[23.387674,42.609862],[23.387697,42.609727],[23.387776,42.609465],[23.387814,42.609331],[23.387812,42.609271],[23.387776,42.609153],[23.387743,42.609068],[23.387725,42.608857],[23.387708,42.608795],[23.387681,42.608734],[23.387649,42.608707],[23.387609,42.608679],[23.387524,42.608631],[23.387501,42.608603],[23.387491,42.608572],[23.387485,42.608508],[23.387483,42.608386],[23.387461,42.608108],[23.387455,42.608024],[23.387409,42.607447],[23.38738,42.607301],[23.387347,42.607182],[23.38729,42.607062],[23.387277,42.606985],[23.387267,42.606897],[23.387287,42.606829],[23.387319,42.606774],[23.387456,42.606591],[23.387517,42.606494],[23.387574,42.606403],[23.38767,42.606294],[23.387774,42.606222],[23.387893,42.606165],[23.388089,42.60608],[23.388232,42.606015],[23.388318,42.605983],[23.388373,42.60596]]},"properties":{"name":"Забел"}},{"type":"Feature","geometry":{"type":"LineString","coordinates":[[23.388373,42.60596],[23.388629,42.606598],[23.388738,42.606863],[23.388946,42.607318],[23.389427,42.6085],[23.389448,42.608552]]},"properties":{"name":"Скални рози"}},{"type":"Feature","geometry":{"type":"LineString","coordinates":[[23.404684,42.622652],[23.40465,42.622651],[23.404616,42.622654],[23.404548,42.622671],[23.404422,42.6227],[23.404328,42.622713],[23.404274,42.622719],[23.404238,42.622723],[23.404064,42.622729],[23.403397,42.622755],[23.403051,42.622768],[23.402237,42.622798],[23.401415,42.622828],[23.401071,42.622841],[23.400887,42.62284],[23.40077,42.622828],[23.40069,42.622812]]},"properties":{"name":"Сърнена гора"}},{"type":"Feature","geometry":{"type":"LineString","coordinates":[[23.400657,42.643377],[23.400816,42.643527],[23.400942,42.643652],[23.400981,42.64369],[23.40111,42.643818],[23.401376,42.644073],[23.401427,42.644123],[23.401497,42.644192]]},"properties":{"name":"бул. Копенхаген"}},{"type":"Feature","geometry":{"type":"LineString","coordinates":[[23.40566,42.651428],[23.405583,42.651296],[23.405466,42.651095],[23.40498,42.650242],[23.404078,42.648659],[23.404018,42.648553],[23.403841,42.648237],[23.403602,42.647813],[23.403573,42.647763],[23.403504,42.647647]]},"properties":{"name":"бул. Копенхаген"}},{"type":"Feature","geometry":{"type":"LineString","coordinates":[[23.403737,42.647479],[23.40376,42.647521],[23.403839,42.647658],[23.404313,42.648501],[23.40463,42.649065],[23.405028,42.649769],[23.405249,42.650161],[23.405668,42.650904],[23.405743,42.651036],[23.405803,42.651142],[23.405881,42.651281]]},"properties":{"name":"бул. Копенхаген"}},{"type":"Feature","geometry":{"type":"LineString","coordinates":[[23.368981,42.669104],[23.368982,42.669207],[23.368992,42.669306],[23.369011,42.669381],[23.369019,42.669416],[23.369056,42.669528],[23.369101,42.669619],[23.369161,42.669694],[23.369444,42.669955],[23.369745,42.670234],[23.370249,42.670633],[23.37122,42.671334],[23.371478,42.671525],[23.371517,42.671555],[23.372115,42.671995],[23.372418,42.672219],[23.372536,42.672306],[23.373614,42.673112],[23.37424,42.673577]]},"properties":{"name":"бул. Асен Йорданов"}},{"type":"Feature","geometry":{"type":"LineString","coordinates":[[23.394051,42.671783],[23.393739,42.67185],[23.393698,42.671858],[23.393276,42.671937],[23.392694,42.672049],[23.39208,42.672161],[23.391354,42.672294],[23.39085,42.672384],[23.390169,42.672506],[23.388334,42.672835],[23.387539,42.672978],[23.387487,42.672987],[23.387377,42.673007],[23.387155,42.673048],[23.386703,42.673131],[23.386451,42.673178],[23.385905,42.673279],[23.384236,42.673586],[23.383961,42.673637],[23.383276,42.673727],[23.382344,42.673839],[23.381971,42.673889],[23.381896,42.673907],[23.381649,42.673949],[23.381582,42.673961],[23.381549,42.673968],[23.381431,42.67399],[23.381311,42.674012],[23.381213,42.67403],[23.38039,42.674184],[23.379952,42.674263],[23.378579,42.674515],[23.378144,42.674594],[23.377118,42.674782],[23.376726,42.674851],[23.376415,42.6749],[23.376347,42.674912],[23.376098,42.674953]]},"properties":{"name":"бул. Асен Йорданов"}},{"type":"Feature","geometry":{"type":"LineString","coordinates":[[23.381615,42.674077],[23.381468,42.674103],[23.381345,42.674127],[23.381007,42.674187],[23.37763,42.674819],[23.377092,42.674946],[23.376924,42.674971],[23.376484,42.675047],[23.37645,42.675053],[23.37618,42.675092],[23.376142,42.675028],[23.376134,42.675014],[23.376123,42.674998],[23.376098,42.674953],[23.375985,42.674856],[23.375953,42.67483],[23.375789,42.67471],[23.37565,42.674609],[23.37555,42.674536],[23.375304,42.674352],[23.374849,42.674014],[23.374776,42.673962],[23.37424,42.673577],[23.37309,42.673034],[23.372817,42.672866],[23.372271,42.67249],[23.371851,42.672186],[23.371318,42.671798],[23.371269,42.671762],[23.371078,42.67163],[23.369955,42.670839],[23.369047,42.670203],[23.368575,42.669911],[23.368408,42.669809],[23.368385,42.669799],[23.368345,42.669782],[23.368128,42.669708]]},"properties":{"name":"бул. Асен Йорданов"}},{"type":"Feature","geometry":{"type":"LineString","coordinates":[[23.420623,42.621554],[23.420563,42.62153],[23.420521,42.621509],[23.420483,42.621478]]},"properties":{"name":"Патриарх Герман"}},{"type":"Feature","geometry":{"type":"LineString","coordinates":[[23.410687,42.609583],[23.410924,42.609691],[23.411148,42.609784],[23.411391,42.609884],[23.411849,42.610076],[23.411994,42.610157],[23.4121,42.61024],[23.412871,42.611237],[23.413052,42.611414],[23.413632,42.611927],[23.413799,42.612101],[23.413936,42.612277],[23.414529,42.613148],[23.414862,42.613675],[23.415093,42.614039],[23.415147,42.614124],[23.415508,42.614694],[23.415683,42.614971],[23.416166,42.615649],[23.416331,42.615874],[23.417297,42.617217],[23.417342,42.617279],[23.417633,42.617678],[23.417825,42.617963],[23.41803,42.618257],[23.418522,42.618849],[23.419177,42.619701],[23.419455,42.620063],[23.419977,42.620744],[23.420269,42.621132],[23.420483,42.621478],[23.420487,42.621522],[23.420482,42.621566],[23.420465,42.621598]]},"properties":{"name":"Патриарх Герман"}},{"type":"Feature","geometry":{"type":"LineString","coordinates":[[23.420823,42.622152],[23.420909,42.622307],[23.421066,42.6226],[23.421193,42.622843],[23.421274,42.623],[23.421427,42.623291],[23.42176,42.623928],[23.421976,42.624325],[23.422071,42.624499],[23.422393,42.62509],[23.422763,42.625758],[23.422862,42.625944],[23.423005,42.626218],[23.423267,42.626705],[23.42363,42.62735],[23.424263,42.62847],[23.42477,42.629322],[23.424907,42.629543],[23.425071,42.629759],[23.425287,42.630031],[23.425526,42.630307],[23.425557,42.630345],[23.425848,42.630697],[23.426927,42.632038],[23.427801,42.633155],[23.427892,42.633311],[23.427964,42.633468],[23.428016,42.633621],[23.428032,42.633772],[23.428032,42.63387],[23.427999,42.633993],[23.427868,42.634247],[23.427735,42.634479],[23.427572,42.63473],[23.427223,42.635267],[23.427178,42.635363],[23.427164,42.635459],[23.427165,42.635556],[23.427193,42.635719],[23.427199,42.635756],[23.427218,42.635866],[23.427255,42.636024]]},"properties":{"name":"Патриарх Герман"}},{"type":"Feature","geometry":{"type":"LineString","coordinates":[[23.438705,42.619298],[23.438269,42.619744],[23.437887,42.620129],[23.437857,42.620227],[23.437952,42.62144]]},"properties":{"name":"Панорама Лозен"}},{"type":"Feature","geometry":{"type":"LineString","coordinates":[[23.439641,42.619026],[23.439448,42.619124],[23.43925,42.619192],[23.439009,42.619253],[23.438784,42.619294],[23.438705,42.619298],[23.438552,42.619307],[23.43834,42.619296],[23.437771,42.619252],[23.435216,42.619073],[23.434973,42.61906],[23.434699,42.619028],[23.43446,42.618982],[23.430956,42.618208],[23.430669,42.618159],[23.430407,42.618131],[23.430141,42.618131],[23.429692,42.618176],[23.42967,42.618179],[23.427531,42.618437],[23.427296,42.618461],[23.427051,42.618462],[23.426786,42.618449],[23.424434,42.618275],[23.423855,42.618231],[23.423651,42.618215],[23.423103,42.618174],[23.422937,42.618161],[23.422398,42.618121],[23.421314,42.618037],[23.420546,42.617979],[23.419831,42.617924]]},"properties":{"name":"Манастирска воденица"}},{"type":"Feature","geometry":{"type":"LineString","coordinates":[[23.439641,42.619026],[23.439784,42.618918],[23.439933,42.618791],[23.440039,42.618676],[23.440176,42.618506],[23.440345,42.618243],[23.44053,42.617913],[23.440983,42.617176],[23.441193,42.616835],[23.441481,42.616269]]},"properties":{"name":"SOF3132"}},{"type":"Feature","geometry":{"type":"LineString","coordinates":[[23.418522,42.618849],[23.419831,42.617924]]},"properties":{"name":"Смреката"}},{"type":"Feature","geometry":{"type":"LineString","coordinates":[[23.497943,42.541555],[23.497577,42.541606]]},"properties":{"name":"Капитан Димитър Списаревски"}},{"type":"Feature","geometry":{"type":"LineString","coordinates":[[23.401037,42.65661],[23.400929,42.656649],[23.400337,42.65685],[23.400106,42.656927],[23.399634,42.657094],[23.398992,42.657318],[23.398756,42.657412],[23.398587,42.657487],[23.398409,42.657582],[23.398049,42.657771],[23.397896,42.657849],[23.397625,42.657988],[23.39753,42.658039],[23.396274,42.658702],[23.396175,42.658771],[23.396006,42.658915],[23.39533,42.659505],[23.395079,42.659725],[23.395061,42.659742],[23.394963,42.659826],[23.394843,42.659935],[23.39479,42.659986],[23.394679,42.660088],[23.394553,42.660204],[23.39424,42.660494],[23.39346,42.661218],[23.393342,42.661326],[23.39311,42.661536],[23.393006,42.661631],[23.392913,42.661716],[23.392758,42.661856],[23.392718,42.661892],[23.392388,42.662185],[23.392091,42.662466],[23.392076,42.66248],[23.391985,42.662568],[23.391894,42.66266],[23.391731,42.662838],[23.391517,42.663081],[23.391255,42.663379],[23.391115,42.663535],[23.391022,42.663619],[23.3909,42.663729],[23.390703,42.663891],[23.390596,42.663982],[23.390406,42.664133],[23.390313,42.664201],[23.3903,42.664213],[23.390149,42.664326],[23.390057,42.664397],[23.389919,42.664506],[23.389724,42.664656],[23.389522,42.664809],[23.389317,42.664985],[23.388115,42.666078],[23.387807,42.666353],[23.387557,42.666577],[23.386753,42.667301],[23.386572,42.667464],[23.38616,42.667836],[23.386,42.667977],[23.38566,42.668274],[23.385627,42.668332],[23.385627,42.668402],[23.385872,42.669158],[23.386215,42.670152],[23.386298,42.67039],[23.386338,42.670505],[23.386353,42.670551],[23.386512,42.671018],[23.386632,42.671251],[23.386948,42.671716],[23.387037,42.671971],[23.387098,42.672155],[23.387267,42.672671],[23.387283,42.67272],[23.387288,42.672733],[23.3873,42.672771],[23.38731,42.672802],[23.387353,42.672931],[23.387377,42.673007]]},"properties":{"name":"Капитан Димитър Списаревски"}},{"type":"Feature","geometry":{"type":"LineString","coordinates":[[23.497577,42.541606],[23.49745,42.541455],[23.497837,42.541399],[23.498055,42.54137],[23.498412,42.541317],[23.498493,42.541201],[23.498727,42.540744],[23.498852,42.540491],[23.499309,42.539719],[23.499907,42.538727],[23.49999,42.538645],[23.499647,42.538307],[23.499205,42.537858],[23.499162,42.537818],[23.499085,42.537747]]},"properties":{"name":"Капитан Петко войвода"}},{"type":"Feature","geometry":{"type":"LineString","coordinates":[[23.400066,42.636789],[23.399369,42.636854],[23.399132,42.636871],[23.397722,42.636981],[23.397678,42.636993],[23.397644,42.637015],[23.397618,42.637045],[23.397609,42.637075],[23.397607,42.63711],[23.397754,42.638406],[23.397656,42.638522],[23.397508,42.638578],[23.396396,42.638633],[23.395637,42.63867],[23.395487,42.638677],[23.395304,42.638685],[23.3941,42.638737],[23.393801,42.63875],[23.392864,42.63879],[23.390788,42.638907],[23.390106,42.638952],[23.387921,42.639202],[23.387685,42.63923],[23.3876,42.639241],[23.387546,42.639247],[23.38736,42.63927],[23.387281,42.63928],[23.386562,42.639377]]},"properties":{"name":"Инж. Георги Белов"}},{"type":"Feature","geometry":{"type":"LineString","coordinates":[[23.386581,42.64143],[23.386711,42.641],[23.386762,42.64069],[23.386784,42.640371],[23.386757,42.640057],[23.386713,42.639741],[23.386562,42.639377],[23.386445,42.639182],[23.386307,42.638957],[23.386097,42.638713],[23.385952,42.638567],[23.385358,42.637988],[23.38485,42.637461],[23.384095,42.636672],[23.384056,42.636649],[23.384004,42.636634]]},"properties":{"name":"Жечо Гюмюшев"}},{"type":"Feature","geometry":{"type":"LineString","coordinates":[[23.386581,42.64143],[23.386457,42.641404],[23.385953,42.641299],[23.38572,42.64125],[23.385535,42.641212],[23.385038,42.641165],[23.384163,42.641148],[23.383682,42.641129],[23.383591,42.641125],[23.383416,42.64112],[23.38326,42.641108],[23.382279,42.640992],[23.3817,42.640923],[23.381654,42.640917],[23.381536,42.640903],[23.38136,42.640881],[23.381298,42.640874],[23.381106,42.64085],[23.380254,42.640739],[23.379881,42.640691],[23.379237,42.640609],[23.378589,42.640524],[23.378339,42.640491],[23.378279,42.640483],[23.37799,42.640448],[23.377805,42.640424],[23.376959,42.640313],[23.376865,42.640299],[23.37678,42.640289],[23.375891,42.640169],[23.375096,42.640065],[23.374926,42.640041]]},"properties":{"name":"Свето Преображение"}},{"type":"Feature","geometry":{"type":"LineString","coordinates":[[23.38326,42.641108],[23.383236,42.641165]]},"properties":{"name":"Ген. Радко Димитриев"}},{"type":"Feature","geometry":{"type":"LineString","coordinates":[[23.373072,42.641329],[23.372941,42.641366],[23.372731,42.641406],[23.371794,42.641592],[23.369714,42.64198],[23.369617,42.641998],[23.368867,42.642133],[23.367319,42.642414],[23.366635,42.642538]]},"properties":{"name":"Проф. Александър Теодоров-Балан"}},{"type":"Feature","geometry":{"type":"LineString","coordinates":[[23.366635,42.642538],[23.366636,42.642604],[23.366634,42.642627],[23.366625,42.642694],[23.366567,42.64315],[23.366527,42.643453],[23.366519,42.643548],[23.366515,42.643607],[23.366513,42.643643],[23.366513,42.64369],[23.366517,42.64374],[23.366528,42.643802],[23.366546,42.643869],[23.366572,42.643921],[23.366606,42.643976],[23.367023,42.644547],[23.367238,42.644843],[23.367288,42.644911],[23.367388,42.64505],[23.367609,42.645351],[23.367718,42.6455],[23.368001,42.645889],[23.368053,42.645961],[23.368098,42.646022]]},"properties":{"name":"Св. Киприян"}},{"type":"Feature","geometry":{"type":"LineString","coordinates":[[23.376106,42.646867],[23.376227,42.646833]]},"properties":{"name":"Св. Киприян"}},{"type":"Feature","geometry":{"type":"LineString","coordinates":[[23.496164,42.600383],[23.495988,42.600858],[23.495939,42.601047],[23.495878,42.601284],[23.495818,42.601566],[23.49579,42.602127],[23.495796,42.602437],[23.495793,42.602678],[23.495743,42.602861],[23.495671,42.602962],[23.495581,42.603054],[23.495489,42.603135],[23.495455,42.603159],[23.495377,42.603214],[23.495166,42.603348],[23.494452,42.603785]]},"properties":{"name":"Иван Пешев"}},{"type":"Feature","geometry":{"type":"LineString","coordinates":[[23.467665,42.60852],[23.467789,42.608397],[23.467989,42.608195],[23.468569,42.607606],[23.468766,42.607414],[23.468893,42.60729],[23.46898,42.607204],[23.469393,42.606818],[23.469666,42.606609],[23.470078,42.606338],[23.470456,42.60609],[23.47195,42.605097],[23.472841,42.604493],[23.473447,42.604113],[23.47355,42.60405],[23.473761,42.603913],[23.474517,42.603408],[23.474753,42.603273],[23.474847,42.60322],[23.47497,42.60316],[23.475471,42.603039],[23.476032,42.602903],[23.476268,42.602846],[23.477852,42.602454],[23.478237,42.602346],[23.478439,42.60229],[23.478691,42.602211],[23.479312,42.601995],[23.479501,42.60195],[23.479809,42.601883],[23.480192,42.601837],[23.480389,42.601826],[23.480537,42.601827],[23.480868,42.601817],[23.481226,42.601789],[23.481639,42.601719],[23.482216,42.601616],[23.482658,42.601542],[23.482746,42.601551],[23.483008,42.601598],[23.483317,42.601654],[23.483439,42.601677],[23.483606,42.601681],[23.483888,42.601652],[23.484401,42.601611],[23.484791,42.601591],[23.485008,42.601584],[23.485215,42.601589],[23.485385,42.601607],[23.485697,42.601639],[23.486625,42.601688],[23.486686,42.601691],[23.487063,42.601709],[23.487462,42.601715],[23.488014,42.601724],[23.488494,42.601726],[23.488921,42.601741],[23.4891,42.601766],[23.489625,42.601901],[23.490498,42.602153],[23.491028,42.602293],[23.491354,42.602393],[23.491383,42.602402],[23.491549,42.602467],[23.491666,42.602533],[23.492398,42.602932],[23.493194,42.603372],[23.49327,42.603415],[23.493569,42.603521],[23.494004,42.603686],[23.494114,42.603719],[23.494209,42.603747],[23.494452,42.603785],[23.494522,42.603859],[23.494619,42.603943],[23.495007,42.604453],[23.495274,42.604805],[23.495469,42.60505],[23.495637,42.605318],[23.495826,42.605703],[23.49592,42.605911],[23.495977,42.606062],[23.496079,42.606463],[23.496105,42.606544],[23.496151,42.60664],[23.496214,42.606707],[23.496784,42.607247],[23.497513,42.607933],[23.497763,42.608172],[23.497943,42.608345],[23.498371,42.608756],[23.49884,42.609208],[23.499074,42.609483],[23.499176,42.609631],[23.499293,42.6098],[23.499767,42.610537],[23.49999,42.610881],[23.500208,42.611274],[23.500252,42.611363],[23.500435,42.611832],[23.500518,42.612052],[23.500873,42.61311],[23.501057,42.61366],[23.501188,42.614052],[23.501366,42.614559],[23.501418,42.614708],[23.501702,42.615519]]},"properties":{"name":"Съединение"}},{"type":"Feature","geometry":{"type":"LineString","coordinates":[[23.467665,42.60852],[23.467462,42.608708],[23.466665,42.609432],[23.462808,42.612532],[23.462233,42.612994],[23.461979,42.613186],[23.461552,42.613529],[23.460914,42.614041],[23.460787,42.614148],[23.460398,42.614477],[23.460279,42.614572],[23.459209,42.615412],[23.45824,42.616197],[23.457833,42.616525],[23.454125,42.619506],[23.451022,42.622069],[23.450927,42.622143],[23.450669,42.62236],[23.448587,42.624134],[23.448474,42.624232],[23.447506,42.625044],[23.447184,42.625314],[23.447051,42.625424],[23.446979,42.625484],[23.446393,42.625978],[23.446326,42.626039],[23.446144,42.626207],[23.446059,42.626276],[23.44602,42.626326],[23.446002,42.62635],[23.445985,42.626375],[23.445975,42.626411],[23.445971,42.626448]]},"properties":{"name":"Лозен"}},{"type":"Feature","geometry":{"type":"LineString","coordinates":[[23.448454,42.633222],[23.448259,42.633246],[23.448046,42.633273]]},"properties":{"name":"Автомагистрала Тракия"}},{"type":"Feature","geometry":{"type":"LineString","coordinates":[[23.52107,42.64132],[23.521037,42.641244],[23.521027,42.641217],[23.521014,42.641186],[23.521006,42.641165],[23.520985,42.641111],[23.520974,42.641082],[23.520924,42.640953],[23.520791,42.640612],[23.520559,42.640172],[23.520013,42.639338],[23.519532,42.638579],[23.519081,42.63785],[23.518496,42.636951],[23.51745,42.635299],[23.516967,42.634536],[23.516687,42.634105],[23.516416,42.633658],[23.515898,42.632769],[23.513868,42.629312],[23.512698,42.627322],[23.511769,42.625754]]},"properties":{"name":"SFO1231"}},{"type":"Feature","geometry":{"type":"LineString","coordinates":[[23.511769,42.625754],[23.50771,42.626302],[23.507579,42.626314],[23.507467,42.626317],[23.507359,42.626308],[23.507261,42.62629],[23.507172,42.626256],[23.507095,42.626218],[23.507032,42.62617],[23.506968,42.626108],[23.506912,42.62603],[23.506873,42.625964],[23.506842,42.625884],[23.506791,42.625685],[23.506706,42.625351],[23.506652,42.625138],[23.506633,42.625072],[23.506615,42.625022],[23.506595,42.624981],[23.50657,42.624942],[23.50654,42.624904],[23.506502,42.624864],[23.50646,42.624831],[23.506404,42.624797],[23.506355,42.624772],[23.506296,42.624749],[23.50625,42.624736],[23.506196,42.624727],[23.50613,42.624722],[23.506055,42.62472],[23.50598,42.624719],[23.505895,42.624725],[23.505805,42.624733],[23.505388,42.624795],[23.505047,42.624847],[23.504202,42.624968],[23.501816,42.625311]]},"properties":{"name":"Равно поле"}},{"type":"Feature","geometry":{"type":"LineString","coordinates":[[23.501816,42.625311],[23.501667,42.624386],[23.501622,42.624107],[23.501581,42.623809],[23.501558,42.623522],[23.501558,42.62341],[23.501558,42.623263],[23.501586,42.622995],[23.501624,42.622709],[23.501701,42.622131],[23.501765,42.621652],[23.501853,42.620988],[23.501906,42.620561],[23.502098,42.61899],[23.502128,42.618715],[23.502134,42.618541],[23.502127,42.618362],[23.5021,42.617995],[23.50209,42.617884],[23.502069,42.617642],[23.502038,42.617332],[23.501955,42.616481],[23.501951,42.61644],[23.501936,42.616291],[23.501762,42.615697],[23.501702,42.615519]]},"properties":{"name":"SOF1121"}},{"type":"Feature","geometry":{"type":"LineString","coordinates":[[23.456343,42.655541],[23.457948,42.655188],[23.459393,42.654873],[23.461727,42.654355],[23.462985,42.654076],[23.4642,42.653816],[23.464557,42.653739],[23.464664,42.653736]]},"properties":{"name":"Околовръстна"}},{"type":"Feature","geometry":{"type":"LineString","coordinates":[[23.45783,42.658664],[23.457656,42.658439],[23.456894,42.657469],[23.456311,42.656698],[23.456086,42.656399],[23.455983,42.656275],[23.45591,42.656164]]},"properties":{"name":"Околовръстна"}},{"type":"Feature","geometry":{"type":"LineString","coordinates":[[23.456343,42.655541],[23.4557,42.655687],[23.455407,42.655741],[23.455203,42.655776],[23.455111,42.655806],[23.455035,42.655845],[23.45499,42.655887],[23.45497,42.655927],[23.454956,42.656012],[23.454927,42.656079],[23.454793,42.656204],[23.454586,42.656371],[23.454508,42.656443],[23.454425,42.656518],[23.454321,42.656653],[23.454267,42.656763],[23.454244,42.656865],[23.454282,42.656968],[23.454386,42.657153],[23.454536,42.657431],[23.454682,42.657752],[23.45472,42.657837],[23.454796,42.658028],[23.455006,42.658619],[23.455046,42.658704],[23.455164,42.658955]]},"properties":{"name":"Дякон Стоил"}},{"type":"Feature","geometry":{"type":"LineString","coordinates":[[23.453771,42.65926],[23.45407,42.659176],[23.454209,42.659146],[23.454743,42.659038],[23.454975,42.658994],[23.455099,42.658975],[23.455164,42.658955]]},"properties":{"name":"Люба Белева"}},{"type":"Feature","geometry":{"type":"LineString","coordinates":[[23.453845,42.659373],[23.453771,42.65926]]},"properties":{"name":"Горна кория"}},{"type":"Feature","geometry":{"type":"LineString","coordinates":[[23.411732,42.6387],[23.41167,42.638547],[23.411652,42.638494],[23.411581,42.638326],[23.411534,42.638216],[23.411436,42.638005],[23.411118,42.637328],[23.410968,42.637011],[23.410912,42.636892],[23.410751,42.63655],[23.410434,42.635837],[23.410358,42.635667],[23.41017,42.63525],[23.409725,42.634369],[23.409633,42.634157],[23.409503,42.633877],[23.409338,42.633522],[23.409312,42.633464],[23.40926,42.633384],[23.409215,42.633321],[23.40916,42.633284]]},"properties":{"name":"Павел Красов"}},{"type":"Feature","geometry":{"type":"LineString","coordinates":[[23.279309,42.668321],[23.279423,42.668441],[23.279445,42.668464],[23.279671,42.6687],[23.279821,42.668856],[23.279874,42.668912],[23.280051,42.669097],[23.280184,42.669231],[23.280406,42.669455],[23.280519,42.669555],[23.280759,42.669722],[23.28092,42.669834],[23.281285,42.670088],[23.281592,42.670302],[23.28164,42.670336],[23.281656,42.670347],[23.281895,42.670513],[23.28238,42.670851],[23.282643,42.671034],[23.282874,42.671194],[23.282914,42.671221],[23.282984,42.671269],[23.283048,42.671316],[23.283102,42.671353],[23.28326,42.671464],[23.28336,42.671533],[23.283496,42.671629],[23.283657,42.671741],[23.28389,42.671904],[23.284102,42.672051],[23.284534,42.672355],[23.284601,42.6724],[23.284652,42.672435],[23.284947,42.672643],[23.285573,42.673086],[23.285623,42.673122],[23.28596,42.67336],[23.286325,42.673626],[23.286529,42.673774],[23.286545,42.673786],[23.286633,42.67385]]},"properties":{"name":"Ген. Стефан Тошев"}},{"type":"Feature","geometry":{"type":"LineString","coordinates":[[23.286633,42.67385],[23.2867,42.673917],[23.286726,42.673945],[23.28692,42.674149],[23.287158,42.674401],[23.28736,42.674619],[23.28777,42.675061],[23.287921,42.675229],[23.288267,42.675598],[23.288351,42.675689],[23.28856,42.675914],[23.288569,42.675925],[23.2886,42.675958],[23.288681,42.676045],[23.288786,42.676157],[23.288791,42.676161],[23.288803,42.676175],[23.289117,42.676506],[23.289177,42.676569],[23.289627,42.677047],[23.289663,42.677082],[23.289975,42.677416],[23.290184,42.677639],[23.290238,42.677697],[23.290522,42.677998],[23.290751,42.678239],[23.291,42.678499],[23.291181,42.67867],[23.291273,42.678756],[23.291396,42.678873],[23.29142,42.678895],[23.291515,42.678987],[23.291537,42.679008]]},"properties":{"name":"Дойран"}},{"type":"Feature","geometry":{"type":"LineString","coordinates":[[23.380011,42.660234],[23.380109,42.66009],[23.38013,42.660046],[23.380141,42.659997],[23.380144,42.659964],[23.380131,42.65991],[23.380095,42.659853]]},"properties":{"name":"Йерусалим"}},{"type":"Feature","geometry":{"type":"LineString","coordinates":[[23.380603,42.65982],[23.380433,42.659874],[23.380367,42.659887],[23.380301,42.659897],[23.380241,42.659894],[23.38017,42.659882],[23.380095,42.659853],[23.379959,42.659753],[23.379851,42.659672],[23.379725,42.659577],[23.379668,42.659539],[23.37966,42.659533],[23.37946,42.659388],[23.379057,42.659069],[23.378767,42.658852],[23.378492,42.658646],[23.378457,42.65862],[23.378154,42.658386],[23.378006,42.65827],[23.377896,42.658192],[23.377582,42.657952],[23.377447,42.657828],[23.377358,42.65774],[23.377284,42.657654],[23.37718,42.657538],[23.377047,42.657371],[23.376926,42.657223],[23.376717,42.657044],[23.376694,42.657025],[23.376653,42.656991],[23.376591,42.656941],[23.376562,42.656918],[23.376333,42.656735],[23.375767,42.656283],[23.37564,42.656185],[23.375553,42.656118],[23.375454,42.65604],[23.37543,42.656022],[23.375231,42.655869],[23.375137,42.655795],[23.375041,42.655728],[23.374954,42.655667],[23.374821,42.655599],[23.374742,42.655569],[23.374638,42.655533],[23.374139,42.65537],[23.373887,42.655289],[23.373832,42.655269],[23.373777,42.655248],[23.37363,42.655171],[23.373479,42.655082],[23.373235,42.654899],[23.373151,42.654832],[23.373063,42.654762],[23.37294,42.654664],[23.372927,42.654654],[23.372883,42.65462],[23.372746,42.654515],[23.372698,42.654478],[23.372647,42.654439],[23.372461,42.654295],[23.372193,42.654088],[23.372063,42.653992]]},"properties":{"name":"Йерусалим"}},{"type":"Feature","geometry":{"type":"LineString","coordinates":[[23.407879,42.649921],[23.407799,42.649834]]},"properties":{"name":"302-ра"}},{"type":"Feature","geometry":{"type":"LineString","coordinates":[[23.344676,42.699701],[23.344699,42.699635],[23.344753,42.699487],[23.344822,42.699314],[23.344893,42.69922],[23.344967,42.699165],[23.345178,42.699028],[23.345495,42.698823],[23.345529,42.6988],[23.345598,42.698755],[23.345776,42.698645],[23.346059,42.69847],[23.346221,42.698364],[23.346486,42.698192],[23.346766,42.698007],[23.346865,42.697942],[23.346914,42.697902]]},"properties":{"name":"Силистра"}},{"type":"Feature","geometry":{"type":"LineString","coordinates":[[23.380343,42.636467],[23.380231,42.636468]]},"properties":{"name":"Петър Джидров"}},{"type":"Feature","geometry":{"type":"LineString","coordinates":[[23.310394,42.686993],[23.310497,42.687057],[23.310532,42.687081],[23.310856,42.687299],[23.311296,42.687595],[23.311957,42.688052],[23.312016,42.688094],[23.31263,42.688528],[23.312704,42.688579],[23.313099,42.688851],[23.313254,42.688958],[23.313785,42.689336],[23.313846,42.689379],[23.313974,42.689471]]},"properties":{"name":"бул. Прага"}},{"type":"Feature","geometry":{"type":"LineString","coordinates":[[23.311957,42.688052],[23.311874,42.688108]]},"properties":{"name":"Доспат"}},{"type":"Feature","geometry":{"type":"LineString","coordinates":[[23.24094,42.677602],[23.24071,42.677571],[23.239597,42.677432],[23.238315,42.677284],[23.237976,42.677245],[23.237628,42.677205]]},"properties":{"name":"Урал"}},{"type":"Feature","geometry":{"type":"LineString","coordinates":[[23.237509,42.677642],[23.23729,42.677615],[23.237022,42.677581],[23.236973,42.677575],[23.236633,42.677532],[23.235565,42.677404],[23.235473,42.677395],[23.235398,42.677406],[23.235344,42.677428],[23.235308,42.677471]]},"properties":{"name":"Каменица"}},{"type":"Feature","geometry":{"type":"LineString","coordinates":[[23.235308,42.677471],[23.235024,42.67685],[23.23498,42.67676]]},"properties":{"name":"Тихи кът"}},{"type":"Feature","geometry":{"type":"LineString","coordinates":[[23.343808,42.692665],[23.343754,42.692393],[23.343736,42.69232]]},"properties":{"name":"Проф. Асен Златаров"}},{"type":"Feature","geometry":{"type":"LineString","coordinates":[[23.350716,42.706464],[23.350625,42.706467],[23.348918,42.706518],[23.348024,42.706587],[23.347649,42.706617],[23.347045,42.706666],[23.346935,42.706674],[23.346755,42.706689],[23.346414,42.706716],[23.346128,42.706739],[23.346101,42.706741],[23.34551,42.706789],[23.345282,42.706918],[23.345205,42.706962],[23.344496,42.707366],[23.344109,42.707586],[23.343352,42.708017],[23.342923,42.708261]]},"properties":{"name":"Уошбърн"}},{"type":"Feature","geometry":{"type":"LineString","coordinates":[[23.317932,42.681759],[23.318023,42.68175],[23.318073,42.681737],[23.318226,42.681677],[23.318276,42.681789],[23.3183,42.681827],[23.318324,42.681852],[23.318353,42.681875]]},"properties":{"name":"Астана"}},{"type":"Feature","geometry":{"type":"LineString","coordinates":[[23.399058,42.655437],[23.398994,42.655355]]},"properties":{"name":"Мария Нейкова"}},{"type":"Feature","geometry":{"type":"LineString","coordinates":[[23.400886,42.654529],[23.400851,42.654443]]},"properties":{"name":"Ханс Кристиан Андерсен"}},{"type":"Feature","geometry":{"type":"LineString","coordinates":[[23.409617,42.648745],[23.409523,42.64867]]},"properties":{"name":"Делийска воденица"}},{"type":"Feature","geometry":{"type":"LineString","coordinates":[[23.380724,42.63742],[23.380836,42.637393],[23.380898,42.637378],[23.381064,42.637337],[23.382008,42.637106],[23.382598,42.636962],[23.382778,42.636918],[23.383911,42.636641],[23.383959,42.636632],[23.384004,42.636634]]},"properties":{"name":"Акад. Румен Цанев"}},{"type":"Feature","geometry":{"type":"LineString","coordinates":[[23.332515,42.711411],[23.332439,42.711293],[23.332282,42.711049],[23.332241,42.710986],[23.332048,42.710686],[23.331855,42.710388],[23.331662,42.710089],[23.331266,42.709478],[23.331213,42.709387],[23.331195,42.70934],[23.331194,42.70931],[23.331208,42.709269],[23.331235,42.709233]]},"properties":{"name":"Заводска"}},{"type":"Feature","geometry":{"type":"LineString","coordinates":[[23.331235,42.709233],[23.331264,42.709212],[23.331317,42.709175],[23.331392,42.709122],[23.331665,42.708951],[23.33202,42.708728],[23.332447,42.708455],[23.332705,42.708289],[23.332743,42.708262]]},"properties":{"name":"Индустриална"}},{"type":"Feature","geometry":{"type":"LineString","coordinates":[[23.319278,42.705522],[23.319286,42.705598]]},"properties":{"name":"Братя Миладинови"}},{"type":"Feature","geometry":{"type":"LineString","coordinates":[[23.315626,42.70585],[23.315604,42.705763]]},"properties":{"name":"Екзарх Антим I"}},{"type":"Feature","geometry":{"type":"LineString","coordinates":[[23.309038,42.706311],[23.309033,42.706239]]},"properties":{"name":"Калофер"}},{"type":"Feature","geometry":{"type":"LineString","coordinates":[[23.316425,42.705707],[23.31644,42.705792]]},"properties":{"name":"Софроний Врачански"}},{"type":"Feature","geometry":{"type":"LineString","coordinates":[[23.248025,42.712656],[23.247953,42.712695],[23.247915,42.712716],[23.247844,42.712754],[23.24773,42.712816],[23.247695,42.712836],[23.247531,42.712925],[23.247057,42.713184],[23.246482,42.713499],[23.246391,42.713549],[23.244988,42.714318],[23.244902,42.714365],[23.243779,42.714981],[23.243546,42.715108],[23.243129,42.71534],[23.242945,42.715465],[23.242848,42.715556],[23.242792,42.715609],[23.242762,42.715649],[23.242695,42.71574],[23.242626,42.71585],[23.242575,42.715972],[23.242499,42.71621],[23.242453,42.716345],[23.242404,42.716491],[23.242342,42.716675],[23.24229,42.716774],[23.242189,42.716923],[23.242111,42.71701],[23.242017,42.717093],[23.241858,42.717208],[23.241745,42.717275],[23.241051,42.717668],[23.240475,42.717996],[23.240114,42.718201],[23.239425,42.718592],[23.239088,42.718782],[23.238982,42.718842]]},"properties":{"name":"бул. Райко Даскалов"}},{"type":"Feature","geometry":{"type":"LineString","coordinates":[[23.360466,42.586926],[23.360468,42.586807],[23.360478,42.586303],[23.360472,42.586255]]},"properties":{"name":"Шопско хоро"}},{"type":"Feature","geometry":{"type":"LineString","coordinates":[[23.362951,42.615647],[23.363205,42.615706],[23.363405,42.615804],[23.363471,42.615858],[23.36354,42.61592],[23.363569,42.615959],[23.363588,42.616008],[23.363661,42.616228],[23.363693,42.616275],[23.363724,42.616313],[23.363784,42.616371],[23.363899,42.616441],[23.364008,42.616474],[23.364131,42.616497],[23.364318,42.616506],[23.365274,42.616583],[23.365611,42.616624],[23.365948,42.616697],[23.366312,42.616788],[23.366467,42.616847],[23.366571,42.616899],[23.366659,42.616957],[23.366753,42.617048],[23.366895,42.617244],[23.366983,42.617354],[23.367039,42.617394],[23.367141,42.617468],[23.367199,42.617497],[23.367442,42.617602],[23.367552,42.617667],[23.367635,42.617728],[23.367729,42.617802],[23.367819,42.617916],[23.367907,42.618057],[23.368006,42.618216],[23.36806,42.618302],[23.368085,42.618343],[23.368165,42.618441],[23.368294,42.618566],[23.368529,42.618721],[23.368777,42.618854],[23.368842,42.618904],[23.368914,42.618971],[23.368966,42.619045],[23.369015,42.61914],[23.369052,42.619248],[23.369061,42.619292],[23.369133,42.61965],[23.369146,42.619764],[23.369154,42.619834],[23.369177,42.619956],[23.369198,42.620113],[23.369227,42.620246],[23.369247,42.62031],[23.369286,42.620386],[23.369373,42.620491],[23.369558,42.620632],[23.369622,42.620693],[23.369685,42.620776],[23.369746,42.620875],[23.369772,42.620933],[23.369806,42.621271],[23.369813,42.621378],[23.369823,42.621469],[23.369834,42.621626],[23.369845,42.621779],[23.369865,42.622063],[23.369886,42.622336],[23.369916,42.622656],[23.369937,42.62278],[23.370001,42.622813],[23.37002,42.622823],[23.370075,42.62285],[23.370173,42.622882]]},"properties":{"name":"Рачо Петков Казанджията"}},{"type":"Feature","geometry":{"type":"LineString","coordinates":[[23.416368,42.649311],[23.413608,42.649399]]},"properties":{"name":"Кап. Любен Кондаков"}},{"type":"Feature","geometry":{"type":"LineString","coordinates":[[23.400886,42.654529],[23.400951,42.654686],[23.400968,42.654746],[23.400972,42.654762],[23.401087,42.655171],[23.401127,42.655315],[23.401205,42.655782],[23.401211,42.655887],[23.401177,42.656055],[23.401106,42.656405],[23.401095,42.656455],[23.401037,42.65661],[23.401157,42.656766],[23.401226,42.656849],[23.401376,42.657041],[23.401516,42.657245],[23.401547,42.657291],[23.401585,42.657347],[23.401602,42.657371],[23.401795,42.657653],[23.401871,42.657765],[23.401916,42.657828],[23.401934,42.657854],[23.402068,42.658045],[23.402126,42.658127],[23.402267,42.658329],[23.402507,42.65867],[23.402857,42.659161],[23.402961,42.659331],[23.403521,42.660191],[23.403979,42.660888],[23.404041,42.660981],[23.404075,42.661036],[23.404187,42.661203],[23.404311,42.6614],[23.404789,42.662178],[23.404905,42.662366],[23.405172,42.662841],[23.405286,42.663043],[23.405497,42.663466],[23.405722,42.663917],[23.40589,42.664254],[23.406099,42.664664],[23.406241,42.664929],[23.406291,42.665021],[23.406417,42.665256],[23.406467,42.665349],[23.406525,42.665435],[23.406589,42.665532],[23.406612,42.665563],[23.406629,42.665588],[23.406652,42.665619],[23.406734,42.66573],[23.406786,42.665799]]},"properties":{"name":"Илия Бешков"}},{"type":"Feature","geometry":{"type":"LineString","coordinates":[[23.30683,42.689798],[23.306755,42.689773]]},"properties":{"name":"Яков Крайков"}},{"type":"Feature","geometry":{"type":"LineString","coordinates":[[23.392111,42.667732],[23.392208,42.667715]]},"properties":{"name":"Майор Николай Бошнаков"}},{"type":"Feature","geometry":{"type":"LineString","coordinates":[[23.402299,42.668062],[23.402245,42.668005],[23.4022,42.667958],[23.402177,42.667933],[23.402125,42.66788],[23.402107,42.667859],[23.402064,42.667813],[23.401849,42.667586],[23.401655,42.66738],[23.401329,42.667035],[23.401056,42.666747],[23.40047,42.666127],[23.400414,42.666068],[23.399905,42.665529],[23.399757,42.665373],[23.399712,42.665324],[23.399644,42.665252],[23.399195,42.664778],[23.399023,42.664596],[23.398617,42.664166],[23.398205,42.663722],[23.398005,42.66347],[23.397948,42.663361],[23.397689,42.662869],[23.397598,42.662695],[23.397339,42.662356],[23.39725,42.662258],[23.396402,42.661373],[23.396338,42.661308],[23.396241,42.661206],[23.396105,42.661064],[23.395979,42.660932],[23.395475,42.660402],[23.395321,42.660238],[23.395234,42.660144],[23.395109,42.660011],[23.395085,42.659981],[23.395046,42.659932],[23.394963,42.659826]]},"properties":{"name":"бул. Кръстю Пастухов"}},{"type":"Feature","geometry":{"type":"LineString","coordinates":[[23.236892,42.678814],[23.23685,42.679029],[23.23682,42.679182],[23.236755,42.679326],[23.236298,42.68018],[23.236251,42.680273],[23.235702,42.68093],[23.235565,42.681121],[23.235454,42.681225],[23.235155,42.681382],[23.234937,42.681414],[23.234574,42.681647],[23.234402,42.681797],[23.234385,42.681913],[23.234426,42.682037],[23.234438,42.68217],[23.234357,42.68235],[23.234115,42.682661]]},"properties":{"name":"Гръстниче"}},{"type":"Feature","geometry":{"type":"LineString","coordinates":[[23.234115,42.682661],[23.233456,42.682182],[23.231997,42.681108]]},"properties":{"name":"757-ма"}},{"type":"Feature","geometry":{"type":"LineString","coordinates":[[23.231997,42.681108],[23.231677,42.681332]]},"properties":{"name":"Дон"}},{"type":"Feature","geometry":{"type":"LineString","coordinates":[[23.231677,42.681332],[23.230767,42.681253],[23.230517,42.681209],[23.230335,42.681131],[23.23029,42.681105],[23.230238,42.681062],[23.23014,42.680979],[23.229885,42.680746],[23.229306,42.680203],[23.229221,42.680008],[23.22915,42.679853],[23.229167,42.67962],[23.229239,42.679453],[23.229475,42.679024],[23.229768,42.678647],[23.230555,42.67744],[23.230578,42.677391],[23.230709,42.676831],[23.230935,42.675963],[23.230956,42.675862]]},"properties":{"name":"646-та"}},{"type":"Feature","geometry":{"type":"LineString","coordinates":[[23.239,42.67826],[23.239315,42.678138]]},"properties":{"name":"Градище"}},{"type":"Feature","geometry":{"type":"LineString","coordinates":[[23.241191,42.668131],[23.241934,42.667298],[23.24221,42.666973],[23.242373,42.666787],[23.242923,42.666138],[23.243151,42.665902],[23.243534,42.665677],[23.2439,42.665483]]},"properties":{"name":"Стефан Пешев"}},{"type":"Feature","geometry":{"type":"LineString","coordinates":[[23.230027,42.675788],[23.229579,42.675651],[23.229351,42.675495],[23.229204,42.675299],[23.229122,42.675178],[23.229114,42.674829],[23.22909,42.674715],[23.229034,42.674559],[23.228787,42.674097],[23.228723,42.674026],[23.228665,42.673971],[23.228603,42.673922],[23.228292,42.673761],[23.228247,42.673708],[23.228214,42.673653],[23.228201,42.673583],[23.228192,42.67352],[23.228266,42.673406],[23.228365,42.673267],[23.228571,42.673041],[23.228636,42.672846],[23.228608,42.672815],[23.228169,42.672268],[23.227964,42.672054],[23.227695,42.67183]]},"properties":{"name":"Софийска панорама"}},{"type":"Feature","geometry":{"type":"LineString","coordinates":[[23.227695,42.67183],[23.227675,42.671715],[23.227772,42.671576],[23.227987,42.671348],[23.228211,42.671084],[23.228431,42.670836],[23.228999,42.670263],[23.229272,42.669963],[23.229381,42.669846],[23.2295,42.669717],[23.229647,42.669514],[23.229776,42.669337],[23.230298,42.66869]]},"properties":{"name":"Дъга"}},{"type":"Feature","geometry":{"type":"LineString","coordinates":[[23.230298,42.66869],[23.231037,42.669117],[23.231458,42.669408],[23.231651,42.669565],[23.232154,42.669953],[23.23222,42.669991],[23.232292,42.670035],[23.232364,42.670062],[23.232439,42.670084],[23.232526,42.670105],[23.232684,42.67014],[23.2328,42.670161],[23.232924,42.670173],[23.233438,42.670183],[23.234016,42.67018],[23.234824,42.670192],[23.235358,42.67019]]},"properties":{"name":"Пладнище"}},{"type":"Feature","geometry":{"type":"LineString","coordinates":[[23.235358,42.67019],[23.235379,42.670121],[23.235542,42.669838],[23.235562,42.669805],[23.235597,42.66977],[23.235639,42.669747],[23.23569,42.669732],[23.236527,42.669607],[23.236696,42.669557],[23.236871,42.669505],[23.23721,42.669386],[23.237312,42.669372]]},"properties":{"name":"Каменист път"}},{"type":"Feature","geometry":{"type":"LineString","coordinates":[[23.237312,42.669372],[23.237432,42.669331],[23.237489,42.669332],[23.237604,42.669365],[23.238241,42.669584],[23.239358,42.669844],[23.239524,42.6699],[23.239679,42.669978],[23.239885,42.670129],[23.239942,42.670216],[23.239948,42.670299],[23.23997,42.670365],[23.240007,42.670429],[23.240108,42.670562],[23.240321,42.670846],[23.24085,42.671542],[23.240886,42.67162]]},"properties":{"name":"Ехо"}},{"type":"Feature","geometry":{"type":"LineString","coordinates":[[23.242885,42.715413],[23.242945,42.715465]]},"properties":{"name":"Кап. Иван Златев"}},{"type":"Feature","geometry":{"type":"LineString","coordinates":[[23.327329,42.695888],[23.327389,42.69594]]},"properties":{"name":"Дякон Игнатий"}},{"type":"Feature","geometry":{"type":"LineString","coordinates":[[23.322761,42.686252],[23.322758,42.686356],[23.322773,42.686434],[23.322807,42.68664],[23.322816,42.686695],[23.322869,42.68701],[23.322878,42.687063],[23.32292,42.687312],[23.322927,42.687359],[23.322963,42.687579],[23.322969,42.687619],[23.322974,42.68765],[23.323023,42.687955],[23.323077,42.688288],[23.323102,42.688448],[23.323114,42.688521],[23.323129,42.688618],[23.323144,42.6887],[23.323157,42.688773],[23.323176,42.688875],[23.323244,42.689251],[23.32325,42.689284],[23.323358,42.689884],[23.323475,42.690616],[23.323481,42.690646],[23.323516,42.690674],[23.323562,42.690699],[23.324218,42.691023],[23.324764,42.691299],[23.324905,42.691372],[23.32492,42.69138],[23.324972,42.691411],[23.324988,42.69142],[23.325,42.691427],[23.325025,42.691444],[23.325033,42.691449],[23.325082,42.691483],[23.325503,42.691772],[23.325878,42.69203],[23.325909,42.692052],[23.325934,42.692069],[23.326417,42.692404],[23.326659,42.692571],[23.326678,42.692584],[23.326752,42.692635],[23.326839,42.692696],[23.326904,42.692741],[23.326935,42.692763],[23.327017,42.692821],[23.327459,42.693129],[23.327504,42.69316],[23.327551,42.693201],[23.327963,42.693578],[23.32805,42.693657],[23.32859,42.694155],[23.328676,42.69424],[23.328707,42.69427],[23.328726,42.694293],[23.328745,42.694317],[23.329256,42.695058],[23.329292,42.695111],[23.329333,42.695169],[23.329387,42.695244],[23.329412,42.695279],[23.329497,42.695398],[23.329541,42.695457],[23.329587,42.695522],[23.32964,42.695593],[23.32969,42.695665],[23.329828,42.695858],[23.329905,42.695965],[23.33005,42.696168],[23.33008,42.696219],[23.330112,42.696272],[23.330135,42.696344],[23.330148,42.696436],[23.330171,42.696603],[23.330175,42.696665],[23.330173,42.696742],[23.330036,42.697352],[23.329901,42.698059],[23.329894,42.698097],[23.329884,42.698163],[23.329878,42.698193],[23.329878,42.698194],[23.329872,42.698223],[23.329868,42.69825],[23.329858,42.698306],[23.329855,42.698325],[23.329727,42.699069],[23.329623,42.699598],[23.329574,42.699858],[23.329557,42.699952],[23.32949,42.70031],[23.329451,42.70053],[23.329445,42.700566],[23.32943,42.700649],[23.329424,42.700686],[23.329416,42.700729],[23.329291,42.701457],[23.329283,42.701509],[23.329208,42.701972],[23.32904,42.702914],[23.329032,42.702952],[23.328994,42.703164],[23.328872,42.70383],[23.32884,42.703975],[23.328803,42.70413],[23.3288,42.704142],[23.328792,42.704169],[23.328766,42.704286],[23.328749,42.704373],[23.328743,42.704409],[23.3287,42.704641],[23.328697,42.704664],[23.328682,42.704751],[23.328671,42.704841],[23.328664,42.70489],[23.328564,42.705446],[23.32855,42.705524],[23.328429,42.706161],[23.3283,42.706885],[23.328225,42.707291],[23.328181,42.707527],[23.328178,42.707547],[23.328175,42.707568]]},"properties":{"name":"Георги С. Раковски"}},{"type":"Feature","geometry":{"type":"LineString","coordinates":[[23.330551,42.694642],[23.330576,42.694673]]},"properties":{"name":"6-ти септември"}},{"type":"Feature","geometry":{"type":"LineString","coordinates":[[23.324908,42.68678],[23.324937,42.686701]]},"properties":{"name":"6-ти септември"}},{"type":"Feature","geometry":{"type":"LineString","coordinates":[[23.348296,42.672729],[23.348213,42.672672]]},"properties":{"name":"Никола Мирчев"}},{"type":"Feature","geometry":{"type":"LineString","coordinates":[[23.326123,42.68699],[23.326095,42.687072]]},"properties":{"name":"Хан Крум"}},{"type":"Feature","geometry":{"type":"LineString","coordinates":[[23.3263,42.688392],[23.326291,42.688333]]},"properties":{"name":"Хан Крум"}},{"type":"Feature","geometry":{"type":"LineString","coordinates":[[23.329864,42.688783],[23.329788,42.688834],[23.329705,42.688895]]},"properties":{"name":"Ген. Паренсов"}},{"type":"Feature","geometry":{"type":"LineString","coordinates":[[23.269,42.683982],[23.268932,42.683934]]},"properties":{"name":"Крушовски връх"}},{"type":"Feature","geometry":{"type":"LineString","coordinates":[[23.31957,42.697024],[23.31954,42.696943]]},"properties":{"name":"Лавеле"}},{"type":"Feature","geometry":{"type":"LineString","coordinates":[[23.325879,42.696547],[23.325804,42.696476]]},"properties":{"name":"Княз Александър I"}},{"type":"Feature","geometry":{"type":"LineString","coordinates":[[23.328521,42.695419],[23.328561,42.695474]]},"properties":{"name":"Георги Бенковски"}},{"type":"Feature","geometry":{"type":"LineString","coordinates":[[23.332043,42.694088],[23.332095,42.694155],[23.332111,42.694176],[23.332126,42.694198],[23.33216,42.694247],[23.332302,42.694448],[23.332553,42.694811],[23.33261,42.694892],[23.332644,42.694942],[23.332815,42.695177],[23.332868,42.695232],[23.332893,42.695249],[23.332921,42.695262],[23.332952,42.695274],[23.332985,42.695283],[23.333076,42.695299],[23.333163,42.695324],[23.33324,42.695354],[23.33331,42.695391],[23.333375,42.695434],[23.333438,42.695489],[23.33349,42.695549],[23.333523,42.695599],[23.333549,42.695651],[23.333567,42.695704]]},"properties":{"name":"15-ти ноември"}},{"type":"Feature","geometry":{"type":"LineString","coordinates":[[23.31263,42.688528],[23.312709,42.688465]]},"properties":{"name":"Шандор Петьофи"}},{"type":"Feature","geometry":{"type":"LineString","coordinates":[[23.321851,42.678015],[23.321703,42.677942]]},"properties":{"name":"Димитър Хаджикоцев"}},{"type":"Feature","geometry":{"type":"LineString","coordinates":[[23.315633,42.654759],[23.315755,42.65476]]},"properties":{"name":"Джон Атанасов"}},{"type":"Feature","geometry":{"type":"LineString","coordinates":[[23.315861,42.653],[23.315964,42.652986]]},"properties":{"name":"Асен Йорданов"}},{"type":"Feature","geometry":{"type":"LineString","coordinates":[[23.31593,42.652064],[23.316036,42.652076]]},"properties":{"name":"Проф. Марин Големинов"}},{"type":"Feature","geometry":{"type":"LineString","coordinates":[[23.314353,42.645712],[23.314251,42.645729]]},"properties":{"name":"Александър Бръзицов"}},{"type":"Feature","geometry":{"type":"LineString","coordinates":[[23.313403,42.713361],[23.313518,42.713521],[23.313584,42.713578],[23.31367,42.713651],[23.313746,42.713699],[23.313826,42.71373]]},"properties":{"name":"бул. Ген. Столетов"}},{"type":"Feature","geometry":{"type":"LineString","coordinates":[[23.309655,42.698517],[23.309628,42.698413],[23.309404,42.69763],[23.309174,42.696843],[23.309015,42.696324],[23.309003,42.696294],[23.308961,42.696182],[23.308936,42.696118],[23.308802,42.695658],[23.308758,42.695507],[23.308722,42.695304],[23.30871,42.695111],[23.308727,42.694891],[23.308766,42.69471],[23.308827,42.694532],[23.308848,42.694488],[23.308912,42.69435],[23.308964,42.694254],[23.309062,42.694113],[23.309205,42.693929],[23.309363,42.693729],[23.309446,42.693625],[23.309621,42.693405],[23.309756,42.693211],[23.309799,42.693151],[23.310038,42.692761],[23.310072,42.692708],[23.31013,42.692613],[23.310161,42.692554],[23.310175,42.692526],[23.310189,42.692474]]},"properties":{"name":"бул. Ген. Скобелев"}},{"type":"Feature","geometry":{"type":"LineString","coordinates":[[23.310586,42.692001],[23.310706,42.691942],[23.31075,42.69192],[23.310787,42.691901],[23.310821,42.691884],[23.31085,42.691867],[23.310906,42.69183],[23.310967,42.691791],[23.311188,42.691652],[23.31129,42.691571],[23.311583,42.691337],[23.312209,42.690837],[23.312282,42.690778],[23.312976,42.690224],[23.313751,42.689619],[23.313807,42.689581],[23.313974,42.689471],[23.314019,42.689439],[23.314229,42.689292],[23.31445,42.689117],[23.314786,42.688863],[23.314992,42.688592],[23.315019,42.688557],[23.315388,42.688277],[23.315898,42.687891],[23.316642,42.687292],[23.317166,42.686885],[23.317491,42.686633],[23.317923,42.686293],[23.318092,42.686191],[23.31825,42.68613],[23.318371,42.686088],[23.318605,42.686051],[23.3189,42.686005],[23.31942,42.68595],[23.32056,42.685828],[23.320583,42.685835],[23.320807,42.685936],[23.321141,42.685917],[23.321425,42.685951],[23.322589,42.686211],[23.322626,42.686219],[23.322686,42.686234],[23.322761,42.686252]]},"properties":{"name":"бул. Ген. Скобелев"}},{"type":"Feature","geometry":{"type":"LineString","coordinates":[[23.310354,42.692528],[23.310303,42.692582],[23.31024,42.692657],[23.310196,42.692729],[23.310156,42.692799],[23.309914,42.693192],[23.309892,42.693224],[23.309788,42.693372],[23.309733,42.69345],[23.309683,42.693514],[23.309568,42.693659],[23.309556,42.693673],[23.309478,42.693779],[23.309353,42.693931],[23.309319,42.693976],[23.309173,42.69416],[23.309046,42.694363],[23.308961,42.694551],[23.3089,42.694731],[23.30887,42.694883],[23.308851,42.69511],[23.308861,42.6953],[23.308876,42.695367],[23.308904,42.695503],[23.309066,42.696047],[23.309081,42.696096],[23.3091,42.69616],[23.309134,42.696273],[23.309619,42.697954],[23.309716,42.698272],[23.309745,42.69837],[23.309752,42.698394],[23.309784,42.698498]]},"properties":{"name":"бул. Ген. Скобелев"}},{"type":"Feature","geometry":{"type":"LineString","coordinates":[[23.311491,42.691287],[23.311583,42.691337]]},"properties":{"name":"Лайош Кошут"}},{"type":"Feature","geometry":{"type":"LineString","coordinates":[[23.312282,42.690778],[23.312204,42.690725]]},"properties":{"name":"Люлин планина"}},{"type":"Feature","geometry":{"type":"LineString","coordinates":[[23.328001,42.687541],[23.328043,42.687461]]},"properties":{"name":"проф. Никола Михайлов"}},{"type":"Feature","geometry":{"type":"LineString","coordinates":[[23.349117,42.710075],[23.348977,42.709961],[23.34868,42.70972],[23.3486,42.709656],[23.348099,42.70925],[23.347418,42.708698]]},"properties":{"name":"Никола Войновски"}},{"type":"Feature","geometry":{"type":"LineString","coordinates":[[23.350271,42.710401],[23.349655,42.710374],[23.349544,42.710352]]},"properties":{"name":"Никола Войновски"}},{"type":"Feature","geometry":{"type":"LineString","coordinates":[[23.347418,42.708698],[23.347342,42.708382],[23.347297,42.708146],[23.347274,42.70801],[23.34719,42.707518],[23.347176,42.707437],[23.347045,42.706666],[23.347033,42.706598],[23.346895,42.70579],[23.346882,42.705717],[23.346847,42.705509],[23.346813,42.705308],[23.346732,42.704913],[23.346468,42.703973],[23.346456,42.703929]]},"properties":{"name":"Васил Петлешков"}},{"type":"Feature","geometry":{"type":"LineString","coordinates":[[23.346456,42.703929],[23.347386,42.703773],[23.348051,42.703655],[23.348427,42.703587],[23.348984,42.703491],[23.34944,42.70341],[23.350212,42.70326],[23.350445,42.703214],[23.350814,42.703123],[23.351225,42.703081],[23.351453,42.703044],[23.351567,42.703012],[23.351675,42.702976],[23.351749,42.702928],[23.351841,42.702816],[23.351893,42.702757]]},"properties":{"name":"Панайот Хитов"}},{"type":"Feature","geometry":{"type":"LineString","coordinates":[[23.34242,42.699517],[23.34243,42.699441]]},"properties":{"name":"Злетово"}},{"type":"Feature","geometry":{"type":"LineString","coordinates":[[23.337952,42.699048],[23.33797,42.698962],[23.337976,42.698927],[23.337981,42.698899],[23.337983,42.698833],[23.337984,42.698793],[23.33796,42.698328],[23.337953,42.698156],[23.337947,42.698],[23.337942,42.697853],[23.337924,42.697468],[23.337894,42.696843],[23.337891,42.696759],[23.337887,42.696714],[23.337887,42.696706],[23.337886,42.696654],[23.337885,42.696626],[23.337882,42.696586],[23.337878,42.69655],[23.337873,42.696509],[23.337765,42.695909],[23.337651,42.695287],[23.337641,42.69523]]},"properties":{"name":"Кракра"}},{"type":"Feature","geometry":{"type":"LineString","coordinates":[[23.329092,42.688255],[23.328997,42.68823],[23.328962,42.688221],[23.328951,42.688213],[23.328902,42.688179],[23.328887,42.688169],[23.328868,42.688159],[23.328832,42.688138],[23.328774,42.68813],[23.328682,42.688124],[23.328608,42.688127],[23.327246,42.68825],[23.326886,42.688281],[23.326677,42.688299],[23.326371,42.688326],[23.326291,42.688333],[23.325971,42.688362],[23.325609,42.688396],[23.325117,42.688441],[23.325,42.688452],[23.324324,42.688512],[23.324001,42.688542],[23.323244,42.688608],[23.323209,42.688611],[23.323129,42.688618],[23.322591,42.688666],[23.322406,42.688682],[23.321819,42.688736],[23.321772,42.68874],[23.321758,42.688742],[23.321665,42.68875],[23.321589,42.688757],[23.320385,42.688863],[23.319679,42.688924],[23.319203,42.688968],[23.319156,42.688972],[23.319008,42.688985],[23.318862,42.689],[23.317732,42.689104],[23.317127,42.689164],[23.316938,42.689183],[23.316583,42.689218],[23.316497,42.689226],[23.315302,42.689342],[23.31436,42.689431],[23.314239,42.689444],[23.314015,42.689466],[23.313974,42.689471]]},"properties":{"name":"бул. Патриарх Евтимий"}},{"type":"Feature","geometry":{"type":"LineString","coordinates":[[23.311214,42.687659],[23.311296,42.687595]]},"properties":{"name":"Тунджа"}},{"type":"Feature","geometry":{"type":"LineString","coordinates":[[23.298607,42.678614],[23.298344,42.678513],[23.298241,42.678476],[23.298076,42.678416],[23.297438,42.678191],[23.2972,42.678118],[23.297054,42.678073],[23.297012,42.67806],[23.296773,42.678],[23.296678,42.677984],[23.29658,42.677971],[23.296514,42.677965],[23.296415,42.677959],[23.296312,42.677957],[23.296206,42.677959],[23.296114,42.677964],[23.295988,42.67798],[23.295613,42.678061],[23.295258,42.67814],[23.294675,42.678272],[23.294064,42.678414],[23.293642,42.678516],[23.29337,42.678584],[23.293105,42.678649],[23.292648,42.678756],[23.291642,42.678986],[23.291537,42.679008]]},"properties":{"name":"Кюстендил"}},{"type":"Feature","geometry":{"type":"LineString","coordinates":[[23.291396,42.678873],[23.291545,42.678843],[23.292412,42.678646],[23.292719,42.678574],[23.292901,42.678531],[23.293295,42.678441],[23.294186,42.67823],[23.294613,42.678125],[23.295132,42.678007],[23.295301,42.677965],[23.295624,42.677886],[23.295682,42.677872],[23.295843,42.677832],[23.295929,42.677817],[23.296017,42.677806],[23.296138,42.677796],[23.296195,42.677792],[23.296342,42.677788],[23.296456,42.67779],[23.296538,42.677793],[23.296628,42.677798],[23.296713,42.677805],[23.296823,42.677818],[23.296935,42.677837],[23.297151,42.67789],[23.297429,42.67796],[23.297603,42.678005],[23.297632,42.678013],[23.297755,42.678046],[23.297873,42.678076],[23.297977,42.678113],[23.298076,42.678156],[23.298156,42.678198],[23.298318,42.6783],[23.29865,42.678517]]},"properties":{"name":"Кюстендил"}},{"type":"Feature","geometry":{"type":"LineString","coordinates":[[23.28596,42.67336],[23.28589,42.673411]]},"properties":{"name":"Пчела"}},{"type":"Feature","geometry":{"type":"LineString","coordinates":[[23.282984,42.671269],[23.282934,42.671335]]},"properties":{"name":"Природа"}},{"type":"Feature","geometry":{"type":"LineString","coordinates":[[23.280441,42.669599],[23.280519,42.669555]]},"properties":{"name":"Ладога"}},{"type":"Feature","geometry":{"type":"LineString","coordinates":[[23.373472,42.660583],[23.373607,42.660488],[23.37371,42.660416],[23.373984,42.660224],[23.373896,42.660105],[23.374098,42.659949]]},"properties":{"name":"Д-р Стоян Чомаков"}},{"type":"Feature","geometry":{"type":"LineString","coordinates":[[23.373472,42.660583],[23.373564,42.660653],[23.373629,42.660702],[23.373988,42.66098],[23.37405,42.661029],[23.37428,42.661199],[23.37433,42.661236],[23.37448,42.661353],[23.374688,42.661512],[23.375139,42.661856],[23.37531,42.661983],[23.375422,42.662066],[23.375462,42.662096],[23.375926,42.66245],[23.375999,42.662507],[23.376091,42.662561]]},"properties":{"name":"Димитър Моллов"}},{"type":"Feature","geometry":{"type":"LineString","coordinates":[[23.340254,42.69923],[23.340268,42.699156]]},"properties":{"name":"Тракия"}},{"type":"Feature","geometry":{"type":"LineString","coordinates":[[23.403441,42.652927],[23.40346,42.65302]]},"properties":{"name":"Хайделберг"}},{"type":"Feature","geometry":{"type":"LineString","coordinates":[[23.341828,42.699387],[23.341841,42.699312]]},"properties":{"name":"Поручик Пачев"}},{"type":"Feature","geometry":{"type":"LineString","coordinates":[[23.271536,42.718695],[23.271159,42.718553],[23.270582,42.718335],[23.270312,42.718232],[23.270129,42.718161],[23.270037,42.718108],[23.269949,42.718024],[23.269869,42.717941],[23.269685,42.717747],[23.26964,42.717701],[23.269052,42.717083],[23.268981,42.717009],[23.268098,42.716121],[23.268027,42.716051],[23.267251,42.715269],[23.266923,42.714937],[23.26679,42.714802],[23.266708,42.714714],[23.266337,42.714317],[23.266037,42.714002],[23.266012,42.713976],[23.265857,42.713832],[23.265769,42.71375],[23.265642,42.713631],[23.26561,42.713601],[23.265397,42.713402],[23.265371,42.713378],[23.265344,42.713353],[23.265323,42.713333],[23.265293,42.713305],[23.26522,42.713236]]},"properties":{"name":"бул. Луи Пастьор"}},{"type":"Feature","geometry":{"type":"LineString","coordinates":[[23.271536,42.718695],[23.271614,42.718687],[23.271692,42.718657],[23.272269,42.718348],[23.272319,42.71832],[23.272568,42.718187],[23.273776,42.717549],[23.273852,42.717508],[23.274629,42.717087],[23.275452,42.716641],[23.276176,42.716246],[23.27678,42.715918],[23.276935,42.715835],[23.276973,42.715814],[23.277157,42.71572]]},"properties":{"name":"Ген. Владимир Динчев"}},{"type":"Feature","geometry":{"type":"LineString","coordinates":[[23.314509,42.705319],[23.31453,42.705398]]},"properties":{"name":"Отец Паисий"}},{"type":"Feature","geometry":{"type":"LineString","coordinates":[[23.251056,42.715989],[23.251109,42.715961],[23.251156,42.715936],[23.251217,42.715904],[23.251373,42.715818],[23.251396,42.715805],[23.252124,42.715404],[23.252579,42.715155],[23.252905,42.714977],[23.253138,42.714858],[23.253211,42.714822],[23.253239,42.714808],[23.253339,42.714758],[23.253395,42.714728],[23.253434,42.714709],[23.253881,42.714541],[23.253956,42.714519],[23.254029,42.714497],[23.25418,42.71446],[23.25432,42.714429],[23.254441,42.714401],[23.254564,42.714383],[23.25478,42.714356],[23.255,42.714341],[23.255156,42.714339],[23.255304,42.714338],[23.255474,42.714347],[23.255694,42.714358],[23.25597,42.714382],[23.256146,42.714398],[23.256563,42.714445],[23.257465,42.714545],[23.257603,42.714561],[23.257862,42.714591],[23.258167,42.714627],[23.258371,42.714651],[23.2584,42.714655],[23.258507,42.714667],[23.258613,42.714678],[23.258742,42.714693],[23.259626,42.714791],[23.259772,42.714808],[23.260117,42.71484],[23.260228,42.714862],[23.260358,42.714897],[23.260497,42.714935],[23.260628,42.714985],[23.26077,42.71505],[23.260871,42.715108],[23.261103,42.71526],[23.261176,42.7153],[23.261268,42.715319],[23.261358,42.715322],[23.261429,42.71531],[23.261494,42.715285],[23.261562,42.71525],[23.261692,42.715179],[23.261825,42.715108],[23.261891,42.715071],[23.262661,42.714642],[23.262999,42.714456],[23.264103,42.713844],[23.264294,42.71374],[23.264593,42.713574],[23.264858,42.713432],[23.264959,42.713377],[23.265003,42.713354],[23.26522,42.713236]]},"properties":{"name":"бул. Джавахарлал Неру"}},{"type":"Feature","geometry":{"type":"LineString","coordinates":[[23.306797,42.674921],[23.306771,42.674857]]},"properties":{"name":"Ярослав Вешин"}},{"type":"Feature","geometry":{"type":"LineString","coordinates":[[23.304139,42.673685],[23.304042,42.673679]]},"properties":{"name":"Златишки проход"}},{"type":"Feature","geometry":{"type":"LineString","coordinates":[[23.296538,42.677793],[23.296551,42.677782]]},"properties":{"name":"Битоля"}},{"type":"Feature","geometry":{"type":"LineString","coordinates":[[23.401871,42.657765],[23.401953,42.657736],[23.402017,42.657713],[23.403435,42.657204],[23.404408,42.656859],[23.404761,42.656733],[23.405115,42.656605],[23.406154,42.656228],[23.406297,42.656179],[23.406698,42.656033],[23.406871,42.655971],[23.407215,42.655851],[23.407773,42.655648],[23.407994,42.655568],[23.408006,42.655564],[23.408078,42.655538],[23.408098,42.655531],[23.408119,42.655523],[23.408151,42.655512],[23.408166,42.655506],[23.408234,42.655482],[23.408479,42.655394],[23.408891,42.655246],[23.410453,42.654686],[23.410815,42.654556],[23.410943,42.65451],[23.411034,42.654477],[23.411128,42.654444],[23.411572,42.654286],[23.411887,42.654174],[23.412553,42.653937],[23.413059,42.653751],[23.413434,42.653617]]},"properties":{"name":"Амстердам"}},{"type":"Feature","geometry":{"type":"LineString","coordinates":[[23.304535,42.700903],[23.304506,42.700801],[23.304485,42.70073],[23.304471,42.700681],[23.304452,42.700613],[23.304401,42.700436],[23.304141,42.699525],[23.304136,42.699509],[23.304123,42.699464],[23.304114,42.69943],[23.304106,42.699402],[23.304097,42.699373],[23.304085,42.69933],[23.304076,42.699299],[23.304025,42.699121],[23.304014,42.699083],[23.303972,42.698939],[23.303956,42.698884],[23.303839,42.698478],[23.303821,42.698414],[23.303728,42.698092],[23.30366,42.697856],[23.303593,42.69762],[23.303524,42.697382],[23.303476,42.697215],[23.303457,42.697149],[23.303427,42.697045],[23.303405,42.696967],[23.303346,42.696749]]},"properties":{"name":"Одрин"}},{"type":"Feature","geometry":{"type":"LineString","coordinates":[[23.303346,42.696749],[23.303011,42.696794],[23.30284,42.696817],[23.302387,42.696884]]},"properties":{"name":"Партений Нишавски"}},{"type":"Feature","geometry":{"type":"LineString","coordinates":[[23.302308,42.696581],[23.302387,42.696884]]},"properties":{"name":"Гюешево"}},{"type":"Feature","geometry":{"type":"LineString","coordinates":[[23.302308,42.696581],[23.302334,42.696467],[23.302355,42.696375],[23.302647,42.695257],[23.302189,42.695006],[23.301751,42.694765],[23.301472,42.694612],[23.301144,42.694432],[23.300895,42.694295],[23.300735,42.694207],[23.300641,42.694156],[23.300543,42.694103],[23.300059,42.69384],[23.299687,42.693639],[23.298841,42.693185],[23.298476,42.692988],[23.298445,42.692972],[23.298179,42.692827],[23.297711,42.692576],[23.296897,42.692139],[23.296464,42.691903],[23.295906,42.691602],[23.295853,42.691573]]},"properties":{"name":"Охридско езеро"}},{"type":"Feature","geometry":{"type":"LineString","coordinates":[[23.281484,42.693027],[23.281398,42.693097]]},"properties":{"name":"Добротич"}},{"type":"Feature","geometry":{"type":"LineString","coordinates":[[23.273782,42.685119],[23.273843,42.685053]]},"properties":{"name":"Земляне"}},{"type":"Feature","geometry":{"type":"LineString","coordinates":[[23.255562,42.682609],[23.255456,42.682591]]},"properties":{"name":"Акад. Константин Пашев"}},{"type":"Feature","geometry":{"type":"LineString","coordinates":[[23.252119,42.673323],[23.252232,42.673342],[23.2527,42.673407],[23.253904,42.673573],[23.25552,42.673795],[23.256169,42.673885],[23.257036,42.674005],[23.257099,42.674013],[23.257996,42.674134],[23.258989,42.674273],[23.259111,42.67429],[23.260599,42.674497],[23.261249,42.674587],[23.261672,42.674646],[23.261875,42.674673],[23.26401,42.674967],[23.264474,42.675031],[23.264656,42.675055]]},"properties":{"name":"Боряна"}},{"type":"Feature","geometry":{"type":"LineString","coordinates":[[23.310797,42.692218],[23.310843,42.692252]]},"properties":{"name":"бул. Македония"}},{"type":"Feature","geometry":{"type":"LineString","coordinates":[[23.359014,42.657221],[23.35914,42.657248]]},"properties":{"name":"Проф. Георги Брадистилов"}},{"type":"Feature","geometry":{"type":"LineString","coordinates":[[23.349744,42.624726],[23.349737,42.624666],[23.349725,42.624622],[23.349706,42.624586],[23.349674,42.624558],[23.349576,42.6245],[23.349497,42.624449],[23.349404,42.624372],[23.349324,42.624289],[23.34927,42.624215],[23.349079,42.623885],[23.348513,42.622966],[23.348425,42.622822],[23.348352,42.62267],[23.348264,42.622449],[23.348215,42.622191],[23.348175,42.621884],[23.348181,42.62165],[23.348261,42.621223],[23.348328,42.621043],[23.348406,42.620884],[23.348626,42.620515],[23.34874,42.620328],[23.348858,42.620158],[23.348904,42.620079],[23.348966,42.619921],[23.348988,42.619859],[23.349023,42.619749],[23.349043,42.619639],[23.349045,42.619536],[23.349031,42.619429],[23.349015,42.619328],[23.348982,42.619217],[23.348909,42.619046],[23.348827,42.618882],[23.348773,42.618759],[23.348703,42.618397]]},"properties":{"name":"Славка Славова"}},{"type":"Feature","geometry":{"type":"LineString","coordinates":[[23.348677,42.618353],[23.348609,42.61816],[23.348501,42.618022]]},"properties":{"name":"Арх. Никола Лазаров"}},{"type":"Feature","geometry":{"type":"LineString","coordinates":[[23.306597,42.656989],[23.3066,42.657063]]},"properties":{"name":"Никола Крушкин-Чолака"}},{"type":"Feature","geometry":{"type":"LineString","coordinates":[[23.302779,42.657817],[23.302817,42.65791]]},"properties":{"name":"Младежки проход"}},{"type":"Feature","geometry":{"type":"LineString","coordinates":[[23.27523,42.67009],[23.275201,42.670016],[23.275178,42.66997],[23.274916,42.669447],[23.274735,42.669084],[23.274677,42.668968],[23.274661,42.668936],[23.274648,42.66891],[23.274598,42.668805],[23.274554,42.668712],[23.274329,42.668243],[23.274297,42.668175],[23.274131,42.667827],[23.274084,42.667729],[23.274074,42.667708],[23.273902,42.667363],[23.273797,42.667152],[23.273739,42.667032],[23.273677,42.666904],[23.273617,42.666779],[23.273564,42.666671],[23.273486,42.66651],[23.273344,42.666216],[23.273333,42.666193],[23.273245,42.666011],[23.273242,42.666005],[23.273074,42.665659],[23.273046,42.665601],[23.273024,42.665555],[23.272914,42.665324],[23.272792,42.665068],[23.272683,42.664838],[23.272581,42.664624],[23.272386,42.664216],[23.272096,42.66361],[23.272035,42.663483],[23.272015,42.663442],[23.271994,42.663398]]},"properties":{"name":"Ген. Александър В. Суворов"}},{"type":"Feature","geometry":{"type":"LineString","coordinates":[[23.271994,42.663398],[23.272152,42.66338],[23.273014,42.663257],[23.273732,42.663167],[23.273771,42.663162],[23.27418,42.66311],[23.274247,42.663102],[23.274326,42.663093],[23.274941,42.662981],[23.275458,42.66289],[23.275474,42.662888],[23.275535,42.662877],[23.276661,42.662653],[23.276742,42.662636],[23.277652,42.66244],[23.277844,42.662398],[23.277891,42.662388],[23.277909,42.662384],[23.277923,42.662381],[23.277951,42.662375],[23.278333,42.662293],[23.278355,42.66229],[23.278419,42.662279],[23.279705,42.661887],[23.280307,42.661701],[23.280472,42.661648],[23.280526,42.661631],[23.280578,42.661616],[23.280911,42.661516],[23.280969,42.661498],[23.280982,42.661494],[23.281237,42.661413],[23.281285,42.66139],[23.281678,42.661213],[23.281957,42.66108],[23.282195,42.660965],[23.282517,42.660748]]},"properties":{"name":"Иван Сусанин"}},{"type":"Feature","geometry":{"type":"LineString","coordinates":[[23.283331,42.66139],[23.283523,42.661312],[23.28354,42.661301]]},"properties":{"name":"Борис Димовски"}},{"type":"Feature","geometry":{"type":"LineString","coordinates":[[23.280412,42.658812],[23.280488,42.658812],[23.280712,42.658813],[23.280768,42.658813],[23.280985,42.658785],[23.281016,42.658781],[23.281153,42.65874],[23.281285,42.658697],[23.281345,42.658674],[23.281416,42.658648],[23.281469,42.658626],[23.281606,42.658565],[23.281778,42.658478],[23.281888,42.658422],[23.281928,42.658402],[23.282047,42.658337],[23.282065,42.658327],[23.282325,42.658184],[23.282381,42.658153],[23.283093,42.657794],[23.283281,42.657699],[23.283708,42.657477],[23.283808,42.657399],[23.283864,42.65733],[23.28392,42.657224],[23.283934,42.657217],[23.284048,42.657162],[23.284406,42.656999]]},"properties":{"name":"Българска легия"}},{"type":"Feature","geometry":{"type":"LineString","coordinates":[[23.284996,42.656767],[23.28515,42.656707],[23.285285,42.656655],[23.285332,42.656635],[23.285353,42.656627],[23.28543,42.656595],[23.285627,42.65652],[23.286147,42.656323],[23.286181,42.65631],[23.286877,42.656049],[23.287981,42.655634],[23.288097,42.655593],[23.288145,42.655576],[23.289396,42.655097],[23.290254,42.654761],[23.291031,42.65445]]},"properties":{"name":"Васил Стефанов"}},{"type":"Feature","geometry":{"type":"LineString","coordinates":[[23.291031,42.65445],[23.291088,42.654532],[23.29109,42.65454],[23.291203,42.655014],[23.291311,42.655425],[23.291323,42.655465],[23.291354,42.655557],[23.291635,42.656277],[23.291766,42.656583],[23.291975,42.657052],[23.292087,42.657285],[23.292151,42.657433],[23.292234,42.657622],[23.292308,42.657776],[23.292369,42.657898],[23.29241,42.657981],[23.292497,42.658162],[23.292566,42.658298],[23.292738,42.658619],[23.292884,42.658875],[23.292942,42.658977],[23.293053,42.659176],[23.293106,42.659279],[23.293163,42.659463],[23.293258,42.659708],[23.293331,42.659909],[23.293362,42.660014],[23.293424,42.660218],[23.293462,42.660305],[23.29357,42.660451],[23.293588,42.660475],[23.293784,42.660729],[23.293877,42.660851],[23.294058,42.661085],[23.294174,42.661235],[23.294283,42.661377],[23.294426,42.661563],[23.294533,42.661701],[23.294579,42.661763]]},"properties":{"name":"Боян Петров"}},{"type":"Feature","geometry":{"type":"LineString","coordinates":[[23.373121,42.63005],[23.373138,42.630817],[23.373092,42.632325],[23.372951,42.638697],[23.372937,42.640701],[23.37295,42.64111],[23.37302,42.641407],[23.373396,42.642277],[23.373638,42.642692],[23.374478,42.64407],[23.375435,42.645612],[23.376309,42.647047],[23.376574,42.647456],[23.376903,42.648157],[23.377001,42.648357],[23.377069,42.648653],[23.377096,42.649033],[23.377052,42.649527],[23.376961,42.64989],[23.376834,42.650242],[23.376629,42.650522],[23.376391,42.650791],[23.376048,42.651054],[23.375385,42.651513],[23.374491,42.652142],[23.37419,42.652354],[23.373782,42.65264],[23.373264,42.653002],[23.37132,42.654373],[23.370892,42.654669],[23.370572,42.6549],[23.370417,42.655007],[23.369737,42.655492],[23.36912,42.655877],[23.368672,42.656139],[23.368225,42.656384],[23.365949,42.657633],[23.365258,42.658044],[23.364928,42.658231],[23.364792,42.658312],[23.364352,42.658572],[23.364142,42.658695],[23.363885,42.658846],[23.363424,42.659112],[23.363008,42.659383],[23.362766,42.659555],[23.362284,42.659938],[23.361543,42.660504],[23.361041,42.660963],[23.360474,42.661316],[23.359951,42.661575],[23.358702,42.662052],[23.358456,42.662184],[23.358118,42.662444],[23.357779,42.662705],[23.356948,42.663396],[23.356772,42.663578],[23.356166,42.664255],[23.356133,42.664287],[23.356012,42.664403],[23.355781,42.664625],[23.355507,42.664879],[23.355196,42.66515],[23.354478,42.66577],[23.35389,42.666299],[23.353624,42.66658],[23.353479,42.666781],[23.35328,42.667053],[23.353142,42.667285],[23.353016,42.667517],[23.352939,42.667664],[23.352839,42.667891],[23.352701,42.668219],[23.35261,42.668443],[23.352543,42.668615],[23.352462,42.668814],[23.352346,42.669076],[23.352278,42.669237],[23.352186,42.669451],[23.352138,42.669569],[23.35209,42.669689],[23.351994,42.66992],[23.351911,42.670108],[23.351825,42.670254],[23.351734,42.67041],[23.351553,42.670649],[23.351402,42.67084],[23.351371,42.670869],[23.351073,42.671199],[23.350636,42.671497],[23.350375,42.671665],[23.35017,42.671774],[23.349886,42.671913],[23.349813,42.671947],[23.349095,42.672231],[23.348315,42.672508],[23.347511,42.672887],[23.346773,42.673342],[23.341852,42.677371],[23.335679,42.682484],[23.335535,42.682605],[23.335495,42.682638],[23.333297,42.684433],[23.333157,42.6846],[23.332739,42.685101],[23.332496,42.685539],[23.33243,42.685794],[23.332418,42.685876],[23.332321,42.686466],[23.332355,42.687033],[23.332427,42.687291],[23.332594,42.687562],[23.332792,42.687833],[23.334035,42.688893],[23.334671,42.689403],[23.334894,42.689606],[23.335062,42.68982],[23.335213,42.690212],[23.335317,42.690705],[23.335273,42.691093],[23.335187,42.691469],[23.335009,42.691759],[23.334489,42.692516],[23.334359,42.692765],[23.334098,42.693042],[23.333692,42.693297],[23.33301,42.693678],[23.332792,42.693764],[23.324483,42.697085],[23.324049,42.697246],[23.32373,42.697326],[23.323021,42.697459],[23.322637,42.697538],[23.321123,42.697815],[23.321048,42.697829],[23.319514,42.698111],[23.318478,42.698351],[23.318174,42.698404]]},"properties":{"name":"Първи метродиаметър"}},{"type":"Feature","geometry":{"type":"LineString","coordinates":[[23.392624,42.648299],[23.391923,42.647364],[23.391633,42.646993],[23.391264,42.646643],[23.390718,42.646276],[23.390153,42.645997],[23.389536,42.645784],[23.388887,42.645661],[23.388686,42.645635],[23.388149,42.645613],[23.38772,42.645674],[23.387552,42.645711],[23.386972,42.645837],[23.386548,42.645929],[23.38611,42.646023],[23.385465,42.646163],[23.385102,42.646242],[23.384866,42.646293],[23.384661,42.646338],[23.38284,42.646758],[23.382757,42.646777],[23.382244,42.646911],[23.382145,42.646952],[23.381735,42.647121],[23.381034,42.647564],[23.377547,42.65003],[23.377197,42.650328],[23.376569,42.650868],[23.375517,42.651618],[23.374933,42.652005],[23.374544,42.652181],[23.374233,42.652396],[23.373828,42.652679],[23.372117,42.653874],[23.370904,42.65472],[23.37061,42.654927],[23.370475,42.655021],[23.369798,42.655499],[23.369155,42.655911],[23.368705,42.656172],[23.368257,42.656419],[23.365988,42.657671],[23.365254,42.65809],[23.364962,42.658263],[23.36438,42.658607],[23.364175,42.658724],[23.363983,42.658837],[23.363919,42.658877],[23.363039,42.659423],[23.362789,42.659593],[23.362309,42.65996],[23.361597,42.660523],[23.361073,42.660991],[23.3605,42.661349],[23.359976,42.661607],[23.358714,42.662089],[23.358492,42.66221],[23.358153,42.66247],[23.357083,42.663338],[23.356995,42.663409],[23.356806,42.663592],[23.356492,42.663953],[23.356211,42.664268],[23.356168,42.664309],[23.35605,42.664422],[23.355792,42.664667],[23.355537,42.664891],[23.355223,42.665168],[23.355024,42.665345],[23.354623,42.665688],[23.353941,42.666302],[23.35366,42.666599],[23.353514,42.666796],[23.353353,42.667015],[23.353192,42.667274],[23.353006,42.66762],[23.352851,42.667961],[23.352735,42.668243],[23.35258,42.668624],[23.352498,42.668828],[23.352384,42.669085],[23.352314,42.669251],[23.352176,42.669578],[23.352126,42.669697],[23.351947,42.670116],[23.351863,42.670265],[23.351777,42.67042],[23.35159,42.670667],[23.35144,42.670856],[23.351099,42.671239],[23.350675,42.6715],[23.350329,42.671713],[23.350197,42.671786],[23.349704,42.672044],[23.349137,42.672272],[23.34832,42.672564],[23.34754,42.672932],[23.346827,42.67338],[23.333339,42.68447],[23.332916,42.684981],[23.332802,42.685119],[23.332545,42.685548],[23.332479,42.685791],[23.332402,42.686296],[23.332374,42.686466],[23.332407,42.68703],[23.332487,42.68726],[23.332654,42.687534],[23.332863,42.687821],[23.333868,42.688699],[23.334961,42.689586],[23.335116,42.689806],[23.335279,42.690199],[23.335406,42.690689],[23.335433,42.690961],[23.335292,42.69168],[23.334775,42.692445],[23.334741,42.692489],[23.334708,42.692534],[23.334473,42.692836],[23.334213,42.693076],[23.333022,42.693729],[23.327357,42.695985],[23.325896,42.696572],[23.325254,42.696832],[23.324504,42.697125],[23.324072,42.6973],[23.323769,42.697388],[23.322664,42.697598],[23.321183,42.697941],[23.319665,42.698229],[23.319606,42.69824],[23.319547,42.698251],[23.318487,42.698397],[23.317174,42.698629],[23.315595,42.698909],[23.31468,42.699082],[23.313405,42.699321],[23.312606,42.699479],[23.312187,42.699599],[23.311867,42.699665],[23.311118,42.699811],[23.310493,42.699921],[23.310402,42.699937],[23.309097,42.700166],[23.308916,42.700194],[23.307618,42.700398],[23.306607,42.700577],[23.305814,42.70071],[23.304556,42.700914],[23.30329,42.701132],[23.301363,42.70146],[23.30082,42.70155],[23.300156,42.70166],[23.29981,42.701718],[23.299369,42.701794],[23.297982,42.702032],[23.297398,42.702081],[23.296409,42.702271],[23.296189,42.702355],[23.296004,42.702454],[23.295558,42.702728],[23.294355,42.703476],[23.293877,42.703766],[23.293488,42.703938],[23.293121,42.704052],[23.292585,42.704195],[23.292116,42.704289],[23.289826,42.704735],[23.288327,42.705049],[23.28706,42.705374],[23.285233,42.705876],[23.284821,42.706024],[23.284491,42.706144],[23.282704,42.706615],[23.282143,42.706703],[23.281574,42.70684],[23.279424,42.707383],[23.277286,42.707945],[23.275981,42.708337],[23.275924,42.708357],[23.275866,42.708384],[23.274986,42.708838],[23.274405,42.709139],[23.273014,42.709845],[23.271604,42.710654],[23.270877,42.711052],[23.270684,42.711163],[23.270478,42.711264],[23.270021,42.711597],[23.269918,42.711654],[23.268355,42.712514],[23.268204,42.712596],[23.268053,42.71266],[23.267029,42.713118],[23.259398,42.717409],[23.258765,42.717758],[23.257588,42.718396],[23.257451,42.718471],[23.256699,42.718896],[23.256547,42.718989],[23.256398,42.719092],[23.256103,42.719314],[23.255965,42.719434],[23.255839,42.719564],[23.255557,42.719922],[23.255375,42.720258],[23.255314,42.720461],[23.255276,42.72064],[23.25524,42.72097],[23.255232,42.721271],[23.255296,42.721637],[23.255349,42.721774],[23.25543,42.721989],[23.255591,42.722236],[23.255876,42.722485],[23.25633,42.722746],[23.256705,42.722904],[23.257582,42.723374],[23.25849,42.723876],[23.259137,42.724331],[23.259578,42.724691],[23.260332,42.725434],[23.261024,42.725878],[23.261669,42.726505]]},"properties":{"name":"Първи метродиаметър"}},{"type":"Feature","geometry":{"type":"LineString","coordinates":[[23.393005,42.648689],[23.393264,42.649033],[23.394018,42.650064],[23.394049,42.650107],[23.394163,42.650326],[23.394989,42.651688],[23.395133,42.652117],[23.395149,42.65222],[23.39515,42.65232],[23.395152,42.65245],[23.395147,42.652581],[23.395134,42.6527],[23.39512,42.652812],[23.395098,42.652928],[23.395064,42.653069],[23.39502,42.653195],[23.394956,42.653357],[23.394859,42.653564],[23.394745,42.653768],[23.394534,42.654101],[23.394319,42.654432],[23.394174,42.654687],[23.39408,42.654893],[23.394032,42.655027],[23.393998,42.655177],[23.393956,42.655365],[23.393942,42.655553],[23.393951,42.655705],[23.393963,42.655845],[23.393982,42.655995],[23.394009,42.656132]]},"properties":{"name":"Първи метродиаметър"}},{"type":"Feature","geometry":{"type":"LineString","coordinates":[[23.406581,42.673489],[23.406741,42.673617],[23.409712,42.675987],[23.410693,42.676771],[23.410722,42.676795],[23.410993,42.677019],[23.411118,42.677153],[23.411367,42.677411],[23.411559,42.677676],[23.411842,42.678078],[23.412112,42.678495],[23.412372,42.678916],[23.412906,42.679729],[23.413419,42.680539],[23.413636,42.680865],[23.413708,42.68101],[23.413765,42.68116],[23.413852,42.681406],[23.413904,42.681599],[23.414007,42.682014],[23.414159,42.682469],[23.414321,42.682839],[23.414502,42.683222],[23.41464,42.683498],[23.414817,42.683872],[23.415167,42.684492],[23.415543,42.685107],[23.415674,42.685332],[23.415793,42.685571],[23.415915,42.685889],[23.415965,42.686089],[23.415996,42.686291],[23.41604,42.686556]]},"properties":{"name":"Първи метродиаметър"}},{"type":"Feature","geometry":{"type":"LineString","coordinates":[[23.416035,42.686919],[23.416084,42.6874],[23.41614,42.68806]]},"properties":{"name":"Първи метродиаметър"}},{"type":"Feature","geometry":{"type":"LineString","coordinates":[[23.276669,42.741152],[23.277032,42.74136],[23.27712,42.741411],[23.277289,42.74148],[23.277494,42.741561],[23.277837,42.741687],[23.278233,42.741813],[23.278573,42.741904],[23.278862,42.741975],[23.279224,42.74206],[23.279895,42.742217],[23.281315,42.742562],[23.281644,42.742615],[23.281986,42.74265],[23.282645,42.742678],[23.283006,42.742667],[23.283351,42.742631],[23.283788,42.74256],[23.284171,42.742477],[23.284494,42.742381],[23.284885,42.742238],[23.285207,42.742097],[23.28544,42.741978],[23.285886,42.741729],[23.286151,42.741534],[23.286613,42.741124],[23.286659,42.741083],[23.287048,42.740737],[23.287292,42.740516],[23.287458,42.740353],[23.2877,42.740138],[23.287775,42.740068],[23.289725,42.73827],[23.290447,42.737628],[23.292045,42.736177],[23.293115,42.735241],[23.293625,42.734812],[23.296341,42.732336],[23.296809,42.731873],[23.300768,42.728215],[23.30083,42.728157],[23.301662,42.72738],[23.303823,42.725361],[23.304784,42.724473],[23.305926,42.723369],[23.30625,42.723105],[23.306796,42.722685],[23.307246,42.722323],[23.308316,42.72146],[23.309072,42.720821],[23.3095,42.720302],[23.309629,42.719798],[23.309603,42.718767],[23.309578,42.7175],[23.309596,42.71697],[23.309729,42.716416],[23.309873,42.716078],[23.309894,42.716031],[23.309996,42.715792],[23.310275,42.715477],[23.310289,42.71546],[23.310434,42.715344],[23.310744,42.715139],[23.311318,42.714876],[23.312167,42.71455],[23.312369,42.714474],[23.313664,42.713984],[23.313762,42.713947],[23.315448,42.713227],[23.317016,42.712404],[23.31793,42.71193],[23.31915,42.711308],[23.319435,42.711197],[23.31975,42.711074],[23.321311,42.710508],[23.32201,42.710181],[23.322559,42.709719],[23.322699,42.70943],[23.322781,42.70928],[23.323077,42.708298],[23.323436,42.707111],[23.323526,42.706813],[23.32357,42.706666],[23.323583,42.706622],[23.323668,42.706341],[23.323706,42.706159],[23.323896,42.705239],[23.323909,42.705083],[23.323748,42.704476],[23.322511,42.700344],[23.322314,42.69967],[23.322202,42.699286],[23.322125,42.699023],[23.321889,42.698201],[23.321757,42.697744],[23.321469,42.696845],[23.320978,42.695319],[23.320853,42.694864],[23.319084,42.689059],[23.319069,42.688837],[23.31906,42.688511],[23.319061,42.688459],[23.319063,42.688235],[23.319172,42.687225],[23.319275,42.686279],[23.319412,42.685741],[23.319488,42.685441],[23.319899,42.684515],[23.320546,42.683133],[23.321149,42.681633],[23.321201,42.681476],[23.321322,42.68111],[23.321465,42.680374],[23.321522,42.680078],[23.321736,42.678804],[23.322105,42.676604],[23.322157,42.675864],[23.322262,42.674685],[23.322177,42.6743],[23.321971,42.673793],[23.32165,42.673011],[23.321346,42.672304],[23.321075,42.671687],[23.320675,42.670917],[23.320593,42.67077],[23.319733,42.669273],[23.319592,42.669037],[23.318657,42.667366],[23.318429,42.666962],[23.318049,42.666274],[23.31779,42.665762],[23.31768,42.665341],[23.316602,42.659373]]},"properties":{"name":"Втори метродиаметър"}},{"type":"Feature","geometry":{"type":"LineString","coordinates":[[23.241565,42.682906],[23.242185,42.683506],[23.243278,42.684679],[23.243435,42.684811],[23.24364,42.684894],[23.244045,42.685064],[23.244461,42.685198],[23.2449,42.68529],[23.245407,42.685336],[23.245933,42.685326],[23.246545,42.685233],[23.247089,42.685068],[23.248228,42.684517],[23.249152,42.684046],[23.249876,42.68367],[23.250836,42.683303],[23.251716,42.683169],[23.25295,42.683212],[23.256264,42.68375],[23.256622,42.683781],[23.25775,42.68395],[23.258332,42.684032],[23.258647,42.684098],[23.258977,42.6842],[23.259234,42.684293],[23.259773,42.684612],[23.260251,42.684912],[23.261624,42.685957],[23.262616,42.686619],[23.263384,42.686848],[23.264027,42.686907],[23.264717,42.686866],[23.265307,42.686763],[23.265824,42.686564],[23.266455,42.686175],[23.267289,42.685583],[23.267631,42.685304],[23.267777,42.685162],[23.268363,42.68457],[23.268751,42.68419],[23.269042,42.683942],[23.269169,42.683855],[23.269769,42.683477],[23.269956,42.683357],[23.270517,42.68301],[23.270814,42.682826],[23.271366,42.682432],[23.27205,42.682039],[23.272974,42.681783],[23.273451,42.681729],[23.273902,42.681723],[23.274098,42.681729],[23.274254,42.681735],[23.274399,42.681749],[23.274552,42.68177],[23.27472,42.681798],[23.274859,42.681824],[23.275041,42.681861],[23.275642,42.681977],[23.275754,42.681998],[23.276143,42.682074],[23.276261,42.682097],[23.276351,42.682113],[23.276438,42.682127],[23.276535,42.682141],[23.276644,42.682155],[23.276764,42.682167],[23.276877,42.682177],[23.27699,42.682183],[23.277104,42.682187],[23.277219,42.682188],[23.277333,42.682188],[23.277451,42.682184],[23.277592,42.682176],[23.277723,42.682166],[23.27785,42.682153],[23.277949,42.682141],[23.278069,42.682124],[23.278211,42.682099],[23.278323,42.682077],[23.278438,42.68205],[23.27859,42.682011],[23.278759,42.681962],[23.27886,42.681931],[23.279018,42.681874],[23.279193,42.681802],[23.279338,42.681735],[23.279449,42.681679],[23.27957,42.681618],[23.279679,42.681554],[23.279828,42.681467],[23.280218,42.681242],[23.282591,42.67993],[23.282868,42.679775],[23.28412,42.679145],[23.284404,42.678997],[23.284718,42.67886],[23.285491,42.678585],[23.286096,42.67851],[23.286631,42.678554],[23.287384,42.678799],[23.287754,42.678914],[23.288063,42.678999],[23.288513,42.679087],[23.28884,42.679123],[23.289677,42.679188],[23.29019,42.679204],[23.290479,42.679176],[23.29086,42.679115],[23.291673,42.678944],[23.293328,42.678575],[23.294069,42.67839],[23.294782,42.678232],[23.295633,42.678033],[23.295804,42.677998],[23.295979,42.677962],[23.296109,42.677945],[23.296235,42.677934],[23.296427,42.677937],[23.296585,42.677949],[23.296761,42.677973],[23.297464,42.678169],[23.299046,42.678722],[23.299868,42.678998],[23.300114,42.679067],[23.300263,42.679109],[23.301196,42.679274],[23.302011,42.679419],[23.302261,42.679481],[23.303373,42.67976],[23.30252,42.679607],[23.302605,42.679628],[23.303483,42.679868],[23.303987,42.680158],[23.304407,42.680442],[23.304759,42.680844],[23.305052,42.681237],[23.305197,42.681686],[23.305312,42.682139],[23.305671,42.683805],[23.306166,42.68488],[23.306794,42.685453],[23.307534,42.685894],[23.308278,42.686213],[23.308971,42.686452],[23.310039,42.686822],[23.310232,42.686902],[23.310403,42.687003],[23.31263,42.688528],[23.313192,42.688912],[23.313806,42.68925],[23.314543,42.689412],[23.315461,42.689357],[23.317245,42.689186],[23.318968,42.689025],[23.325648,42.688397],[23.326274,42.688297],[23.327478,42.688184],[23.327668,42.688169],[23.327979,42.688171],[23.328373,42.688224],[23.328781,42.688309],[23.329163,42.688437],[23.329495,42.688605],[23.331117,42.689809],[23.33142,42.689971],[23.331946,42.690178],[23.332386,42.690306],[23.332818,42.690391],[23.333228,42.690424],[23.333572,42.690434],[23.33472,42.69043],[23.335347,42.69046],[23.336497,42.690583],[23.337507,42.690687],[23.337754,42.690713],[23.338066,42.690757],[23.338459,42.690822],[23.338875,42.690898],[23.339162,42.690966],[23.339472,42.691044],[23.339801,42.691132],[23.340492,42.691321],[23.340777,42.691398],[23.341078,42.691477],[23.341352,42.691544],[23.341746,42.691633],[23.342446,42.691781],[23.342705,42.691834],[23.342947,42.69189],[23.343173,42.691944],[23.343532,42.692036],[23.343778,42.6921],[23.344001,42.692163],[23.344116,42.692199],[23.344439,42.692302],[23.34458,42.692348],[23.344708,42.692396],[23.344822,42.692443],[23.345052,42.692553],[23.345271,42.692677],[23.345412,42.692767],[23.345548,42.692865],[23.345678,42.692968],[23.345802,42.693076],[23.345912,42.693184],[23.346017,42.693293],[23.346115,42.693413],[23.346204,42.693531],[23.346266,42.693624],[23.346323,42.693717],[23.346375,42.693814],[23.346423,42.693911],[23.346469,42.694026],[23.346535,42.694223],[23.346566,42.694339],[23.346582,42.694417],[23.346595,42.694496],[23.346634,42.694754],[23.346652,42.694908],[23.346662,42.695081],[23.346665,42.695264],[23.346676,42.695754],[23.34669,42.696033],[23.34674,42.696509],[23.346769,42.696724],[23.346901,42.697419],[23.346927,42.697551],[23.346956,42.697682],[23.346981,42.697786],[23.347031,42.697983],[23.347032,42.698162],[23.347057,42.698255],[23.347126,42.698486],[23.347197,42.698717],[23.347268,42.698941],[23.347323,42.699103],[23.347375,42.699249],[23.347427,42.699382],[23.347515,42.699598],[23.34763,42.699849],[23.34769,42.699954],[23.347774,42.700083],[23.347864,42.70021],[23.347961,42.700333],[23.348064,42.70045],[23.348171,42.700561],[23.348285,42.700668],[23.348404,42.700771],[23.348529,42.70087],[23.348638,42.700948],[23.348763,42.701031],[23.348903,42.701117],[23.349112,42.701238],[23.349224,42.701302],[23.349355,42.701374],[23.34972,42.701561],[23.349866,42.701635],[23.35003,42.701716],[23.350432,42.701861],[23.351145,42.702091],[23.351765,42.702334],[23.351857,42.702376],[23.352603,42.702722]]},"properties":{"name":"Трети метродиаметър"}},{"type":"Feature","geometry":{"type":"LineString","coordinates":[[23.394009,42.656132],[23.394209,42.657243],[23.394232,42.65735],[23.394377,42.658028],[23.394635,42.659238],[23.394801,42.659598],[23.395081,42.659986],[23.396333,42.661321],[23.397299,42.66238],[23.398346,42.663779],[23.401076,42.666644],[23.401791,42.667642],[23.402097,42.668069],[23.402123,42.668113],[23.402124,42.668113],[23.402688,42.66905],[23.402821,42.669296],[23.403229,42.67005],[23.403834,42.670734],[23.405878,42.672892],[23.406581,42.673489]]},"properties":{"name":"Първи диаметър"}}]}